* Missing Cell Power-Grid Views

Cell Name
------------------------------------------------------------------


* Physically Disconnected Instances



* Instances with Floating Power Pins


* Disconnected Wire Segments

Layer           | Internal to Cell | Location (um)
------------------------------------------------------------------
ME6_C           | no               |(2844.3, 680.593)
ME6_C           | no               |(2844.3, 642.646)
ME5_C           | no               |(2844.3, 680.593)
ME5_C           | no               |(2844.3, 642.646)
ME4_C           | no               |(2844.3, 680.593)
ME4_C           | no               |(2844.3, 642.646)
ME3_C           | no               |(2844.3, 680.593)
ME3_C           | no               |(2844.3, 642.646)
ME2_C           | no               |(2844.3, 680.593)
ME2_C           | no               |(2844.3, 642.646)
ME1_C           | no               |(2844.3, 680.593)
ME1_C           | no               |(2844.3, 642.646)
ME6_C           | no               |(690.973, 1.5)
ME6_C           | no               |(653.026, 1.5)
ME5_C           | no               |(690.973, 1.5)
ME5_C           | no               |(653.026, 1.5)
ME4_C           | no               |(690.973, 1.5)
ME4_C           | no               |(653.026, 1.5)
ME3_C           | no               |(690.973, 1.5)
ME3_C           | no               |(653.026, 1.5)
ME2_C           | no               |(690.973, 1.5)
ME2_C           | no               |(653.026, 1.5)
ME1_C           | no               |(690.973, 1.5)
ME1_C           | no               |(653.026, 1.5)
ME6_C           | no               |(1.5, 605.777)
ME6_C           | no               |(1.5, 643.724)
ME5_C           | no               |(1.5, 605.777)
ME5_C           | no               |(1.5, 643.724)
ME4_C           | no               |(1.5, 605.777)
ME4_C           | no               |(1.5, 643.724)
ME3_C           | no               |(1.5, 605.777)
ME3_C           | no               |(1.5, 643.724)
ME2_C           | no               |(1.5, 605.777)
ME2_C           | no               |(1.5, 643.724)
ME1_C           | no               |(1.5, 605.777)
ME1_C           | no               |(1.5, 643.724)
ME6_C           | no               |(653.027, 2795.82)
ME6_C           | no               |(690.974, 2795.82)
ME5_C           | no               |(653.027, 2795.82)
ME5_C           | no               |(690.974, 2795.82)
ME4_C           | no               |(653.027, 2795.82)
ME4_C           | no               |(690.974, 2795.82)
ME3_C           | no               |(653.027, 2795.82)
ME3_C           | no               |(690.974, 2795.82)
ME2_C           | no               |(653.027, 2795.82)
ME2_C           | no               |(690.974, 2795.82)
ME1_C           | no               |(653.027, 2795.82)
ME1_C           | no               |(690.974, 2795.82)
ME6_C           | no               |(2844.3, 496.323)
ME6_C           | no               |(2844.3, 458.376)
ME5_C           | no               |(2844.3, 496.323)
ME5_C           | no               |(2844.3, 458.376)
ME4_C           | no               |(2844.3, 496.323)
ME4_C           | no               |(2844.3, 458.376)
ME3_C           | no               |(2844.3, 496.323)
ME3_C           | no               |(2844.3, 458.376)
ME2_C           | no               |(2844.3, 496.323)
ME2_C           | no               |(2844.3, 458.376)
ME1_C           | no               |(2844.3, 496.323)
ME1_C           | no               |(2844.3, 458.376)
ME6_C           | no               |(503.243, 1.5)
ME6_C           | no               |(465.296, 1.5)
ME5_C           | no               |(503.243, 1.5)
ME5_C           | no               |(465.296, 1.5)
ME4_C           | no               |(503.243, 1.5)
ME4_C           | no               |(465.296, 1.5)
ME3_C           | no               |(503.243, 1.5)
ME3_C           | no               |(465.296, 1.5)
ME2_C           | no               |(503.243, 1.5)
ME2_C           | no               |(465.296, 1.5)
ME1_C           | no               |(503.243, 1.5)
ME1_C           | no               |(465.296, 1.5)
ME6_C           | no               |(1.5, 433.797)
ME6_C           | no               |(1.5, 471.744)
ME5_C           | no               |(1.5, 433.797)
ME5_C           | no               |(1.5, 471.744)
ME4_C           | no               |(1.5, 433.797)
ME4_C           | no               |(1.5, 471.744)
ME3_C           | no               |(1.5, 433.797)
ME3_C           | no               |(1.5, 471.744)
ME2_C           | no               |(1.5, 433.797)
ME2_C           | no               |(1.5, 471.744)
ME1_C           | no               |(1.5, 433.797)
ME1_C           | no               |(1.5, 471.744)
ME6_C           | no               |(465.297, 2795.82)
ME6_C           | no               |(503.244, 2795.82)
ME5_C           | no               |(465.297, 2795.82)
ME5_C           | no               |(503.244, 2795.82)
ME4_C           | no               |(465.297, 2795.82)
ME4_C           | no               |(503.244, 2795.82)
ME3_C           | no               |(465.297, 2795.82)
ME3_C           | no               |(503.244, 2795.82)
ME2_C           | no               |(465.297, 2795.82)
ME2_C           | no               |(503.244, 2795.82)
ME1_C           | no               |(465.297, 2795.82)
ME1_C           | no               |(503.244, 2795.82)
ME4_C           | no               |(1776.95, 2326.32)
ME4_C           | no               |(1776.95, 2304.62)
ME4_C           | no               |(1776.95, 2283.54)
ME4_C           | no               |(1776.95, 2256.88)
ME4_C           | no               |(1776.95, 2240.14)
ME4_C           | no               |(1776.95, 2213.48)
ME4_C           | no               |(1776.95, 2100.64)
ME4_C           | no               |(1776.95, 2078.94)
ME4_C           | no               |(1776.95, 2057.24)
ME4_C           | no               |(1776.95, 2030.58)
ME4_C           | no               |(1776.95, 2013.84)
ME4_C           | no               |(1776.95, 1987.18)
ME4_C           | no               |(1776.95, 1879.3)
ME4_C           | no               |(1776.95, 1868.14)
ME4_C           | no               |(1776.95, 1840.24)
ME4_C           | no               |(1776.95, 1831.56)
ME4_C           | no               |(1776.95, 1804.28)
ME4_C           | no               |(1776.95, 1782.58)
ME4_C           | no               |(1776.95, 1669.74)
ME4_C           | no               |(1776.95, 1648.04)
ME4_C           | no               |(1776.95, 1621.38)
ME4_C           | no               |(1776.95, 1605.26)
ME4_C           | no               |(1776.95, 1578.6)
ME4_C           | no               |(1776.95, 1556.9)
ME4_C           | no               |(1776.95, 1443.44)
ME4_C           | no               |(1776.95, 1422.36)
ME4_C           | no               |(1776.95, 1395.7)
ME4_C           | no               |(1776.95, 1378.96)
ME4_C           | no               |(1776.95, 1357.26)
ME4_C           | no               |(1767.71, 2341.57)
ME4_C           | no               |(1767.71, 1348.21)
ME4_C           | no               |(1759.87, 2341.57)
ME4_C           | no               |(1759.87, 1348.21)
ME4_C           | no               |(1752.03, 2341.57)
ME4_C           | no               |(1752.03, 1348.21)
ME4_C           | no               |(1744.19, 2341.57)
ME4_C           | no               |(1744.19, 1348.21)
ME4_C           | no               |(1736.35, 2341.57)
ME4_C           | no               |(1736.35, 1348.21)
ME4_C           | no               |(1728.51, 2341.57)
ME4_C           | no               |(1728.51, 1348.21)
ME4_C           | no               |(1689.31, 2341.57)
ME4_C           | no               |(1689.31, 1348.21)
ME4_C           | no               |(1681.47, 2341.57)
ME4_C           | no               |(1681.47, 1348.21)
ME4_C           | no               |(1673.63, 2341.57)
ME4_C           | no               |(1673.63, 1348.21)
ME4_C           | no               |(1665.79, 2341.57)
ME4_C           | no               |(1665.79, 1348.21)
ME4_C           | no               |(1657.95, 2341.57)
ME4_C           | no               |(1657.95, 1348.21)
ME4_C           | no               |(1650.11, 2341.57)
ME4_C           | no               |(1650.11, 1348.21)
ME4_C           | no               |(1611.19, 2332.52)
ME4_C           | no               |(1611.19, 2323.84)
ME4_C           | no               |(1611.19, 2315.16)
ME4_C           | no               |(1611.19, 2306.48)
ME4_C           | no               |(1611.19, 2297.8)
ME4_C           | no               |(1611.19, 2289.12)
ME4_C           | no               |(1611.19, 2245.72)
ME4_C           | no               |(1611.19, 2237.04)
ME4_C           | no               |(1611.19, 2228.36)
ME4_C           | no               |(1611.19, 2219.68)
ME4_C           | no               |(1611.19, 2211)
ME4_C           | no               |(1611.19, 2202.32)
ME4_C           | no               |(1611.19, 2158.92)
ME4_C           | no               |(1611.19, 2150.24)
ME4_C           | no               |(1611.19, 2141.56)
ME4_C           | no               |(1611.19, 2132.88)
ME4_C           | no               |(1611.19, 2124.2)
ME4_C           | no               |(1611.19, 2115.52)
ME4_C           | no               |(1611.19, 2072.12)
ME4_C           | no               |(1611.19, 2063.44)
ME4_C           | no               |(1611.19, 2054.76)
ME4_C           | no               |(1611.19, 2046.08)
ME4_C           | no               |(1611.19, 2037.4)
ME4_C           | no               |(1611.19, 2028.72)
ME4_C           | no               |(1611.19, 1985.32)
ME4_C           | no               |(1611.19, 1976.64)
ME4_C           | no               |(1611.19, 1967.96)
ME4_C           | no               |(1611.19, 1959.28)
ME4_C           | no               |(1611.19, 1950.6)
ME4_C           | no               |(1611.19, 1941.92)
ME4_C           | no               |(1611.19, 1898.52)
ME4_C           | no               |(1611.19, 1889.84)
ME4_C           | no               |(1611.19, 1881.16)
ME4_C           | no               |(1611.19, 1872.48)
ME4_C           | no               |(1611.19, 1863.8)
ME4_C           | no               |(1611.19, 1855.12)
ME4_C           | no               |(1611.19, 1811.72)
ME4_C           | no               |(1611.19, 1803.04)
ME4_C           | no               |(1611.19, 1794.36)
ME4_C           | no               |(1611.19, 1785.68)
ME4_C           | no               |(1611.19, 1777)
ME4_C           | no               |(1611.19, 1768.32)
ME4_C           | no               |(1611.19, 1724.92)
ME4_C           | no               |(1611.19, 1716.24)
ME4_C           | no               |(1611.19, 1707.56)
ME4_C           | no               |(1611.19, 1698.88)
ME4_C           | no               |(1611.19, 1690.2)
ME4_C           | no               |(1611.19, 1681.52)
ME4_C           | no               |(1611.19, 1638.12)
ME4_C           | no               |(1611.19, 1629.44)
ME4_C           | no               |(1611.19, 1620.76)
ME4_C           | no               |(1611.19, 1612.08)
ME4_C           | no               |(1611.19, 1603.4)
ME4_C           | no               |(1611.19, 1594.72)
ME4_C           | no               |(1611.19, 1551.32)
ME4_C           | no               |(1611.19, 1542.64)
ME4_C           | no               |(1611.19, 1533.96)
ME4_C           | no               |(1611.19, 1525.28)
ME4_C           | no               |(1611.19, 1516.6)
ME4_C           | no               |(1611.19, 1507.92)
ME4_C           | no               |(1611.19, 1464.52)
ME4_C           | no               |(1611.19, 1455.84)
ME4_C           | no               |(1611.19, 1447.16)
ME4_C           | no               |(1611.19, 1438.48)
ME4_C           | no               |(1611.19, 1429.8)
ME4_C           | no               |(1611.19, 1421.12)
ME4_C           | no               |(1611.19, 1377.72)
ME4_C           | no               |(1611.19, 1369.04)
ME4_C           | no               |(1611.19, 1360.36)
ME3_C           | no               |(1776.95, 2326.32)
ME3_C           | no               |(1776.95, 2304.62)
ME3_C           | no               |(1776.95, 2283.54)
ME3_C           | no               |(1776.95, 2256.88)
ME3_C           | no               |(1776.95, 2240.14)
ME3_C           | no               |(1776.95, 2213.48)
ME3_C           | no               |(1776.95, 2100.64)
ME3_C           | no               |(1776.95, 2078.94)
ME3_C           | no               |(1776.95, 2057.24)
ME3_C           | no               |(1776.95, 2030.58)
ME3_C           | no               |(1776.95, 2013.84)
ME3_C           | no               |(1776.95, 1669.74)
ME3_C           | no               |(1776.95, 1648.04)
ME3_C           | no               |(1776.95, 1621.38)
ME3_C           | no               |(1776.95, 1605.26)
ME3_C           | no               |(1776.95, 1578.6)
ME3_C           | no               |(1776.95, 1556.9)
ME3_C           | no               |(1776.95, 1443.44)
ME3_C           | no               |(1776.95, 1422.36)
ME3_C           | no               |(1776.95, 1395.7)
ME3_C           | no               |(1776.95, 1378.96)
ME3_C           | no               |(1776.95, 1357.26)
ME3_C           | no               |(1767.71, 2341.57)
ME3_C           | no               |(1767.71, 1348.21)
ME3_C           | no               |(1759.87, 2341.57)
ME3_C           | no               |(1759.87, 1348.21)
ME3_C           | no               |(1752.03, 2341.57)
ME3_C           | no               |(1752.03, 1348.21)
ME3_C           | no               |(1744.19, 2341.57)
ME3_C           | no               |(1744.19, 1348.21)
ME3_C           | no               |(1736.35, 2341.57)
ME3_C           | no               |(1736.35, 1348.21)
ME3_C           | no               |(1728.51, 2341.57)
ME3_C           | no               |(1728.51, 1348.21)
ME3_C           | no               |(1689.31, 2341.57)
ME3_C           | no               |(1689.31, 1348.21)
ME3_C           | no               |(1681.47, 2341.57)
ME3_C           | no               |(1681.47, 1348.21)
ME3_C           | no               |(1673.63, 2341.57)
ME3_C           | no               |(1673.63, 1348.21)
ME3_C           | no               |(1665.79, 2341.57)
ME3_C           | no               |(1665.79, 1348.21)
ME3_C           | no               |(1657.95, 2341.57)
ME3_C           | no               |(1657.95, 1348.21)
ME3_C           | no               |(1650.11, 2341.57)
ME3_C           | no               |(1650.11, 1348.21)
ME3_C           | no               |(1611.19, 2332.52)
ME3_C           | no               |(1611.19, 2323.84)
ME3_C           | no               |(1611.19, 2315.16)
ME3_C           | no               |(1611.19, 2306.48)
ME3_C           | no               |(1611.19, 2297.8)
ME3_C           | no               |(1611.19, 2289.12)
ME3_C           | no               |(1611.19, 2158.92)
ME3_C           | no               |(1611.19, 2150.24)
ME3_C           | no               |(1611.19, 2141.56)
ME3_C           | no               |(1611.19, 2132.88)
ME3_C           | no               |(1611.19, 2124.2)
ME3_C           | no               |(1611.19, 2115.52)
ME3_C           | no               |(1611.19, 2072.12)
ME3_C           | no               |(1611.19, 2063.44)
ME3_C           | no               |(1611.19, 2054.76)
ME3_C           | no               |(1611.19, 2046.08)
ME3_C           | no               |(1611.19, 2037.4)
ME3_C           | no               |(1611.19, 2028.72)
ME3_C           | no               |(1611.19, 1985.32)
ME3_C           | no               |(1611.19, 1976.64)
ME3_C           | no               |(1611.19, 1967.96)
ME3_C           | no               |(1611.19, 1959.28)
ME3_C           | no               |(1611.19, 1950.6)
ME3_C           | no               |(1611.19, 1941.92)
ME3_C           | no               |(1611.19, 1898.52)
ME3_C           | no               |(1611.19, 1889.84)
ME3_C           | no               |(1611.19, 1881.16)
ME3_C           | no               |(1611.19, 1872.48)
ME3_C           | no               |(1611.19, 1863.8)
ME3_C           | no               |(1611.19, 1855.12)
ME3_C           | no               |(1611.19, 1811.72)
ME3_C           | no               |(1611.19, 1803.04)
ME3_C           | no               |(1611.19, 1794.36)
ME3_C           | no               |(1611.19, 1785.68)
ME3_C           | no               |(1611.19, 1777)
ME3_C           | no               |(1611.19, 1768.32)
ME3_C           | no               |(1611.19, 1724.92)
ME3_C           | no               |(1611.19, 1716.24)
ME3_C           | no               |(1611.19, 1707.56)
ME3_C           | no               |(1611.19, 1698.88)
ME3_C           | no               |(1611.19, 1690.2)
ME3_C           | no               |(1611.19, 1681.52)
ME3_C           | no               |(1611.19, 1638.12)
ME3_C           | no               |(1611.19, 1629.44)
ME3_C           | no               |(1611.19, 1620.76)
ME3_C           | no               |(1611.19, 1612.08)
ME3_C           | no               |(1611.19, 1603.4)
ME3_C           | no               |(1611.19, 1594.72)
ME3_C           | no               |(1611.19, 1551.32)
ME3_C           | no               |(1611.19, 1542.64)
ME3_C           | no               |(1611.19, 1533.96)
ME3_C           | no               |(1611.19, 1525.28)
ME3_C           | no               |(1611.19, 1360.36)
ME2_C           | no               |(1776.95, 2326.32)
ME2_C           | no               |(1776.95, 2304.62)
ME2_C           | no               |(1776.95, 2283.54)
ME2_C           | no               |(1776.95, 2256.88)
ME2_C           | no               |(1776.95, 2240.14)
ME2_C           | no               |(1776.95, 2213.48)
ME2_C           | no               |(1776.95, 2100.64)
ME2_C           | no               |(1776.95, 2078.94)
ME2_C           | no               |(1776.95, 2057.24)
ME2_C           | no               |(1776.95, 2030.58)
ME2_C           | no               |(1776.95, 2013.84)
ME2_C           | no               |(1776.95, 1987.18)
ME2_C           | no               |(1776.95, 1879.3)
ME2_C           | no               |(1776.95, 1868.14)
ME2_C           | no               |(1776.95, 1840.24)
ME2_C           | no               |(1776.95, 1831.56)
ME2_C           | no               |(1776.95, 1804.28)
ME2_C           | no               |(1776.95, 1782.58)
ME2_C           | no               |(1776.95, 1669.74)
ME2_C           | no               |(1776.95, 1648.04)
ME2_C           | no               |(1776.95, 1621.38)
ME2_C           | no               |(1776.95, 1605.26)
ME2_C           | no               |(1776.95, 1578.6)
ME2_C           | no               |(1776.95, 1556.9)
ME2_C           | no               |(1776.95, 1443.44)
ME2_C           | no               |(1776.95, 1422.36)
ME2_C           | no               |(1776.95, 1395.7)
ME2_C           | no               |(1776.95, 1378.96)
ME2_C           | no               |(1776.95, 1357.26)
ME2_C           | no               |(1611.19, 2332.52)
ME2_C           | no               |(1611.19, 2323.84)
ME2_C           | no               |(1611.19, 2315.16)
ME2_C           | no               |(1611.19, 2306.48)
ME2_C           | no               |(1611.19, 2297.8)
ME2_C           | no               |(1611.19, 2289.12)
ME2_C           | no               |(1611.19, 2245.72)
ME2_C           | no               |(1611.19, 2237.04)
ME2_C           | no               |(1611.19, 2228.36)
ME2_C           | no               |(1611.19, 2219.68)
ME2_C           | no               |(1611.19, 2211)
ME2_C           | no               |(1611.19, 2202.32)
ME2_C           | no               |(1611.19, 2158.92)
ME2_C           | no               |(1611.19, 2150.24)
ME2_C           | no               |(1611.19, 2141.56)
ME2_C           | no               |(1611.19, 2132.88)
ME2_C           | no               |(1611.19, 2124.2)
ME2_C           | no               |(1611.19, 2115.52)
ME2_C           | no               |(1611.19, 2072.12)
ME2_C           | no               |(1611.19, 2063.44)
ME2_C           | no               |(1611.19, 2054.76)
ME2_C           | no               |(1611.19, 2046.08)
ME2_C           | no               |(1611.19, 2037.4)
ME2_C           | no               |(1611.19, 2028.72)
ME2_C           | no               |(1611.19, 1985.32)
ME2_C           | no               |(1611.19, 1976.64)
ME2_C           | no               |(1611.19, 1967.96)
ME2_C           | no               |(1611.19, 1959.28)
ME2_C           | no               |(1611.19, 1950.6)
ME2_C           | no               |(1611.19, 1941.92)
ME2_C           | no               |(1611.19, 1898.52)
ME2_C           | no               |(1611.19, 1889.84)
ME2_C           | no               |(1611.19, 1881.16)
ME2_C           | no               |(1611.19, 1872.48)
ME2_C           | no               |(1611.19, 1863.8)
ME2_C           | no               |(1611.19, 1855.12)
ME2_C           | no               |(1611.19, 1811.72)
ME2_C           | no               |(1611.19, 1803.04)
ME2_C           | no               |(1611.19, 1794.36)
ME2_C           | no               |(1611.19, 1785.68)
ME2_C           | no               |(1611.19, 1777)
ME2_C           | no               |(1611.19, 1768.32)
ME2_C           | no               |(1611.19, 1724.92)
ME2_C           | no               |(1611.19, 1716.24)
ME2_C           | no               |(1611.19, 1707.56)
ME2_C           | no               |(1611.19, 1698.88)
ME2_C           | no               |(1611.19, 1690.2)
ME2_C           | no               |(1611.19, 1681.52)
ME2_C           | no               |(1611.19, 1638.12)
ME2_C           | no               |(1611.19, 1629.44)
ME2_C           | no               |(1611.19, 1620.76)
ME2_C           | no               |(1611.19, 1612.08)
ME2_C           | no               |(1611.19, 1603.4)
ME2_C           | no               |(1611.19, 1594.72)
ME2_C           | no               |(1611.19, 1551.32)
ME2_C           | no               |(1611.19, 1542.64)
ME2_C           | no               |(1611.19, 1533.96)
ME2_C           | no               |(1611.19, 1525.28)
ME2_C           | no               |(1611.19, 1516.6)
ME2_C           | no               |(1611.19, 1507.92)
ME2_C           | no               |(1611.19, 1464.52)
ME2_C           | no               |(1611.19, 1455.84)
ME2_C           | no               |(1611.19, 1447.16)
ME2_C           | no               |(1611.19, 1438.48)
ME2_C           | no               |(1611.19, 1429.8)
ME2_C           | no               |(1611.19, 1421.12)
ME2_C           | no               |(1611.19, 1377.72)
ME2_C           | no               |(1611.19, 1369.04)
ME2_C           | no               |(1611.19, 1360.36)
ME1_C           | no               |(1776.95, 1987.18)
ME1_C           | no               |(1776.95, 1879.3)
ME1_C           | no               |(1776.95, 1868.14)
ME1_C           | no               |(1776.95, 1840.24)
ME1_C           | no               |(1776.95, 1831.56)
ME1_C           | no               |(1776.95, 1804.28)
ME1_C           | no               |(1776.95, 1782.58)
ME1_C           | no               |(1767.71, 2341.57)
ME1_C           | no               |(1767.71, 1348.21)
ME1_C           | no               |(1759.87, 2341.57)
ME1_C           | no               |(1759.87, 1348.21)
ME1_C           | no               |(1752.03, 2341.57)
ME1_C           | no               |(1752.03, 1348.21)
ME1_C           | no               |(1744.19, 2341.57)
ME1_C           | no               |(1744.19, 1348.21)
ME1_C           | no               |(1736.35, 2341.57)
ME1_C           | no               |(1736.35, 1348.21)
ME1_C           | no               |(1728.51, 2341.57)
ME1_C           | no               |(1728.51, 1348.21)
ME1_C           | no               |(1689.31, 2341.57)
ME1_C           | no               |(1689.31, 1348.21)
ME1_C           | no               |(1681.47, 2341.57)
ME1_C           | no               |(1681.47, 1348.21)
ME1_C           | no               |(1673.63, 2341.57)
ME1_C           | no               |(1673.63, 1348.21)
ME1_C           | no               |(1665.79, 2341.57)
ME1_C           | no               |(1665.79, 1348.21)
ME1_C           | no               |(1657.95, 2341.57)
ME1_C           | no               |(1657.95, 1348.21)
ME1_C           | no               |(1650.11, 2341.57)
ME1_C           | no               |(1650.11, 1348.21)
ME1_C           | no               |(1611.19, 2245.72)
ME1_C           | no               |(1611.19, 2237.04)
ME1_C           | no               |(1611.19, 2228.36)
ME1_C           | no               |(1611.19, 2219.68)
ME1_C           | no               |(1611.19, 2211)
ME1_C           | no               |(1611.19, 2202.32)
ME1_C           | no               |(1611.19, 1516.6)
ME1_C           | no               |(1611.19, 1507.92)
ME1_C           | no               |(1611.19, 1464.52)
ME1_C           | no               |(1611.19, 1455.84)
ME1_C           | no               |(1611.19, 1447.16)
ME1_C           | no               |(1611.19, 1438.48)
ME1_C           | no               |(1611.19, 1429.8)
ME1_C           | no               |(1611.19, 1421.12)
ME1_C           | no               |(1611.19, 1377.72)
ME1_C           | no               |(1611.19, 1369.04)
ME4_C           | no               |(2239.95, 477.69)
ME4_C           | no               |(2239.95, 499.39)
ME4_C           | no               |(2239.95, 520.47)
ME4_C           | no               |(2239.95, 547.13)
ME4_C           | no               |(2239.95, 563.87)
ME4_C           | no               |(2239.95, 590.53)
ME4_C           | no               |(2239.95, 703.37)
ME4_C           | no               |(2239.95, 725.07)
ME4_C           | no               |(2239.95, 746.77)
ME4_C           | no               |(2239.95, 773.43)
ME4_C           | no               |(2239.95, 790.17)
ME4_C           | no               |(2239.95, 816.83)
ME4_C           | no               |(2239.95, 924.71)
ME4_C           | no               |(2239.95, 935.87)
ME4_C           | no               |(2239.95, 956.95)
ME4_C           | no               |(2239.95, 978.65)
ME4_C           | no               |(2239.95, 987.33)
ME4_C           | no               |(2239.95, 1023.29)
ME4_C           | no               |(2239.95, 1136.75)
ME4_C           | no               |(2239.95, 1152.87)
ME4_C           | no               |(2239.95, 1179.53)
ME4_C           | no               |(2239.95, 1201.23)
ME4_C           | no               |(2239.95, 1222.93)
ME4_C           | no               |(2239.95, 1249.59)
ME4_C           | no               |(2239.95, 1362.43)
ME4_C           | no               |(2239.95, 1379.17)
ME4_C           | no               |(2239.95, 1405.83)
ME4_C           | no               |(2239.95, 1427.53)
ME4_C           | no               |(2239.95, 1449.23)
ME4_C           | no               |(2230.71, 462.44)
ME4_C           | no               |(2230.71, 1466.34)
ME4_C           | no               |(2222.87, 462.44)
ME4_C           | no               |(2222.87, 1466.34)
ME4_C           | no               |(2215.03, 462.44)
ME4_C           | no               |(2215.03, 1466.34)
ME4_C           | no               |(2207.19, 462.44)
ME4_C           | no               |(2207.19, 1466.34)
ME4_C           | no               |(2199.35, 462.44)
ME4_C           | no               |(2199.35, 1466.34)
ME4_C           | no               |(2191.51, 462.44)
ME4_C           | no               |(2191.51, 1466.34)
ME4_C           | no               |(2152.31, 462.44)
ME4_C           | no               |(2152.31, 1466.34)
ME4_C           | no               |(2144.47, 462.44)
ME4_C           | no               |(2144.47, 1466.34)
ME4_C           | no               |(2136.63, 462.44)
ME4_C           | no               |(2136.63, 1466.34)
ME4_C           | no               |(2128.79, 462.44)
ME4_C           | no               |(2128.79, 1466.34)
ME4_C           | no               |(2120.95, 462.44)
ME4_C           | no               |(2120.95, 1466.34)
ME4_C           | no               |(2113.11, 462.44)
ME4_C           | no               |(2113.11, 1466.34)
ME4_C           | no               |(2073.91, 462.44)
ME4_C           | no               |(2073.91, 1466.34)
ME4_C           | no               |(2066.07, 462.44)
ME4_C           | no               |(2066.07, 1466.34)
ME4_C           | no               |(2058.23, 462.44)
ME4_C           | no               |(2058.23, 1466.34)
ME4_C           | no               |(2050.39, 462.44)
ME4_C           | no               |(2050.39, 1466.34)
ME4_C           | no               |(2042.55, 462.44)
ME4_C           | no               |(2042.55, 1466.34)
ME4_C           | no               |(2034.71, 462.44)
ME4_C           | no               |(2034.71, 1466.34)
ME4_C           | no               |(1995.51, 462.44)
ME4_C           | no               |(1995.51, 1466.34)
ME4_C           | no               |(1987.67, 462.44)
ME4_C           | no               |(1987.67, 1466.34)
ME4_C           | no               |(1979.83, 462.44)
ME4_C           | no               |(1979.83, 1466.34)
ME4_C           | no               |(1971.99, 462.44)
ME4_C           | no               |(1971.99, 1466.34)
ME4_C           | no               |(1964.15, 462.44)
ME4_C           | no               |(1964.15, 1466.34)
ME4_C           | no               |(1956.31, 462.44)
ME4_C           | no               |(1956.31, 1466.34)
ME4_C           | no               |(1947.07, 471.49)
ME4_C           | no               |(1947.07, 480.17)
ME4_C           | no               |(1947.07, 488.85)
ME4_C           | no               |(1947.07, 497.53)
ME4_C           | no               |(1947.07, 506.21)
ME4_C           | no               |(1947.07, 514.89)
ME4_C           | no               |(1947.07, 558.29)
ME4_C           | no               |(1947.07, 566.97)
ME4_C           | no               |(1947.07, 575.65)
ME4_C           | no               |(1947.07, 584.33)
ME4_C           | no               |(1947.07, 593.01)
ME4_C           | no               |(1947.07, 601.69)
ME4_C           | no               |(1947.07, 645.09)
ME4_C           | no               |(1947.07, 653.77)
ME4_C           | no               |(1947.07, 662.45)
ME4_C           | no               |(1947.07, 671.13)
ME4_C           | no               |(1947.07, 679.81)
ME4_C           | no               |(1947.07, 688.49)
ME4_C           | no               |(1947.07, 731.89)
ME4_C           | no               |(1947.07, 740.57)
ME4_C           | no               |(1947.07, 749.25)
ME4_C           | no               |(1947.07, 757.93)
ME4_C           | no               |(1947.07, 766.61)
ME4_C           | no               |(1947.07, 775.29)
ME4_C           | no               |(1947.07, 818.69)
ME4_C           | no               |(1947.07, 827.37)
ME4_C           | no               |(1947.07, 836.05)
ME4_C           | no               |(1947.07, 844.73)
ME4_C           | no               |(1947.07, 853.41)
ME4_C           | no               |(1947.07, 862.09)
ME4_C           | no               |(1947.07, 905.49)
ME4_C           | no               |(1947.07, 914.17)
ME4_C           | no               |(1947.07, 922.85)
ME4_C           | no               |(1947.07, 931.53)
ME4_C           | no               |(1947.07, 940.21)
ME4_C           | no               |(1947.07, 948.89)
ME4_C           | no               |(1947.07, 992.29)
ME4_C           | no               |(1947.07, 1000.97)
ME4_C           | no               |(1947.07, 1009.65)
ME4_C           | no               |(1947.07, 1018.33)
ME4_C           | no               |(1947.07, 1027.01)
ME4_C           | no               |(1947.07, 1035.69)
ME4_C           | no               |(1947.07, 1079.09)
ME4_C           | no               |(1947.07, 1087.77)
ME4_C           | no               |(1947.07, 1096.45)
ME4_C           | no               |(1947.07, 1105.13)
ME4_C           | no               |(1947.07, 1113.81)
ME4_C           | no               |(1947.07, 1122.49)
ME4_C           | no               |(1947.07, 1165.89)
ME4_C           | no               |(1947.07, 1174.57)
ME4_C           | no               |(1947.07, 1183.25)
ME4_C           | no               |(1947.07, 1191.93)
ME4_C           | no               |(1947.07, 1200.61)
ME4_C           | no               |(1947.07, 1209.29)
ME4_C           | no               |(1947.07, 1252.69)
ME4_C           | no               |(1947.07, 1261.37)
ME4_C           | no               |(1947.07, 1270.05)
ME4_C           | no               |(1947.07, 1278.73)
ME4_C           | no               |(1947.07, 1287.41)
ME4_C           | no               |(1947.07, 1296.09)
ME4_C           | no               |(1947.07, 1339.49)
ME4_C           | no               |(1947.07, 1348.17)
ME4_C           | no               |(1947.07, 1356.85)
ME4_C           | no               |(1947.07, 1365.53)
ME4_C           | no               |(1947.07, 1374.21)
ME4_C           | no               |(1947.07, 1382.89)
ME4_C           | no               |(1947.07, 1426.29)
ME4_C           | no               |(1947.07, 1434.97)
ME4_C           | no               |(1947.07, 1443.65)
ME4_C           | no               |(1947.07, 1452.33)
ME3_C           | no               |(2239.95, 477.69)
ME3_C           | no               |(2239.95, 499.39)
ME3_C           | no               |(2239.95, 520.47)
ME3_C           | no               |(2239.95, 547.13)
ME3_C           | no               |(2239.95, 563.87)
ME3_C           | no               |(2239.95, 590.53)
ME3_C           | no               |(2239.95, 703.37)
ME3_C           | no               |(2239.95, 725.07)
ME3_C           | no               |(2239.95, 746.77)
ME3_C           | no               |(2239.95, 773.43)
ME3_C           | no               |(2239.95, 790.17)
ME3_C           | no               |(2239.95, 816.83)
ME3_C           | no               |(2239.95, 924.71)
ME3_C           | no               |(2239.95, 935.87)
ME3_C           | no               |(2239.95, 956.95)
ME3_C           | no               |(2239.95, 978.65)
ME3_C           | no               |(2239.95, 987.33)
ME3_C           | no               |(2239.95, 1023.29)
ME3_C           | no               |(2239.95, 1136.75)
ME3_C           | no               |(2239.95, 1152.87)
ME3_C           | no               |(2239.95, 1179.53)
ME3_C           | no               |(2239.95, 1201.23)
ME3_C           | no               |(2239.95, 1222.93)
ME3_C           | no               |(2239.95, 1249.59)
ME3_C           | no               |(2239.95, 1362.43)
ME3_C           | no               |(2239.95, 1379.17)
ME3_C           | no               |(2239.95, 1405.83)
ME3_C           | no               |(2239.95, 1427.53)
ME3_C           | no               |(2239.95, 1449.23)
ME3_C           | no               |(2230.71, 462.44)
ME3_C           | no               |(2230.71, 1466.34)
ME3_C           | no               |(2222.87, 462.44)
ME3_C           | no               |(2222.87, 1466.34)
ME3_C           | no               |(2215.03, 462.44)
ME3_C           | no               |(2215.03, 1466.34)
ME3_C           | no               |(2207.19, 462.44)
ME3_C           | no               |(2207.19, 1466.34)
ME3_C           | no               |(2199.35, 462.44)
ME3_C           | no               |(2199.35, 1466.34)
ME3_C           | no               |(2191.51, 462.44)
ME3_C           | no               |(2191.51, 1466.34)
ME3_C           | no               |(2152.31, 462.44)
ME3_C           | no               |(2152.31, 1466.34)
ME3_C           | no               |(2144.47, 462.44)
ME3_C           | no               |(2144.47, 1466.34)
ME3_C           | no               |(2136.63, 462.44)
ME3_C           | no               |(2136.63, 1466.34)
ME3_C           | no               |(2128.79, 462.44)
ME3_C           | no               |(2128.79, 1466.34)
ME3_C           | no               |(2120.95, 462.44)
ME3_C           | no               |(2120.95, 1466.34)
ME3_C           | no               |(2113.11, 462.44)
ME3_C           | no               |(2113.11, 1466.34)
ME3_C           | no               |(2073.91, 462.44)
ME3_C           | no               |(2073.91, 1466.34)
ME3_C           | no               |(2066.07, 462.44)
ME3_C           | no               |(2066.07, 1466.34)
ME3_C           | no               |(2058.23, 462.44)
ME3_C           | no               |(2058.23, 1466.34)
ME3_C           | no               |(2050.39, 462.44)
ME3_C           | no               |(2050.39, 1466.34)
ME3_C           | no               |(2042.55, 462.44)
ME3_C           | no               |(2042.55, 1466.34)
ME3_C           | no               |(2034.71, 462.44)
ME3_C           | no               |(2034.71, 1466.34)
ME3_C           | no               |(1995.51, 462.44)
ME3_C           | no               |(1995.51, 1466.34)
ME3_C           | no               |(1987.67, 462.44)
ME3_C           | no               |(1987.67, 1466.34)
ME3_C           | no               |(1979.83, 462.44)
ME3_C           | no               |(1979.83, 1466.34)
ME3_C           | no               |(1971.99, 462.44)
ME3_C           | no               |(1971.99, 1466.34)
ME3_C           | no               |(1964.15, 462.44)
ME3_C           | no               |(1964.15, 1466.34)
ME3_C           | no               |(1956.31, 462.44)
ME3_C           | no               |(1956.31, 1466.34)
ME3_C           | no               |(1947.07, 471.49)
ME3_C           | no               |(1947.07, 480.17)
ME3_C           | no               |(1947.07, 488.85)
ME3_C           | no               |(1947.07, 497.53)
ME3_C           | no               |(1947.07, 506.21)
ME3_C           | no               |(1947.07, 514.89)
ME3_C           | no               |(1947.07, 558.29)
ME3_C           | no               |(1947.07, 566.97)
ME3_C           | no               |(1947.07, 575.65)
ME3_C           | no               |(1947.07, 584.33)
ME3_C           | no               |(1947.07, 593.01)
ME3_C           | no               |(1947.07, 601.69)
ME3_C           | no               |(1947.07, 645.09)
ME3_C           | no               |(1947.07, 653.77)
ME3_C           | no               |(1947.07, 662.45)
ME3_C           | no               |(1947.07, 671.13)
ME3_C           | no               |(1947.07, 679.81)
ME3_C           | no               |(1947.07, 688.49)
ME3_C           | no               |(1947.07, 731.89)
ME3_C           | no               |(1947.07, 740.57)
ME3_C           | no               |(1947.07, 749.25)
ME3_C           | no               |(1947.07, 757.93)
ME3_C           | no               |(1947.07, 766.61)
ME3_C           | no               |(1947.07, 775.29)
ME3_C           | no               |(1947.07, 818.69)
ME3_C           | no               |(1947.07, 827.37)
ME3_C           | no               |(1947.07, 836.05)
ME3_C           | no               |(1947.07, 844.73)
ME3_C           | no               |(1947.07, 853.41)
ME3_C           | no               |(1947.07, 862.09)
ME3_C           | no               |(1947.07, 992.29)
ME3_C           | no               |(1947.07, 1000.97)
ME3_C           | no               |(1947.07, 1009.65)
ME3_C           | no               |(1947.07, 1018.33)
ME3_C           | no               |(1947.07, 1027.01)
ME3_C           | no               |(1947.07, 1035.69)
ME3_C           | no               |(1947.07, 1079.09)
ME3_C           | no               |(1947.07, 1087.77)
ME3_C           | no               |(1947.07, 1096.45)
ME3_C           | no               |(1947.07, 1105.13)
ME3_C           | no               |(1947.07, 1113.81)
ME3_C           | no               |(1947.07, 1122.49)
ME3_C           | no               |(1947.07, 1165.89)
ME3_C           | no               |(1947.07, 1174.57)
ME3_C           | no               |(1947.07, 1183.25)
ME3_C           | no               |(1947.07, 1191.93)
ME3_C           | no               |(1947.07, 1200.61)
ME3_C           | no               |(1947.07, 1209.29)
ME3_C           | no               |(1947.07, 1252.69)
ME3_C           | no               |(1947.07, 1261.37)
ME3_C           | no               |(1947.07, 1270.05)
ME3_C           | no               |(1947.07, 1278.73)
ME3_C           | no               |(1947.07, 1287.41)
ME3_C           | no               |(1947.07, 1296.09)
ME3_C           | no               |(1947.07, 1339.49)
ME3_C           | no               |(1947.07, 1348.17)
ME3_C           | no               |(1947.07, 1356.85)
ME3_C           | no               |(1947.07, 1365.53)
ME3_C           | no               |(1947.07, 1374.21)
ME3_C           | no               |(1947.07, 1382.89)
ME3_C           | no               |(1947.07, 1426.29)
ME3_C           | no               |(1947.07, 1434.97)
ME3_C           | no               |(1947.07, 1443.65)
ME3_C           | no               |(1947.07, 1452.33)
ME2_C           | no               |(2239.95, 477.69)
ME2_C           | no               |(2239.95, 499.39)
ME2_C           | no               |(2239.95, 520.47)
ME2_C           | no               |(2239.95, 547.13)
ME2_C           | no               |(2239.95, 563.87)
ME2_C           | no               |(2239.95, 590.53)
ME2_C           | no               |(2239.95, 703.37)
ME2_C           | no               |(2239.95, 725.07)
ME2_C           | no               |(2239.95, 746.77)
ME2_C           | no               |(2239.95, 773.43)
ME2_C           | no               |(2239.95, 790.17)
ME2_C           | no               |(2239.95, 816.83)
ME2_C           | no               |(2239.95, 924.71)
ME2_C           | no               |(2239.95, 935.87)
ME2_C           | no               |(2239.95, 956.95)
ME2_C           | no               |(2239.95, 978.65)
ME2_C           | no               |(2239.95, 987.33)
ME2_C           | no               |(2239.95, 1023.29)
ME2_C           | no               |(2239.95, 1136.75)
ME2_C           | no               |(2239.95, 1152.87)
ME2_C           | no               |(2239.95, 1179.53)
ME2_C           | no               |(2239.95, 1201.23)
ME2_C           | no               |(2239.95, 1222.93)
ME2_C           | no               |(2239.95, 1249.59)
ME2_C           | no               |(2239.95, 1362.43)
ME2_C           | no               |(2239.95, 1379.17)
ME2_C           | no               |(2239.95, 1405.83)
ME2_C           | no               |(2239.95, 1427.53)
ME2_C           | no               |(2239.95, 1449.23)
ME2_C           | no               |(1947.07, 471.49)
ME2_C           | no               |(1947.07, 480.17)
ME2_C           | no               |(1947.07, 488.85)
ME2_C           | no               |(1947.07, 497.53)
ME2_C           | no               |(1947.07, 506.21)
ME2_C           | no               |(1947.07, 514.89)
ME2_C           | no               |(1947.07, 558.29)
ME2_C           | no               |(1947.07, 566.97)
ME2_C           | no               |(1947.07, 575.65)
ME2_C           | no               |(1947.07, 584.33)
ME2_C           | no               |(1947.07, 593.01)
ME2_C           | no               |(1947.07, 601.69)
ME2_C           | no               |(1947.07, 645.09)
ME2_C           | no               |(1947.07, 653.77)
ME2_C           | no               |(1947.07, 662.45)
ME2_C           | no               |(1947.07, 671.13)
ME2_C           | no               |(1947.07, 679.81)
ME2_C           | no               |(1947.07, 688.49)
ME2_C           | no               |(1947.07, 731.89)
ME2_C           | no               |(1947.07, 740.57)
ME2_C           | no               |(1947.07, 749.25)
ME2_C           | no               |(1947.07, 757.93)
ME2_C           | no               |(1947.07, 766.61)
ME2_C           | no               |(1947.07, 775.29)
ME2_C           | no               |(1947.07, 818.69)
ME2_C           | no               |(1947.07, 827.37)
ME2_C           | no               |(1947.07, 836.05)
ME2_C           | no               |(1947.07, 844.73)
ME2_C           | no               |(1947.07, 853.41)
ME2_C           | no               |(1947.07, 862.09)
ME2_C           | no               |(1947.07, 905.49)
ME2_C           | no               |(1947.07, 914.17)
ME2_C           | no               |(1947.07, 922.85)
ME2_C           | no               |(1947.07, 931.53)
ME2_C           | no               |(1947.07, 940.21)
ME2_C           | no               |(1947.07, 948.89)
ME2_C           | no               |(1947.07, 992.29)
ME2_C           | no               |(1947.07, 1000.97)
ME2_C           | no               |(1947.07, 1009.65)
ME2_C           | no               |(1947.07, 1018.33)
ME2_C           | no               |(1947.07, 1027.01)
ME2_C           | no               |(1947.07, 1035.69)
ME2_C           | no               |(1947.07, 1079.09)
ME2_C           | no               |(1947.07, 1087.77)
ME2_C           | no               |(1947.07, 1096.45)
ME2_C           | no               |(1947.07, 1105.13)
ME2_C           | no               |(1947.07, 1113.81)
ME2_C           | no               |(1947.07, 1122.49)
ME2_C           | no               |(1947.07, 1165.89)
ME2_C           | no               |(1947.07, 1174.57)
ME2_C           | no               |(1947.07, 1183.25)
ME2_C           | no               |(1947.07, 1191.93)
ME2_C           | no               |(1947.07, 1200.61)
ME2_C           | no               |(1947.07, 1209.29)
ME2_C           | no               |(1947.07, 1252.69)
ME2_C           | no               |(1947.07, 1261.37)
ME2_C           | no               |(1947.07, 1270.05)
ME2_C           | no               |(1947.07, 1278.73)
ME2_C           | no               |(1947.07, 1287.41)
ME2_C           | no               |(1947.07, 1296.09)
ME2_C           | no               |(1947.07, 1339.49)
ME2_C           | no               |(1947.07, 1348.17)
ME2_C           | no               |(1947.07, 1356.85)
ME2_C           | no               |(1947.07, 1365.53)
ME2_C           | no               |(1947.07, 1374.21)
ME2_C           | no               |(1947.07, 1382.89)
ME2_C           | no               |(1947.07, 1426.29)
ME2_C           | no               |(1947.07, 1434.97)
ME2_C           | no               |(1947.07, 1443.65)
ME2_C           | no               |(1947.07, 1452.33)
ME1_C           | no               |(2230.71, 462.44)
ME1_C           | no               |(2230.71, 1466.34)
ME1_C           | no               |(2222.87, 462.44)
ME1_C           | no               |(2222.87, 1466.34)
ME1_C           | no               |(2215.03, 462.44)
ME1_C           | no               |(2215.03, 1466.34)
ME1_C           | no               |(2207.19, 462.44)
ME1_C           | no               |(2207.19, 1466.34)
ME1_C           | no               |(2199.35, 462.44)
ME1_C           | no               |(2199.35, 1466.34)
ME1_C           | no               |(2191.51, 462.44)
ME1_C           | no               |(2191.51, 1466.34)
ME1_C           | no               |(2152.31, 462.44)
ME1_C           | no               |(2152.31, 1466.34)
ME1_C           | no               |(2144.47, 462.44)
ME1_C           | no               |(2144.47, 1466.34)
ME1_C           | no               |(2136.63, 462.44)
ME1_C           | no               |(2136.63, 1466.34)
ME1_C           | no               |(2128.79, 462.44)
ME1_C           | no               |(2128.79, 1466.34)
ME1_C           | no               |(2120.95, 462.44)
ME1_C           | no               |(2120.95, 1466.34)
ME1_C           | no               |(2113.11, 462.44)
ME1_C           | no               |(2113.11, 1466.34)
ME1_C           | no               |(2073.91, 462.44)
ME1_C           | no               |(2073.91, 1466.34)
ME1_C           | no               |(2066.07, 462.44)
ME1_C           | no               |(2066.07, 1466.34)
ME1_C           | no               |(2058.23, 462.44)
ME1_C           | no               |(2058.23, 1466.34)
ME1_C           | no               |(2050.39, 462.44)
ME1_C           | no               |(2050.39, 1466.34)
ME1_C           | no               |(2042.55, 462.44)
ME1_C           | no               |(2042.55, 1466.34)
ME1_C           | no               |(2034.71, 462.44)
ME1_C           | no               |(2034.71, 1466.34)
ME1_C           | no               |(1995.51, 462.44)
ME1_C           | no               |(1995.51, 1466.34)
ME1_C           | no               |(1987.67, 462.44)
ME1_C           | no               |(1987.67, 1466.34)
ME1_C           | no               |(1979.83, 462.44)
ME1_C           | no               |(1979.83, 1466.34)
ME1_C           | no               |(1971.99, 462.44)
ME1_C           | no               |(1971.99, 1466.34)
ME1_C           | no               |(1964.15, 462.44)
ME1_C           | no               |(1964.15, 1466.34)
ME1_C           | no               |(1956.31, 462.44)
ME1_C           | no               |(1956.31, 1466.34)
ME1_C           | no               |(1947.07, 905.49)
ME1_C           | no               |(1947.07, 914.17)
ME1_C           | no               |(1947.07, 922.85)
ME1_C           | no               |(1947.07, 931.53)
ME1_C           | no               |(1947.07, 940.21)
ME1_C           | no               |(1947.07, 948.89)
ME4_C           | no               |(1074.42, 466.04)
ME4_C           | no               |(1074.42, 487.74)
ME4_C           | no               |(1074.42, 508.82)
ME4_C           | no               |(1074.42, 535.48)
ME4_C           | no               |(1074.42, 552.22)
ME4_C           | no               |(1074.42, 578.88)
ME4_C           | no               |(1074.42, 691.72)
ME4_C           | no               |(1074.42, 713.42)
ME4_C           | no               |(1074.42, 735.12)
ME4_C           | no               |(1074.42, 761.78)
ME4_C           | no               |(1074.42, 778.52)
ME4_C           | no               |(1074.42, 805.18)
ME4_C           | no               |(1074.42, 918.02)
ME4_C           | no               |(1074.42, 939.72)
ME4_C           | no               |(1074.42, 961.42)
ME4_C           | no               |(1074.42, 988.08)
ME4_C           | no               |(1074.42, 1004.82)
ME4_C           | no               |(1074.42, 1030.86)
ME4_C           | no               |(1074.42, 1144.32)
ME4_C           | no               |(1074.42, 1166.02)
ME4_C           | no               |(1074.42, 1187.1)
ME4_C           | no               |(1074.42, 1213.76)
ME4_C           | no               |(1074.42, 1230.5)
ME4_C           | no               |(1074.42, 1257.16)
ME4_C           | no               |(1074.42, 1365.04)
ME4_C           | no               |(1074.42, 1387.36)
ME4_C           | no               |(1074.42, 1408.44)
ME4_C           | no               |(1074.42, 1417.12)
ME4_C           | no               |(1074.42, 1453.08)
ME4_C           | no               |(1074.42, 1469.82)
ME4_C           | no               |(1074.42, 1583.28)
ME4_C           | no               |(1074.42, 1609.32)
ME4_C           | no               |(1074.42, 1631.02)
ME4_C           | no               |(1074.42, 1652.72)
ME4_C           | no               |(1074.42, 1679.38)
ME4_C           | no               |(1074.42, 1696.12)
ME4_C           | no               |(1074.42, 1808.96)
ME4_C           | no               |(1074.42, 1835.62)
ME4_C           | no               |(1074.42, 1857.32)
ME4_C           | no               |(1074.42, 1879.02)
ME4_C           | no               |(1074.42, 1905.68)
ME4_C           | no               |(1074.42, 1922.42)
ME4_C           | no               |(1074.42, 2035.26)
ME4_C           | no               |(1074.42, 2061.92)
ME4_C           | no               |(1074.42, 2083.62)
ME4_C           | no               |(1074.42, 2104.7)
ME4_C           | no               |(1074.42, 2131.36)
ME4_C           | no               |(1074.42, 2148.1)
ME4_C           | no               |(1074.42, 2261.56)
ME4_C           | no               |(1074.42, 2287.6)
ME4_C           | no               |(1074.42, 2309.3)
ME4_C           | no               |(1074.42, 2331)
ME4_C           | no               |(1065.18, 450.79)
ME4_C           | no               |(1065.18, 2348.73)
ME4_C           | no               |(1057.34, 450.79)
ME4_C           | no               |(1057.34, 2348.73)
ME4_C           | no               |(1049.5, 450.79)
ME4_C           | no               |(1049.5, 2348.73)
ME4_C           | no               |(1041.66, 450.79)
ME4_C           | no               |(1041.66, 2348.73)
ME4_C           | no               |(1033.82, 450.79)
ME4_C           | no               |(1033.82, 2348.73)
ME4_C           | no               |(1025.98, 450.79)
ME4_C           | no               |(1025.98, 2348.73)
ME4_C           | no               |(986.78, 450.79)
ME4_C           | no               |(986.78, 2348.73)
ME4_C           | no               |(978.94, 450.79)
ME4_C           | no               |(978.94, 2348.73)
ME4_C           | no               |(971.1, 450.79)
ME4_C           | no               |(971.1, 2348.73)
ME4_C           | no               |(963.26, 450.79)
ME4_C           | no               |(963.26, 2348.73)
ME4_C           | no               |(955.42, 450.79)
ME4_C           | no               |(955.42, 2348.73)
ME4_C           | no               |(947.58, 450.79)
ME4_C           | no               |(947.58, 2348.73)
ME4_C           | no               |(908.38, 450.79)
ME4_C           | no               |(908.38, 2348.73)
ME4_C           | no               |(900.54, 450.79)
ME4_C           | no               |(900.54, 2348.73)
ME4_C           | no               |(892.7, 450.79)
ME4_C           | no               |(892.7, 2348.73)
ME4_C           | no               |(884.86, 450.79)
ME4_C           | no               |(884.86, 2348.73)
ME4_C           | no               |(877.02, 450.79)
ME4_C           | no               |(877.02, 2348.73)
ME4_C           | no               |(869.18, 450.79)
ME4_C           | no               |(869.18, 2348.73)
ME4_C           | no               |(859.94, 459.84)
ME4_C           | no               |(859.94, 468.52)
ME4_C           | no               |(859.94, 477.2)
ME4_C           | no               |(859.94, 485.88)
ME4_C           | no               |(859.94, 494.56)
ME4_C           | no               |(859.94, 503.24)
ME4_C           | no               |(859.94, 546.64)
ME4_C           | no               |(859.94, 555.32)
ME4_C           | no               |(859.94, 564)
ME4_C           | no               |(859.94, 572.68)
ME4_C           | no               |(859.94, 581.36)
ME4_C           | no               |(859.94, 590.04)
ME4_C           | no               |(859.94, 633.44)
ME4_C           | no               |(859.94, 642.12)
ME4_C           | no               |(859.94, 650.8)
ME4_C           | no               |(859.94, 659.48)
ME4_C           | no               |(859.94, 668.16)
ME4_C           | no               |(859.94, 676.84)
ME4_C           | no               |(859.94, 720.24)
ME4_C           | no               |(859.94, 728.92)
ME4_C           | no               |(859.94, 737.6)
ME4_C           | no               |(859.94, 746.28)
ME4_C           | no               |(859.94, 754.96)
ME4_C           | no               |(859.94, 763.64)
ME4_C           | no               |(859.94, 807.04)
ME4_C           | no               |(859.94, 815.72)
ME4_C           | no               |(859.94, 824.4)
ME4_C           | no               |(859.94, 833.08)
ME4_C           | no               |(859.94, 841.76)
ME4_C           | no               |(859.94, 850.44)
ME4_C           | no               |(859.94, 893.84)
ME4_C           | no               |(859.94, 902.52)
ME4_C           | no               |(859.94, 911.2)
ME4_C           | no               |(859.94, 919.88)
ME4_C           | no               |(859.94, 928.56)
ME4_C           | no               |(859.94, 937.24)
ME4_C           | no               |(859.94, 980.64)
ME4_C           | no               |(859.94, 989.32)
ME4_C           | no               |(859.94, 998)
ME4_C           | no               |(859.94, 1006.68)
ME4_C           | no               |(859.94, 1015.36)
ME4_C           | no               |(859.94, 1024.04)
ME4_C           | no               |(859.94, 1067.44)
ME4_C           | no               |(859.94, 1076.12)
ME4_C           | no               |(859.94, 1084.8)
ME4_C           | no               |(859.94, 1093.48)
ME4_C           | no               |(859.94, 1102.16)
ME4_C           | no               |(859.94, 1110.84)
ME4_C           | no               |(859.94, 1154.24)
ME4_C           | no               |(859.94, 1162.92)
ME4_C           | no               |(859.94, 1171.6)
ME4_C           | no               |(859.94, 1180.28)
ME4_C           | no               |(859.94, 1188.96)
ME4_C           | no               |(859.94, 1197.64)
ME4_C           | no               |(859.94, 1241.04)
ME4_C           | no               |(859.94, 1249.72)
ME4_C           | no               |(859.94, 1258.4)
ME4_C           | no               |(859.94, 1267.08)
ME4_C           | no               |(859.94, 1275.76)
ME4_C           | no               |(859.94, 1284.44)
ME4_C           | no               |(859.94, 1327.84)
ME4_C           | no               |(859.94, 1336.52)
ME4_C           | no               |(859.94, 1345.2)
ME4_C           | no               |(859.94, 1353.88)
ME4_C           | no               |(859.94, 1362.56)
ME4_C           | no               |(859.94, 1371.24)
ME4_C           | no               |(859.94, 1414.64)
ME4_C           | no               |(859.94, 1423.32)
ME4_C           | no               |(859.94, 1432)
ME4_C           | no               |(859.94, 1440.68)
ME4_C           | no               |(859.94, 1449.36)
ME4_C           | no               |(859.94, 1458.04)
ME4_C           | no               |(859.94, 1501.44)
ME4_C           | no               |(859.94, 1510.12)
ME4_C           | no               |(859.94, 1518.8)
ME4_C           | no               |(859.94, 1527.48)
ME4_C           | no               |(859.94, 1536.16)
ME4_C           | no               |(859.94, 1544.84)
ME4_C           | no               |(859.94, 1588.24)
ME4_C           | no               |(859.94, 1596.92)
ME4_C           | no               |(859.94, 1605.6)
ME4_C           | no               |(859.94, 1614.28)
ME4_C           | no               |(859.94, 1622.96)
ME4_C           | no               |(859.94, 1631.64)
ME4_C           | no               |(859.94, 1675.04)
ME4_C           | no               |(859.94, 1683.72)
ME4_C           | no               |(859.94, 1692.4)
ME4_C           | no               |(859.94, 1701.08)
ME4_C           | no               |(859.94, 1709.76)
ME4_C           | no               |(859.94, 1718.44)
ME4_C           | no               |(859.94, 1761.84)
ME4_C           | no               |(859.94, 1770.52)
ME4_C           | no               |(859.94, 1779.2)
ME4_C           | no               |(859.94, 1787.88)
ME4_C           | no               |(859.94, 1796.56)
ME4_C           | no               |(859.94, 1805.24)
ME4_C           | no               |(859.94, 1848.64)
ME4_C           | no               |(859.94, 1857.32)
ME4_C           | no               |(859.94, 1866)
ME4_C           | no               |(859.94, 1874.68)
ME4_C           | no               |(859.94, 1883.36)
ME4_C           | no               |(859.94, 1892.04)
ME4_C           | no               |(859.94, 1935.44)
ME4_C           | no               |(859.94, 1944.12)
ME4_C           | no               |(859.94, 1952.8)
ME4_C           | no               |(859.94, 1961.48)
ME4_C           | no               |(859.94, 1970.16)
ME4_C           | no               |(859.94, 1978.84)
ME4_C           | no               |(859.94, 2022.24)
ME4_C           | no               |(859.94, 2030.92)
ME4_C           | no               |(859.94, 2039.6)
ME4_C           | no               |(859.94, 2048.28)
ME4_C           | no               |(859.94, 2056.96)
ME4_C           | no               |(859.94, 2065.64)
ME4_C           | no               |(859.94, 2109.04)
ME4_C           | no               |(859.94, 2117.72)
ME4_C           | no               |(859.94, 2126.4)
ME4_C           | no               |(859.94, 2135.08)
ME4_C           | no               |(859.94, 2143.76)
ME4_C           | no               |(859.94, 2152.44)
ME4_C           | no               |(859.94, 2195.84)
ME4_C           | no               |(859.94, 2204.52)
ME4_C           | no               |(859.94, 2213.2)
ME4_C           | no               |(859.94, 2221.88)
ME4_C           | no               |(859.94, 2230.56)
ME4_C           | no               |(859.94, 2239.24)
ME4_C           | no               |(859.94, 2282.64)
ME4_C           | no               |(859.94, 2291.32)
ME4_C           | no               |(859.94, 2300)
ME4_C           | no               |(859.94, 2308.68)
ME4_C           | no               |(859.94, 2317.36)
ME4_C           | no               |(859.94, 2326.04)
ME3_C           | no               |(1074.42, 466.04)
ME3_C           | no               |(1074.42, 487.74)
ME3_C           | no               |(1074.42, 508.82)
ME3_C           | no               |(1074.42, 535.48)
ME3_C           | no               |(1074.42, 552.22)
ME3_C           | no               |(1074.42, 578.88)
ME3_C           | no               |(1074.42, 691.72)
ME3_C           | no               |(1074.42, 713.42)
ME3_C           | no               |(1074.42, 735.12)
ME3_C           | no               |(1074.42, 761.78)
ME3_C           | no               |(1074.42, 778.52)
ME3_C           | no               |(1074.42, 805.18)
ME3_C           | no               |(1074.42, 918.02)
ME3_C           | no               |(1074.42, 939.72)
ME3_C           | no               |(1074.42, 961.42)
ME3_C           | no               |(1074.42, 988.08)
ME3_C           | no               |(1074.42, 1004.82)
ME3_C           | no               |(1074.42, 1030.86)
ME3_C           | no               |(1074.42, 1144.32)
ME3_C           | no               |(1074.42, 1166.02)
ME3_C           | no               |(1074.42, 1187.1)
ME3_C           | no               |(1074.42, 1213.76)
ME3_C           | no               |(1074.42, 1230.5)
ME3_C           | no               |(1074.42, 1257.16)
ME3_C           | no               |(1074.42, 1365.04)
ME3_C           | no               |(1074.42, 1387.36)
ME3_C           | no               |(1074.42, 1408.44)
ME3_C           | no               |(1074.42, 1417.12)
ME3_C           | no               |(1074.42, 1453.08)
ME3_C           | no               |(1074.42, 1469.82)
ME3_C           | no               |(1074.42, 1583.28)
ME3_C           | no               |(1074.42, 1609.32)
ME3_C           | no               |(1074.42, 1631.02)
ME3_C           | no               |(1074.42, 1652.72)
ME3_C           | no               |(1074.42, 1679.38)
ME3_C           | no               |(1074.42, 1696.12)
ME3_C           | no               |(1074.42, 1808.96)
ME3_C           | no               |(1074.42, 1835.62)
ME3_C           | no               |(1074.42, 1857.32)
ME3_C           | no               |(1074.42, 1879.02)
ME3_C           | no               |(1074.42, 1905.68)
ME3_C           | no               |(1074.42, 1922.42)
ME3_C           | no               |(1074.42, 2035.26)
ME3_C           | no               |(1074.42, 2061.92)
ME3_C           | no               |(1074.42, 2083.62)
ME3_C           | no               |(1074.42, 2104.7)
ME3_C           | no               |(1074.42, 2131.36)
ME3_C           | no               |(1074.42, 2148.1)
ME3_C           | no               |(1074.42, 2261.56)
ME3_C           | no               |(1074.42, 2287.6)
ME3_C           | no               |(1074.42, 2309.3)
ME3_C           | no               |(1074.42, 2331)
ME3_C           | no               |(1065.18, 450.79)
ME3_C           | no               |(1065.18, 2348.73)
ME3_C           | no               |(1057.34, 450.79)
ME3_C           | no               |(1057.34, 2348.73)
ME3_C           | no               |(1049.5, 450.79)
ME3_C           | no               |(1049.5, 2348.73)
ME3_C           | no               |(1041.66, 450.79)
ME3_C           | no               |(1041.66, 2348.73)
ME3_C           | no               |(1033.82, 450.79)
ME3_C           | no               |(1033.82, 2348.73)
ME3_C           | no               |(1025.98, 450.79)
ME3_C           | no               |(1025.98, 2348.73)
ME3_C           | no               |(986.78, 450.79)
ME3_C           | no               |(986.78, 2348.73)
ME3_C           | no               |(978.94, 450.79)
ME3_C           | no               |(978.94, 2348.73)
ME3_C           | no               |(971.1, 450.79)
ME3_C           | no               |(971.1, 2348.73)
ME3_C           | no               |(963.26, 450.79)
ME3_C           | no               |(963.26, 2348.73)
ME3_C           | no               |(955.42, 450.79)
ME3_C           | no               |(955.42, 2348.73)
ME3_C           | no               |(947.58, 450.79)
ME3_C           | no               |(947.58, 2348.73)
ME3_C           | no               |(908.38, 450.79)
ME3_C           | no               |(908.38, 2348.73)
ME3_C           | no               |(900.54, 450.79)
ME3_C           | no               |(900.54, 2348.73)
ME3_C           | no               |(892.7, 450.79)
ME3_C           | no               |(892.7, 2348.73)
ME3_C           | no               |(884.86, 450.79)
ME3_C           | no               |(884.86, 2348.73)
ME3_C           | no               |(877.02, 450.79)
ME3_C           | no               |(877.02, 2348.73)
ME3_C           | no               |(869.18, 450.79)
ME3_C           | no               |(869.18, 2348.73)
ME3_C           | no               |(859.94, 459.84)
ME3_C           | no               |(859.94, 468.52)
ME3_C           | no               |(859.94, 477.2)
ME3_C           | no               |(859.94, 485.88)
ME3_C           | no               |(859.94, 494.56)
ME3_C           | no               |(859.94, 503.24)
ME3_C           | no               |(859.94, 546.64)
ME3_C           | no               |(859.94, 555.32)
ME3_C           | no               |(859.94, 564)
ME3_C           | no               |(859.94, 572.68)
ME3_C           | no               |(859.94, 581.36)
ME3_C           | no               |(859.94, 590.04)
ME3_C           | no               |(859.94, 633.44)
ME3_C           | no               |(859.94, 642.12)
ME3_C           | no               |(859.94, 650.8)
ME3_C           | no               |(859.94, 659.48)
ME3_C           | no               |(859.94, 668.16)
ME3_C           | no               |(859.94, 676.84)
ME3_C           | no               |(859.94, 720.24)
ME3_C           | no               |(859.94, 728.92)
ME3_C           | no               |(859.94, 737.6)
ME3_C           | no               |(859.94, 746.28)
ME3_C           | no               |(859.94, 754.96)
ME3_C           | no               |(859.94, 763.64)
ME3_C           | no               |(859.94, 807.04)
ME3_C           | no               |(859.94, 815.72)
ME3_C           | no               |(859.94, 824.4)
ME3_C           | no               |(859.94, 833.08)
ME3_C           | no               |(859.94, 841.76)
ME3_C           | no               |(859.94, 850.44)
ME3_C           | no               |(859.94, 893.84)
ME3_C           | no               |(859.94, 902.52)
ME3_C           | no               |(859.94, 911.2)
ME3_C           | no               |(859.94, 919.88)
ME3_C           | no               |(859.94, 928.56)
ME3_C           | no               |(859.94, 937.24)
ME3_C           | no               |(859.94, 980.64)
ME3_C           | no               |(859.94, 989.32)
ME3_C           | no               |(859.94, 998)
ME3_C           | no               |(859.94, 1006.68)
ME3_C           | no               |(859.94, 1015.36)
ME3_C           | no               |(859.94, 1024.04)
ME3_C           | no               |(859.94, 1067.44)
ME3_C           | no               |(859.94, 1076.12)
ME3_C           | no               |(859.94, 1084.8)
ME3_C           | no               |(859.94, 1093.48)
ME3_C           | no               |(859.94, 1102.16)
ME3_C           | no               |(859.94, 1110.84)
ME3_C           | no               |(859.94, 1154.24)
ME3_C           | no               |(859.94, 1162.92)
ME3_C           | no               |(859.94, 1171.6)
ME3_C           | no               |(859.94, 1180.28)
ME3_C           | no               |(859.94, 1188.96)
ME3_C           | no               |(859.94, 1197.64)
ME3_C           | no               |(859.94, 1241.04)
ME3_C           | no               |(859.94, 1249.72)
ME3_C           | no               |(859.94, 1258.4)
ME3_C           | no               |(859.94, 1267.08)
ME3_C           | no               |(859.94, 1275.76)
ME3_C           | no               |(859.94, 1284.44)
ME3_C           | no               |(859.94, 1327.84)
ME3_C           | no               |(859.94, 1336.52)
ME3_C           | no               |(859.94, 1345.2)
ME3_C           | no               |(859.94, 1353.88)
ME3_C           | no               |(859.94, 1362.56)
ME3_C           | no               |(859.94, 1371.24)
ME3_C           | no               |(859.94, 1414.64)
ME3_C           | no               |(859.94, 1423.32)
ME3_C           | no               |(859.94, 1432)
ME3_C           | no               |(859.94, 1440.68)
ME3_C           | no               |(859.94, 1449.36)
ME3_C           | no               |(859.94, 1458.04)
ME3_C           | no               |(859.94, 1501.44)
ME3_C           | no               |(859.94, 1510.12)
ME3_C           | no               |(859.94, 1518.8)
ME3_C           | no               |(859.94, 1527.48)
ME3_C           | no               |(859.94, 1536.16)
ME3_C           | no               |(859.94, 1544.84)
ME3_C           | no               |(859.94, 1588.24)
ME3_C           | no               |(859.94, 1596.92)
ME3_C           | no               |(859.94, 1605.6)
ME3_C           | no               |(859.94, 1614.28)
ME3_C           | no               |(859.94, 1622.96)
ME3_C           | no               |(859.94, 1631.64)
ME3_C           | no               |(859.94, 1675.04)
ME3_C           | no               |(859.94, 1683.72)
ME3_C           | no               |(859.94, 1692.4)
ME3_C           | no               |(859.94, 1701.08)
ME3_C           | no               |(859.94, 1709.76)
ME3_C           | no               |(859.94, 1718.44)
ME3_C           | no               |(859.94, 1761.84)
ME3_C           | no               |(859.94, 1770.52)
ME3_C           | no               |(859.94, 1779.2)
ME3_C           | no               |(859.94, 1787.88)
ME3_C           | no               |(859.94, 1796.56)
ME3_C           | no               |(859.94, 1805.24)
ME3_C           | no               |(859.94, 1848.64)
ME3_C           | no               |(859.94, 1857.32)
ME3_C           | no               |(859.94, 1866)
ME3_C           | no               |(859.94, 1874.68)
ME3_C           | no               |(859.94, 1883.36)
ME3_C           | no               |(859.94, 1892.04)
ME3_C           | no               |(859.94, 1935.44)
ME3_C           | no               |(859.94, 1944.12)
ME3_C           | no               |(859.94, 1952.8)
ME3_C           | no               |(859.94, 1961.48)
ME3_C           | no               |(859.94, 1970.16)
ME3_C           | no               |(859.94, 1978.84)
ME3_C           | no               |(859.94, 2022.24)
ME3_C           | no               |(859.94, 2030.92)
ME3_C           | no               |(859.94, 2039.6)
ME3_C           | no               |(859.94, 2048.28)
ME3_C           | no               |(859.94, 2056.96)
ME3_C           | no               |(859.94, 2065.64)
ME3_C           | no               |(859.94, 2109.04)
ME3_C           | no               |(859.94, 2117.72)
ME3_C           | no               |(859.94, 2126.4)
ME3_C           | no               |(859.94, 2135.08)
ME3_C           | no               |(859.94, 2143.76)
ME3_C           | no               |(859.94, 2152.44)
ME3_C           | no               |(859.94, 2195.84)
ME3_C           | no               |(859.94, 2204.52)
ME3_C           | no               |(859.94, 2213.2)
ME3_C           | no               |(859.94, 2221.88)
ME3_C           | no               |(859.94, 2230.56)
ME3_C           | no               |(859.94, 2239.24)
ME3_C           | no               |(859.94, 2282.64)
ME3_C           | no               |(859.94, 2291.32)
ME3_C           | no               |(859.94, 2300)
ME3_C           | no               |(859.94, 2308.68)
ME3_C           | no               |(859.94, 2317.36)
ME3_C           | no               |(859.94, 2326.04)
ME2_C           | no               |(1074.42, 466.04)
ME2_C           | no               |(1074.42, 487.74)
ME2_C           | no               |(1074.42, 508.82)
ME2_C           | no               |(1074.42, 535.48)
ME2_C           | no               |(1074.42, 552.22)
ME2_C           | no               |(1074.42, 578.88)
ME2_C           | no               |(1074.42, 691.72)
ME2_C           | no               |(1074.42, 713.42)
ME2_C           | no               |(1074.42, 735.12)
ME2_C           | no               |(1074.42, 761.78)
ME2_C           | no               |(1074.42, 778.52)
ME2_C           | no               |(1074.42, 805.18)
ME2_C           | no               |(1074.42, 918.02)
ME2_C           | no               |(1074.42, 939.72)
ME2_C           | no               |(1074.42, 961.42)
ME2_C           | no               |(1074.42, 988.08)
ME2_C           | no               |(1074.42, 1004.82)
ME2_C           | no               |(1074.42, 1030.86)
ME2_C           | no               |(1074.42, 1144.32)
ME2_C           | no               |(1074.42, 1166.02)
ME2_C           | no               |(1074.42, 1187.1)
ME2_C           | no               |(1074.42, 1213.76)
ME2_C           | no               |(1074.42, 1230.5)
ME2_C           | no               |(1074.42, 1257.16)
ME2_C           | no               |(1074.42, 1365.04)
ME2_C           | no               |(1074.42, 1387.36)
ME2_C           | no               |(1074.42, 1408.44)
ME2_C           | no               |(1074.42, 1417.12)
ME2_C           | no               |(1074.42, 1453.08)
ME2_C           | no               |(1074.42, 1469.82)
ME2_C           | no               |(1074.42, 1583.28)
ME2_C           | no               |(1074.42, 1609.32)
ME2_C           | no               |(1074.42, 1631.02)
ME2_C           | no               |(1074.42, 1652.72)
ME2_C           | no               |(1074.42, 1679.38)
ME2_C           | no               |(1074.42, 1696.12)
ME2_C           | no               |(1074.42, 1808.96)
ME2_C           | no               |(1074.42, 1835.62)
ME2_C           | no               |(1074.42, 1857.32)
ME2_C           | no               |(1074.42, 1879.02)
ME2_C           | no               |(1074.42, 1905.68)
ME2_C           | no               |(1074.42, 1922.42)
ME2_C           | no               |(1074.42, 2035.26)
ME2_C           | no               |(1074.42, 2061.92)
ME2_C           | no               |(1074.42, 2083.62)
ME2_C           | no               |(1074.42, 2104.7)
ME2_C           | no               |(1074.42, 2131.36)
ME2_C           | no               |(1074.42, 2148.1)
ME2_C           | no               |(1074.42, 2261.56)
ME2_C           | no               |(1074.42, 2287.6)
ME2_C           | no               |(1074.42, 2309.3)
ME2_C           | no               |(1074.42, 2331)
ME2_C           | no               |(859.94, 459.84)
ME2_C           | no               |(859.94, 468.52)
ME2_C           | no               |(859.94, 477.2)
ME2_C           | no               |(859.94, 485.88)
ME2_C           | no               |(859.94, 494.56)
ME2_C           | no               |(859.94, 503.24)
ME2_C           | no               |(859.94, 546.64)
ME2_C           | no               |(859.94, 555.32)
ME2_C           | no               |(859.94, 564)
ME2_C           | no               |(859.94, 572.68)
ME2_C           | no               |(859.94, 581.36)
ME2_C           | no               |(859.94, 590.04)
ME2_C           | no               |(859.94, 633.44)
ME2_C           | no               |(859.94, 642.12)
ME2_C           | no               |(859.94, 650.8)
ME2_C           | no               |(859.94, 659.48)
ME2_C           | no               |(859.94, 668.16)
ME2_C           | no               |(859.94, 676.84)
ME2_C           | no               |(859.94, 720.24)
ME2_C           | no               |(859.94, 728.92)
ME2_C           | no               |(859.94, 737.6)
ME2_C           | no               |(859.94, 746.28)
ME2_C           | no               |(859.94, 754.96)
ME2_C           | no               |(859.94, 763.64)
ME2_C           | no               |(859.94, 807.04)
ME2_C           | no               |(859.94, 815.72)
ME2_C           | no               |(859.94, 824.4)
ME2_C           | no               |(859.94, 833.08)
ME2_C           | no               |(859.94, 841.76)
ME2_C           | no               |(859.94, 850.44)
ME2_C           | no               |(859.94, 893.84)
ME2_C           | no               |(859.94, 902.52)
ME2_C           | no               |(859.94, 911.2)
ME2_C           | no               |(859.94, 919.88)
ME2_C           | no               |(859.94, 928.56)
ME2_C           | no               |(859.94, 937.24)
ME2_C           | no               |(859.94, 980.64)
ME2_C           | no               |(859.94, 989.32)
ME2_C           | no               |(859.94, 998)
ME2_C           | no               |(859.94, 1006.68)
ME2_C           | no               |(859.94, 1015.36)
ME2_C           | no               |(859.94, 1024.04)
ME2_C           | no               |(859.94, 1067.44)
ME2_C           | no               |(859.94, 1076.12)
ME2_C           | no               |(859.94, 1084.8)
ME2_C           | no               |(859.94, 1093.48)
ME2_C           | no               |(859.94, 1102.16)
ME2_C           | no               |(859.94, 1110.84)
ME2_C           | no               |(859.94, 1154.24)
ME2_C           | no               |(859.94, 1162.92)
ME2_C           | no               |(859.94, 1171.6)
ME2_C           | no               |(859.94, 1180.28)
ME2_C           | no               |(859.94, 1188.96)
ME2_C           | no               |(859.94, 1197.64)
ME2_C           | no               |(859.94, 1241.04)
ME2_C           | no               |(859.94, 1249.72)
ME2_C           | no               |(859.94, 1258.4)
ME2_C           | no               |(859.94, 1267.08)
ME2_C           | no               |(859.94, 1275.76)
ME2_C           | no               |(859.94, 1284.44)
ME2_C           | no               |(859.94, 1327.84)
ME2_C           | no               |(859.94, 1336.52)
ME2_C           | no               |(859.94, 1345.2)
ME2_C           | no               |(859.94, 1353.88)
ME2_C           | no               |(859.94, 1362.56)
ME2_C           | no               |(859.94, 1371.24)
ME2_C           | no               |(859.94, 1414.64)
ME2_C           | no               |(859.94, 1423.32)
ME2_C           | no               |(859.94, 1432)
ME2_C           | no               |(859.94, 1440.68)
ME2_C           | no               |(859.94, 1449.36)
ME2_C           | no               |(859.94, 1458.04)
ME2_C           | no               |(859.94, 1501.44)
ME2_C           | no               |(859.94, 1510.12)
ME2_C           | no               |(859.94, 1518.8)
ME2_C           | no               |(859.94, 1527.48)
ME2_C           | no               |(859.94, 1536.16)
ME2_C           | no               |(859.94, 1544.84)
ME2_C           | no               |(859.94, 1588.24)
ME2_C           | no               |(859.94, 1596.92)
ME2_C           | no               |(859.94, 1605.6)
ME2_C           | no               |(859.94, 1614.28)
ME2_C           | no               |(859.94, 1622.96)
ME2_C           | no               |(859.94, 1631.64)
ME2_C           | no               |(859.94, 1675.04)
ME2_C           | no               |(859.94, 1683.72)
ME2_C           | no               |(859.94, 1692.4)
ME2_C           | no               |(859.94, 1701.08)
ME2_C           | no               |(859.94, 1709.76)
ME2_C           | no               |(859.94, 1718.44)
ME2_C           | no               |(859.94, 1761.84)
ME2_C           | no               |(859.94, 1770.52)
ME2_C           | no               |(859.94, 1779.2)
ME2_C           | no               |(859.94, 1787.88)
ME2_C           | no               |(859.94, 1796.56)
ME2_C           | no               |(859.94, 1805.24)
ME2_C           | no               |(859.94, 1848.64)
ME2_C           | no               |(859.94, 1857.32)
ME2_C           | no               |(859.94, 1866)
ME2_C           | no               |(859.94, 1874.68)
ME2_C           | no               |(859.94, 1883.36)
ME2_C           | no               |(859.94, 1892.04)
ME2_C           | no               |(859.94, 1935.44)
ME2_C           | no               |(859.94, 1944.12)
ME2_C           | no               |(859.94, 1952.8)
ME2_C           | no               |(859.94, 1961.48)
ME2_C           | no               |(859.94, 1970.16)
ME2_C           | no               |(859.94, 1978.84)
ME2_C           | no               |(859.94, 2022.24)
ME2_C           | no               |(859.94, 2030.92)
ME2_C           | no               |(859.94, 2039.6)
ME2_C           | no               |(859.94, 2048.28)
ME2_C           | no               |(859.94, 2056.96)
ME2_C           | no               |(859.94, 2065.64)
ME2_C           | no               |(859.94, 2109.04)
ME2_C           | no               |(859.94, 2117.72)
ME2_C           | no               |(859.94, 2126.4)
ME2_C           | no               |(859.94, 2135.08)
ME2_C           | no               |(859.94, 2143.76)
ME2_C           | no               |(859.94, 2152.44)
ME2_C           | no               |(859.94, 2195.84)
ME2_C           | no               |(859.94, 2204.52)
ME2_C           | no               |(859.94, 2213.2)
ME2_C           | no               |(859.94, 2221.88)
ME2_C           | no               |(859.94, 2230.56)
ME2_C           | no               |(859.94, 2239.24)
ME2_C           | no               |(859.94, 2282.64)
ME2_C           | no               |(859.94, 2291.32)
ME2_C           | no               |(859.94, 2300)
ME2_C           | no               |(859.94, 2308.68)
ME2_C           | no               |(859.94, 2317.36)
ME2_C           | no               |(859.94, 2326.04)
ME1_C           | no               |(1065.18, 450.79)
ME1_C           | no               |(1065.18, 2348.73)
ME1_C           | no               |(1057.34, 450.79)
ME1_C           | no               |(1057.34, 2348.73)
ME1_C           | no               |(1049.5, 450.79)
ME1_C           | no               |(1049.5, 2348.73)
ME1_C           | no               |(1041.66, 450.79)
ME1_C           | no               |(1041.66, 2348.73)
ME1_C           | no               |(1033.82, 450.79)
ME1_C           | no               |(1033.82, 2348.73)
ME1_C           | no               |(1025.98, 450.79)
ME1_C           | no               |(1025.98, 2348.73)
ME1_C           | no               |(986.78, 450.79)
ME1_C           | no               |(986.78, 2348.73)
ME1_C           | no               |(978.94, 450.79)
ME1_C           | no               |(978.94, 2348.73)
ME1_C           | no               |(971.1, 450.79)
ME1_C           | no               |(971.1, 2348.73)
ME1_C           | no               |(963.26, 450.79)
ME1_C           | no               |(963.26, 2348.73)
ME1_C           | no               |(955.42, 450.79)
ME1_C           | no               |(955.42, 2348.73)
ME1_C           | no               |(947.58, 450.79)
ME1_C           | no               |(947.58, 2348.73)
ME1_C           | no               |(908.38, 450.79)
ME1_C           | no               |(908.38, 2348.73)
ME1_C           | no               |(900.54, 450.79)
ME1_C           | no               |(900.54, 2348.73)
ME1_C           | no               |(892.7, 450.79)
ME1_C           | no               |(892.7, 2348.73)
ME1_C           | no               |(884.86, 450.79)
ME1_C           | no               |(884.86, 2348.73)
ME1_C           | no               |(877.02, 450.79)
ME1_C           | no               |(877.02, 2348.73)
ME1_C           | no               |(869.18, 450.79)
ME1_C           | no               |(869.18, 2348.73)
ME4_C           | no               |(723.06, 486.52)
ME4_C           | no               |(723.06, 508.22)
ME4_C           | no               |(723.06, 529.3)
ME4_C           | no               |(723.06, 555.96)
ME4_C           | no               |(723.06, 572.7)
ME4_C           | no               |(723.06, 599.36)
ME4_C           | no               |(723.06, 712.2)
ME4_C           | no               |(723.06, 733.9)
ME4_C           | no               |(723.06, 755.6)
ME4_C           | no               |(723.06, 782.26)
ME4_C           | no               |(723.06, 799)
ME4_C           | no               |(723.06, 825.66)
ME4_C           | no               |(723.06, 938.5)
ME4_C           | no               |(723.06, 960.2)
ME4_C           | no               |(723.06, 981.9)
ME4_C           | no               |(723.06, 1008.56)
ME4_C           | no               |(723.06, 1025.3)
ME4_C           | no               |(723.06, 1051.34)
ME4_C           | no               |(723.06, 1164.8)
ME4_C           | no               |(723.06, 1186.5)
ME4_C           | no               |(723.06, 1207.58)
ME4_C           | no               |(723.06, 1234.24)
ME4_C           | no               |(723.06, 1250.98)
ME4_C           | no               |(723.06, 1277.64)
ME4_C           | no               |(723.06, 1385.52)
ME4_C           | no               |(723.06, 1407.84)
ME4_C           | no               |(723.06, 1428.92)
ME4_C           | no               |(723.06, 1437.6)
ME4_C           | no               |(723.06, 1473.56)
ME4_C           | no               |(723.06, 1490.3)
ME4_C           | no               |(723.06, 1603.76)
ME4_C           | no               |(723.06, 1629.8)
ME4_C           | no               |(723.06, 1651.5)
ME4_C           | no               |(723.06, 1673.2)
ME4_C           | no               |(723.06, 1699.86)
ME4_C           | no               |(723.06, 1716.6)
ME4_C           | no               |(723.06, 1829.44)
ME4_C           | no               |(723.06, 1856.1)
ME4_C           | no               |(723.06, 1877.8)
ME4_C           | no               |(723.06, 1899.5)
ME4_C           | no               |(723.06, 1926.16)
ME4_C           | no               |(723.06, 1942.9)
ME4_C           | no               |(723.06, 2055.74)
ME4_C           | no               |(723.06, 2082.4)
ME4_C           | no               |(723.06, 2104.1)
ME4_C           | no               |(723.06, 2125.18)
ME4_C           | no               |(723.06, 2151.84)
ME4_C           | no               |(723.06, 2168.58)
ME4_C           | no               |(723.06, 2282.04)
ME4_C           | no               |(723.06, 2308.08)
ME4_C           | no               |(723.06, 2329.78)
ME4_C           | no               |(723.06, 2351.48)
ME4_C           | no               |(713.82, 471.27)
ME4_C           | no               |(713.82, 2369.21)
ME4_C           | no               |(705.98, 471.27)
ME4_C           | no               |(705.98, 2369.21)
ME4_C           | no               |(698.14, 471.27)
ME4_C           | no               |(698.14, 2369.21)
ME4_C           | no               |(690.3, 471.27)
ME4_C           | no               |(690.3, 2369.21)
ME4_C           | no               |(682.46, 471.27)
ME4_C           | no               |(682.46, 2369.21)
ME4_C           | no               |(674.62, 471.27)
ME4_C           | no               |(674.62, 2369.21)
ME4_C           | no               |(635.42, 471.27)
ME4_C           | no               |(635.42, 2369.21)
ME4_C           | no               |(627.58, 471.27)
ME4_C           | no               |(627.58, 2369.21)
ME4_C           | no               |(619.74, 471.27)
ME4_C           | no               |(619.74, 2369.21)
ME4_C           | no               |(611.9, 471.27)
ME4_C           | no               |(611.9, 2369.21)
ME4_C           | no               |(604.06, 471.27)
ME4_C           | no               |(604.06, 2369.21)
ME4_C           | no               |(596.22, 471.27)
ME4_C           | no               |(596.22, 2369.21)
ME4_C           | no               |(557.02, 471.27)
ME4_C           | no               |(557.02, 2369.21)
ME4_C           | no               |(549.18, 471.27)
ME4_C           | no               |(549.18, 2369.21)
ME4_C           | no               |(541.34, 471.27)
ME4_C           | no               |(541.34, 2369.21)
ME4_C           | no               |(533.5, 471.27)
ME4_C           | no               |(533.5, 2369.21)
ME4_C           | no               |(525.66, 471.27)
ME4_C           | no               |(525.66, 2369.21)
ME4_C           | no               |(517.82, 471.27)
ME4_C           | no               |(517.82, 2369.21)
ME4_C           | no               |(508.58, 480.32)
ME4_C           | no               |(508.58, 489)
ME4_C           | no               |(508.58, 497.68)
ME4_C           | no               |(508.58, 506.36)
ME4_C           | no               |(508.58, 515.04)
ME4_C           | no               |(508.58, 523.72)
ME4_C           | no               |(508.58, 567.12)
ME4_C           | no               |(508.58, 575.8)
ME4_C           | no               |(508.58, 584.48)
ME4_C           | no               |(508.58, 593.16)
ME4_C           | no               |(508.58, 601.84)
ME4_C           | no               |(508.58, 610.52)
ME4_C           | no               |(508.58, 653.92)
ME4_C           | no               |(508.58, 662.6)
ME4_C           | no               |(508.58, 671.28)
ME4_C           | no               |(508.58, 679.96)
ME4_C           | no               |(508.58, 688.64)
ME4_C           | no               |(508.58, 697.32)
ME4_C           | no               |(508.58, 740.72)
ME4_C           | no               |(508.58, 749.4)
ME4_C           | no               |(508.58, 758.08)
ME4_C           | no               |(508.58, 766.76)
ME4_C           | no               |(508.58, 775.44)
ME4_C           | no               |(508.58, 784.12)
ME4_C           | no               |(508.58, 827.52)
ME4_C           | no               |(508.58, 836.2)
ME4_C           | no               |(508.58, 844.88)
ME4_C           | no               |(508.58, 853.56)
ME4_C           | no               |(508.58, 862.24)
ME4_C           | no               |(508.58, 870.92)
ME4_C           | no               |(508.58, 914.32)
ME4_C           | no               |(508.58, 923)
ME4_C           | no               |(508.58, 931.68)
ME4_C           | no               |(508.58, 940.36)
ME4_C           | no               |(508.58, 949.04)
ME4_C           | no               |(508.58, 957.72)
ME4_C           | no               |(508.58, 1001.12)
ME4_C           | no               |(508.58, 1009.8)
ME4_C           | no               |(508.58, 1018.48)
ME4_C           | no               |(508.58, 1027.16)
ME4_C           | no               |(508.58, 1035.84)
ME4_C           | no               |(508.58, 1044.52)
ME4_C           | no               |(508.58, 1087.92)
ME4_C           | no               |(508.58, 1096.6)
ME4_C           | no               |(508.58, 1105.28)
ME4_C           | no               |(508.58, 1113.96)
ME4_C           | no               |(508.58, 1122.64)
ME4_C           | no               |(508.58, 1131.32)
ME4_C           | no               |(508.58, 1174.72)
ME4_C           | no               |(508.58, 1183.4)
ME4_C           | no               |(508.58, 1192.08)
ME4_C           | no               |(508.58, 1200.76)
ME4_C           | no               |(508.58, 1209.44)
ME4_C           | no               |(508.58, 1218.12)
ME4_C           | no               |(508.58, 1261.52)
ME4_C           | no               |(508.58, 1270.2)
ME4_C           | no               |(508.58, 1278.88)
ME4_C           | no               |(508.58, 1287.56)
ME4_C           | no               |(508.58, 1296.24)
ME4_C           | no               |(508.58, 1304.92)
ME4_C           | no               |(508.58, 1348.32)
ME4_C           | no               |(508.58, 1357)
ME4_C           | no               |(508.58, 1365.68)
ME4_C           | no               |(508.58, 1374.36)
ME4_C           | no               |(508.58, 1383.04)
ME4_C           | no               |(508.58, 1391.72)
ME4_C           | no               |(508.58, 1435.12)
ME4_C           | no               |(508.58, 1443.8)
ME4_C           | no               |(508.58, 1452.48)
ME4_C           | no               |(508.58, 1461.16)
ME4_C           | no               |(508.58, 1469.84)
ME4_C           | no               |(508.58, 1478.52)
ME4_C           | no               |(508.58, 1521.92)
ME4_C           | no               |(508.58, 1530.6)
ME4_C           | no               |(508.58, 1539.28)
ME4_C           | no               |(508.58, 1547.96)
ME4_C           | no               |(508.58, 1556.64)
ME4_C           | no               |(508.58, 1565.32)
ME4_C           | no               |(508.58, 1608.72)
ME4_C           | no               |(508.58, 1617.4)
ME4_C           | no               |(508.58, 1626.08)
ME4_C           | no               |(508.58, 1634.76)
ME4_C           | no               |(508.58, 1643.44)
ME4_C           | no               |(508.58, 1652.12)
ME4_C           | no               |(508.58, 1695.52)
ME4_C           | no               |(508.58, 1704.2)
ME4_C           | no               |(508.58, 1712.88)
ME4_C           | no               |(508.58, 1721.56)
ME4_C           | no               |(508.58, 1730.24)
ME4_C           | no               |(508.58, 1738.92)
ME4_C           | no               |(508.58, 1782.32)
ME4_C           | no               |(508.58, 1791)
ME4_C           | no               |(508.58, 1799.68)
ME4_C           | no               |(508.58, 1808.36)
ME4_C           | no               |(508.58, 1817.04)
ME4_C           | no               |(508.58, 1825.72)
ME4_C           | no               |(508.58, 1869.12)
ME4_C           | no               |(508.58, 1877.8)
ME4_C           | no               |(508.58, 1886.48)
ME4_C           | no               |(508.58, 1895.16)
ME4_C           | no               |(508.58, 1903.84)
ME4_C           | no               |(508.58, 1912.52)
ME4_C           | no               |(508.58, 1955.92)
ME4_C           | no               |(508.58, 1964.6)
ME4_C           | no               |(508.58, 1973.28)
ME4_C           | no               |(508.58, 1981.96)
ME4_C           | no               |(508.58, 1990.64)
ME4_C           | no               |(508.58, 1999.32)
ME4_C           | no               |(508.58, 2042.72)
ME4_C           | no               |(508.58, 2051.4)
ME4_C           | no               |(508.58, 2060.08)
ME4_C           | no               |(508.58, 2068.76)
ME4_C           | no               |(508.58, 2077.44)
ME4_C           | no               |(508.58, 2086.12)
ME4_C           | no               |(508.58, 2129.52)
ME4_C           | no               |(508.58, 2138.2)
ME4_C           | no               |(508.58, 2146.88)
ME4_C           | no               |(508.58, 2155.56)
ME4_C           | no               |(508.58, 2164.24)
ME4_C           | no               |(508.58, 2172.92)
ME4_C           | no               |(508.58, 2216.32)
ME4_C           | no               |(508.58, 2225)
ME4_C           | no               |(508.58, 2233.68)
ME4_C           | no               |(508.58, 2242.36)
ME4_C           | no               |(508.58, 2251.04)
ME4_C           | no               |(508.58, 2259.72)
ME4_C           | no               |(508.58, 2303.12)
ME4_C           | no               |(508.58, 2311.8)
ME4_C           | no               |(508.58, 2320.48)
ME4_C           | no               |(508.58, 2329.16)
ME4_C           | no               |(508.58, 2337.84)
ME4_C           | no               |(508.58, 2346.52)
ME3_C           | no               |(723.06, 486.52)
ME3_C           | no               |(723.06, 508.22)
ME3_C           | no               |(723.06, 529.3)
ME3_C           | no               |(723.06, 555.96)
ME3_C           | no               |(723.06, 572.7)
ME3_C           | no               |(723.06, 599.36)
ME3_C           | no               |(723.06, 712.2)
ME3_C           | no               |(723.06, 733.9)
ME3_C           | no               |(723.06, 755.6)
ME3_C           | no               |(723.06, 782.26)
ME3_C           | no               |(723.06, 799)
ME3_C           | no               |(723.06, 825.66)
ME3_C           | no               |(723.06, 938.5)
ME3_C           | no               |(723.06, 960.2)
ME3_C           | no               |(723.06, 981.9)
ME3_C           | no               |(723.06, 1008.56)
ME3_C           | no               |(723.06, 1025.3)
ME3_C           | no               |(723.06, 1051.34)
ME3_C           | no               |(723.06, 1164.8)
ME3_C           | no               |(723.06, 1186.5)
ME3_C           | no               |(723.06, 1207.58)
ME3_C           | no               |(723.06, 1234.24)
ME3_C           | no               |(723.06, 1250.98)
ME3_C           | no               |(723.06, 1277.64)
ME3_C           | no               |(723.06, 1385.52)
ME3_C           | no               |(723.06, 1407.84)
ME3_C           | no               |(723.06, 1428.92)
ME3_C           | no               |(723.06, 1437.6)
ME3_C           | no               |(723.06, 1473.56)
ME3_C           | no               |(723.06, 1490.3)
ME3_C           | no               |(723.06, 1603.76)
ME3_C           | no               |(723.06, 1629.8)
ME3_C           | no               |(723.06, 1651.5)
ME3_C           | no               |(723.06, 1673.2)
ME3_C           | no               |(723.06, 1699.86)
ME3_C           | no               |(723.06, 1716.6)
ME3_C           | no               |(723.06, 1829.44)
ME3_C           | no               |(723.06, 1856.1)
ME3_C           | no               |(723.06, 1877.8)
ME3_C           | no               |(723.06, 1899.5)
ME3_C           | no               |(723.06, 1926.16)
ME3_C           | no               |(723.06, 1942.9)
ME3_C           | no               |(723.06, 2055.74)
ME3_C           | no               |(723.06, 2082.4)
ME3_C           | no               |(723.06, 2104.1)
ME3_C           | no               |(723.06, 2125.18)
ME3_C           | no               |(723.06, 2151.84)
ME3_C           | no               |(723.06, 2168.58)
ME3_C           | no               |(723.06, 2282.04)
ME3_C           | no               |(723.06, 2308.08)
ME3_C           | no               |(723.06, 2329.78)
ME3_C           | no               |(723.06, 2351.48)
ME3_C           | no               |(713.82, 471.27)
ME3_C           | no               |(713.82, 2369.21)
ME3_C           | no               |(705.98, 471.27)
ME3_C           | no               |(705.98, 2369.21)
ME3_C           | no               |(698.14, 471.27)
ME3_C           | no               |(698.14, 2369.21)
ME3_C           | no               |(690.3, 471.27)
ME3_C           | no               |(690.3, 2369.21)
ME3_C           | no               |(682.46, 471.27)
ME3_C           | no               |(682.46, 2369.21)
ME3_C           | no               |(674.62, 471.27)
ME3_C           | no               |(674.62, 2369.21)
ME3_C           | no               |(635.42, 471.27)
ME3_C           | no               |(635.42, 2369.21)
ME3_C           | no               |(627.58, 471.27)
ME3_C           | no               |(627.58, 2369.21)
ME3_C           | no               |(619.74, 471.27)
ME3_C           | no               |(619.74, 2369.21)
ME3_C           | no               |(611.9, 471.27)
ME3_C           | no               |(611.9, 2369.21)
ME3_C           | no               |(604.06, 471.27)
ME3_C           | no               |(604.06, 2369.21)
ME3_C           | no               |(596.22, 471.27)
ME3_C           | no               |(596.22, 2369.21)
ME3_C           | no               |(557.02, 471.27)
ME3_C           | no               |(557.02, 2369.21)
ME3_C           | no               |(549.18, 471.27)
ME3_C           | no               |(549.18, 2369.21)
ME3_C           | no               |(541.34, 471.27)
ME3_C           | no               |(541.34, 2369.21)
ME3_C           | no               |(533.5, 471.27)
ME3_C           | no               |(533.5, 2369.21)
ME3_C           | no               |(525.66, 471.27)
ME3_C           | no               |(525.66, 2369.21)
ME3_C           | no               |(517.82, 471.27)
ME3_C           | no               |(517.82, 2369.21)
ME3_C           | no               |(508.58, 480.32)
ME3_C           | no               |(508.58, 489)
ME3_C           | no               |(508.58, 497.68)
ME3_C           | no               |(508.58, 506.36)
ME3_C           | no               |(508.58, 515.04)
ME3_C           | no               |(508.58, 523.72)
ME3_C           | no               |(508.58, 567.12)
ME3_C           | no               |(508.58, 575.8)
ME3_C           | no               |(508.58, 584.48)
ME3_C           | no               |(508.58, 593.16)
ME3_C           | no               |(508.58, 601.84)
ME3_C           | no               |(508.58, 610.52)
ME3_C           | no               |(508.58, 653.92)
ME3_C           | no               |(508.58, 662.6)
ME3_C           | no               |(508.58, 671.28)
ME3_C           | no               |(508.58, 679.96)
ME3_C           | no               |(508.58, 688.64)
ME3_C           | no               |(508.58, 697.32)
ME3_C           | no               |(508.58, 740.72)
ME3_C           | no               |(508.58, 749.4)
ME3_C           | no               |(508.58, 758.08)
ME3_C           | no               |(508.58, 766.76)
ME3_C           | no               |(508.58, 775.44)
ME3_C           | no               |(508.58, 784.12)
ME3_C           | no               |(508.58, 827.52)
ME3_C           | no               |(508.58, 836.2)
ME3_C           | no               |(508.58, 844.88)
ME3_C           | no               |(508.58, 853.56)
ME3_C           | no               |(508.58, 862.24)
ME3_C           | no               |(508.58, 870.92)
ME3_C           | no               |(508.58, 914.32)
ME3_C           | no               |(508.58, 923)
ME3_C           | no               |(508.58, 931.68)
ME3_C           | no               |(508.58, 940.36)
ME3_C           | no               |(508.58, 949.04)
ME3_C           | no               |(508.58, 957.72)
ME3_C           | no               |(508.58, 1001.12)
ME3_C           | no               |(508.58, 1009.8)
ME3_C           | no               |(508.58, 1018.48)
ME3_C           | no               |(508.58, 1027.16)
ME3_C           | no               |(508.58, 1035.84)
ME3_C           | no               |(508.58, 1044.52)
ME3_C           | no               |(508.58, 1087.92)
ME3_C           | no               |(508.58, 1096.6)
ME3_C           | no               |(508.58, 1105.28)
ME3_C           | no               |(508.58, 1113.96)
ME3_C           | no               |(508.58, 1122.64)
ME3_C           | no               |(508.58, 1131.32)
ME3_C           | no               |(508.58, 1174.72)
ME3_C           | no               |(508.58, 1183.4)
ME3_C           | no               |(508.58, 1192.08)
ME3_C           | no               |(508.58, 1200.76)
ME3_C           | no               |(508.58, 1209.44)
ME3_C           | no               |(508.58, 1218.12)
ME3_C           | no               |(508.58, 1261.52)
ME3_C           | no               |(508.58, 1270.2)
ME3_C           | no               |(508.58, 1278.88)
ME3_C           | no               |(508.58, 1287.56)
ME3_C           | no               |(508.58, 1296.24)
ME3_C           | no               |(508.58, 1304.92)
ME3_C           | no               |(508.58, 1348.32)
ME3_C           | no               |(508.58, 1357)
ME3_C           | no               |(508.58, 1365.68)
ME3_C           | no               |(508.58, 1374.36)
ME3_C           | no               |(508.58, 1383.04)
ME3_C           | no               |(508.58, 1391.72)
ME3_C           | no               |(508.58, 1435.12)
ME3_C           | no               |(508.58, 1443.8)
ME3_C           | no               |(508.58, 1452.48)
ME3_C           | no               |(508.58, 1461.16)
ME3_C           | no               |(508.58, 1469.84)
ME3_C           | no               |(508.58, 1478.52)
ME3_C           | no               |(508.58, 1521.92)
ME3_C           | no               |(508.58, 1530.6)
ME3_C           | no               |(508.58, 1539.28)
ME3_C           | no               |(508.58, 1547.96)
ME3_C           | no               |(508.58, 1556.64)
ME3_C           | no               |(508.58, 1565.32)
ME3_C           | no               |(508.58, 1608.72)
ME3_C           | no               |(508.58, 1617.4)
ME3_C           | no               |(508.58, 1626.08)
ME3_C           | no               |(508.58, 1634.76)
ME3_C           | no               |(508.58, 1643.44)
ME3_C           | no               |(508.58, 1652.12)
ME3_C           | no               |(508.58, 1695.52)
ME3_C           | no               |(508.58, 1704.2)
ME3_C           | no               |(508.58, 1712.88)
ME3_C           | no               |(508.58, 1721.56)
ME3_C           | no               |(508.58, 1730.24)
ME3_C           | no               |(508.58, 1738.92)
ME3_C           | no               |(508.58, 1782.32)
ME3_C           | no               |(508.58, 1791)
ME3_C           | no               |(508.58, 1799.68)
ME3_C           | no               |(508.58, 1808.36)
ME3_C           | no               |(508.58, 1817.04)
ME3_C           | no               |(508.58, 1825.72)
ME3_C           | no               |(508.58, 1869.12)
ME3_C           | no               |(508.58, 1877.8)
ME3_C           | no               |(508.58, 1886.48)
ME3_C           | no               |(508.58, 1895.16)
ME3_C           | no               |(508.58, 1903.84)
ME3_C           | no               |(508.58, 1912.52)
ME3_C           | no               |(508.58, 1955.92)
ME3_C           | no               |(508.58, 1964.6)
ME3_C           | no               |(508.58, 1973.28)
ME3_C           | no               |(508.58, 1981.96)
ME3_C           | no               |(508.58, 1990.64)
ME3_C           | no               |(508.58, 1999.32)
ME3_C           | no               |(508.58, 2042.72)
ME3_C           | no               |(508.58, 2051.4)
ME3_C           | no               |(508.58, 2060.08)
ME3_C           | no               |(508.58, 2068.76)
ME3_C           | no               |(508.58, 2077.44)
ME3_C           | no               |(508.58, 2086.12)
ME3_C           | no               |(508.58, 2129.52)
ME3_C           | no               |(508.58, 2138.2)
ME3_C           | no               |(508.58, 2146.88)
ME3_C           | no               |(508.58, 2155.56)
ME3_C           | no               |(508.58, 2164.24)
ME3_C           | no               |(508.58, 2172.92)
ME3_C           | no               |(508.58, 2216.32)
ME3_C           | no               |(508.58, 2225)
ME3_C           | no               |(508.58, 2233.68)
ME3_C           | no               |(508.58, 2242.36)
ME3_C           | no               |(508.58, 2251.04)
ME3_C           | no               |(508.58, 2259.72)
ME3_C           | no               |(508.58, 2303.12)
ME3_C           | no               |(508.58, 2311.8)
ME3_C           | no               |(508.58, 2320.48)
ME3_C           | no               |(508.58, 2329.16)
ME3_C           | no               |(508.58, 2337.84)
ME3_C           | no               |(508.58, 2346.52)
ME2_C           | no               |(723.06, 486.52)
ME2_C           | no               |(723.06, 508.22)
ME2_C           | no               |(723.06, 529.3)
ME2_C           | no               |(723.06, 555.96)
ME2_C           | no               |(723.06, 572.7)
ME2_C           | no               |(723.06, 599.36)
ME2_C           | no               |(723.06, 712.2)
ME2_C           | no               |(723.06, 733.9)
ME2_C           | no               |(723.06, 755.6)
ME2_C           | no               |(723.06, 782.26)
ME2_C           | no               |(723.06, 799)
ME2_C           | no               |(723.06, 825.66)
ME2_C           | no               |(723.06, 938.5)
ME2_C           | no               |(723.06, 960.2)
ME2_C           | no               |(723.06, 981.9)
ME2_C           | no               |(723.06, 1008.56)
ME2_C           | no               |(723.06, 1025.3)
ME2_C           | no               |(723.06, 1051.34)
ME2_C           | no               |(723.06, 1164.8)
ME2_C           | no               |(723.06, 1186.5)
ME2_C           | no               |(723.06, 1207.58)
ME2_C           | no               |(723.06, 1234.24)
ME2_C           | no               |(723.06, 1250.98)
ME2_C           | no               |(723.06, 1277.64)
ME2_C           | no               |(723.06, 1385.52)
ME2_C           | no               |(723.06, 1407.84)
ME2_C           | no               |(723.06, 1428.92)
ME2_C           | no               |(723.06, 1437.6)
ME2_C           | no               |(723.06, 1473.56)
ME2_C           | no               |(723.06, 1490.3)
ME2_C           | no               |(723.06, 1603.76)
ME2_C           | no               |(723.06, 1629.8)
ME2_C           | no               |(723.06, 1651.5)
ME2_C           | no               |(723.06, 1673.2)
ME2_C           | no               |(723.06, 1699.86)
ME2_C           | no               |(723.06, 1716.6)
ME2_C           | no               |(723.06, 1829.44)
ME2_C           | no               |(723.06, 1856.1)
ME2_C           | no               |(723.06, 1877.8)
ME2_C           | no               |(723.06, 1899.5)
ME2_C           | no               |(723.06, 1926.16)
ME2_C           | no               |(723.06, 1942.9)
ME2_C           | no               |(723.06, 2055.74)
ME2_C           | no               |(723.06, 2082.4)
ME2_C           | no               |(723.06, 2104.1)
ME2_C           | no               |(723.06, 2125.18)
ME2_C           | no               |(723.06, 2151.84)
ME2_C           | no               |(723.06, 2168.58)
ME2_C           | no               |(723.06, 2282.04)
ME2_C           | no               |(723.06, 2308.08)
ME2_C           | no               |(723.06, 2329.78)
ME2_C           | no               |(723.06, 2351.48)
ME2_C           | no               |(508.58, 480.32)
ME2_C           | no               |(508.58, 489)
ME2_C           | no               |(508.58, 497.68)
ME2_C           | no               |(508.58, 506.36)
ME2_C           | no               |(508.58, 515.04)
ME2_C           | no               |(508.58, 523.72)
ME2_C           | no               |(508.58, 567.12)
ME2_C           | no               |(508.58, 575.8)
ME2_C           | no               |(508.58, 584.48)
ME2_C           | no               |(508.58, 593.16)
ME2_C           | no               |(508.58, 601.84)
ME2_C           | no               |(508.58, 610.52)
ME2_C           | no               |(508.58, 653.92)
ME2_C           | no               |(508.58, 662.6)
ME2_C           | no               |(508.58, 671.28)
ME2_C           | no               |(508.58, 679.96)
ME2_C           | no               |(508.58, 688.64)
ME2_C           | no               |(508.58, 697.32)
ME2_C           | no               |(508.58, 740.72)
ME2_C           | no               |(508.58, 749.4)
ME2_C           | no               |(508.58, 758.08)
ME2_C           | no               |(508.58, 766.76)
ME2_C           | no               |(508.58, 775.44)
ME2_C           | no               |(508.58, 784.12)
ME2_C           | no               |(508.58, 827.52)
ME2_C           | no               |(508.58, 836.2)
ME2_C           | no               |(508.58, 844.88)
ME2_C           | no               |(508.58, 853.56)
ME2_C           | no               |(508.58, 862.24)
ME2_C           | no               |(508.58, 870.92)
ME2_C           | no               |(508.58, 914.32)
ME2_C           | no               |(508.58, 923)
ME2_C           | no               |(508.58, 931.68)
ME2_C           | no               |(508.58, 940.36)
ME2_C           | no               |(508.58, 949.04)
ME2_C           | no               |(508.58, 957.72)
ME2_C           | no               |(508.58, 1001.12)
ME2_C           | no               |(508.58, 1009.8)
ME2_C           | no               |(508.58, 1018.48)
ME2_C           | no               |(508.58, 1027.16)
ME2_C           | no               |(508.58, 1035.84)
ME2_C           | no               |(508.58, 1044.52)
ME2_C           | no               |(508.58, 1087.92)
ME2_C           | no               |(508.58, 1096.6)
ME2_C           | no               |(508.58, 1105.28)
ME2_C           | no               |(508.58, 1113.96)
ME2_C           | no               |(508.58, 1122.64)
ME2_C           | no               |(508.58, 1131.32)
ME2_C           | no               |(508.58, 1174.72)
ME2_C           | no               |(508.58, 1183.4)
ME2_C           | no               |(508.58, 1192.08)
ME2_C           | no               |(508.58, 1200.76)
ME2_C           | no               |(508.58, 1209.44)
ME2_C           | no               |(508.58, 1218.12)
ME2_C           | no               |(508.58, 1261.52)
ME2_C           | no               |(508.58, 1270.2)
ME2_C           | no               |(508.58, 1278.88)
ME2_C           | no               |(508.58, 1287.56)
ME2_C           | no               |(508.58, 1296.24)
ME2_C           | no               |(508.58, 1304.92)
ME2_C           | no               |(508.58, 1348.32)
ME2_C           | no               |(508.58, 1357)
ME2_C           | no               |(508.58, 1365.68)
ME2_C           | no               |(508.58, 1374.36)
ME2_C           | no               |(508.58, 1383.04)
ME2_C           | no               |(508.58, 1391.72)
ME2_C           | no               |(508.58, 1435.12)
ME2_C           | no               |(508.58, 1443.8)
ME2_C           | no               |(508.58, 1452.48)
ME2_C           | no               |(508.58, 1461.16)
ME2_C           | no               |(508.58, 1469.84)
ME2_C           | no               |(508.58, 1478.52)
ME2_C           | no               |(508.58, 1521.92)
ME2_C           | no               |(508.58, 1530.6)
ME2_C           | no               |(508.58, 1539.28)
ME2_C           | no               |(508.58, 1547.96)
ME2_C           | no               |(508.58, 1556.64)
ME2_C           | no               |(508.58, 1565.32)
ME2_C           | no               |(508.58, 1608.72)
ME2_C           | no               |(508.58, 1617.4)
ME2_C           | no               |(508.58, 1626.08)
ME2_C           | no               |(508.58, 1634.76)
ME2_C           | no               |(508.58, 1643.44)
ME2_C           | no               |(508.58, 1652.12)
ME2_C           | no               |(508.58, 1695.52)
ME2_C           | no               |(508.58, 1704.2)
ME2_C           | no               |(508.58, 1712.88)
ME2_C           | no               |(508.58, 1721.56)
ME2_C           | no               |(508.58, 1730.24)
ME2_C           | no               |(508.58, 1738.92)
ME2_C           | no               |(508.58, 1782.32)
ME2_C           | no               |(508.58, 1791)
ME2_C           | no               |(508.58, 1799.68)
ME2_C           | no               |(508.58, 1808.36)
ME2_C           | no               |(508.58, 1817.04)
ME2_C           | no               |(508.58, 1825.72)
ME2_C           | no               |(508.58, 1869.12)
ME2_C           | no               |(508.58, 1877.8)
ME2_C           | no               |(508.58, 1886.48)
ME2_C           | no               |(508.58, 1895.16)
ME2_C           | no               |(508.58, 1903.84)
ME2_C           | no               |(508.58, 1912.52)
ME2_C           | no               |(508.58, 1955.92)
ME2_C           | no               |(508.58, 1964.6)
ME2_C           | no               |(508.58, 1973.28)
ME2_C           | no               |(508.58, 1981.96)
ME2_C           | no               |(508.58, 1990.64)
ME2_C           | no               |(508.58, 1999.32)
ME2_C           | no               |(508.58, 2042.72)
ME2_C           | no               |(508.58, 2051.4)
ME2_C           | no               |(508.58, 2060.08)
ME2_C           | no               |(508.58, 2068.76)
ME2_C           | no               |(508.58, 2077.44)
ME2_C           | no               |(508.58, 2086.12)
ME2_C           | no               |(508.58, 2129.52)
ME2_C           | no               |(508.58, 2138.2)
ME2_C           | no               |(508.58, 2146.88)
ME2_C           | no               |(508.58, 2155.56)
ME2_C           | no               |(508.58, 2164.24)
ME2_C           | no               |(508.58, 2172.92)
ME2_C           | no               |(508.58, 2216.32)
ME2_C           | no               |(508.58, 2225)
ME2_C           | no               |(508.58, 2233.68)
ME2_C           | no               |(508.58, 2242.36)
ME2_C           | no               |(508.58, 2251.04)
ME2_C           | no               |(508.58, 2259.72)
ME2_C           | no               |(508.58, 2303.12)
ME2_C           | no               |(508.58, 2311.8)
ME2_C           | no               |(508.58, 2320.48)
ME2_C           | no               |(508.58, 2329.16)
ME2_C           | no               |(508.58, 2337.84)
ME2_C           | no               |(508.58, 2346.52)
ME1_C           | no               |(713.82, 471.27)
ME1_C           | no               |(713.82, 2369.21)
ME1_C           | no               |(705.98, 471.27)
ME1_C           | no               |(705.98, 2369.21)
ME1_C           | no               |(698.14, 471.27)
ME1_C           | no               |(698.14, 2369.21)
ME1_C           | no               |(690.3, 471.27)
ME1_C           | no               |(690.3, 2369.21)
ME1_C           | no               |(682.46, 471.27)
ME1_C           | no               |(682.46, 2369.21)
ME1_C           | no               |(674.62, 471.27)
ME1_C           | no               |(674.62, 2369.21)
ME1_C           | no               |(635.42, 471.27)
ME1_C           | no               |(635.42, 2369.21)
ME1_C           | no               |(627.58, 471.27)
ME1_C           | no               |(627.58, 2369.21)
ME1_C           | no               |(619.74, 471.27)
ME1_C           | no               |(619.74, 2369.21)
ME1_C           | no               |(611.9, 471.27)
ME1_C           | no               |(611.9, 2369.21)
ME1_C           | no               |(604.06, 471.27)
ME1_C           | no               |(604.06, 2369.21)
ME1_C           | no               |(596.22, 471.27)
ME1_C           | no               |(596.22, 2369.21)
ME1_C           | no               |(557.02, 471.27)
ME1_C           | no               |(557.02, 2369.21)
ME1_C           | no               |(549.18, 471.27)
ME1_C           | no               |(549.18, 2369.21)
ME1_C           | no               |(541.34, 471.27)
ME1_C           | no               |(541.34, 2369.21)
ME1_C           | no               |(533.5, 471.27)
ME1_C           | no               |(533.5, 2369.21)
ME1_C           | no               |(525.66, 471.27)
ME1_C           | no               |(525.66, 2369.21)
ME1_C           | no               |(517.82, 471.27)
ME1_C           | no               |(517.82, 2369.21)
ME4_C           | no               |(1422.58, 469.95)
ME4_C           | no               |(1422.58, 491.65)
ME4_C           | no               |(1422.58, 512.73)
ME4_C           | no               |(1422.58, 539.39)
ME4_C           | no               |(1422.58, 556.13)
ME4_C           | no               |(1422.58, 582.79)
ME4_C           | no               |(1422.58, 695.63)
ME4_C           | no               |(1422.58, 717.33)
ME4_C           | no               |(1422.58, 739.03)
ME4_C           | no               |(1422.58, 765.69)
ME4_C           | no               |(1422.58, 782.43)
ME4_C           | no               |(1422.58, 809.09)
ME4_C           | no               |(1422.58, 921.93)
ME4_C           | no               |(1422.58, 943.63)
ME4_C           | no               |(1422.58, 965.33)
ME4_C           | no               |(1422.58, 991.99)
ME4_C           | no               |(1422.58, 1008.73)
ME4_C           | no               |(1422.58, 1034.77)
ME4_C           | no               |(1422.58, 1148.23)
ME4_C           | no               |(1422.58, 1169.93)
ME4_C           | no               |(1422.58, 1191.01)
ME4_C           | no               |(1422.58, 1217.67)
ME4_C           | no               |(1422.58, 1234.41)
ME4_C           | no               |(1422.58, 1261.07)
ME4_C           | no               |(1422.58, 1368.95)
ME4_C           | no               |(1422.58, 1391.27)
ME4_C           | no               |(1422.58, 1412.35)
ME4_C           | no               |(1422.58, 1421.03)
ME4_C           | no               |(1422.58, 1456.99)
ME4_C           | no               |(1422.58, 1473.73)
ME4_C           | no               |(1422.58, 1587.19)
ME4_C           | no               |(1422.58, 1613.23)
ME4_C           | no               |(1422.58, 1634.93)
ME4_C           | no               |(1422.58, 1656.63)
ME4_C           | no               |(1422.58, 1683.29)
ME4_C           | no               |(1422.58, 1700.03)
ME4_C           | no               |(1422.58, 1812.87)
ME4_C           | no               |(1422.58, 1839.53)
ME4_C           | no               |(1422.58, 1861.23)
ME4_C           | no               |(1422.58, 1882.93)
ME4_C           | no               |(1422.58, 1909.59)
ME4_C           | no               |(1422.58, 1926.33)
ME4_C           | no               |(1422.58, 2039.17)
ME4_C           | no               |(1422.58, 2065.83)
ME4_C           | no               |(1422.58, 2087.53)
ME4_C           | no               |(1422.58, 2108.61)
ME4_C           | no               |(1422.58, 2135.27)
ME4_C           | no               |(1422.58, 2152.01)
ME4_C           | no               |(1422.58, 2265.47)
ME4_C           | no               |(1422.58, 2291.51)
ME4_C           | no               |(1422.58, 2313.21)
ME4_C           | no               |(1422.58, 2334.91)
ME4_C           | no               |(1413.34, 454.7)
ME4_C           | no               |(1413.34, 2352.64)
ME4_C           | no               |(1405.5, 454.7)
ME4_C           | no               |(1405.5, 2352.64)
ME4_C           | no               |(1397.66, 454.7)
ME4_C           | no               |(1397.66, 2352.64)
ME4_C           | no               |(1389.82, 454.7)
ME4_C           | no               |(1389.82, 2352.64)
ME4_C           | no               |(1381.98, 454.7)
ME4_C           | no               |(1381.98, 2352.64)
ME4_C           | no               |(1374.14, 454.7)
ME4_C           | no               |(1374.14, 2352.64)
ME4_C           | no               |(1334.94, 454.7)
ME4_C           | no               |(1334.94, 2352.64)
ME4_C           | no               |(1327.1, 454.7)
ME4_C           | no               |(1327.1, 2352.64)
ME4_C           | no               |(1319.26, 454.7)
ME4_C           | no               |(1319.26, 2352.64)
ME4_C           | no               |(1311.42, 454.7)
ME4_C           | no               |(1311.42, 2352.64)
ME4_C           | no               |(1303.58, 454.7)
ME4_C           | no               |(1303.58, 2352.64)
ME4_C           | no               |(1295.74, 454.7)
ME4_C           | no               |(1295.74, 2352.64)
ME4_C           | no               |(1256.54, 454.7)
ME4_C           | no               |(1256.54, 2352.64)
ME4_C           | no               |(1248.7, 454.7)
ME4_C           | no               |(1248.7, 2352.64)
ME4_C           | no               |(1240.86, 454.7)
ME4_C           | no               |(1240.86, 2352.64)
ME4_C           | no               |(1233.02, 454.7)
ME4_C           | no               |(1233.02, 2352.64)
ME4_C           | no               |(1225.18, 454.7)
ME4_C           | no               |(1225.18, 2352.64)
ME4_C           | no               |(1217.34, 454.7)
ME4_C           | no               |(1217.34, 2352.64)
ME4_C           | no               |(1208.1, 463.75)
ME4_C           | no               |(1208.1, 472.43)
ME4_C           | no               |(1208.1, 481.11)
ME4_C           | no               |(1208.1, 489.79)
ME4_C           | no               |(1208.1, 498.47)
ME4_C           | no               |(1208.1, 507.15)
ME4_C           | no               |(1208.1, 550.55)
ME4_C           | no               |(1208.1, 559.23)
ME4_C           | no               |(1208.1, 567.91)
ME4_C           | no               |(1208.1, 576.59)
ME4_C           | no               |(1208.1, 585.27)
ME4_C           | no               |(1208.1, 593.95)
ME4_C           | no               |(1208.1, 637.35)
ME4_C           | no               |(1208.1, 646.03)
ME4_C           | no               |(1208.1, 654.71)
ME4_C           | no               |(1208.1, 663.39)
ME4_C           | no               |(1208.1, 672.07)
ME4_C           | no               |(1208.1, 680.75)
ME4_C           | no               |(1208.1, 724.15)
ME4_C           | no               |(1208.1, 732.83)
ME4_C           | no               |(1208.1, 741.51)
ME4_C           | no               |(1208.1, 750.19)
ME4_C           | no               |(1208.1, 758.87)
ME4_C           | no               |(1208.1, 767.55)
ME4_C           | no               |(1208.1, 810.95)
ME4_C           | no               |(1208.1, 819.63)
ME4_C           | no               |(1208.1, 828.31)
ME4_C           | no               |(1208.1, 836.99)
ME4_C           | no               |(1208.1, 845.67)
ME4_C           | no               |(1208.1, 854.35)
ME4_C           | no               |(1208.1, 897.75)
ME4_C           | no               |(1208.1, 906.43)
ME4_C           | no               |(1208.1, 915.11)
ME4_C           | no               |(1208.1, 923.79)
ME4_C           | no               |(1208.1, 932.47)
ME4_C           | no               |(1208.1, 941.15)
ME4_C           | no               |(1208.1, 984.55)
ME4_C           | no               |(1208.1, 993.23)
ME4_C           | no               |(1208.1, 1001.91)
ME4_C           | no               |(1208.1, 1010.59)
ME4_C           | no               |(1208.1, 1019.27)
ME4_C           | no               |(1208.1, 1027.95)
ME4_C           | no               |(1208.1, 1071.35)
ME4_C           | no               |(1208.1, 1080.03)
ME4_C           | no               |(1208.1, 1088.71)
ME4_C           | no               |(1208.1, 1097.39)
ME4_C           | no               |(1208.1, 1106.07)
ME4_C           | no               |(1208.1, 1114.75)
ME4_C           | no               |(1208.1, 1158.15)
ME4_C           | no               |(1208.1, 1166.83)
ME4_C           | no               |(1208.1, 1175.51)
ME4_C           | no               |(1208.1, 1184.19)
ME4_C           | no               |(1208.1, 1192.87)
ME4_C           | no               |(1208.1, 1201.55)
ME4_C           | no               |(1208.1, 1244.95)
ME4_C           | no               |(1208.1, 1253.63)
ME4_C           | no               |(1208.1, 1262.31)
ME4_C           | no               |(1208.1, 1270.99)
ME4_C           | no               |(1208.1, 1279.67)
ME4_C           | no               |(1208.1, 1288.35)
ME4_C           | no               |(1208.1, 1331.75)
ME4_C           | no               |(1208.1, 1340.43)
ME4_C           | no               |(1208.1, 1349.11)
ME4_C           | no               |(1208.1, 1357.79)
ME4_C           | no               |(1208.1, 1366.47)
ME4_C           | no               |(1208.1, 1375.15)
ME4_C           | no               |(1208.1, 1418.55)
ME4_C           | no               |(1208.1, 1427.23)
ME4_C           | no               |(1208.1, 1435.91)
ME4_C           | no               |(1208.1, 1444.59)
ME4_C           | no               |(1208.1, 1453.27)
ME4_C           | no               |(1208.1, 1461.95)
ME4_C           | no               |(1208.1, 1505.35)
ME4_C           | no               |(1208.1, 1514.03)
ME4_C           | no               |(1208.1, 1522.71)
ME4_C           | no               |(1208.1, 1531.39)
ME4_C           | no               |(1208.1, 1540.07)
ME4_C           | no               |(1208.1, 1548.75)
ME4_C           | no               |(1208.1, 1592.15)
ME4_C           | no               |(1208.1, 1600.83)
ME4_C           | no               |(1208.1, 1609.51)
ME4_C           | no               |(1208.1, 1618.19)
ME4_C           | no               |(1208.1, 1626.87)
ME4_C           | no               |(1208.1, 1635.55)
ME4_C           | no               |(1208.1, 1678.95)
ME4_C           | no               |(1208.1, 1687.63)
ME4_C           | no               |(1208.1, 1696.31)
ME4_C           | no               |(1208.1, 1704.99)
ME4_C           | no               |(1208.1, 1713.67)
ME4_C           | no               |(1208.1, 1722.35)
ME4_C           | no               |(1208.1, 1765.75)
ME4_C           | no               |(1208.1, 1774.43)
ME4_C           | no               |(1208.1, 1783.11)
ME4_C           | no               |(1208.1, 1791.79)
ME4_C           | no               |(1208.1, 1800.47)
ME4_C           | no               |(1208.1, 1809.15)
ME4_C           | no               |(1208.1, 1852.55)
ME4_C           | no               |(1208.1, 1861.23)
ME4_C           | no               |(1208.1, 1869.91)
ME4_C           | no               |(1208.1, 1878.59)
ME4_C           | no               |(1208.1, 1887.27)
ME4_C           | no               |(1208.1, 1895.95)
ME4_C           | no               |(1208.1, 1939.35)
ME4_C           | no               |(1208.1, 1948.03)
ME4_C           | no               |(1208.1, 1956.71)
ME4_C           | no               |(1208.1, 1965.39)
ME4_C           | no               |(1208.1, 1974.07)
ME4_C           | no               |(1208.1, 1982.75)
ME4_C           | no               |(1208.1, 2026.15)
ME4_C           | no               |(1208.1, 2034.83)
ME4_C           | no               |(1208.1, 2043.51)
ME4_C           | no               |(1208.1, 2052.19)
ME4_C           | no               |(1208.1, 2060.87)
ME4_C           | no               |(1208.1, 2069.55)
ME4_C           | no               |(1208.1, 2112.95)
ME4_C           | no               |(1208.1, 2121.63)
ME4_C           | no               |(1208.1, 2130.31)
ME4_C           | no               |(1208.1, 2138.99)
ME4_C           | no               |(1208.1, 2147.67)
ME4_C           | no               |(1208.1, 2156.35)
ME4_C           | no               |(1208.1, 2199.75)
ME4_C           | no               |(1208.1, 2208.43)
ME4_C           | no               |(1208.1, 2217.11)
ME4_C           | no               |(1208.1, 2225.79)
ME4_C           | no               |(1208.1, 2234.47)
ME4_C           | no               |(1208.1, 2243.15)
ME4_C           | no               |(1208.1, 2286.55)
ME4_C           | no               |(1208.1, 2295.23)
ME4_C           | no               |(1208.1, 2303.91)
ME4_C           | no               |(1208.1, 2312.59)
ME4_C           | no               |(1208.1, 2321.27)
ME4_C           | no               |(1208.1, 2329.95)
ME3_C           | no               |(1422.58, 469.95)
ME3_C           | no               |(1422.58, 491.65)
ME3_C           | no               |(1422.58, 512.73)
ME3_C           | no               |(1422.58, 539.39)
ME3_C           | no               |(1422.58, 556.13)
ME3_C           | no               |(1422.58, 582.79)
ME3_C           | no               |(1422.58, 695.63)
ME3_C           | no               |(1422.58, 717.33)
ME3_C           | no               |(1422.58, 739.03)
ME3_C           | no               |(1422.58, 765.69)
ME3_C           | no               |(1422.58, 782.43)
ME3_C           | no               |(1422.58, 1368.95)
ME3_C           | no               |(1422.58, 1391.27)
ME3_C           | no               |(1422.58, 1412.35)
ME3_C           | no               |(1422.58, 1421.03)
ME3_C           | no               |(1422.58, 1456.99)
ME3_C           | no               |(1422.58, 1473.73)
ME3_C           | no               |(1422.58, 1587.19)
ME3_C           | no               |(1422.58, 1613.23)
ME3_C           | no               |(1422.58, 1634.93)
ME3_C           | no               |(1422.58, 1656.63)
ME3_C           | no               |(1422.58, 1683.29)
ME3_C           | no               |(1422.58, 1700.03)
ME3_C           | no               |(1422.58, 1812.87)
ME3_C           | no               |(1422.58, 1839.53)
ME3_C           | no               |(1422.58, 1861.23)
ME3_C           | no               |(1422.58, 1882.93)
ME3_C           | no               |(1422.58, 1909.59)
ME3_C           | no               |(1422.58, 1926.33)
ME3_C           | no               |(1422.58, 2039.17)
ME3_C           | no               |(1422.58, 2065.83)
ME3_C           | no               |(1422.58, 2087.53)
ME3_C           | no               |(1422.58, 2108.61)
ME3_C           | no               |(1422.58, 2135.27)
ME3_C           | no               |(1422.58, 2152.01)
ME3_C           | no               |(1422.58, 2265.47)
ME3_C           | no               |(1422.58, 2291.51)
ME3_C           | no               |(1422.58, 2313.21)
ME3_C           | no               |(1422.58, 2334.91)
ME3_C           | no               |(1413.34, 454.7)
ME3_C           | no               |(1413.34, 2352.64)
ME3_C           | no               |(1405.5, 454.7)
ME3_C           | no               |(1405.5, 2352.64)
ME3_C           | no               |(1397.66, 454.7)
ME3_C           | no               |(1397.66, 2352.64)
ME3_C           | no               |(1389.82, 454.7)
ME3_C           | no               |(1389.82, 2352.64)
ME3_C           | no               |(1381.98, 454.7)
ME3_C           | no               |(1381.98, 2352.64)
ME3_C           | no               |(1374.14, 454.7)
ME3_C           | no               |(1374.14, 2352.64)
ME3_C           | no               |(1334.94, 454.7)
ME3_C           | no               |(1334.94, 2352.64)
ME3_C           | no               |(1327.1, 454.7)
ME3_C           | no               |(1327.1, 2352.64)
ME3_C           | no               |(1319.26, 454.7)
ME3_C           | no               |(1319.26, 2352.64)
ME3_C           | no               |(1311.42, 454.7)
ME3_C           | no               |(1311.42, 2352.64)
ME3_C           | no               |(1303.58, 454.7)
ME3_C           | no               |(1303.58, 2352.64)
ME3_C           | no               |(1295.74, 454.7)
ME3_C           | no               |(1295.74, 2352.64)
ME3_C           | no               |(1256.54, 454.7)
ME3_C           | no               |(1256.54, 2352.64)
ME3_C           | no               |(1248.7, 454.7)
ME3_C           | no               |(1248.7, 2352.64)
ME3_C           | no               |(1240.86, 454.7)
ME3_C           | no               |(1240.86, 2352.64)
ME3_C           | no               |(1233.02, 454.7)
ME3_C           | no               |(1233.02, 2352.64)
ME3_C           | no               |(1225.18, 454.7)
ME3_C           | no               |(1225.18, 2352.64)
ME3_C           | no               |(1217.34, 454.7)
ME3_C           | no               |(1217.34, 2352.64)
ME3_C           | no               |(1208.1, 463.75)
ME3_C           | no               |(1208.1, 472.43)
ME3_C           | no               |(1208.1, 481.11)
ME3_C           | no               |(1208.1, 489.79)
ME3_C           | no               |(1208.1, 498.47)
ME3_C           | no               |(1208.1, 507.15)
ME3_C           | no               |(1208.1, 550.55)
ME3_C           | no               |(1208.1, 559.23)
ME3_C           | no               |(1208.1, 567.91)
ME3_C           | no               |(1208.1, 576.59)
ME3_C           | no               |(1208.1, 585.27)
ME3_C           | no               |(1208.1, 593.95)
ME3_C           | no               |(1208.1, 637.35)
ME3_C           | no               |(1208.1, 646.03)
ME3_C           | no               |(1208.1, 654.71)
ME3_C           | no               |(1208.1, 663.39)
ME3_C           | no               |(1208.1, 672.07)
ME3_C           | no               |(1208.1, 680.75)
ME3_C           | no               |(1208.1, 724.15)
ME3_C           | no               |(1208.1, 732.83)
ME3_C           | no               |(1208.1, 741.51)
ME3_C           | no               |(1208.1, 750.19)
ME3_C           | no               |(1208.1, 758.87)
ME3_C           | no               |(1208.1, 767.55)
ME3_C           | no               |(1208.1, 810.95)
ME3_C           | no               |(1208.1, 819.63)
ME3_C           | no               |(1208.1, 828.31)
ME3_C           | no               |(1208.1, 836.99)
ME3_C           | no               |(1208.1, 845.67)
ME3_C           | no               |(1208.1, 854.35)
ME3_C           | no               |(1208.1, 897.75)
ME3_C           | no               |(1208.1, 906.43)
ME3_C           | no               |(1208.1, 915.11)
ME3_C           | no               |(1208.1, 923.79)
ME3_C           | no               |(1208.1, 932.47)
ME3_C           | no               |(1208.1, 941.15)
ME3_C           | no               |(1208.1, 984.55)
ME3_C           | no               |(1208.1, 993.23)
ME3_C           | no               |(1208.1, 1001.91)
ME3_C           | no               |(1208.1, 1010.59)
ME3_C           | no               |(1208.1, 1019.27)
ME3_C           | no               |(1208.1, 1027.95)
ME3_C           | no               |(1208.1, 1071.35)
ME3_C           | no               |(1208.1, 1080.03)
ME3_C           | no               |(1208.1, 1088.71)
ME3_C           | no               |(1208.1, 1097.39)
ME3_C           | no               |(1208.1, 1106.07)
ME3_C           | no               |(1208.1, 1114.75)
ME3_C           | no               |(1208.1, 1158.15)
ME3_C           | no               |(1208.1, 1166.83)
ME3_C           | no               |(1208.1, 1175.51)
ME3_C           | no               |(1208.1, 1184.19)
ME3_C           | no               |(1208.1, 1192.87)
ME3_C           | no               |(1208.1, 1201.55)
ME3_C           | no               |(1208.1, 1244.95)
ME3_C           | no               |(1208.1, 1253.63)
ME3_C           | no               |(1208.1, 1262.31)
ME3_C           | no               |(1208.1, 1270.99)
ME3_C           | no               |(1208.1, 1279.67)
ME3_C           | no               |(1208.1, 1288.35)
ME3_C           | no               |(1208.1, 1331.75)
ME3_C           | no               |(1208.1, 1340.43)
ME3_C           | no               |(1208.1, 1349.11)
ME3_C           | no               |(1208.1, 1357.79)
ME3_C           | no               |(1208.1, 1366.47)
ME3_C           | no               |(1208.1, 1375.15)
ME3_C           | no               |(1208.1, 1418.55)
ME3_C           | no               |(1208.1, 1427.23)
ME3_C           | no               |(1208.1, 1435.91)
ME3_C           | no               |(1208.1, 1444.59)
ME3_C           | no               |(1208.1, 1453.27)
ME3_C           | no               |(1208.1, 1461.95)
ME3_C           | no               |(1208.1, 1505.35)
ME3_C           | no               |(1208.1, 1514.03)
ME3_C           | no               |(1208.1, 1522.71)
ME3_C           | no               |(1208.1, 1531.39)
ME3_C           | no               |(1208.1, 1540.07)
ME3_C           | no               |(1208.1, 1548.75)
ME3_C           | no               |(1208.1, 1592.15)
ME3_C           | no               |(1208.1, 1600.83)
ME3_C           | no               |(1208.1, 1609.51)
ME3_C           | no               |(1208.1, 1618.19)
ME3_C           | no               |(1208.1, 1626.87)
ME3_C           | no               |(1208.1, 1635.55)
ME3_C           | no               |(1208.1, 1678.95)
ME3_C           | no               |(1208.1, 1687.63)
ME3_C           | no               |(1208.1, 1696.31)
ME3_C           | no               |(1208.1, 1704.99)
ME3_C           | no               |(1208.1, 1713.67)
ME3_C           | no               |(1208.1, 1722.35)
ME3_C           | no               |(1208.1, 1765.75)
ME3_C           | no               |(1208.1, 1774.43)
ME3_C           | no               |(1208.1, 1783.11)
ME3_C           | no               |(1208.1, 1791.79)
ME3_C           | no               |(1208.1, 1800.47)
ME3_C           | no               |(1208.1, 1809.15)
ME3_C           | no               |(1208.1, 1852.55)
ME3_C           | no               |(1208.1, 1861.23)
ME3_C           | no               |(1208.1, 1869.91)
ME3_C           | no               |(1208.1, 1878.59)
ME3_C           | no               |(1208.1, 1887.27)
ME3_C           | no               |(1208.1, 1895.95)
ME3_C           | no               |(1208.1, 1939.35)
ME3_C           | no               |(1208.1, 1948.03)
ME3_C           | no               |(1208.1, 1956.71)
ME3_C           | no               |(1208.1, 1965.39)
ME3_C           | no               |(1208.1, 1974.07)
ME3_C           | no               |(1208.1, 1982.75)
ME3_C           | no               |(1208.1, 2026.15)
ME3_C           | no               |(1208.1, 2034.83)
ME3_C           | no               |(1208.1, 2043.51)
ME3_C           | no               |(1208.1, 2052.19)
ME3_C           | no               |(1208.1, 2060.87)
ME3_C           | no               |(1208.1, 2069.55)
ME3_C           | no               |(1208.1, 2112.95)
ME3_C           | no               |(1208.1, 2121.63)
ME3_C           | no               |(1208.1, 2130.31)
ME3_C           | no               |(1208.1, 2138.99)
ME3_C           | no               |(1208.1, 2147.67)
ME3_C           | no               |(1208.1, 2156.35)
ME3_C           | no               |(1208.1, 2199.75)
ME3_C           | no               |(1208.1, 2208.43)
ME3_C           | no               |(1208.1, 2217.11)
ME3_C           | no               |(1208.1, 2225.79)
ME3_C           | no               |(1208.1, 2234.47)
ME3_C           | no               |(1208.1, 2243.15)
ME3_C           | no               |(1208.1, 2286.55)
ME3_C           | no               |(1208.1, 2295.23)
ME3_C           | no               |(1208.1, 2303.91)
ME3_C           | no               |(1208.1, 2312.59)
ME3_C           | no               |(1208.1, 2321.27)
ME3_C           | no               |(1208.1, 2329.95)
ME2_C           | no               |(1422.58, 469.95)
ME2_C           | no               |(1422.58, 491.65)
ME2_C           | no               |(1422.58, 512.73)
ME2_C           | no               |(1422.58, 539.39)
ME2_C           | no               |(1422.58, 556.13)
ME2_C           | no               |(1422.58, 582.79)
ME2_C           | no               |(1422.58, 695.63)
ME2_C           | no               |(1422.58, 717.33)
ME2_C           | no               |(1422.58, 739.03)
ME2_C           | no               |(1422.58, 765.69)
ME2_C           | no               |(1422.58, 782.43)
ME2_C           | no               |(1422.58, 809.09)
ME2_C           | no               |(1422.58, 921.93)
ME2_C           | no               |(1422.58, 943.63)
ME2_C           | no               |(1422.58, 965.33)
ME2_C           | no               |(1422.58, 991.99)
ME2_C           | no               |(1422.58, 1008.73)
ME2_C           | no               |(1422.58, 1034.77)
ME2_C           | no               |(1422.58, 1148.23)
ME2_C           | no               |(1422.58, 1169.93)
ME2_C           | no               |(1422.58, 1191.01)
ME2_C           | no               |(1422.58, 1217.67)
ME2_C           | no               |(1422.58, 1234.41)
ME2_C           | no               |(1422.58, 1261.07)
ME2_C           | no               |(1422.58, 1368.95)
ME2_C           | no               |(1422.58, 1391.27)
ME2_C           | no               |(1422.58, 1412.35)
ME2_C           | no               |(1422.58, 1421.03)
ME2_C           | no               |(1422.58, 1456.99)
ME2_C           | no               |(1422.58, 1473.73)
ME2_C           | no               |(1422.58, 1587.19)
ME2_C           | no               |(1422.58, 1613.23)
ME2_C           | no               |(1422.58, 1634.93)
ME2_C           | no               |(1422.58, 1656.63)
ME2_C           | no               |(1422.58, 1683.29)
ME2_C           | no               |(1422.58, 1700.03)
ME2_C           | no               |(1422.58, 1812.87)
ME2_C           | no               |(1422.58, 1839.53)
ME2_C           | no               |(1422.58, 1861.23)
ME2_C           | no               |(1422.58, 1882.93)
ME2_C           | no               |(1422.58, 1909.59)
ME2_C           | no               |(1422.58, 1926.33)
ME2_C           | no               |(1422.58, 2039.17)
ME2_C           | no               |(1422.58, 2065.83)
ME2_C           | no               |(1422.58, 2087.53)
ME2_C           | no               |(1422.58, 2108.61)
ME2_C           | no               |(1422.58, 2135.27)
ME2_C           | no               |(1422.58, 2152.01)
ME2_C           | no               |(1422.58, 2265.47)
ME2_C           | no               |(1422.58, 2291.51)
ME2_C           | no               |(1422.58, 2313.21)
ME2_C           | no               |(1422.58, 2334.91)
ME2_C           | no               |(1208.1, 463.75)
ME2_C           | no               |(1208.1, 472.43)
ME2_C           | no               |(1208.1, 481.11)
ME2_C           | no               |(1208.1, 489.79)
ME2_C           | no               |(1208.1, 498.47)
ME2_C           | no               |(1208.1, 507.15)
ME2_C           | no               |(1208.1, 550.55)
ME2_C           | no               |(1208.1, 559.23)
ME2_C           | no               |(1208.1, 567.91)
ME2_C           | no               |(1208.1, 576.59)
ME2_C           | no               |(1208.1, 585.27)
ME2_C           | no               |(1208.1, 593.95)
ME2_C           | no               |(1208.1, 637.35)
ME2_C           | no               |(1208.1, 646.03)
ME2_C           | no               |(1208.1, 654.71)
ME2_C           | no               |(1208.1, 663.39)
ME2_C           | no               |(1208.1, 672.07)
ME2_C           | no               |(1208.1, 680.75)
ME2_C           | no               |(1208.1, 724.15)
ME2_C           | no               |(1208.1, 732.83)
ME2_C           | no               |(1208.1, 741.51)
ME2_C           | no               |(1208.1, 750.19)
ME2_C           | no               |(1208.1, 758.87)
ME2_C           | no               |(1208.1, 767.55)
ME2_C           | no               |(1208.1, 810.95)
ME2_C           | no               |(1208.1, 819.63)
ME2_C           | no               |(1208.1, 828.31)
ME2_C           | no               |(1208.1, 836.99)
ME2_C           | no               |(1208.1, 845.67)
ME2_C           | no               |(1208.1, 854.35)
ME2_C           | no               |(1208.1, 897.75)
ME2_C           | no               |(1208.1, 906.43)
ME2_C           | no               |(1208.1, 915.11)
ME2_C           | no               |(1208.1, 923.79)
ME2_C           | no               |(1208.1, 932.47)
ME2_C           | no               |(1208.1, 941.15)
ME2_C           | no               |(1208.1, 984.55)
ME2_C           | no               |(1208.1, 993.23)
ME2_C           | no               |(1208.1, 1001.91)
ME2_C           | no               |(1208.1, 1010.59)
ME2_C           | no               |(1208.1, 1019.27)
ME2_C           | no               |(1208.1, 1027.95)
ME2_C           | no               |(1208.1, 1071.35)
ME2_C           | no               |(1208.1, 1080.03)
ME2_C           | no               |(1208.1, 1088.71)
ME2_C           | no               |(1208.1, 1097.39)
ME2_C           | no               |(1208.1, 1106.07)
ME2_C           | no               |(1208.1, 1114.75)
ME2_C           | no               |(1208.1, 1158.15)
ME2_C           | no               |(1208.1, 1166.83)
ME2_C           | no               |(1208.1, 1175.51)
ME2_C           | no               |(1208.1, 1184.19)
ME2_C           | no               |(1208.1, 1192.87)
ME2_C           | no               |(1208.1, 1201.55)
ME2_C           | no               |(1208.1, 1244.95)
ME2_C           | no               |(1208.1, 1253.63)
ME2_C           | no               |(1208.1, 1262.31)
ME2_C           | no               |(1208.1, 1270.99)
ME2_C           | no               |(1208.1, 1279.67)
ME2_C           | no               |(1208.1, 1288.35)
ME2_C           | no               |(1208.1, 1331.75)
ME2_C           | no               |(1208.1, 1340.43)
ME2_C           | no               |(1208.1, 1349.11)
ME2_C           | no               |(1208.1, 1357.79)
ME2_C           | no               |(1208.1, 1366.47)
ME2_C           | no               |(1208.1, 1375.15)
ME2_C           | no               |(1208.1, 1418.55)
ME2_C           | no               |(1208.1, 1427.23)
ME2_C           | no               |(1208.1, 1435.91)
ME2_C           | no               |(1208.1, 1444.59)
ME2_C           | no               |(1208.1, 1453.27)
ME2_C           | no               |(1208.1, 1461.95)
ME2_C           | no               |(1208.1, 1505.35)
ME2_C           | no               |(1208.1, 1514.03)
ME2_C           | no               |(1208.1, 1522.71)
ME2_C           | no               |(1208.1, 1531.39)
ME2_C           | no               |(1208.1, 1540.07)
ME2_C           | no               |(1208.1, 1548.75)
ME2_C           | no               |(1208.1, 1592.15)
ME2_C           | no               |(1208.1, 1600.83)
ME2_C           | no               |(1208.1, 1609.51)
ME2_C           | no               |(1208.1, 1618.19)
ME2_C           | no               |(1208.1, 1626.87)
ME2_C           | no               |(1208.1, 1635.55)
ME2_C           | no               |(1208.1, 1678.95)
ME2_C           | no               |(1208.1, 1687.63)
ME2_C           | no               |(1208.1, 1696.31)
ME2_C           | no               |(1208.1, 1704.99)
ME2_C           | no               |(1208.1, 1713.67)
ME2_C           | no               |(1208.1, 1722.35)
ME2_C           | no               |(1208.1, 1765.75)
ME2_C           | no               |(1208.1, 1774.43)
ME2_C           | no               |(1208.1, 1783.11)
ME2_C           | no               |(1208.1, 1791.79)
ME2_C           | no               |(1208.1, 1800.47)
ME2_C           | no               |(1208.1, 1809.15)
ME2_C           | no               |(1208.1, 1852.55)
ME2_C           | no               |(1208.1, 1861.23)
ME2_C           | no               |(1208.1, 1869.91)
ME2_C           | no               |(1208.1, 1878.59)
ME2_C           | no               |(1208.1, 1887.27)
ME2_C           | no               |(1208.1, 1895.95)
ME2_C           | no               |(1208.1, 1939.35)
ME2_C           | no               |(1208.1, 1948.03)
ME2_C           | no               |(1208.1, 1956.71)
ME2_C           | no               |(1208.1, 1965.39)
ME2_C           | no               |(1208.1, 1974.07)
ME2_C           | no               |(1208.1, 1982.75)
ME2_C           | no               |(1208.1, 2026.15)
ME2_C           | no               |(1208.1, 2034.83)
ME2_C           | no               |(1208.1, 2043.51)
ME2_C           | no               |(1208.1, 2052.19)
ME2_C           | no               |(1208.1, 2060.87)
ME2_C           | no               |(1208.1, 2069.55)
ME2_C           | no               |(1208.1, 2112.95)
ME2_C           | no               |(1208.1, 2121.63)
ME2_C           | no               |(1208.1, 2130.31)
ME2_C           | no               |(1208.1, 2138.99)
ME2_C           | no               |(1208.1, 2147.67)
ME2_C           | no               |(1208.1, 2156.35)
ME2_C           | no               |(1208.1, 2199.75)
ME2_C           | no               |(1208.1, 2208.43)
ME2_C           | no               |(1208.1, 2217.11)
ME2_C           | no               |(1208.1, 2225.79)
ME2_C           | no               |(1208.1, 2234.47)
ME2_C           | no               |(1208.1, 2243.15)
ME2_C           | no               |(1208.1, 2286.55)
ME2_C           | no               |(1208.1, 2295.23)
ME2_C           | no               |(1208.1, 2303.91)
ME2_C           | no               |(1208.1, 2312.59)
ME2_C           | no               |(1208.1, 2321.27)
ME2_C           | no               |(1208.1, 2329.95)
ME1_C           | no               |(1422.58, 809.09)
ME1_C           | no               |(1422.58, 921.93)
ME1_C           | no               |(1422.58, 943.63)
ME1_C           | no               |(1422.58, 965.33)
ME1_C           | no               |(1422.58, 991.99)
ME1_C           | no               |(1422.58, 1008.73)
ME1_C           | no               |(1422.58, 1034.77)
ME1_C           | no               |(1422.58, 1148.23)
ME1_C           | no               |(1422.58, 1169.93)
ME1_C           | no               |(1422.58, 1191.01)
ME1_C           | no               |(1422.58, 1217.67)
ME1_C           | no               |(1422.58, 1234.41)
ME1_C           | no               |(1422.58, 1261.07)
ME1_C           | no               |(1413.34, 454.7)
ME1_C           | no               |(1413.34, 2352.64)
ME1_C           | no               |(1405.5, 454.7)
ME1_C           | no               |(1405.5, 2352.64)
ME1_C           | no               |(1397.66, 454.7)
ME1_C           | no               |(1397.66, 2352.64)
ME1_C           | no               |(1389.82, 454.7)
ME1_C           | no               |(1389.82, 2352.64)
ME1_C           | no               |(1381.98, 454.7)
ME1_C           | no               |(1381.98, 2352.64)
ME1_C           | no               |(1374.14, 454.7)
ME1_C           | no               |(1374.14, 2352.64)
ME1_C           | no               |(1334.94, 454.7)
ME1_C           | no               |(1334.94, 2352.64)
ME1_C           | no               |(1327.1, 454.7)
ME1_C           | no               |(1327.1, 2352.64)
ME1_C           | no               |(1319.26, 454.7)
ME1_C           | no               |(1319.26, 2352.64)
ME1_C           | no               |(1311.42, 454.7)
ME1_C           | no               |(1311.42, 2352.64)
ME1_C           | no               |(1303.58, 454.7)
ME1_C           | no               |(1303.58, 2352.64)
ME1_C           | no               |(1295.74, 454.7)
ME1_C           | no               |(1295.74, 2352.64)
ME1_C           | no               |(1256.54, 454.7)
ME1_C           | no               |(1256.54, 2352.64)
ME1_C           | no               |(1248.7, 454.7)
ME1_C           | no               |(1248.7, 2352.64)
ME1_C           | no               |(1240.86, 454.7)
ME1_C           | no               |(1240.86, 2352.64)
ME1_C           | no               |(1233.02, 454.7)
ME1_C           | no               |(1233.02, 2352.64)
ME1_C           | no               |(1225.18, 454.7)
ME1_C           | no               |(1225.18, 2352.64)
ME1_C           | no               |(1217.34, 454.7)
ME1_C           | no               |(1217.34, 2352.64)


* Weakly Connected Metal Segments

Layer      | Location (um)
------------------------------------------------------------------
ME3_C      | (2687.16, 2296)
ME3_C      | (2687.16, 2306.08)
ME3_C      | (2687.16, 2316.16)
ME3_C      | (2687.16, 2326.24)
ME3_C      | (2687.16, 2336.32)
ME3_C      | (2687.16, 2346.4)
ME3_C      | (2687.16, 2287.16)
ME3_C      | (1784.44, 2306.08)
ME3_C      | (1782.59, 2347.21)
ME3_C      | (1428.22, 2358.28)
ME3_C      | (1430.07, 2336.32)
ME3_C      | (1605.55, 2287.16)
ME3_C      | (2687.16, 2367.16)
ME3_C      | (1202.46, 2287.16)
ME3_C      | (854.3, 2287.16)
ME3_C      | (1080.06, 2354.37)
ME3_C      | (728.7, 2374.85)
ME3_C      | (377.43, 2316.16)
ME3_C      | (377.43, 2326.24)
ME3_C      | (377.43, 2336.32)
ME3_C      | (377.43, 2346.4)
ME3_C      | (377.43, 2356.48)
ME3_C      | (502.94, 2287.16)
ME3_C      | (502.94, 2336.32)
ME3_C      | (377.43, 2367.16)
ME3_C      | (526.88, 2376.64)
ME3_C      | (2687.16, 2134.72)
ME3_C      | (2687.16, 2144.8)
ME3_C      | (2687.16, 2154.88)
ME3_C      | (2687.16, 2164.96)
ME3_C      | (2687.16, 1727.16)
ME3_C      | (1779.63, 1806.22)
ME3_C      | (2687.16, 1887.16)
ME3_C      | (2687.16, 1967.16)
ME3_C      | (2687.16, 2047.16)
ME3_C      | (2687.16, 2127.16)
ME3_C      | (2687.16, 2207.16)
ME3_C      | (1777.52, 1782.58)
ME3_C      | (1777.52, 1831.56)
ME3_C      | (1777.52, 1840.24)
ME3_C      | (1777.52, 1868.14)
ME3_C      | (1777.52, 1879.3)
ME3_C      | (1777.52, 1987.18)
ME3_C      | (1610.62, 2237.04)
ME3_C      | (1610.62, 2245.72)
ME3_C      | (1202.46, 2114.56)
ME3_C      | (1202.46, 2154.88)
ME3_C      | (1605.55, 2207.16)
ME3_C      | (1605.55, 1727.16)
ME3_C      | (1605.55, 1807.16)
ME3_C      | (1605.55, 1887.16)
ME3_C      | (1605.55, 1967.16)
ME3_C      | (1605.55, 2047.16)
ME3_C      | (1605.55, 2127.16)
ME3_C      | (1610.62, 2202.32)
ME3_C      | (1610.62, 2211)
ME3_C      | (1610.62, 2219.68)
ME3_C      | (1610.62, 2228.36)
ME3_C      | (1202.46, 1727.16)
ME3_C      | (1202.46, 1807.16)
ME3_C      | (1202.46, 1887.16)
ME3_C      | (1202.46, 1967.16)
ME3_C      | (1202.46, 2047.16)
ME3_C      | (1202.46, 2127.16)
ME3_C      | (1202.46, 2207.16)
ME3_C      | (730.55, 1701.28)
ME3_C      | (854.3, 1727.16)
ME3_C      | (854.3, 1807.16)
ME3_C      | (854.3, 1887.16)
ME3_C      | (854.3, 1967.16)
ME3_C      | (854.3, 2047.16)
ME3_C      | (854.3, 2127.16)
ME3_C      | (854.3, 2207.16)
ME3_C      | (377.43, 2144.8)
ME3_C      | (377.43, 2154.88)
ME3_C      | (377.43, 2164.96)
ME3_C      | (377.43, 2175.04)
ME3_C      | (377.43, 2185.12)
ME3_C      | (377.43, 2195.2)
ME3_C      | (502.94, 1711.36)
ME3_C      | (502.94, 1727.16)
ME3_C      | (502.94, 1807.16)
ME3_C      | (502.94, 1887.16)
ME3_C      | (502.94, 1967.16)
ME3_C      | (502.94, 1983.52)
ME3_C      | (502.94, 2047.16)
ME3_C      | (502.94, 2127.16)
ME3_C      | (502.94, 2207.16)
ME3_C      | (2687.16, 1167.16)
ME3_C      | (2687.16, 1247.16)
ME3_C      | (2687.16, 1327.16)
ME3_C      | (2687.16, 1407.16)
ME3_C      | (2687.16, 1487.16)
ME3_C      | (2687.16, 1567.16)
ME3_C      | (2687.16, 1647.16)
ME3_C      | (1941.43, 1407.16)
ME3_C      | (1966.88, 1479.52)
ME3_C      | (2245.59, 1471.98)
ME3_C      | (2247.44, 1429.12)
ME3_C      | (1782.59, 1342.57)
ME3_C      | (1427.21, 1169.93)
ME3_C      | (1941.43, 1247.16)
ME3_C      | (1941.43, 1327.16)
ME3_C      | (1202.46, 1177.12)
ME3_C      | (1202.46, 1529.92)
ME3_C      | (1423.15, 1148.23)
ME3_C      | (1423.15, 1191.01)
ME3_C      | (1423.15, 1217.67)
ME3_C      | (1423.15, 1234.41)
ME3_C      | (1423.15, 1261.07)
ME3_C      | (1605.55, 1610.56)
ME3_C      | (1605.55, 1407.16)
ME3_C      | (1605.55, 1487.16)
ME3_C      | (1605.55, 1567.16)
ME3_C      | (1605.55, 1647.16)
ME3_C      | (1610.62, 1369.04)
ME3_C      | (1610.62, 1377.72)
ME3_C      | (1610.62, 1421.12)
ME3_C      | (1610.62, 1429.8)
ME3_C      | (1610.62, 1438.48)
ME3_C      | (1610.62, 1447.16)
ME3_C      | (1610.62, 1455.84)
ME3_C      | (1610.62, 1464.52)
ME3_C      | (1610.62, 1507.92)
ME3_C      | (1610.62, 1516.6)
ME3_C      | (1202.46, 1167.16)
ME3_C      | (1202.46, 1247.16)
ME3_C      | (1202.46, 1327.16)
ME3_C      | (1202.46, 1407.16)
ME3_C      | (1202.46, 1487.16)
ME3_C      | (1202.46, 1567.16)
ME3_C      | (1202.46, 1647.16)
ME3_C      | (730.55, 1439.2)
ME3_C      | (854.3, 1167.16)
ME3_C      | (854.3, 1247.16)
ME3_C      | (854.3, 1327.16)
ME3_C      | (854.3, 1407.16)
ME3_C      | (854.3, 1487.16)
ME3_C      | (854.3, 1567.16)
ME3_C      | (854.3, 1647.16)
ME3_C      | (502.94, 1167.16)
ME3_C      | (502.94, 1247.16)
ME3_C      | (502.94, 1327.16)
ME3_C      | (502.94, 1358.56)
ME3_C      | (502.94, 1407.16)
ME3_C      | (502.94, 1487.16)
ME3_C      | (502.94, 1567.16)
ME3_C      | (502.94, 1647.16)
ME3_C      | (2687.16, 607.16)
ME3_C      | (2687.16, 687.16)
ME3_C      | (2687.16, 767.16)
ME3_C      | (2687.16, 847.16)
ME3_C      | (2687.16, 927.16)
ME3_C      | (2687.16, 1007.16)
ME3_C      | (2687.16, 1087.16)
ME3_C      | (1941.43, 1106.56)
ME3_C      | (1946.5, 905.49)
ME3_C      | (1946.5, 914.17)
ME3_C      | (1946.5, 922.85)
ME3_C      | (1946.5, 931.53)
ME3_C      | (1946.5, 940.21)
ME3_C      | (1946.5, 948.89)
ME3_C      | (2247.44, 723.52)
ME3_C      | (2247.44, 955.36)
ME3_C      | (1941.43, 607.16)
ME3_C      | (1941.43, 687.16)
ME3_C      | (1941.43, 767.16)
ME3_C      | (1941.43, 847.16)
ME3_C      | (1941.43, 927.16)
ME3_C      | (1427.21, 1008.73)
ME3_C      | (1941.43, 1087.16)
ME3_C      | (1202.46, 592.48)
ME3_C      | (1202.46, 904.96)
ME3_C      | (1423.15, 809.09)
ME3_C      | (1423.15, 921.93)
ME3_C      | (1423.15, 943.63)
ME3_C      | (1423.15, 965.33)
ME3_C      | (1423.15, 991.99)
ME3_C      | (1423.15, 1034.77)
ME3_C      | (1430.07, 784)
ME3_C      | (1202.46, 607.16)
ME3_C      | (1202.46, 687.16)
ME3_C      | (1202.46, 767.16)
ME3_C      | (1202.46, 847.16)
ME3_C      | (1202.46, 927.16)
ME3_C      | (1202.46, 1007.16)
ME3_C      | (1202.46, 1087.16)
ME3_C      | (854.3, 607.16)
ME3_C      | (854.3, 687.16)
ME3_C      | (854.3, 767.16)
ME3_C      | (854.3, 847.16)
ME3_C      | (854.3, 927.16)
ME3_C      | (854.3, 1007.16)
ME3_C      | (854.3, 1087.16)
ME3_C      | (502.94, 607.16)
ME3_C      | (502.94, 687.16)
ME3_C      | (502.94, 767.16)
ME3_C      | (502.94, 773.92)
ME3_C      | (502.94, 847.16)
ME3_C      | (502.94, 927.16)
ME3_C      | (502.94, 1007.16)
ME3_C      | (502.94, 1046.08)
ME3_C      | (500.71, 1087.16)
ME3_C      | (2687.16, 457.71)
ME3_C      | (2687.16, 527.16)
ME3_C      | (1941.43, 481.6)
ME3_C      | (1966.88, 451.36)
ME3_C      | (2245.59, 456.8)
ME3_C      | (1941.43, 527.16)
ME3_C      | (1202.46, 552.16)
ME3_C      | (1430.07, 471.52)
ME3_C      | (1202.46, 527.16)
ME3_C      | (854.3, 527.16)
ME3_C      | (1240.86, 447.61)
ME3_C      | (728.7, 465.63)
ME3_C      | (502.94, 527.16)
ME3_C      | (526.88, 461.44)
ME4_C      | (2366.88, 2638.76)
ME4_C      | (2366.88, 380.97)
ME5_C      | (2687.16, 2114.56)
ME1_C      | (1217.34, 2352.64)
ME1_C      | (1217.34, 454.7)
ME1_C      | (1225.18, 2352.64)
ME1_C      | (1225.18, 454.7)
ME1_C      | (1233.02, 2352.64)
ME1_C      | (1233.02, 454.7)
ME1_C      | (1240.86, 2352.64)
ME1_C      | (1240.86, 454.7)
ME1_C      | (1248.7, 2352.64)
ME1_C      | (1248.7, 454.7)
ME1_C      | (1256.54, 2352.64)
ME1_C      | (1256.54, 454.7)
ME1_C      | (1295.74, 2352.64)
ME1_C      | (1295.74, 454.7)
ME1_C      | (1303.58, 2352.64)
ME1_C      | (1303.58, 454.7)
ME1_C      | (1311.42, 2352.64)
ME1_C      | (1311.42, 454.7)
ME1_C      | (1319.26, 2352.64)
ME1_C      | (1319.26, 454.7)
ME1_C      | (1327.1, 2352.64)
ME1_C      | (1327.1, 454.7)
ME1_C      | (1334.94, 2352.64)
ME1_C      | (1334.94, 454.7)
ME1_C      | (1374.14, 2352.64)
ME1_C      | (1374.14, 454.7)
ME1_C      | (1381.98, 2352.64)
ME1_C      | (1381.98, 454.7)
ME1_C      | (1389.82, 2352.64)
ME1_C      | (1389.82, 454.7)
ME1_C      | (1397.66, 2352.64)
ME1_C      | (1397.66, 454.7)
ME1_C      | (1405.5, 2352.64)
ME1_C      | (1405.5, 454.7)
ME1_C      | (1413.34, 2352.64)
ME1_C      | (1413.34, 454.7)
ME1_C      | (1422.58, 1261.07)
ME1_C      | (1422.58, 1234.41)
ME1_C      | (1422.58, 1217.67)
ME1_C      | (1422.58, 1191.01)
ME1_C      | (1422.58, 1169.93)
ME1_C      | (1422.58, 1148.23)
ME1_C      | (1422.58, 1034.77)
ME1_C      | (1422.58, 1008.73)
ME1_C      | (1422.58, 991.99)
ME1_C      | (1422.58, 965.33)
ME1_C      | (1422.58, 943.63)
ME1_C      | (1422.58, 921.93)
ME1_C      | (1422.58, 809.09)
ME2_C      | (1208.1, 2329.95)
ME2_C      | (1208.1, 2321.27)
ME2_C      | (1208.1, 2312.59)
ME2_C      | (1208.1, 2303.91)
ME2_C      | (1208.1, 2295.23)
ME2_C      | (1208.1, 2286.55)
ME2_C      | (1208.1, 2243.15)
ME2_C      | (1208.1, 2234.47)
ME2_C      | (1208.1, 2225.79)
ME2_C      | (1208.1, 2217.11)
ME2_C      | (1208.1, 2208.43)
ME2_C      | (1208.1, 2199.75)
ME2_C      | (1208.1, 2156.35)
ME2_C      | (1208.1, 2147.67)
ME2_C      | (1208.1, 2138.99)
ME2_C      | (1208.1, 2130.31)
ME2_C      | (1208.1, 2121.63)
ME2_C      | (1208.1, 2112.95)
ME2_C      | (1208.1, 2069.55)
ME2_C      | (1208.1, 2060.87)
ME2_C      | (1208.1, 2052.19)
ME2_C      | (1208.1, 2043.51)
ME2_C      | (1208.1, 2034.83)
ME2_C      | (1208.1, 2026.15)
ME2_C      | (1208.1, 1982.75)
ME2_C      | (1208.1, 1974.07)
ME2_C      | (1208.1, 1965.39)
ME2_C      | (1208.1, 1956.71)
ME2_C      | (1208.1, 1948.03)
ME2_C      | (1208.1, 1939.35)
ME2_C      | (1208.1, 1895.95)
ME2_C      | (1208.1, 1887.27)
ME2_C      | (1208.1, 1878.59)
ME2_C      | (1208.1, 1869.91)
ME2_C      | (1208.1, 1861.23)
ME2_C      | (1208.1, 1852.55)
ME2_C      | (1208.1, 1809.15)
ME2_C      | (1208.1, 1800.47)
ME2_C      | (1208.1, 1791.79)
ME2_C      | (1208.1, 1783.11)
ME2_C      | (1208.1, 1774.43)
ME2_C      | (1208.1, 1765.75)
ME2_C      | (1208.1, 1722.35)
ME2_C      | (1208.1, 1713.67)
ME2_C      | (1208.1, 1704.99)
ME2_C      | (1208.1, 1696.31)
ME2_C      | (1208.1, 1687.63)
ME2_C      | (1208.1, 1678.95)
ME2_C      | (1208.1, 1635.55)
ME2_C      | (1208.1, 1626.87)
ME2_C      | (1208.1, 1618.19)
ME2_C      | (1208.1, 1609.51)
ME2_C      | (1208.1, 1600.83)
ME2_C      | (1208.1, 1592.15)
ME2_C      | (1208.1, 1548.75)
ME2_C      | (1208.1, 1540.07)
ME2_C      | (1208.1, 1531.39)
ME2_C      | (1208.1, 1522.71)
ME2_C      | (1208.1, 1514.03)
ME2_C      | (1208.1, 1505.35)
ME2_C      | (1208.1, 1461.95)
ME2_C      | (1208.1, 1453.27)
ME2_C      | (1208.1, 1444.59)
ME2_C      | (1208.1, 1435.91)
ME2_C      | (1208.1, 1427.23)
ME2_C      | (1208.1, 1418.55)
ME2_C      | (1208.1, 1375.15)
ME2_C      | (1208.1, 1366.47)
ME2_C      | (1208.1, 1357.79)
ME2_C      | (1208.1, 1349.11)
ME2_C      | (1208.1, 1340.43)
ME2_C      | (1208.1, 1331.75)
ME2_C      | (1208.1, 1288.35)
ME2_C      | (1208.1, 1279.67)
ME2_C      | (1208.1, 1270.99)
ME2_C      | (1208.1, 1262.31)
ME2_C      | (1208.1, 1253.63)
ME2_C      | (1208.1, 1244.95)
ME2_C      | (1208.1, 1201.55)
ME2_C      | (1208.1, 1192.87)
ME2_C      | (1208.1, 1184.19)
ME2_C      | (1208.1, 1175.51)
ME2_C      | (1208.1, 1166.83)
ME2_C      | (1208.1, 1158.15)
ME2_C      | (1208.1, 1114.75)
ME2_C      | (1208.1, 1106.07)
ME2_C      | (1208.1, 1097.39)
ME2_C      | (1208.1, 1088.71)
ME2_C      | (1208.1, 1080.03)
ME2_C      | (1208.1, 1071.35)
ME2_C      | (1208.1, 1027.95)
ME2_C      | (1208.1, 1019.27)
ME2_C      | (1208.1, 1010.59)
ME2_C      | (1208.1, 1001.91)
ME2_C      | (1208.1, 993.23)
ME2_C      | (1208.1, 984.55)
ME2_C      | (1208.1, 941.15)
ME2_C      | (1208.1, 932.47)
ME2_C      | (1208.1, 923.79)
ME2_C      | (1208.1, 915.11)
ME2_C      | (1208.1, 906.43)
ME2_C      | (1208.1, 897.75)
ME2_C      | (1208.1, 854.35)
ME2_C      | (1208.1, 845.67)
ME2_C      | (1208.1, 836.99)
ME2_C      | (1208.1, 828.31)
ME2_C      | (1208.1, 819.63)
ME2_C      | (1208.1, 810.95)
ME2_C      | (1208.1, 767.55)
ME2_C      | (1208.1, 758.87)
ME2_C      | (1208.1, 750.19)
ME2_C      | (1208.1, 741.51)
ME2_C      | (1208.1, 732.83)
ME2_C      | (1208.1, 724.15)
ME2_C      | (1208.1, 680.75)
ME2_C      | (1208.1, 672.07)
ME2_C      | (1208.1, 663.39)
ME2_C      | (1208.1, 654.71)
ME2_C      | (1208.1, 646.03)
ME2_C      | (1208.1, 637.35)
ME2_C      | (1208.1, 593.95)
ME2_C      | (1208.1, 585.27)
ME2_C      | (1208.1, 576.59)
ME2_C      | (1208.1, 567.91)
ME2_C      | (1208.1, 559.23)
ME2_C      | (1208.1, 550.55)
ME2_C      | (1208.1, 507.15)
ME2_C      | (1208.1, 498.47)
ME2_C      | (1208.1, 489.79)
ME2_C      | (1208.1, 481.11)
ME2_C      | (1208.1, 472.43)
ME2_C      | (1208.1, 463.75)
ME2_C      | (1422.58, 2334.91)
ME2_C      | (1422.58, 2313.21)
ME2_C      | (1422.58, 2291.51)
ME2_C      | (1422.58, 2265.47)
ME2_C      | (1422.58, 2152.01)
ME2_C      | (1422.58, 2135.27)
ME2_C      | (1422.58, 2108.61)
ME2_C      | (1422.58, 2087.53)
ME2_C      | (1422.58, 2065.83)
ME2_C      | (1422.58, 2039.17)
ME2_C      | (1422.58, 1926.33)
ME2_C      | (1422.58, 1909.59)
ME2_C      | (1422.58, 1882.93)
ME2_C      | (1422.58, 1861.23)
ME2_C      | (1422.58, 1839.53)
ME2_C      | (1422.58, 1812.87)
ME2_C      | (1422.58, 1700.03)
ME2_C      | (1422.58, 1683.29)
ME2_C      | (1422.58, 1656.63)
ME2_C      | (1422.58, 1634.93)
ME2_C      | (1422.58, 1613.23)
ME2_C      | (1422.58, 1587.19)
ME2_C      | (1422.58, 1473.73)
ME2_C      | (1422.58, 1456.99)
ME2_C      | (1422.58, 1421.03)
ME2_C      | (1422.58, 1412.35)
ME2_C      | (1422.58, 1391.27)
ME2_C      | (1422.58, 1368.95)
ME2_C      | (1422.58, 1261.07)
ME2_C      | (1422.58, 1234.41)
ME2_C      | (1422.58, 1217.67)
ME2_C      | (1422.58, 1191.01)
ME2_C      | (1422.58, 1169.93)
ME2_C      | (1422.58, 1148.23)
ME2_C      | (1422.58, 1034.77)
ME2_C      | (1422.58, 1008.73)
ME2_C      | (1422.58, 991.99)
ME2_C      | (1422.58, 965.33)
ME2_C      | (1422.58, 943.63)
ME2_C      | (1422.58, 921.93)
ME2_C      | (1422.58, 809.09)
ME2_C      | (1422.58, 782.43)
ME2_C      | (1422.58, 765.69)
ME2_C      | (1422.58, 739.03)
ME2_C      | (1422.58, 717.33)
ME2_C      | (1422.58, 695.63)
ME2_C      | (1422.58, 582.79)
ME2_C      | (1422.58, 556.13)
ME2_C      | (1422.58, 539.39)
ME2_C      | (1422.58, 512.73)
ME2_C      | (1422.58, 491.65)
ME2_C      | (1422.58, 469.95)
ME3_C      | (1208.1, 2329.95)
ME3_C      | (1208.1, 2321.27)
ME3_C      | (1208.1, 2312.59)
ME3_C      | (1208.1, 2303.91)
ME3_C      | (1208.1, 2295.23)
ME3_C      | (1208.1, 2286.55)
ME3_C      | (1208.1, 2243.15)
ME3_C      | (1208.1, 2234.47)
ME3_C      | (1208.1, 2225.79)
ME3_C      | (1208.1, 2217.11)
ME3_C      | (1208.1, 2208.43)
ME3_C      | (1208.1, 2199.75)
ME3_C      | (1208.1, 2156.35)
ME3_C      | (1208.1, 2147.67)
ME3_C      | (1208.1, 2138.99)
ME3_C      | (1208.1, 2130.31)
ME3_C      | (1208.1, 2121.63)
ME3_C      | (1208.1, 2112.95)
ME3_C      | (1208.1, 2069.55)
ME3_C      | (1208.1, 2060.87)
ME3_C      | (1208.1, 2052.19)
ME3_C      | (1208.1, 2043.51)
ME3_C      | (1208.1, 2034.83)
ME3_C      | (1208.1, 2026.15)
ME3_C      | (1208.1, 1982.75)
ME3_C      | (1208.1, 1974.07)
ME3_C      | (1208.1, 1965.39)
ME3_C      | (1208.1, 1956.71)
ME3_C      | (1208.1, 1948.03)
ME3_C      | (1208.1, 1939.35)
ME3_C      | (1208.1, 1895.95)
ME3_C      | (1208.1, 1887.27)
ME3_C      | (1208.1, 1878.59)
ME3_C      | (1208.1, 1869.91)
ME3_C      | (1208.1, 1861.23)
ME3_C      | (1208.1, 1852.55)
ME3_C      | (1208.1, 1809.15)
ME3_C      | (1208.1, 1800.47)
ME3_C      | (1208.1, 1791.79)
ME3_C      | (1208.1, 1783.11)
ME3_C      | (1208.1, 1774.43)
ME3_C      | (1208.1, 1765.75)
ME3_C      | (1208.1, 1722.35)
ME3_C      | (1208.1, 1713.67)
ME3_C      | (1208.1, 1704.99)
ME3_C      | (1208.1, 1696.31)
ME3_C      | (1208.1, 1687.63)
ME3_C      | (1208.1, 1678.95)
ME3_C      | (1208.1, 1635.55)
ME3_C      | (1208.1, 1626.87)
ME3_C      | (1208.1, 1618.19)
ME3_C      | (1208.1, 1609.51)
ME3_C      | (1208.1, 1600.83)
ME3_C      | (1208.1, 1592.15)
ME3_C      | (1208.1, 1548.75)
ME3_C      | (1208.1, 1540.07)
ME3_C      | (1208.1, 1531.39)
ME3_C      | (1208.1, 1522.71)
ME3_C      | (1208.1, 1514.03)
ME3_C      | (1208.1, 1505.35)
ME3_C      | (1208.1, 1461.95)
ME3_C      | (1208.1, 1453.27)
ME3_C      | (1208.1, 1444.59)
ME3_C      | (1208.1, 1435.91)
ME3_C      | (1208.1, 1427.23)
ME3_C      | (1208.1, 1418.55)
ME3_C      | (1208.1, 1375.15)
ME3_C      | (1208.1, 1366.47)
ME3_C      | (1208.1, 1357.79)
ME3_C      | (1208.1, 1349.11)
ME3_C      | (1208.1, 1340.43)
ME3_C      | (1208.1, 1331.75)
ME3_C      | (1208.1, 1288.35)
ME3_C      | (1208.1, 1279.67)
ME3_C      | (1208.1, 1270.99)
ME3_C      | (1208.1, 1262.31)
ME3_C      | (1208.1, 1253.63)
ME3_C      | (1208.1, 1244.95)
ME3_C      | (1208.1, 1201.55)
ME3_C      | (1208.1, 1192.87)
ME3_C      | (1208.1, 1184.19)
ME3_C      | (1208.1, 1175.51)
ME3_C      | (1208.1, 1166.83)
ME3_C      | (1208.1, 1158.15)
ME3_C      | (1208.1, 1114.75)
ME3_C      | (1208.1, 1106.07)
ME3_C      | (1208.1, 1097.39)
ME3_C      | (1208.1, 1088.71)
ME3_C      | (1208.1, 1080.03)
ME3_C      | (1208.1, 1071.35)
ME3_C      | (1208.1, 1027.95)
ME3_C      | (1208.1, 1019.27)
ME3_C      | (1208.1, 1010.59)
ME3_C      | (1208.1, 1001.91)
ME3_C      | (1208.1, 993.23)
ME3_C      | (1208.1, 984.55)
ME3_C      | (1208.1, 941.15)
ME3_C      | (1208.1, 932.47)
ME3_C      | (1208.1, 923.79)
ME3_C      | (1208.1, 915.11)
ME3_C      | (1208.1, 906.43)
ME3_C      | (1208.1, 897.75)
ME3_C      | (1208.1, 854.35)
ME3_C      | (1208.1, 845.67)
ME3_C      | (1208.1, 836.99)
ME3_C      | (1208.1, 828.31)
ME3_C      | (1208.1, 819.63)
ME3_C      | (1208.1, 810.95)
ME3_C      | (1208.1, 767.55)
ME3_C      | (1208.1, 758.87)
ME3_C      | (1208.1, 750.19)
ME3_C      | (1208.1, 741.51)
ME3_C      | (1208.1, 732.83)
ME3_C      | (1208.1, 724.15)
ME3_C      | (1208.1, 680.75)
ME3_C      | (1208.1, 672.07)
ME3_C      | (1208.1, 663.39)
ME3_C      | (1208.1, 654.71)
ME3_C      | (1208.1, 646.03)
ME3_C      | (1208.1, 637.35)
ME3_C      | (1208.1, 593.95)
ME3_C      | (1208.1, 585.27)
ME3_C      | (1208.1, 576.59)
ME3_C      | (1208.1, 567.91)
ME3_C      | (1208.1, 559.23)
ME3_C      | (1208.1, 550.55)
ME3_C      | (1208.1, 507.15)
ME3_C      | (1208.1, 498.47)
ME3_C      | (1208.1, 489.79)
ME3_C      | (1208.1, 481.11)
ME3_C      | (1208.1, 472.43)
ME3_C      | (1208.1, 463.75)
ME3_C      | (1217.34, 2352.64)
ME3_C      | (1217.34, 454.7)
ME3_C      | (1225.18, 2352.64)
ME3_C      | (1225.18, 454.7)
ME3_C      | (1233.02, 2352.64)
ME3_C      | (1233.02, 454.7)
ME3_C      | (1240.86, 2352.64)
ME3_C      | (1240.86, 454.7)
ME3_C      | (1248.7, 2352.64)
ME3_C      | (1248.7, 454.7)
ME3_C      | (1256.54, 2352.64)
ME3_C      | (1256.54, 454.7)
ME3_C      | (1295.74, 2352.64)
ME3_C      | (1295.74, 454.7)
ME3_C      | (1303.58, 2352.64)
ME3_C      | (1303.58, 454.7)
ME3_C      | (1311.42, 2352.64)
ME3_C      | (1311.42, 454.7)
ME3_C      | (1319.26, 2352.64)
ME3_C      | (1319.26, 454.7)
ME3_C      | (1327.1, 2352.64)
ME3_C      | (1327.1, 454.7)
ME3_C      | (1334.94, 2352.64)
ME3_C      | (1334.94, 454.7)
ME3_C      | (1374.14, 2352.64)
ME3_C      | (1374.14, 454.7)
ME3_C      | (1381.98, 2352.64)
ME3_C      | (1381.98, 454.7)
ME3_C      | (1389.82, 2352.64)
ME3_C      | (1389.82, 454.7)
ME3_C      | (1397.66, 2352.64)
ME3_C      | (1397.66, 454.7)
ME3_C      | (1405.5, 2352.64)
ME3_C      | (1405.5, 454.7)
ME3_C      | (1413.34, 2352.64)
ME3_C      | (1413.34, 454.7)
ME3_C      | (1422.58, 2334.91)
ME3_C      | (1422.58, 2313.21)
ME3_C      | (1422.58, 2291.51)
ME3_C      | (1422.58, 2265.47)
ME3_C      | (1422.58, 2152.01)
ME3_C      | (1422.58, 2135.27)
ME3_C      | (1422.58, 2108.61)
ME3_C      | (1422.58, 2087.53)
ME3_C      | (1422.58, 2065.83)
ME3_C      | (1422.58, 2039.17)
ME3_C      | (1422.58, 1926.33)
ME3_C      | (1422.58, 1909.59)
ME3_C      | (1422.58, 1882.93)
ME3_C      | (1422.58, 1861.23)
ME3_C      | (1422.58, 1839.53)
ME3_C      | (1422.58, 1812.87)
ME3_C      | (1422.58, 1700.03)
ME3_C      | (1422.58, 1683.29)
ME3_C      | (1422.58, 1656.63)
ME3_C      | (1422.58, 1634.93)
ME3_C      | (1422.58, 1613.23)
ME3_C      | (1422.58, 1587.19)
ME3_C      | (1422.58, 1473.73)
ME3_C      | (1422.58, 1456.99)
ME3_C      | (1422.58, 1421.03)
ME3_C      | (1422.58, 1412.35)
ME3_C      | (1422.58, 1391.27)
ME3_C      | (1422.58, 1368.95)
ME3_C      | (1422.58, 782.43)
ME3_C      | (1422.58, 765.69)
ME3_C      | (1422.58, 739.03)
ME3_C      | (1422.58, 717.33)
ME3_C      | (1422.58, 695.63)
ME3_C      | (1422.58, 582.79)
ME3_C      | (1422.58, 556.13)
ME3_C      | (1422.58, 539.39)
ME3_C      | (1422.58, 512.73)
ME3_C      | (1422.58, 491.65)
ME3_C      | (1422.58, 469.95)
ME4_C      | (1208.1, 2329.95)
ME4_C      | (1208.1, 2321.27)
ME4_C      | (1208.1, 2312.59)
ME4_C      | (1208.1, 2303.91)
ME4_C      | (1208.1, 2295.23)
ME4_C      | (1208.1, 2286.55)
ME4_C      | (1208.1, 2243.15)
ME4_C      | (1208.1, 2234.47)
ME4_C      | (1208.1, 2225.79)
ME4_C      | (1208.1, 2217.11)
ME4_C      | (1208.1, 2208.43)
ME4_C      | (1208.1, 2199.75)
ME4_C      | (1208.1, 2156.35)
ME4_C      | (1208.1, 2147.67)
ME4_C      | (1208.1, 2138.99)
ME4_C      | (1208.1, 2130.31)
ME4_C      | (1208.1, 2121.63)
ME4_C      | (1208.1, 2112.95)
ME4_C      | (1208.1, 2069.55)
ME4_C      | (1208.1, 2060.87)
ME4_C      | (1208.1, 2052.19)
ME4_C      | (1208.1, 2043.51)
ME4_C      | (1208.1, 2034.83)
ME4_C      | (1208.1, 2026.15)
ME4_C      | (1208.1, 1982.75)
ME4_C      | (1208.1, 1974.07)
ME4_C      | (1208.1, 1965.39)
ME4_C      | (1208.1, 1956.71)
ME4_C      | (1208.1, 1948.03)
ME4_C      | (1208.1, 1939.35)
ME4_C      | (1208.1, 1895.95)
ME4_C      | (1208.1, 1887.27)
ME4_C      | (1208.1, 1878.59)
ME4_C      | (1208.1, 1869.91)
ME4_C      | (1208.1, 1861.23)
ME4_C      | (1208.1, 1852.55)
ME4_C      | (1208.1, 1809.15)
ME4_C      | (1208.1, 1800.47)
ME4_C      | (1208.1, 1791.79)
ME4_C      | (1208.1, 1783.11)
ME4_C      | (1208.1, 1774.43)
ME4_C      | (1208.1, 1765.75)
ME4_C      | (1208.1, 1722.35)
ME4_C      | (1208.1, 1713.67)
ME4_C      | (1208.1, 1704.99)
ME4_C      | (1208.1, 1696.31)
ME4_C      | (1208.1, 1687.63)
ME4_C      | (1208.1, 1678.95)
ME4_C      | (1208.1, 1635.55)
ME4_C      | (1208.1, 1626.87)
ME4_C      | (1208.1, 1618.19)
ME4_C      | (1208.1, 1609.51)
ME4_C      | (1208.1, 1600.83)
ME4_C      | (1208.1, 1592.15)
ME4_C      | (1208.1, 1548.75)
ME4_C      | (1208.1, 1540.07)
ME4_C      | (1208.1, 1531.39)
ME4_C      | (1208.1, 1522.71)
ME4_C      | (1208.1, 1514.03)
ME4_C      | (1208.1, 1505.35)
ME4_C      | (1208.1, 1461.95)
ME4_C      | (1208.1, 1453.27)
ME4_C      | (1208.1, 1444.59)
ME4_C      | (1208.1, 1435.91)
ME4_C      | (1208.1, 1427.23)
ME4_C      | (1208.1, 1418.55)
ME4_C      | (1208.1, 1375.15)
ME4_C      | (1208.1, 1366.47)
ME4_C      | (1208.1, 1357.79)
ME4_C      | (1208.1, 1349.11)
ME4_C      | (1208.1, 1340.43)
ME4_C      | (1208.1, 1331.75)
ME4_C      | (1208.1, 1288.35)
ME4_C      | (1208.1, 1279.67)
ME4_C      | (1208.1, 1270.99)
ME4_C      | (1208.1, 1262.31)
ME4_C      | (1208.1, 1253.63)
ME4_C      | (1208.1, 1244.95)
ME4_C      | (1208.1, 1201.55)
ME4_C      | (1208.1, 1192.87)
ME4_C      | (1208.1, 1184.19)
ME4_C      | (1208.1, 1175.51)
ME4_C      | (1208.1, 1166.83)
ME4_C      | (1208.1, 1158.15)
ME4_C      | (1208.1, 1114.75)
ME4_C      | (1208.1, 1106.07)
ME4_C      | (1208.1, 1097.39)
ME4_C      | (1208.1, 1088.71)
ME4_C      | (1208.1, 1080.03)
ME4_C      | (1208.1, 1071.35)
ME4_C      | (1208.1, 1027.95)
ME4_C      | (1208.1, 1019.27)
ME4_C      | (1208.1, 1010.59)
ME4_C      | (1208.1, 1001.91)
ME4_C      | (1208.1, 993.23)
ME4_C      | (1208.1, 984.55)
ME4_C      | (1208.1, 941.15)
ME4_C      | (1208.1, 932.47)
ME4_C      | (1208.1, 923.79)
ME4_C      | (1208.1, 915.11)
ME4_C      | (1208.1, 906.43)
ME4_C      | (1208.1, 897.75)
ME4_C      | (1208.1, 854.35)
ME4_C      | (1208.1, 845.67)
ME4_C      | (1208.1, 836.99)
ME4_C      | (1208.1, 828.31)
ME4_C      | (1208.1, 819.63)
ME4_C      | (1208.1, 810.95)
ME4_C      | (1208.1, 767.55)
ME4_C      | (1208.1, 758.87)
ME4_C      | (1208.1, 750.19)
ME4_C      | (1208.1, 741.51)
ME4_C      | (1208.1, 732.83)
ME4_C      | (1208.1, 724.15)
ME4_C      | (1208.1, 680.75)
ME4_C      | (1208.1, 672.07)
ME4_C      | (1208.1, 663.39)
ME4_C      | (1208.1, 654.71)
ME4_C      | (1208.1, 646.03)
ME4_C      | (1208.1, 637.35)
ME4_C      | (1208.1, 593.95)
ME4_C      | (1208.1, 585.27)
ME4_C      | (1208.1, 576.59)
ME4_C      | (1208.1, 567.91)
ME4_C      | (1208.1, 559.23)
ME4_C      | (1208.1, 550.55)
ME4_C      | (1208.1, 507.15)
ME4_C      | (1208.1, 498.47)
ME4_C      | (1208.1, 489.79)
ME4_C      | (1208.1, 481.11)
ME4_C      | (1208.1, 472.43)
ME4_C      | (1208.1, 463.75)
ME4_C      | (1217.34, 2352.64)
ME4_C      | (1217.34, 454.7)
ME4_C      | (1225.18, 2352.64)
ME4_C      | (1225.18, 454.7)
ME4_C      | (1233.02, 2352.64)
ME4_C      | (1233.02, 454.7)
ME4_C      | (1240.86, 2352.64)
ME4_C      | (1240.86, 454.7)
ME4_C      | (1248.7, 2352.64)
ME4_C      | (1248.7, 454.7)
ME4_C      | (1256.54, 2352.64)
ME4_C      | (1256.54, 454.7)
ME4_C      | (1295.74, 2352.64)
ME4_C      | (1295.74, 454.7)
ME4_C      | (1303.58, 2352.64)
ME4_C      | (1303.58, 454.7)
ME4_C      | (1311.42, 2352.64)
ME4_C      | (1311.42, 454.7)
ME4_C      | (1319.26, 2352.64)
ME4_C      | (1319.26, 454.7)
ME4_C      | (1327.1, 2352.64)
ME4_C      | (1327.1, 454.7)
ME4_C      | (1334.94, 2352.64)
ME4_C      | (1334.94, 454.7)
ME4_C      | (1374.14, 2352.64)
ME4_C      | (1374.14, 454.7)
ME4_C      | (1381.98, 2352.64)
ME4_C      | (1381.98, 454.7)
ME4_C      | (1389.82, 2352.64)
ME4_C      | (1389.82, 454.7)
ME4_C      | (1397.66, 2352.64)
ME4_C      | (1397.66, 454.7)
ME4_C      | (1405.5, 2352.64)
ME4_C      | (1405.5, 454.7)
ME4_C      | (1413.34, 2352.64)
ME4_C      | (1413.34, 454.7)
ME4_C      | (1422.58, 2334.91)
ME4_C      | (1422.58, 2313.21)
ME4_C      | (1422.58, 2291.51)
ME4_C      | (1422.58, 2265.47)
ME4_C      | (1422.58, 2152.01)
ME4_C      | (1422.58, 2135.27)
ME4_C      | (1422.58, 2108.61)
ME4_C      | (1422.58, 2087.53)
ME4_C      | (1422.58, 2065.83)
ME4_C      | (1422.58, 2039.17)
ME4_C      | (1422.58, 1926.33)
ME4_C      | (1422.58, 1909.59)
ME4_C      | (1422.58, 1882.93)
ME4_C      | (1422.58, 1861.23)
ME4_C      | (1422.58, 1839.53)
ME4_C      | (1422.58, 1812.87)
ME4_C      | (1422.58, 1700.03)
ME4_C      | (1422.58, 1683.29)
ME4_C      | (1422.58, 1656.63)
ME4_C      | (1422.58, 1634.93)
ME4_C      | (1422.58, 1613.23)
ME4_C      | (1422.58, 1587.19)
ME4_C      | (1422.58, 1473.73)
ME4_C      | (1422.58, 1456.99)
ME4_C      | (1422.58, 1421.03)
ME4_C      | (1422.58, 1412.35)
ME4_C      | (1422.58, 1391.27)
ME4_C      | (1422.58, 1368.95)
ME4_C      | (1422.58, 1261.07)
ME4_C      | (1422.58, 1234.41)
ME4_C      | (1422.58, 1217.67)
ME4_C      | (1422.58, 1191.01)
ME4_C      | (1422.58, 1169.93)
ME4_C      | (1422.58, 1148.23)
ME4_C      | (1422.58, 1034.77)
ME4_C      | (1422.58, 1008.73)
ME4_C      | (1422.58, 991.99)
ME4_C      | (1422.58, 965.33)
ME4_C      | (1422.58, 943.63)
ME4_C      | (1422.58, 921.93)
ME4_C      | (1422.58, 809.09)
ME4_C      | (1422.58, 782.43)
ME4_C      | (1422.58, 765.69)
ME4_C      | (1422.58, 739.03)
ME4_C      | (1422.58, 717.33)
ME4_C      | (1422.58, 695.63)
ME4_C      | (1422.58, 582.79)
ME4_C      | (1422.58, 556.13)
ME4_C      | (1422.58, 539.39)
ME4_C      | (1422.58, 512.73)
ME4_C      | (1422.58, 491.65)
ME4_C      | (1422.58, 469.95)
ME1_C      | (517.82, 2369.21)
ME1_C      | (517.82, 471.27)
ME1_C      | (525.66, 2369.21)
ME1_C      | (525.66, 471.27)
ME1_C      | (533.5, 2369.21)
ME1_C      | (533.5, 471.27)
ME1_C      | (541.34, 2369.21)
ME1_C      | (541.34, 471.27)
ME1_C      | (549.18, 2369.21)
ME1_C      | (549.18, 471.27)
ME1_C      | (557.02, 2369.21)
ME1_C      | (557.02, 471.27)
ME1_C      | (596.22, 2369.21)
ME1_C      | (596.22, 471.27)
ME1_C      | (604.06, 2369.21)
ME1_C      | (604.06, 471.27)
ME1_C      | (611.9, 2369.21)
ME1_C      | (611.9, 471.27)
ME1_C      | (619.74, 2369.21)
ME1_C      | (619.74, 471.27)
ME1_C      | (627.58, 2369.21)
ME1_C      | (627.58, 471.27)
ME1_C      | (635.42, 2369.21)
ME1_C      | (635.42, 471.27)
ME1_C      | (674.62, 2369.21)
ME1_C      | (674.62, 471.27)
ME1_C      | (682.46, 2369.21)
ME1_C      | (682.46, 471.27)
ME1_C      | (690.3, 2369.21)
ME1_C      | (690.3, 471.27)
ME1_C      | (698.14, 2369.21)
ME1_C      | (698.14, 471.27)
ME1_C      | (705.98, 2369.21)
ME1_C      | (705.98, 471.27)
ME1_C      | (713.82, 2369.21)
ME1_C      | (713.82, 471.27)
ME2_C      | (508.58, 2346.52)
ME2_C      | (508.58, 2337.84)
ME2_C      | (508.58, 2329.16)
ME2_C      | (508.58, 2320.48)
ME2_C      | (508.58, 2311.8)
ME2_C      | (508.58, 2303.12)
ME2_C      | (508.58, 2259.72)
ME2_C      | (508.58, 2251.04)
ME2_C      | (508.58, 2242.36)
ME2_C      | (508.58, 2233.68)
ME2_C      | (508.58, 2225)
ME2_C      | (508.58, 2216.32)
ME2_C      | (508.58, 2172.92)
ME2_C      | (508.58, 2164.24)
ME2_C      | (508.58, 2155.56)
ME2_C      | (508.58, 2146.88)
ME2_C      | (508.58, 2138.2)
ME2_C      | (508.58, 2129.52)
ME2_C      | (508.58, 2086.12)
ME2_C      | (508.58, 2077.44)
ME2_C      | (508.58, 2068.76)
ME2_C      | (508.58, 2060.08)
ME2_C      | (508.58, 2051.4)
ME2_C      | (508.58, 2042.72)
ME2_C      | (508.58, 1999.32)
ME2_C      | (508.58, 1990.64)
ME2_C      | (508.58, 1981.96)
ME2_C      | (508.58, 1973.28)
ME2_C      | (508.58, 1964.6)
ME2_C      | (508.58, 1955.92)
ME2_C      | (508.58, 1912.52)
ME2_C      | (508.58, 1903.84)
ME2_C      | (508.58, 1895.16)
ME2_C      | (508.58, 1886.48)
ME2_C      | (508.58, 1877.8)
ME2_C      | (508.58, 1869.12)
ME2_C      | (508.58, 1825.72)
ME2_C      | (508.58, 1817.04)
ME2_C      | (508.58, 1808.36)
ME2_C      | (508.58, 1799.68)
ME2_C      | (508.58, 1791)
ME2_C      | (508.58, 1782.32)
ME2_C      | (508.58, 1738.92)
ME2_C      | (508.58, 1730.24)
ME2_C      | (508.58, 1721.56)
ME2_C      | (508.58, 1712.88)
ME2_C      | (508.58, 1704.2)
ME2_C      | (508.58, 1695.52)
ME2_C      | (508.58, 1652.12)
ME2_C      | (508.58, 1643.44)
ME2_C      | (508.58, 1634.76)
ME2_C      | (508.58, 1626.08)
ME2_C      | (508.58, 1617.4)
ME2_C      | (508.58, 1608.72)
ME2_C      | (508.58, 1565.32)
ME2_C      | (508.58, 1556.64)
ME2_C      | (508.58, 1547.96)
ME2_C      | (508.58, 1539.28)
ME2_C      | (508.58, 1530.6)
ME2_C      | (508.58, 1521.92)
ME2_C      | (508.58, 1478.52)
ME2_C      | (508.58, 1469.84)
ME2_C      | (508.58, 1461.16)
ME2_C      | (508.58, 1452.48)
ME2_C      | (508.58, 1443.8)
ME2_C      | (508.58, 1435.12)
ME2_C      | (508.58, 1391.72)
ME2_C      | (508.58, 1383.04)
ME2_C      | (508.58, 1374.36)
ME2_C      | (508.58, 1365.68)
ME2_C      | (508.58, 1357)
ME2_C      | (508.58, 1348.32)
ME2_C      | (508.58, 1304.92)
ME2_C      | (508.58, 1296.24)
ME2_C      | (508.58, 1287.56)
ME2_C      | (508.58, 1278.88)
ME2_C      | (508.58, 1270.2)
ME2_C      | (508.58, 1261.52)
ME2_C      | (508.58, 1218.12)
ME2_C      | (508.58, 1209.44)
ME2_C      | (508.58, 1200.76)
ME2_C      | (508.58, 1192.08)
ME2_C      | (508.58, 1183.4)
ME2_C      | (508.58, 1174.72)
ME2_C      | (508.58, 1131.32)
ME2_C      | (508.58, 1122.64)
ME2_C      | (508.58, 1113.96)
ME2_C      | (508.58, 1105.28)
ME2_C      | (508.58, 1096.6)
ME2_C      | (508.58, 1087.92)
ME2_C      | (508.58, 1044.52)
ME2_C      | (508.58, 1035.84)
ME2_C      | (508.58, 1027.16)
ME2_C      | (508.58, 1018.48)
ME2_C      | (508.58, 1009.8)
ME2_C      | (508.58, 1001.12)
ME2_C      | (508.58, 957.72)
ME2_C      | (508.58, 949.04)
ME2_C      | (508.58, 940.36)
ME2_C      | (508.58, 931.68)
ME2_C      | (508.58, 923)
ME2_C      | (508.58, 914.32)
ME2_C      | (508.58, 870.92)
ME2_C      | (508.58, 862.24)
ME2_C      | (508.58, 853.56)
ME2_C      | (508.58, 844.88)
ME2_C      | (508.58, 836.2)
ME2_C      | (508.58, 827.52)
ME2_C      | (508.58, 784.12)
ME2_C      | (508.58, 775.44)
ME2_C      | (508.58, 766.76)
ME2_C      | (508.58, 758.08)
ME2_C      | (508.58, 749.4)
ME2_C      | (508.58, 740.72)
ME2_C      | (508.58, 697.32)
ME2_C      | (508.58, 688.64)
ME2_C      | (508.58, 679.96)
ME2_C      | (508.58, 671.28)
ME2_C      | (508.58, 662.6)
ME2_C      | (508.58, 653.92)
ME2_C      | (508.58, 610.52)
ME2_C      | (508.58, 601.84)
ME2_C      | (508.58, 593.16)
ME2_C      | (508.58, 584.48)
ME2_C      | (508.58, 575.8)
ME2_C      | (508.58, 567.12)
ME2_C      | (508.58, 523.72)
ME2_C      | (508.58, 515.04)
ME2_C      | (508.58, 506.36)
ME2_C      | (508.58, 497.68)
ME2_C      | (508.58, 489)
ME2_C      | (508.58, 480.32)
ME2_C      | (723.06, 2351.48)
ME2_C      | (723.06, 2329.78)
ME2_C      | (723.06, 2308.08)
ME2_C      | (723.06, 2282.04)
ME2_C      | (723.06, 2168.58)
ME2_C      | (723.06, 2151.84)
ME2_C      | (723.06, 2125.18)
ME2_C      | (723.06, 2104.1)
ME2_C      | (723.06, 2082.4)
ME2_C      | (723.06, 2055.74)
ME2_C      | (723.06, 1942.9)
ME2_C      | (723.06, 1926.16)
ME2_C      | (723.06, 1899.5)
ME2_C      | (723.06, 1877.8)
ME2_C      | (723.06, 1856.1)
ME2_C      | (723.06, 1829.44)
ME2_C      | (723.06, 1716.6)
ME2_C      | (723.06, 1699.86)
ME2_C      | (723.06, 1673.2)
ME2_C      | (723.06, 1651.5)
ME2_C      | (723.06, 1629.8)
ME2_C      | (723.06, 1603.76)
ME2_C      | (723.06, 1490.3)
ME2_C      | (723.06, 1473.56)
ME2_C      | (723.06, 1437.6)
ME2_C      | (723.06, 1428.92)
ME2_C      | (723.06, 1407.84)
ME2_C      | (723.06, 1385.52)
ME2_C      | (723.06, 1277.64)
ME2_C      | (723.06, 1250.98)
ME2_C      | (723.06, 1234.24)
ME2_C      | (723.06, 1207.58)
ME2_C      | (723.06, 1186.5)
ME2_C      | (723.06, 1164.8)
ME2_C      | (723.06, 1051.34)
ME2_C      | (723.06, 1025.3)
ME2_C      | (723.06, 1008.56)
ME2_C      | (723.06, 981.9)
ME2_C      | (723.06, 960.2)
ME2_C      | (723.06, 938.5)
ME2_C      | (723.06, 825.66)
ME2_C      | (723.06, 799)
ME2_C      | (723.06, 782.26)
ME2_C      | (723.06, 755.6)
ME2_C      | (723.06, 733.9)
ME2_C      | (723.06, 712.2)
ME2_C      | (723.06, 599.36)
ME2_C      | (723.06, 572.7)
ME2_C      | (723.06, 555.96)
ME2_C      | (723.06, 529.3)
ME2_C      | (723.06, 508.22)
ME2_C      | (723.06, 486.52)
ME3_C      | (508.58, 2346.52)
ME3_C      | (508.58, 2337.84)
ME3_C      | (508.58, 2329.16)
ME3_C      | (508.58, 2320.48)
ME3_C      | (508.58, 2311.8)
ME3_C      | (508.58, 2303.12)
ME3_C      | (508.58, 2259.72)
ME3_C      | (508.58, 2251.04)
ME3_C      | (508.58, 2242.36)
ME3_C      | (508.58, 2233.68)
ME3_C      | (508.58, 2225)
ME3_C      | (508.58, 2216.32)
ME3_C      | (508.58, 2172.92)
ME3_C      | (508.58, 2164.24)
ME3_C      | (508.58, 2155.56)
ME3_C      | (508.58, 2146.88)
ME3_C      | (508.58, 2138.2)
ME3_C      | (508.58, 2129.52)
ME3_C      | (508.58, 2086.12)
ME3_C      | (508.58, 2077.44)
ME3_C      | (508.58, 2068.76)
ME3_C      | (508.58, 2060.08)
ME3_C      | (508.58, 2051.4)
ME3_C      | (508.58, 2042.72)
ME3_C      | (508.58, 1999.32)
ME3_C      | (508.58, 1990.64)
ME3_C      | (508.58, 1981.96)
ME3_C      | (508.58, 1973.28)
ME3_C      | (508.58, 1964.6)
ME3_C      | (508.58, 1955.92)
ME3_C      | (508.58, 1912.52)
ME3_C      | (508.58, 1903.84)
ME3_C      | (508.58, 1895.16)
ME3_C      | (508.58, 1886.48)
ME3_C      | (508.58, 1877.8)
ME3_C      | (508.58, 1869.12)
ME3_C      | (508.58, 1825.72)
ME3_C      | (508.58, 1817.04)
ME3_C      | (508.58, 1808.36)
ME3_C      | (508.58, 1799.68)
ME3_C      | (508.58, 1791)
ME3_C      | (508.58, 1782.32)
ME3_C      | (508.58, 1738.92)
ME3_C      | (508.58, 1730.24)
ME3_C      | (508.58, 1721.56)
ME3_C      | (508.58, 1712.88)
ME3_C      | (508.58, 1704.2)
ME3_C      | (508.58, 1695.52)
ME3_C      | (508.58, 1652.12)
ME3_C      | (508.58, 1643.44)
ME3_C      | (508.58, 1634.76)
ME3_C      | (508.58, 1626.08)
ME3_C      | (508.58, 1617.4)
ME3_C      | (508.58, 1608.72)
ME3_C      | (508.58, 1565.32)
ME3_C      | (508.58, 1556.64)
ME3_C      | (508.58, 1547.96)
ME3_C      | (508.58, 1539.28)
ME3_C      | (508.58, 1530.6)
ME3_C      | (508.58, 1521.92)
ME3_C      | (508.58, 1478.52)
ME3_C      | (508.58, 1469.84)
ME3_C      | (508.58, 1461.16)
ME3_C      | (508.58, 1452.48)
ME3_C      | (508.58, 1443.8)
ME3_C      | (508.58, 1435.12)
ME3_C      | (508.58, 1391.72)
ME3_C      | (508.58, 1383.04)
ME3_C      | (508.58, 1374.36)
ME3_C      | (508.58, 1365.68)
ME3_C      | (508.58, 1357)
ME3_C      | (508.58, 1348.32)
ME3_C      | (508.58, 1304.92)
ME3_C      | (508.58, 1296.24)
ME3_C      | (508.58, 1287.56)
ME3_C      | (508.58, 1278.88)
ME3_C      | (508.58, 1270.2)
ME3_C      | (508.58, 1261.52)
ME3_C      | (508.58, 1218.12)
ME3_C      | (508.58, 1209.44)
ME3_C      | (508.58, 1200.76)
ME3_C      | (508.58, 1192.08)
ME3_C      | (508.58, 1183.4)
ME3_C      | (508.58, 1174.72)
ME3_C      | (508.58, 1131.32)
ME3_C      | (508.58, 1122.64)
ME3_C      | (508.58, 1113.96)
ME3_C      | (508.58, 1105.28)
ME3_C      | (508.58, 1096.6)
ME3_C      | (508.58, 1087.92)
ME3_C      | (508.58, 1044.52)
ME3_C      | (508.58, 1035.84)
ME3_C      | (508.58, 1027.16)
ME3_C      | (508.58, 1018.48)
ME3_C      | (508.58, 1009.8)
ME3_C      | (508.58, 1001.12)
ME3_C      | (508.58, 957.72)
ME3_C      | (508.58, 949.04)
ME3_C      | (508.58, 940.36)
ME3_C      | (508.58, 931.68)
ME3_C      | (508.58, 923)
ME3_C      | (508.58, 914.32)
ME3_C      | (508.58, 870.92)
ME3_C      | (508.58, 862.24)
ME3_C      | (508.58, 853.56)
ME3_C      | (508.58, 844.88)
ME3_C      | (508.58, 836.2)
ME3_C      | (508.58, 827.52)
ME3_C      | (508.58, 784.12)
ME3_C      | (508.58, 775.44)
ME3_C      | (508.58, 766.76)
ME3_C      | (508.58, 758.08)
ME3_C      | (508.58, 749.4)
ME3_C      | (508.58, 740.72)
ME3_C      | (508.58, 697.32)
ME3_C      | (508.58, 688.64)
ME3_C      | (508.58, 679.96)
ME3_C      | (508.58, 671.28)
ME3_C      | (508.58, 662.6)
ME3_C      | (508.58, 653.92)
ME3_C      | (508.58, 610.52)
ME3_C      | (508.58, 601.84)
ME3_C      | (508.58, 593.16)
ME3_C      | (508.58, 584.48)
ME3_C      | (508.58, 575.8)
ME3_C      | (508.58, 567.12)
ME3_C      | (508.58, 523.72)
ME3_C      | (508.58, 515.04)
ME3_C      | (508.58, 506.36)
ME3_C      | (508.58, 497.68)
ME3_C      | (508.58, 489)
ME3_C      | (508.58, 480.32)
ME3_C      | (517.82, 2369.21)
ME3_C      | (517.82, 471.27)
ME3_C      | (525.66, 2369.21)
ME3_C      | (525.66, 471.27)
ME3_C      | (533.5, 2369.21)
ME3_C      | (533.5, 471.27)
ME3_C      | (541.34, 2369.21)
ME3_C      | (541.34, 471.27)
ME3_C      | (549.18, 2369.21)
ME3_C      | (549.18, 471.27)
ME3_C      | (557.02, 2369.21)
ME3_C      | (557.02, 471.27)
ME3_C      | (596.22, 2369.21)
ME3_C      | (596.22, 471.27)
ME3_C      | (604.06, 2369.21)
ME3_C      | (604.06, 471.27)
ME3_C      | (611.9, 2369.21)
ME3_C      | (611.9, 471.27)
ME3_C      | (619.74, 2369.21)
ME3_C      | (619.74, 471.27)
ME3_C      | (627.58, 2369.21)
ME3_C      | (627.58, 471.27)
ME3_C      | (635.42, 2369.21)
ME3_C      | (635.42, 471.27)
ME3_C      | (674.62, 2369.21)
ME3_C      | (674.62, 471.27)
ME3_C      | (682.46, 2369.21)
ME3_C      | (682.46, 471.27)
ME3_C      | (690.3, 2369.21)
ME3_C      | (690.3, 471.27)
ME3_C      | (698.14, 2369.21)
ME3_C      | (698.14, 471.27)
ME3_C      | (705.98, 2369.21)
ME3_C      | (705.98, 471.27)
ME3_C      | (713.82, 2369.21)
ME3_C      | (713.82, 471.27)
ME3_C      | (723.06, 2351.48)
ME3_C      | (723.06, 2329.78)
ME3_C      | (723.06, 2308.08)
ME3_C      | (723.06, 2282.04)
ME3_C      | (723.06, 2168.58)
ME3_C      | (723.06, 2151.84)
ME3_C      | (723.06, 2125.18)
ME3_C      | (723.06, 2104.1)
ME3_C      | (723.06, 2082.4)
ME3_C      | (723.06, 2055.74)
ME3_C      | (723.06, 1942.9)
ME3_C      | (723.06, 1926.16)
ME3_C      | (723.06, 1899.5)
ME3_C      | (723.06, 1877.8)
ME3_C      | (723.06, 1856.1)
ME3_C      | (723.06, 1829.44)
ME3_C      | (723.06, 1716.6)
ME3_C      | (723.06, 1699.86)
ME3_C      | (723.06, 1673.2)
ME3_C      | (723.06, 1651.5)
ME3_C      | (723.06, 1629.8)
ME3_C      | (723.06, 1603.76)
ME3_C      | (723.06, 1490.3)
ME3_C      | (723.06, 1473.56)
ME3_C      | (723.06, 1437.6)
ME3_C      | (723.06, 1428.92)
ME3_C      | (723.06, 1407.84)
ME3_C      | (723.06, 1385.52)
ME3_C      | (723.06, 1277.64)
ME3_C      | (723.06, 1250.98)
ME3_C      | (723.06, 1234.24)
ME3_C      | (723.06, 1207.58)
ME3_C      | (723.06, 1186.5)
ME3_C      | (723.06, 1164.8)
ME3_C      | (723.06, 1051.34)
ME3_C      | (723.06, 1025.3)
ME3_C      | (723.06, 1008.56)
ME3_C      | (723.06, 981.9)
ME3_C      | (723.06, 960.2)
ME3_C      | (723.06, 938.5)
ME3_C      | (723.06, 825.66)
ME3_C      | (723.06, 799)
ME3_C      | (723.06, 782.26)
ME3_C      | (723.06, 755.6)
ME3_C      | (723.06, 733.9)
ME3_C      | (723.06, 712.2)
ME3_C      | (723.06, 599.36)
ME3_C      | (723.06, 572.7)
ME3_C      | (723.06, 555.96)
ME3_C      | (723.06, 529.3)
ME3_C      | (723.06, 508.22)
ME3_C      | (723.06, 486.52)
ME4_C      | (508.58, 2346.52)
ME4_C      | (508.58, 2337.84)
ME4_C      | (508.58, 2329.16)
ME4_C      | (508.58, 2320.48)
ME4_C      | (508.58, 2311.8)
ME4_C      | (508.58, 2303.12)
ME4_C      | (508.58, 2259.72)
ME4_C      | (508.58, 2251.04)
ME4_C      | (508.58, 2242.36)
ME4_C      | (508.58, 2233.68)
ME4_C      | (508.58, 2225)
ME4_C      | (508.58, 2216.32)
ME4_C      | (508.58, 2172.92)
ME4_C      | (508.58, 2164.24)
ME4_C      | (508.58, 2155.56)
ME4_C      | (508.58, 2146.88)
ME4_C      | (508.58, 2138.2)
ME4_C      | (508.58, 2129.52)
ME4_C      | (508.58, 2086.12)
ME4_C      | (508.58, 2077.44)
ME4_C      | (508.58, 2068.76)
ME4_C      | (508.58, 2060.08)
ME4_C      | (508.58, 2051.4)
ME4_C      | (508.58, 2042.72)
ME4_C      | (508.58, 1999.32)
ME4_C      | (508.58, 1990.64)
ME4_C      | (508.58, 1981.96)
ME4_C      | (508.58, 1973.28)
ME4_C      | (508.58, 1964.6)
ME4_C      | (508.58, 1955.92)
ME4_C      | (508.58, 1912.52)
ME4_C      | (508.58, 1903.84)
ME4_C      | (508.58, 1895.16)
ME4_C      | (508.58, 1886.48)
ME4_C      | (508.58, 1877.8)
ME4_C      | (508.58, 1869.12)
ME4_C      | (508.58, 1825.72)
ME4_C      | (508.58, 1817.04)
ME4_C      | (508.58, 1808.36)
ME4_C      | (508.58, 1799.68)
ME4_C      | (508.58, 1791)
ME4_C      | (508.58, 1782.32)
ME4_C      | (508.58, 1738.92)
ME4_C      | (508.58, 1730.24)
ME4_C      | (508.58, 1721.56)
ME4_C      | (508.58, 1712.88)
ME4_C      | (508.58, 1704.2)
ME4_C      | (508.58, 1695.52)
ME4_C      | (508.58, 1652.12)
ME4_C      | (508.58, 1643.44)
ME4_C      | (508.58, 1634.76)
ME4_C      | (508.58, 1626.08)
ME4_C      | (508.58, 1617.4)
ME4_C      | (508.58, 1608.72)
ME4_C      | (508.58, 1565.32)
ME4_C      | (508.58, 1556.64)
ME4_C      | (508.58, 1547.96)
ME4_C      | (508.58, 1539.28)
ME4_C      | (508.58, 1530.6)
ME4_C      | (508.58, 1521.92)
ME4_C      | (508.58, 1478.52)
ME4_C      | (508.58, 1469.84)
ME4_C      | (508.58, 1461.16)
ME4_C      | (508.58, 1452.48)
ME4_C      | (508.58, 1443.8)
ME4_C      | (508.58, 1435.12)
ME4_C      | (508.58, 1391.72)
ME4_C      | (508.58, 1383.04)
ME4_C      | (508.58, 1374.36)
ME4_C      | (508.58, 1365.68)
ME4_C      | (508.58, 1357)
ME4_C      | (508.58, 1348.32)
ME4_C      | (508.58, 1304.92)
ME4_C      | (508.58, 1296.24)
ME4_C      | (508.58, 1287.56)
ME4_C      | (508.58, 1278.88)
ME4_C      | (508.58, 1270.2)
ME4_C      | (508.58, 1261.52)
ME4_C      | (508.58, 1218.12)
ME4_C      | (508.58, 1209.44)
ME4_C      | (508.58, 1200.76)
ME4_C      | (508.58, 1192.08)
ME4_C      | (508.58, 1183.4)
ME4_C      | (508.58, 1174.72)
ME4_C      | (508.58, 1131.32)
ME4_C      | (508.58, 1122.64)
ME4_C      | (508.58, 1113.96)
ME4_C      | (508.58, 1105.28)
ME4_C      | (508.58, 1096.6)
ME4_C      | (508.58, 1087.92)
ME4_C      | (508.58, 1044.52)
ME4_C      | (508.58, 1035.84)
ME4_C      | (508.58, 1027.16)
ME4_C      | (508.58, 1018.48)
ME4_C      | (508.58, 1009.8)
ME4_C      | (508.58, 1001.12)
ME4_C      | (508.58, 957.72)
ME4_C      | (508.58, 949.04)
ME4_C      | (508.58, 940.36)
ME4_C      | (508.58, 931.68)
ME4_C      | (508.58, 923)
ME4_C      | (508.58, 914.32)
ME4_C      | (508.58, 870.92)
ME4_C      | (508.58, 862.24)
ME4_C      | (508.58, 853.56)
ME4_C      | (508.58, 844.88)
ME4_C      | (508.58, 836.2)
ME4_C      | (508.58, 827.52)
ME4_C      | (508.58, 784.12)
ME4_C      | (508.58, 775.44)
ME4_C      | (508.58, 766.76)
ME4_C      | (508.58, 758.08)
ME4_C      | (508.58, 749.4)
ME4_C      | (508.58, 740.72)
ME4_C      | (508.58, 697.32)
ME4_C      | (508.58, 688.64)
ME4_C      | (508.58, 679.96)
ME4_C      | (508.58, 671.28)
ME4_C      | (508.58, 662.6)
ME4_C      | (508.58, 653.92)
ME4_C      | (508.58, 610.52)
ME4_C      | (508.58, 601.84)
ME4_C      | (508.58, 593.16)
ME4_C      | (508.58, 584.48)
ME4_C      | (508.58, 575.8)
ME4_C      | (508.58, 567.12)
ME4_C      | (508.58, 523.72)
ME4_C      | (508.58, 515.04)
ME4_C      | (508.58, 506.36)
ME4_C      | (508.58, 497.68)
ME4_C      | (508.58, 489)
ME4_C      | (508.58, 480.32)
ME4_C      | (517.82, 2369.21)
ME4_C      | (517.82, 471.27)
ME4_C      | (525.66, 2369.21)
ME4_C      | (525.66, 471.27)
ME4_C      | (533.5, 2369.21)
ME4_C      | (533.5, 471.27)
ME4_C      | (541.34, 2369.21)
ME4_C      | (541.34, 471.27)
ME4_C      | (549.18, 2369.21)
ME4_C      | (549.18, 471.27)
ME4_C      | (557.02, 2369.21)
ME4_C      | (557.02, 471.27)
ME4_C      | (596.22, 2369.21)
ME4_C      | (596.22, 471.27)
ME4_C      | (604.06, 2369.21)
ME4_C      | (604.06, 471.27)
ME4_C      | (611.9, 2369.21)
ME4_C      | (611.9, 471.27)
ME4_C      | (619.74, 2369.21)
ME4_C      | (619.74, 471.27)
ME4_C      | (627.58, 2369.21)
ME4_C      | (627.58, 471.27)
ME4_C      | (635.42, 2369.21)
ME4_C      | (635.42, 471.27)
ME4_C      | (674.62, 2369.21)
ME4_C      | (674.62, 471.27)
ME4_C      | (682.46, 2369.21)
ME4_C      | (682.46, 471.27)
ME4_C      | (690.3, 2369.21)
ME4_C      | (690.3, 471.27)
ME4_C      | (698.14, 2369.21)
ME4_C      | (698.14, 471.27)
ME4_C      | (705.98, 2369.21)
ME4_C      | (705.98, 471.27)
ME4_C      | (713.82, 2369.21)
ME4_C      | (713.82, 471.27)
ME4_C      | (723.06, 2351.48)
ME4_C      | (723.06, 2329.78)
ME4_C      | (723.06, 2308.08)
ME4_C      | (723.06, 2282.04)
ME4_C      | (723.06, 2168.58)
ME4_C      | (723.06, 2151.84)
ME4_C      | (723.06, 2125.18)
ME4_C      | (723.06, 2104.1)
ME4_C      | (723.06, 2082.4)
ME4_C      | (723.06, 2055.74)
ME4_C      | (723.06, 1942.9)
ME4_C      | (723.06, 1926.16)
ME4_C      | (723.06, 1899.5)
ME4_C      | (723.06, 1877.8)
ME4_C      | (723.06, 1856.1)
ME4_C      | (723.06, 1829.44)
ME4_C      | (723.06, 1716.6)
ME4_C      | (723.06, 1699.86)
ME4_C      | (723.06, 1673.2)
ME4_C      | (723.06, 1651.5)
ME4_C      | (723.06, 1629.8)
ME4_C      | (723.06, 1603.76)
ME4_C      | (723.06, 1490.3)
ME4_C      | (723.06, 1473.56)
ME4_C      | (723.06, 1437.6)
ME4_C      | (723.06, 1428.92)
ME4_C      | (723.06, 1407.84)
ME4_C      | (723.06, 1385.52)
ME4_C      | (723.06, 1277.64)
ME4_C      | (723.06, 1250.98)
ME4_C      | (723.06, 1234.24)
ME4_C      | (723.06, 1207.58)
ME4_C      | (723.06, 1186.5)
ME4_C      | (723.06, 1164.8)
ME4_C      | (723.06, 1051.34)
ME4_C      | (723.06, 1025.3)
ME4_C      | (723.06, 1008.56)
ME4_C      | (723.06, 981.9)
ME4_C      | (723.06, 960.2)
ME4_C      | (723.06, 938.5)
ME4_C      | (723.06, 825.66)
ME4_C      | (723.06, 799)
ME4_C      | (723.06, 782.26)
ME4_C      | (723.06, 755.6)
ME4_C      | (723.06, 733.9)
ME4_C      | (723.06, 712.2)
ME4_C      | (723.06, 599.36)
ME4_C      | (723.06, 572.7)
ME4_C      | (723.06, 555.96)
ME4_C      | (723.06, 529.3)
ME4_C      | (723.06, 508.22)
ME4_C      | (723.06, 486.52)
ME1_C      | (869.18, 2348.73)
ME1_C      | (869.18, 450.79)
ME1_C      | (877.02, 2348.73)
ME1_C      | (877.02, 450.79)
ME1_C      | (884.86, 2348.73)
ME1_C      | (884.86, 450.79)
ME1_C      | (892.7, 2348.73)
ME1_C      | (892.7, 450.79)
ME1_C      | (900.54, 2348.73)
ME1_C      | (900.54, 450.79)
ME1_C      | (908.38, 2348.73)
ME1_C      | (908.38, 450.79)
ME1_C      | (947.58, 2348.73)
ME1_C      | (947.58, 450.79)
ME1_C      | (955.42, 2348.73)
ME1_C      | (955.42, 450.79)
ME1_C      | (963.26, 2348.73)
ME1_C      | (963.26, 450.79)
ME1_C      | (971.1, 2348.73)
ME1_C      | (971.1, 450.79)
ME1_C      | (978.94, 2348.73)
ME1_C      | (978.94, 450.79)
ME1_C      | (986.78, 2348.73)
ME1_C      | (986.78, 450.79)
ME1_C      | (1025.98, 2348.73)
ME1_C      | (1025.98, 450.79)
ME1_C      | (1033.82, 2348.73)
ME1_C      | (1033.82, 450.79)
ME1_C      | (1041.66, 2348.73)
ME1_C      | (1041.66, 450.79)
ME1_C      | (1049.5, 2348.73)
ME1_C      | (1049.5, 450.79)
ME1_C      | (1057.34, 2348.73)
ME1_C      | (1057.34, 450.79)
ME1_C      | (1065.18, 2348.73)
ME1_C      | (1065.18, 450.79)
ME2_C      | (859.94, 2326.04)
ME2_C      | (859.94, 2317.36)
ME2_C      | (859.94, 2308.68)
ME2_C      | (859.94, 2300)
ME2_C      | (859.94, 2291.32)
ME2_C      | (859.94, 2282.64)
ME2_C      | (859.94, 2239.24)
ME2_C      | (859.94, 2230.56)
ME2_C      | (859.94, 2221.88)
ME2_C      | (859.94, 2213.2)
ME2_C      | (859.94, 2204.52)
ME2_C      | (859.94, 2195.84)
ME2_C      | (859.94, 2152.44)
ME2_C      | (859.94, 2143.76)
ME2_C      | (859.94, 2135.08)
ME2_C      | (859.94, 2126.4)
ME2_C      | (859.94, 2117.72)
ME2_C      | (859.94, 2109.04)
ME2_C      | (859.94, 2065.64)
ME2_C      | (859.94, 2056.96)
ME2_C      | (859.94, 2048.28)
ME2_C      | (859.94, 2039.6)
ME2_C      | (859.94, 2030.92)
ME2_C      | (859.94, 2022.24)
ME2_C      | (859.94, 1978.84)
ME2_C      | (859.94, 1970.16)
ME2_C      | (859.94, 1961.48)
ME2_C      | (859.94, 1952.8)
ME2_C      | (859.94, 1944.12)
ME2_C      | (859.94, 1935.44)
ME2_C      | (859.94, 1892.04)
ME2_C      | (859.94, 1883.36)
ME2_C      | (859.94, 1874.68)
ME2_C      | (859.94, 1866)
ME2_C      | (859.94, 1857.32)
ME2_C      | (859.94, 1848.64)
ME2_C      | (859.94, 1805.24)
ME2_C      | (859.94, 1796.56)
ME2_C      | (859.94, 1787.88)
ME2_C      | (859.94, 1779.2)
ME2_C      | (859.94, 1770.52)
ME2_C      | (859.94, 1761.84)
ME2_C      | (859.94, 1718.44)
ME2_C      | (859.94, 1709.76)
ME2_C      | (859.94, 1701.08)
ME2_C      | (859.94, 1692.4)
ME2_C      | (859.94, 1683.72)
ME2_C      | (859.94, 1675.04)
ME2_C      | (859.94, 1631.64)
ME2_C      | (859.94, 1622.96)
ME2_C      | (859.94, 1614.28)
ME2_C      | (859.94, 1605.6)
ME2_C      | (859.94, 1596.92)
ME2_C      | (859.94, 1588.24)
ME2_C      | (859.94, 1544.84)
ME2_C      | (859.94, 1536.16)
ME2_C      | (859.94, 1527.48)
ME2_C      | (859.94, 1518.8)
ME2_C      | (859.94, 1510.12)
ME2_C      | (859.94, 1501.44)
ME2_C      | (859.94, 1458.04)
ME2_C      | (859.94, 1449.36)
ME2_C      | (859.94, 1440.68)
ME2_C      | (859.94, 1432)
ME2_C      | (859.94, 1423.32)
ME2_C      | (859.94, 1414.64)
ME2_C      | (859.94, 1371.24)
ME2_C      | (859.94, 1362.56)
ME2_C      | (859.94, 1353.88)
ME2_C      | (859.94, 1345.2)
ME2_C      | (859.94, 1336.52)
ME2_C      | (859.94, 1327.84)
ME2_C      | (859.94, 1284.44)
ME2_C      | (859.94, 1275.76)
ME2_C      | (859.94, 1267.08)
ME2_C      | (859.94, 1258.4)
ME2_C      | (859.94, 1249.72)
ME2_C      | (859.94, 1241.04)
ME2_C      | (859.94, 1197.64)
ME2_C      | (859.94, 1188.96)
ME2_C      | (859.94, 1180.28)
ME2_C      | (859.94, 1171.6)
ME2_C      | (859.94, 1162.92)
ME2_C      | (859.94, 1154.24)
ME2_C      | (859.94, 1110.84)
ME2_C      | (859.94, 1102.16)
ME2_C      | (859.94, 1093.48)
ME2_C      | (859.94, 1084.8)
ME2_C      | (859.94, 1076.12)
ME2_C      | (859.94, 1067.44)
ME2_C      | (859.94, 1024.04)
ME2_C      | (859.94, 1015.36)
ME2_C      | (859.94, 1006.68)
ME2_C      | (859.94, 998)
ME2_C      | (859.94, 989.32)
ME2_C      | (859.94, 980.64)
ME2_C      | (859.94, 937.24)
ME2_C      | (859.94, 928.56)
ME2_C      | (859.94, 919.88)
ME2_C      | (859.94, 911.2)
ME2_C      | (859.94, 902.52)
ME2_C      | (859.94, 893.84)
ME2_C      | (859.94, 850.44)
ME2_C      | (859.94, 841.76)
ME2_C      | (859.94, 833.08)
ME2_C      | (859.94, 824.4)
ME2_C      | (859.94, 815.72)
ME2_C      | (859.94, 807.04)
ME2_C      | (859.94, 763.64)
ME2_C      | (859.94, 754.96)
ME2_C      | (859.94, 746.28)
ME2_C      | (859.94, 737.6)
ME2_C      | (859.94, 728.92)
ME2_C      | (859.94, 720.24)
ME2_C      | (859.94, 676.84)
ME2_C      | (859.94, 668.16)
ME2_C      | (859.94, 659.48)
ME2_C      | (859.94, 650.8)
ME2_C      | (859.94, 642.12)
ME2_C      | (859.94, 633.44)
ME2_C      | (859.94, 590.04)
ME2_C      | (859.94, 581.36)
ME2_C      | (859.94, 572.68)
ME2_C      | (859.94, 564)
ME2_C      | (859.94, 555.32)
ME2_C      | (859.94, 546.64)
ME2_C      | (859.94, 503.24)
ME2_C      | (859.94, 494.56)
ME2_C      | (859.94, 485.88)
ME2_C      | (859.94, 477.2)
ME2_C      | (859.94, 468.52)
ME2_C      | (859.94, 459.84)
ME2_C      | (1074.42, 2331)
ME2_C      | (1074.42, 2309.3)
ME2_C      | (1074.42, 2287.6)
ME2_C      | (1074.42, 2261.56)
ME2_C      | (1074.42, 2148.1)
ME2_C      | (1074.42, 2131.36)
ME2_C      | (1074.42, 2104.7)
ME2_C      | (1074.42, 2083.62)
ME2_C      | (1074.42, 2061.92)
ME2_C      | (1074.42, 2035.26)
ME2_C      | (1074.42, 1922.42)
ME2_C      | (1074.42, 1905.68)
ME2_C      | (1074.42, 1879.02)
ME2_C      | (1074.42, 1857.32)
ME2_C      | (1074.42, 1835.62)
ME2_C      | (1074.42, 1808.96)
ME2_C      | (1074.42, 1696.12)
ME2_C      | (1074.42, 1679.38)
ME2_C      | (1074.42, 1652.72)
ME2_C      | (1074.42, 1631.02)
ME2_C      | (1074.42, 1609.32)
ME2_C      | (1074.42, 1583.28)
ME2_C      | (1074.42, 1469.82)
ME2_C      | (1074.42, 1453.08)
ME2_C      | (1074.42, 1417.12)
ME2_C      | (1074.42, 1408.44)
ME2_C      | (1074.42, 1387.36)
ME2_C      | (1074.42, 1365.04)
ME2_C      | (1074.42, 1257.16)
ME2_C      | (1074.42, 1230.5)
ME2_C      | (1074.42, 1213.76)
ME2_C      | (1074.42, 1187.1)
ME2_C      | (1074.42, 1166.02)
ME2_C      | (1074.42, 1144.32)
ME2_C      | (1074.42, 1030.86)
ME2_C      | (1074.42, 1004.82)
ME2_C      | (1074.42, 988.08)
ME2_C      | (1074.42, 961.42)
ME2_C      | (1074.42, 939.72)
ME2_C      | (1074.42, 918.02)
ME2_C      | (1074.42, 805.18)
ME2_C      | (1074.42, 778.52)
ME2_C      | (1074.42, 761.78)
ME2_C      | (1074.42, 735.12)
ME2_C      | (1074.42, 713.42)
ME2_C      | (1074.42, 691.72)
ME2_C      | (1074.42, 578.88)
ME2_C      | (1074.42, 552.22)
ME2_C      | (1074.42, 535.48)
ME2_C      | (1074.42, 508.82)
ME2_C      | (1074.42, 487.74)
ME2_C      | (1074.42, 466.04)
ME3_C      | (859.94, 2326.04)
ME3_C      | (859.94, 2317.36)
ME3_C      | (859.94, 2308.68)
ME3_C      | (859.94, 2300)
ME3_C      | (859.94, 2291.32)
ME3_C      | (859.94, 2282.64)
ME3_C      | (859.94, 2239.24)
ME3_C      | (859.94, 2230.56)
ME3_C      | (859.94, 2221.88)
ME3_C      | (859.94, 2213.2)
ME3_C      | (859.94, 2204.52)
ME3_C      | (859.94, 2195.84)
ME3_C      | (859.94, 2152.44)
ME3_C      | (859.94, 2143.76)
ME3_C      | (859.94, 2135.08)
ME3_C      | (859.94, 2126.4)
ME3_C      | (859.94, 2117.72)
ME3_C      | (859.94, 2109.04)
ME3_C      | (859.94, 2065.64)
ME3_C      | (859.94, 2056.96)
ME3_C      | (859.94, 2048.28)
ME3_C      | (859.94, 2039.6)
ME3_C      | (859.94, 2030.92)
ME3_C      | (859.94, 2022.24)
ME3_C      | (859.94, 1978.84)
ME3_C      | (859.94, 1970.16)
ME3_C      | (859.94, 1961.48)
ME3_C      | (859.94, 1952.8)
ME3_C      | (859.94, 1944.12)
ME3_C      | (859.94, 1935.44)
ME3_C      | (859.94, 1892.04)
ME3_C      | (859.94, 1883.36)
ME3_C      | (859.94, 1874.68)
ME3_C      | (859.94, 1866)
ME3_C      | (859.94, 1857.32)
ME3_C      | (859.94, 1848.64)
ME3_C      | (859.94, 1805.24)
ME3_C      | (859.94, 1796.56)
ME3_C      | (859.94, 1787.88)
ME3_C      | (859.94, 1779.2)
ME3_C      | (859.94, 1770.52)
ME3_C      | (859.94, 1761.84)
ME3_C      | (859.94, 1718.44)
ME3_C      | (859.94, 1709.76)
ME3_C      | (859.94, 1701.08)
ME3_C      | (859.94, 1692.4)
ME3_C      | (859.94, 1683.72)
ME3_C      | (859.94, 1675.04)
ME3_C      | (859.94, 1631.64)
ME3_C      | (859.94, 1622.96)
ME3_C      | (859.94, 1614.28)
ME3_C      | (859.94, 1605.6)
ME3_C      | (859.94, 1596.92)
ME3_C      | (859.94, 1588.24)
ME3_C      | (859.94, 1544.84)
ME3_C      | (859.94, 1536.16)
ME3_C      | (859.94, 1527.48)
ME3_C      | (859.94, 1518.8)
ME3_C      | (859.94, 1510.12)
ME3_C      | (859.94, 1501.44)
ME3_C      | (859.94, 1458.04)
ME3_C      | (859.94, 1449.36)
ME3_C      | (859.94, 1440.68)
ME3_C      | (859.94, 1432)
ME3_C      | (859.94, 1423.32)
ME3_C      | (859.94, 1414.64)
ME3_C      | (859.94, 1371.24)
ME3_C      | (859.94, 1362.56)
ME3_C      | (859.94, 1353.88)
ME3_C      | (859.94, 1345.2)
ME3_C      | (859.94, 1336.52)
ME3_C      | (859.94, 1327.84)
ME3_C      | (859.94, 1284.44)
ME3_C      | (859.94, 1275.76)
ME3_C      | (859.94, 1267.08)
ME3_C      | (859.94, 1258.4)
ME3_C      | (859.94, 1249.72)
ME3_C      | (859.94, 1241.04)
ME3_C      | (859.94, 1197.64)
ME3_C      | (859.94, 1188.96)
ME3_C      | (859.94, 1180.28)
ME3_C      | (859.94, 1171.6)
ME3_C      | (859.94, 1162.92)
ME3_C      | (859.94, 1154.24)
ME3_C      | (859.94, 1110.84)
ME3_C      | (859.94, 1102.16)
ME3_C      | (859.94, 1093.48)
ME3_C      | (859.94, 1084.8)
ME3_C      | (859.94, 1076.12)
ME3_C      | (859.94, 1067.44)
ME3_C      | (859.94, 1024.04)
ME3_C      | (859.94, 1015.36)
ME3_C      | (859.94, 1006.68)
ME3_C      | (859.94, 998)
ME3_C      | (859.94, 989.32)
ME3_C      | (859.94, 980.64)
ME3_C      | (859.94, 937.24)
ME3_C      | (859.94, 928.56)
ME3_C      | (859.94, 919.88)
ME3_C      | (859.94, 911.2)
ME3_C      | (859.94, 902.52)
ME3_C      | (859.94, 893.84)
ME3_C      | (859.94, 850.44)
ME3_C      | (859.94, 841.76)
ME3_C      | (859.94, 833.08)
ME3_C      | (859.94, 824.4)
ME3_C      | (859.94, 815.72)
ME3_C      | (859.94, 807.04)
ME3_C      | (859.94, 763.64)
ME3_C      | (859.94, 754.96)
ME3_C      | (859.94, 746.28)
ME3_C      | (859.94, 737.6)
ME3_C      | (859.94, 728.92)
ME3_C      | (859.94, 720.24)
ME3_C      | (859.94, 676.84)
ME3_C      | (859.94, 668.16)
ME3_C      | (859.94, 659.48)
ME3_C      | (859.94, 650.8)
ME3_C      | (859.94, 642.12)
ME3_C      | (859.94, 633.44)
ME3_C      | (859.94, 590.04)
ME3_C      | (859.94, 581.36)
ME3_C      | (859.94, 572.68)
ME3_C      | (859.94, 564)
ME3_C      | (859.94, 555.32)
ME3_C      | (859.94, 546.64)
ME3_C      | (859.94, 503.24)
ME3_C      | (859.94, 494.56)
ME3_C      | (859.94, 485.88)
ME3_C      | (859.94, 477.2)
ME3_C      | (859.94, 468.52)
ME3_C      | (859.94, 459.84)
ME3_C      | (869.18, 2348.73)
ME3_C      | (869.18, 450.79)
ME3_C      | (877.02, 2348.73)
ME3_C      | (877.02, 450.79)
ME3_C      | (884.86, 2348.73)
ME3_C      | (884.86, 450.79)
ME3_C      | (892.7, 2348.73)
ME3_C      | (892.7, 450.79)
ME3_C      | (900.54, 2348.73)
ME3_C      | (900.54, 450.79)
ME3_C      | (908.38, 2348.73)
ME3_C      | (908.38, 450.79)
ME3_C      | (947.58, 2348.73)
ME3_C      | (947.58, 450.79)
ME3_C      | (955.42, 2348.73)
ME3_C      | (955.42, 450.79)
ME3_C      | (963.26, 2348.73)
ME3_C      | (963.26, 450.79)
ME3_C      | (971.1, 2348.73)
ME3_C      | (971.1, 450.79)
ME3_C      | (978.94, 2348.73)
ME3_C      | (978.94, 450.79)
ME3_C      | (986.78, 2348.73)
ME3_C      | (986.78, 450.79)
ME3_C      | (1025.98, 2348.73)
ME3_C      | (1025.98, 450.79)
ME3_C      | (1033.82, 2348.73)
ME3_C      | (1033.82, 450.79)
ME3_C      | (1041.66, 2348.73)
ME3_C      | (1041.66, 450.79)
ME3_C      | (1049.5, 2348.73)
ME3_C      | (1049.5, 450.79)
ME3_C      | (1057.34, 2348.73)
ME3_C      | (1057.34, 450.79)
ME3_C      | (1065.18, 2348.73)
ME3_C      | (1065.18, 450.79)
ME3_C      | (1074.42, 2331)
ME3_C      | (1074.42, 2309.3)
ME3_C      | (1074.42, 2287.6)
ME3_C      | (1074.42, 2261.56)
ME3_C      | (1074.42, 2148.1)
ME3_C      | (1074.42, 2131.36)
ME3_C      | (1074.42, 2104.7)
ME3_C      | (1074.42, 2083.62)
ME3_C      | (1074.42, 2061.92)
ME3_C      | (1074.42, 2035.26)
ME3_C      | (1074.42, 1922.42)
ME3_C      | (1074.42, 1905.68)
ME3_C      | (1074.42, 1879.02)
ME3_C      | (1074.42, 1857.32)
ME3_C      | (1074.42, 1835.62)
ME3_C      | (1074.42, 1808.96)
ME3_C      | (1074.42, 1696.12)
ME3_C      | (1074.42, 1679.38)
ME3_C      | (1074.42, 1652.72)
ME3_C      | (1074.42, 1631.02)
ME3_C      | (1074.42, 1609.32)
ME3_C      | (1074.42, 1583.28)
ME3_C      | (1074.42, 1469.82)
ME3_C      | (1074.42, 1453.08)
ME3_C      | (1074.42, 1417.12)
ME3_C      | (1074.42, 1408.44)
ME3_C      | (1074.42, 1387.36)
ME3_C      | (1074.42, 1365.04)
ME3_C      | (1074.42, 1257.16)
ME3_C      | (1074.42, 1230.5)
ME3_C      | (1074.42, 1213.76)
ME3_C      | (1074.42, 1187.1)
ME3_C      | (1074.42, 1166.02)
ME3_C      | (1074.42, 1144.32)
ME3_C      | (1074.42, 1030.86)
ME3_C      | (1074.42, 1004.82)
ME3_C      | (1074.42, 988.08)
ME3_C      | (1074.42, 961.42)
ME3_C      | (1074.42, 939.72)
ME3_C      | (1074.42, 918.02)
ME3_C      | (1074.42, 805.18)
ME3_C      | (1074.42, 778.52)
ME3_C      | (1074.42, 761.78)
ME3_C      | (1074.42, 735.12)
ME3_C      | (1074.42, 713.42)
ME3_C      | (1074.42, 691.72)
ME3_C      | (1074.42, 578.88)
ME3_C      | (1074.42, 552.22)
ME3_C      | (1074.42, 535.48)
ME3_C      | (1074.42, 508.82)
ME3_C      | (1074.42, 487.74)
ME3_C      | (1074.42, 466.04)
ME4_C      | (859.94, 2326.04)
ME4_C      | (859.94, 2317.36)
ME4_C      | (859.94, 2308.68)
ME4_C      | (859.94, 2300)
ME4_C      | (859.94, 2291.32)
ME4_C      | (859.94, 2282.64)
ME4_C      | (859.94, 2239.24)
ME4_C      | (859.94, 2230.56)
ME4_C      | (859.94, 2221.88)
ME4_C      | (859.94, 2213.2)
ME4_C      | (859.94, 2204.52)
ME4_C      | (859.94, 2195.84)
ME4_C      | (859.94, 2152.44)
ME4_C      | (859.94, 2143.76)
ME4_C      | (859.94, 2135.08)
ME4_C      | (859.94, 2126.4)
ME4_C      | (859.94, 2117.72)
ME4_C      | (859.94, 2109.04)
ME4_C      | (859.94, 2065.64)
ME4_C      | (859.94, 2056.96)
ME4_C      | (859.94, 2048.28)
ME4_C      | (859.94, 2039.6)
ME4_C      | (859.94, 2030.92)
ME4_C      | (859.94, 2022.24)
ME4_C      | (859.94, 1978.84)
ME4_C      | (859.94, 1970.16)
ME4_C      | (859.94, 1961.48)
ME4_C      | (859.94, 1952.8)
ME4_C      | (859.94, 1944.12)
ME4_C      | (859.94, 1935.44)
ME4_C      | (859.94, 1892.04)
ME4_C      | (859.94, 1883.36)
ME4_C      | (859.94, 1874.68)
ME4_C      | (859.94, 1866)
ME4_C      | (859.94, 1857.32)
ME4_C      | (859.94, 1848.64)
ME4_C      | (859.94, 1805.24)
ME4_C      | (859.94, 1796.56)
ME4_C      | (859.94, 1787.88)
ME4_C      | (859.94, 1779.2)
ME4_C      | (859.94, 1770.52)
ME4_C      | (859.94, 1761.84)
ME4_C      | (859.94, 1718.44)
ME4_C      | (859.94, 1709.76)
ME4_C      | (859.94, 1701.08)
ME4_C      | (859.94, 1692.4)
ME4_C      | (859.94, 1683.72)
ME4_C      | (859.94, 1675.04)
ME4_C      | (859.94, 1631.64)
ME4_C      | (859.94, 1622.96)
ME4_C      | (859.94, 1614.28)
ME4_C      | (859.94, 1605.6)
ME4_C      | (859.94, 1596.92)
ME4_C      | (859.94, 1588.24)
ME4_C      | (859.94, 1544.84)
ME4_C      | (859.94, 1536.16)
ME4_C      | (859.94, 1527.48)
ME4_C      | (859.94, 1518.8)
ME4_C      | (859.94, 1510.12)
ME4_C      | (859.94, 1501.44)
ME4_C      | (859.94, 1458.04)
ME4_C      | (859.94, 1449.36)
ME4_C      | (859.94, 1440.68)
ME4_C      | (859.94, 1432)
ME4_C      | (859.94, 1423.32)
ME4_C      | (859.94, 1414.64)
ME4_C      | (859.94, 1371.24)
ME4_C      | (859.94, 1362.56)
ME4_C      | (859.94, 1353.88)
ME4_C      | (859.94, 1345.2)
ME4_C      | (859.94, 1336.52)
ME4_C      | (859.94, 1327.84)
ME4_C      | (859.94, 1284.44)
ME4_C      | (859.94, 1275.76)
ME4_C      | (859.94, 1267.08)
ME4_C      | (859.94, 1258.4)
ME4_C      | (859.94, 1249.72)
ME4_C      | (859.94, 1241.04)
ME4_C      | (859.94, 1197.64)
ME4_C      | (859.94, 1188.96)
ME4_C      | (859.94, 1180.28)
ME4_C      | (859.94, 1171.6)
ME4_C      | (859.94, 1162.92)
ME4_C      | (859.94, 1154.24)
ME4_C      | (859.94, 1110.84)
ME4_C      | (859.94, 1102.16)
ME4_C      | (859.94, 1093.48)
ME4_C      | (859.94, 1084.8)
ME4_C      | (859.94, 1076.12)
ME4_C      | (859.94, 1067.44)
ME4_C      | (859.94, 1024.04)
ME4_C      | (859.94, 1015.36)
ME4_C      | (859.94, 1006.68)
ME4_C      | (859.94, 998)
ME4_C      | (859.94, 989.32)
ME4_C      | (859.94, 980.64)
ME4_C      | (859.94, 937.24)
ME4_C      | (859.94, 928.56)
ME4_C      | (859.94, 919.88)
ME4_C      | (859.94, 911.2)
ME4_C      | (859.94, 902.52)
ME4_C      | (859.94, 893.84)
ME4_C      | (859.94, 850.44)
ME4_C      | (859.94, 841.76)
ME4_C      | (859.94, 833.08)
ME4_C      | (859.94, 824.4)
ME4_C      | (859.94, 815.72)
ME4_C      | (859.94, 807.04)
ME4_C      | (859.94, 763.64)
ME4_C      | (859.94, 754.96)
ME4_C      | (859.94, 746.28)
ME4_C      | (859.94, 737.6)
ME4_C      | (859.94, 728.92)
ME4_C      | (859.94, 720.24)
ME4_C      | (859.94, 676.84)
ME4_C      | (859.94, 668.16)
ME4_C      | (859.94, 659.48)
ME4_C      | (859.94, 650.8)
ME4_C      | (859.94, 642.12)
ME4_C      | (859.94, 633.44)
ME4_C      | (859.94, 590.04)
ME4_C      | (859.94, 581.36)
ME4_C      | (859.94, 572.68)
ME4_C      | (859.94, 564)
ME4_C      | (859.94, 555.32)
ME4_C      | (859.94, 546.64)
ME4_C      | (859.94, 503.24)
ME4_C      | (859.94, 494.56)
ME4_C      | (859.94, 485.88)
ME4_C      | (859.94, 477.2)
ME4_C      | (859.94, 468.52)
ME4_C      | (859.94, 459.84)
ME4_C      | (869.18, 2348.73)
ME4_C      | (869.18, 450.79)
ME4_C      | (877.02, 2348.73)
ME4_C      | (877.02, 450.79)
ME4_C      | (884.86, 2348.73)
ME4_C      | (884.86, 450.79)
ME4_C      | (892.7, 2348.73)
ME4_C      | (892.7, 450.79)
ME4_C      | (900.54, 2348.73)
ME4_C      | (900.54, 450.79)
ME4_C      | (908.38, 2348.73)
ME4_C      | (908.38, 450.79)
ME4_C      | (947.58, 2348.73)
ME4_C      | (947.58, 450.79)
ME4_C      | (955.42, 2348.73)
ME4_C      | (955.42, 450.79)
ME4_C      | (963.26, 2348.73)
ME4_C      | (963.26, 450.79)
ME4_C      | (971.1, 2348.73)
ME4_C      | (971.1, 450.79)
ME4_C      | (978.94, 2348.73)
ME4_C      | (978.94, 450.79)
ME4_C      | (986.78, 2348.73)
ME4_C      | (986.78, 450.79)
ME4_C      | (1025.98, 2348.73)
ME4_C      | (1025.98, 450.79)
ME4_C      | (1033.82, 2348.73)
ME4_C      | (1033.82, 450.79)
ME4_C      | (1041.66, 2348.73)
ME4_C      | (1041.66, 450.79)
ME4_C      | (1049.5, 2348.73)
ME4_C      | (1049.5, 450.79)
ME4_C      | (1057.34, 2348.73)
ME4_C      | (1057.34, 450.79)
ME4_C      | (1065.18, 2348.73)
ME4_C      | (1065.18, 450.79)
ME4_C      | (1074.42, 2331)
ME4_C      | (1074.42, 2309.3)
ME4_C      | (1074.42, 2287.6)
ME4_C      | (1074.42, 2261.56)
ME4_C      | (1074.42, 2148.1)
ME4_C      | (1074.42, 2131.36)
ME4_C      | (1074.42, 2104.7)
ME4_C      | (1074.42, 2083.62)
ME4_C      | (1074.42, 2061.92)
ME4_C      | (1074.42, 2035.26)
ME4_C      | (1074.42, 1922.42)
ME4_C      | (1074.42, 1905.68)
ME4_C      | (1074.42, 1879.02)
ME4_C      | (1074.42, 1857.32)
ME4_C      | (1074.42, 1835.62)
ME4_C      | (1074.42, 1808.96)
ME4_C      | (1074.42, 1696.12)
ME4_C      | (1074.42, 1679.38)
ME4_C      | (1074.42, 1652.72)
ME4_C      | (1074.42, 1631.02)
ME4_C      | (1074.42, 1609.32)
ME4_C      | (1074.42, 1583.28)
ME4_C      | (1074.42, 1469.82)
ME4_C      | (1074.42, 1453.08)
ME4_C      | (1074.42, 1417.12)
ME4_C      | (1074.42, 1408.44)
ME4_C      | (1074.42, 1387.36)
ME4_C      | (1074.42, 1365.04)
ME4_C      | (1074.42, 1257.16)
ME4_C      | (1074.42, 1230.5)
ME4_C      | (1074.42, 1213.76)
ME4_C      | (1074.42, 1187.1)
ME4_C      | (1074.42, 1166.02)
ME4_C      | (1074.42, 1144.32)
ME4_C      | (1074.42, 1030.86)
ME4_C      | (1074.42, 1004.82)
ME4_C      | (1074.42, 988.08)
ME4_C      | (1074.42, 961.42)
ME4_C      | (1074.42, 939.72)
ME4_C      | (1074.42, 918.02)
ME4_C      | (1074.42, 805.18)
ME4_C      | (1074.42, 778.52)
ME4_C      | (1074.42, 761.78)
ME4_C      | (1074.42, 735.12)
ME4_C      | (1074.42, 713.42)
ME4_C      | (1074.42, 691.72)
ME4_C      | (1074.42, 578.88)
ME4_C      | (1074.42, 552.22)
ME4_C      | (1074.42, 535.48)
ME4_C      | (1074.42, 508.82)
ME4_C      | (1074.42, 487.74)
ME4_C      | (1074.42, 466.04)
ME1_C      | (1947.07, 948.89)
ME1_C      | (1947.07, 940.21)
ME1_C      | (1947.07, 931.53)
ME1_C      | (1947.07, 922.85)
ME1_C      | (1947.07, 914.17)
ME1_C      | (1947.07, 905.49)
ME1_C      | (1956.31, 1466.34)
ME1_C      | (1956.31, 462.44)
ME1_C      | (1964.15, 1466.34)
ME1_C      | (1964.15, 462.44)
ME1_C      | (1971.99, 1466.34)
ME1_C      | (1971.99, 462.44)
ME1_C      | (1979.83, 1466.34)
ME1_C      | (1979.83, 462.44)
ME1_C      | (1987.67, 1466.34)
ME1_C      | (1987.67, 462.44)
ME1_C      | (1995.51, 1466.34)
ME1_C      | (1995.51, 462.44)
ME1_C      | (2034.71, 1466.34)
ME1_C      | (2034.71, 462.44)
ME1_C      | (2042.55, 1466.34)
ME1_C      | (2042.55, 462.44)
ME1_C      | (2050.39, 1466.34)
ME1_C      | (2050.39, 462.44)
ME1_C      | (2058.23, 1466.34)
ME1_C      | (2058.23, 462.44)
ME1_C      | (2066.07, 1466.34)
ME1_C      | (2066.07, 462.44)
ME1_C      | (2073.91, 1466.34)
ME1_C      | (2073.91, 462.44)
ME1_C      | (2113.11, 1466.34)
ME1_C      | (2113.11, 462.44)
ME1_C      | (2120.95, 1466.34)
ME1_C      | (2120.95, 462.44)
ME1_C      | (2128.79, 1466.34)
ME1_C      | (2128.79, 462.44)
ME1_C      | (2136.63, 1466.34)
ME1_C      | (2136.63, 462.44)
ME1_C      | (2144.47, 1466.34)
ME1_C      | (2144.47, 462.44)
ME1_C      | (2152.31, 1466.34)
ME1_C      | (2152.31, 462.44)
ME1_C      | (2191.51, 1466.34)
ME1_C      | (2191.51, 462.44)
ME1_C      | (2199.35, 1466.34)
ME1_C      | (2199.35, 462.44)
ME1_C      | (2207.19, 1466.34)
ME1_C      | (2207.19, 462.44)
ME1_C      | (2215.03, 1466.34)
ME1_C      | (2215.03, 462.44)
ME1_C      | (2222.87, 1466.34)
ME1_C      | (2222.87, 462.44)
ME1_C      | (2230.71, 1466.34)
ME1_C      | (2230.71, 462.44)
ME2_C      | (1947.07, 1452.33)
ME2_C      | (1947.07, 1443.65)
ME2_C      | (1947.07, 1434.97)
ME2_C      | (1947.07, 1426.29)
ME2_C      | (1947.07, 1382.89)
ME2_C      | (1947.07, 1374.21)
ME2_C      | (1947.07, 1365.53)
ME2_C      | (1947.07, 1356.85)
ME2_C      | (1947.07, 1348.17)
ME2_C      | (1947.07, 1339.49)
ME2_C      | (1947.07, 1296.09)
ME2_C      | (1947.07, 1287.41)
ME2_C      | (1947.07, 1278.73)
ME2_C      | (1947.07, 1270.05)
ME2_C      | (1947.07, 1261.37)
ME2_C      | (1947.07, 1252.69)
ME2_C      | (1947.07, 1209.29)
ME2_C      | (1947.07, 1200.61)
ME2_C      | (1947.07, 1191.93)
ME2_C      | (1947.07, 1183.25)
ME2_C      | (1947.07, 1174.57)
ME2_C      | (1947.07, 1165.89)
ME2_C      | (1947.07, 1122.49)
ME2_C      | (1947.07, 1113.81)
ME2_C      | (1947.07, 1105.13)
ME2_C      | (1947.07, 1096.45)
ME2_C      | (1947.07, 1087.77)
ME2_C      | (1947.07, 1079.09)
ME2_C      | (1947.07, 1035.69)
ME2_C      | (1947.07, 1027.01)
ME2_C      | (1947.07, 1018.33)
ME2_C      | (1947.07, 1009.65)
ME2_C      | (1947.07, 1000.97)
ME2_C      | (1947.07, 992.29)
ME2_C      | (1947.07, 948.89)
ME2_C      | (1947.07, 940.21)
ME2_C      | (1947.07, 931.53)
ME2_C      | (1947.07, 922.85)
ME2_C      | (1947.07, 914.17)
ME2_C      | (1947.07, 905.49)
ME2_C      | (1947.07, 862.09)
ME2_C      | (1947.07, 853.41)
ME2_C      | (1947.07, 844.73)
ME2_C      | (1947.07, 836.05)
ME2_C      | (1947.07, 827.37)
ME2_C      | (1947.07, 818.69)
ME2_C      | (1947.07, 775.29)
ME2_C      | (1947.07, 766.61)
ME2_C      | (1947.07, 757.93)
ME2_C      | (1947.07, 749.25)
ME2_C      | (1947.07, 740.57)
ME2_C      | (1947.07, 731.89)
ME2_C      | (1947.07, 688.49)
ME2_C      | (1947.07, 679.81)
ME2_C      | (1947.07, 671.13)
ME2_C      | (1947.07, 662.45)
ME2_C      | (1947.07, 653.77)
ME2_C      | (1947.07, 645.09)
ME2_C      | (1947.07, 601.69)
ME2_C      | (1947.07, 593.01)
ME2_C      | (1947.07, 584.33)
ME2_C      | (1947.07, 575.65)
ME2_C      | (1947.07, 566.97)
ME2_C      | (1947.07, 558.29)
ME2_C      | (1947.07, 514.89)
ME2_C      | (1947.07, 506.21)
ME2_C      | (1947.07, 497.53)
ME2_C      | (1947.07, 488.85)
ME2_C      | (1947.07, 480.17)
ME2_C      | (1947.07, 471.49)
ME2_C      | (2239.95, 1449.23)
ME2_C      | (2239.95, 1427.53)
ME2_C      | (2239.95, 1405.83)
ME2_C      | (2239.95, 1379.17)
ME2_C      | (2239.95, 1362.43)
ME2_C      | (2239.95, 1249.59)
ME2_C      | (2239.95, 1222.93)
ME2_C      | (2239.95, 1201.23)
ME2_C      | (2239.95, 1179.53)
ME2_C      | (2239.95, 1152.87)
ME2_C      | (2239.95, 1136.75)
ME2_C      | (2239.95, 1023.29)
ME2_C      | (2239.95, 987.33)
ME2_C      | (2239.95, 978.65)
ME2_C      | (2239.95, 956.95)
ME2_C      | (2239.95, 935.87)
ME2_C      | (2239.95, 924.71)
ME2_C      | (2239.95, 816.83)
ME2_C      | (2239.95, 790.17)
ME2_C      | (2239.95, 773.43)
ME2_C      | (2239.95, 746.77)
ME2_C      | (2239.95, 725.07)
ME2_C      | (2239.95, 703.37)
ME2_C      | (2239.95, 590.53)
ME2_C      | (2239.95, 563.87)
ME2_C      | (2239.95, 547.13)
ME2_C      | (2239.95, 520.47)
ME2_C      | (2239.95, 499.39)
ME2_C      | (2239.95, 477.69)
ME3_C      | (1947.07, 1452.33)
ME3_C      | (1947.07, 1443.65)
ME3_C      | (1947.07, 1434.97)
ME3_C      | (1947.07, 1426.29)
ME3_C      | (1947.07, 1382.89)
ME3_C      | (1947.07, 1374.21)
ME3_C      | (1947.07, 1365.53)
ME3_C      | (1947.07, 1356.85)
ME3_C      | (1947.07, 1348.17)
ME3_C      | (1947.07, 1339.49)
ME3_C      | (1947.07, 1296.09)
ME3_C      | (1947.07, 1287.41)
ME3_C      | (1947.07, 1278.73)
ME3_C      | (1947.07, 1270.05)
ME3_C      | (1947.07, 1261.37)
ME3_C      | (1947.07, 1252.69)
ME3_C      | (1947.07, 1209.29)
ME3_C      | (1947.07, 1200.61)
ME3_C      | (1947.07, 1191.93)
ME3_C      | (1947.07, 1183.25)
ME3_C      | (1947.07, 1174.57)
ME3_C      | (1947.07, 1165.89)
ME3_C      | (1947.07, 1122.49)
ME3_C      | (1947.07, 1113.81)
ME3_C      | (1947.07, 1105.13)
ME3_C      | (1947.07, 1096.45)
ME3_C      | (1947.07, 1087.77)
ME3_C      | (1947.07, 1079.09)
ME3_C      | (1947.07, 1035.69)
ME3_C      | (1947.07, 1027.01)
ME3_C      | (1947.07, 1018.33)
ME3_C      | (1947.07, 1009.65)
ME3_C      | (1947.07, 1000.97)
ME3_C      | (1947.07, 992.29)
ME3_C      | (1947.07, 862.09)
ME3_C      | (1947.07, 853.41)
ME3_C      | (1947.07, 844.73)
ME3_C      | (1947.07, 836.05)
ME3_C      | (1947.07, 827.37)
ME3_C      | (1947.07, 818.69)
ME3_C      | (1947.07, 775.29)
ME3_C      | (1947.07, 766.61)
ME3_C      | (1947.07, 757.93)
ME3_C      | (1947.07, 749.25)
ME3_C      | (1947.07, 740.57)
ME3_C      | (1947.07, 731.89)
ME3_C      | (1947.07, 688.49)
ME3_C      | (1947.07, 679.81)
ME3_C      | (1947.07, 671.13)
ME3_C      | (1947.07, 662.45)
ME3_C      | (1947.07, 653.77)
ME3_C      | (1947.07, 645.09)
ME3_C      | (1947.07, 601.69)
ME3_C      | (1947.07, 593.01)
ME3_C      | (1947.07, 584.33)
ME3_C      | (1947.07, 575.65)
ME3_C      | (1947.07, 566.97)
ME3_C      | (1947.07, 558.29)
ME3_C      | (1947.07, 514.89)
ME3_C      | (1947.07, 506.21)
ME3_C      | (1947.07, 497.53)
ME3_C      | (1947.07, 488.85)
ME3_C      | (1947.07, 480.17)
ME3_C      | (1947.07, 471.49)
ME3_C      | (1956.31, 1466.34)
ME3_C      | (1956.31, 462.44)
ME3_C      | (1964.15, 1466.34)
ME3_C      | (1964.15, 462.44)
ME3_C      | (1971.99, 1466.34)
ME3_C      | (1971.99, 462.44)
ME3_C      | (1979.83, 1466.34)
ME3_C      | (1979.83, 462.44)
ME3_C      | (1987.67, 1466.34)
ME3_C      | (1987.67, 462.44)
ME3_C      | (1995.51, 1466.34)
ME3_C      | (1995.51, 462.44)
ME3_C      | (2034.71, 1466.34)
ME3_C      | (2034.71, 462.44)
ME3_C      | (2042.55, 1466.34)
ME3_C      | (2042.55, 462.44)
ME3_C      | (2050.39, 1466.34)
ME3_C      | (2050.39, 462.44)
ME3_C      | (2058.23, 1466.34)
ME3_C      | (2058.23, 462.44)
ME3_C      | (2066.07, 1466.34)
ME3_C      | (2066.07, 462.44)
ME3_C      | (2073.91, 1466.34)
ME3_C      | (2073.91, 462.44)
ME3_C      | (2113.11, 1466.34)
ME3_C      | (2113.11, 462.44)
ME3_C      | (2120.95, 1466.34)
ME3_C      | (2120.95, 462.44)
ME3_C      | (2128.79, 1466.34)
ME3_C      | (2128.79, 462.44)
ME3_C      | (2136.63, 1466.34)
ME3_C      | (2136.63, 462.44)
ME3_C      | (2144.47, 1466.34)
ME3_C      | (2144.47, 462.44)
ME3_C      | (2152.31, 1466.34)
ME3_C      | (2152.31, 462.44)
ME3_C      | (2191.51, 1466.34)
ME3_C      | (2191.51, 462.44)
ME3_C      | (2199.35, 1466.34)
ME3_C      | (2199.35, 462.44)
ME3_C      | (2207.19, 1466.34)
ME3_C      | (2207.19, 462.44)
ME3_C      | (2215.03, 1466.34)
ME3_C      | (2215.03, 462.44)
ME3_C      | (2222.87, 1466.34)
ME3_C      | (2222.87, 462.44)
ME3_C      | (2230.71, 1466.34)
ME3_C      | (2230.71, 462.44)
ME3_C      | (2239.95, 1449.23)
ME3_C      | (2239.95, 1427.53)
ME3_C      | (2239.95, 1405.83)
ME3_C      | (2239.95, 1379.17)
ME3_C      | (2239.95, 1362.43)
ME3_C      | (2239.95, 1249.59)
ME3_C      | (2239.95, 1222.93)
ME3_C      | (2239.95, 1201.23)
ME3_C      | (2239.95, 1179.53)
ME3_C      | (2239.95, 1152.87)
ME3_C      | (2239.95, 1136.75)
ME3_C      | (2239.95, 1023.29)
ME3_C      | (2239.95, 987.33)
ME3_C      | (2239.95, 978.65)
ME3_C      | (2239.95, 956.95)
ME3_C      | (2239.95, 935.87)
ME3_C      | (2239.95, 924.71)
ME3_C      | (2239.95, 816.83)
ME3_C      | (2239.95, 790.17)
ME3_C      | (2239.95, 773.43)
ME3_C      | (2239.95, 746.77)
ME3_C      | (2239.95, 725.07)
ME3_C      | (2239.95, 703.37)
ME3_C      | (2239.95, 590.53)
ME3_C      | (2239.95, 563.87)
ME3_C      | (2239.95, 547.13)
ME3_C      | (2239.95, 520.47)
ME3_C      | (2239.95, 499.39)
ME3_C      | (2239.95, 477.69)
ME4_C      | (1947.07, 1452.33)
ME4_C      | (1947.07, 1443.65)
ME4_C      | (1947.07, 1434.97)
ME4_C      | (1947.07, 1426.29)
ME4_C      | (1947.07, 1382.89)
ME4_C      | (1947.07, 1374.21)
ME4_C      | (1947.07, 1365.53)
ME4_C      | (1947.07, 1356.85)
ME4_C      | (1947.07, 1348.17)
ME4_C      | (1947.07, 1339.49)
ME4_C      | (1947.07, 1296.09)
ME4_C      | (1947.07, 1287.41)
ME4_C      | (1947.07, 1278.73)
ME4_C      | (1947.07, 1270.05)
ME4_C      | (1947.07, 1261.37)
ME4_C      | (1947.07, 1252.69)
ME4_C      | (1947.07, 1209.29)
ME4_C      | (1947.07, 1200.61)
ME4_C      | (1947.07, 1191.93)
ME4_C      | (1947.07, 1183.25)
ME4_C      | (1947.07, 1174.57)
ME4_C      | (1947.07, 1165.89)
ME4_C      | (1947.07, 1122.49)
ME4_C      | (1947.07, 1113.81)
ME4_C      | (1947.07, 1105.13)
ME4_C      | (1947.07, 1096.45)
ME4_C      | (1947.07, 1087.77)
ME4_C      | (1947.07, 1079.09)
ME4_C      | (1947.07, 1035.69)
ME4_C      | (1947.07, 1027.01)
ME4_C      | (1947.07, 1018.33)
ME4_C      | (1947.07, 1009.65)
ME4_C      | (1947.07, 1000.97)
ME4_C      | (1947.07, 992.29)
ME4_C      | (1947.07, 948.89)
ME4_C      | (1947.07, 940.21)
ME4_C      | (1947.07, 931.53)
ME4_C      | (1947.07, 922.85)
ME4_C      | (1947.07, 914.17)
ME4_C      | (1947.07, 905.49)
ME4_C      | (1947.07, 862.09)
ME4_C      | (1947.07, 853.41)
ME4_C      | (1947.07, 844.73)
ME4_C      | (1947.07, 836.05)
ME4_C      | (1947.07, 827.37)
ME4_C      | (1947.07, 818.69)
ME4_C      | (1947.07, 775.29)
ME4_C      | (1947.07, 766.61)
ME4_C      | (1947.07, 757.93)
ME4_C      | (1947.07, 749.25)
ME4_C      | (1947.07, 740.57)
ME4_C      | (1947.07, 731.89)
ME4_C      | (1947.07, 688.49)
ME4_C      | (1947.07, 679.81)
ME4_C      | (1947.07, 671.13)
ME4_C      | (1947.07, 662.45)
ME4_C      | (1947.07, 653.77)
ME4_C      | (1947.07, 645.09)
ME4_C      | (1947.07, 601.69)
ME4_C      | (1947.07, 593.01)
ME4_C      | (1947.07, 584.33)
ME4_C      | (1947.07, 575.65)
ME4_C      | (1947.07, 566.97)
ME4_C      | (1947.07, 558.29)
ME4_C      | (1947.07, 514.89)
ME4_C      | (1947.07, 506.21)
ME4_C      | (1947.07, 497.53)
ME4_C      | (1947.07, 488.85)
ME4_C      | (1947.07, 480.17)
ME4_C      | (1947.07, 471.49)
ME4_C      | (1956.31, 1466.34)
ME4_C      | (1956.31, 462.44)
ME4_C      | (1964.15, 1466.34)
ME4_C      | (1964.15, 462.44)
ME4_C      | (1971.99, 1466.34)
ME4_C      | (1971.99, 462.44)
ME4_C      | (1979.83, 1466.34)
ME4_C      | (1979.83, 462.44)
ME4_C      | (1987.67, 1466.34)
ME4_C      | (1987.67, 462.44)
ME4_C      | (1995.51, 1466.34)
ME4_C      | (1995.51, 462.44)
ME4_C      | (2034.71, 1466.34)
ME4_C      | (2034.71, 462.44)
ME4_C      | (2042.55, 1466.34)
ME4_C      | (2042.55, 462.44)
ME4_C      | (2050.39, 1466.34)
ME4_C      | (2050.39, 462.44)
ME4_C      | (2058.23, 1466.34)
ME4_C      | (2058.23, 462.44)
ME4_C      | (2066.07, 1466.34)
ME4_C      | (2066.07, 462.44)
ME4_C      | (2073.91, 1466.34)
ME4_C      | (2073.91, 462.44)
ME4_C      | (2113.11, 1466.34)
ME4_C      | (2113.11, 462.44)
ME4_C      | (2120.95, 1466.34)
ME4_C      | (2120.95, 462.44)
ME4_C      | (2128.79, 1466.34)
ME4_C      | (2128.79, 462.44)
ME4_C      | (2136.63, 1466.34)
ME4_C      | (2136.63, 462.44)
ME4_C      | (2144.47, 1466.34)
ME4_C      | (2144.47, 462.44)
ME4_C      | (2152.31, 1466.34)
ME4_C      | (2152.31, 462.44)
ME4_C      | (2191.51, 1466.34)
ME4_C      | (2191.51, 462.44)
ME4_C      | (2199.35, 1466.34)
ME4_C      | (2199.35, 462.44)
ME4_C      | (2207.19, 1466.34)
ME4_C      | (2207.19, 462.44)
ME4_C      | (2215.03, 1466.34)
ME4_C      | (2215.03, 462.44)
ME4_C      | (2222.87, 1466.34)
ME4_C      | (2222.87, 462.44)
ME4_C      | (2230.71, 1466.34)
ME4_C      | (2230.71, 462.44)
ME4_C      | (2239.95, 1449.23)
ME4_C      | (2239.95, 1427.53)
ME4_C      | (2239.95, 1405.83)
ME4_C      | (2239.95, 1379.17)
ME4_C      | (2239.95, 1362.43)
ME4_C      | (2239.95, 1249.59)
ME4_C      | (2239.95, 1222.93)
ME4_C      | (2239.95, 1201.23)
ME4_C      | (2239.95, 1179.53)
ME4_C      | (2239.95, 1152.87)
ME4_C      | (2239.95, 1136.75)
ME4_C      | (2239.95, 1023.29)
ME4_C      | (2239.95, 987.33)
ME4_C      | (2239.95, 978.65)
ME4_C      | (2239.95, 956.95)
ME4_C      | (2239.95, 935.87)
ME4_C      | (2239.95, 924.71)
ME4_C      | (2239.95, 816.83)
ME4_C      | (2239.95, 790.17)
ME4_C      | (2239.95, 773.43)
ME4_C      | (2239.95, 746.77)
ME4_C      | (2239.95, 725.07)
ME4_C      | (2239.95, 703.37)
ME4_C      | (2239.95, 590.53)
ME4_C      | (2239.95, 563.87)
ME4_C      | (2239.95, 547.13)
ME4_C      | (2239.95, 520.47)
ME4_C      | (2239.95, 499.39)
ME4_C      | (2239.95, 477.69)
ME1_C      | (1611.19, 1369.04)
ME1_C      | (1611.19, 1377.72)
ME1_C      | (1611.19, 1421.12)
ME1_C      | (1611.19, 1429.8)
ME1_C      | (1611.19, 1438.48)
ME1_C      | (1611.19, 1447.16)
ME1_C      | (1611.19, 1455.84)
ME1_C      | (1611.19, 1464.52)
ME1_C      | (1611.19, 1507.92)
ME1_C      | (1611.19, 1516.6)
ME1_C      | (1611.19, 2202.32)
ME1_C      | (1611.19, 2211)
ME1_C      | (1611.19, 2219.68)
ME1_C      | (1611.19, 2228.36)
ME1_C      | (1611.19, 2237.04)
ME1_C      | (1611.19, 2245.72)
ME1_C      | (1650.11, 1348.21)
ME1_C      | (1650.11, 2341.57)
ME1_C      | (1657.95, 1348.21)
ME1_C      | (1657.95, 2341.57)
ME1_C      | (1665.79, 1348.21)
ME1_C      | (1665.79, 2341.57)
ME1_C      | (1673.63, 1348.21)
ME1_C      | (1673.63, 2341.57)
ME1_C      | (1681.47, 1348.21)
ME1_C      | (1681.47, 2341.57)
ME1_C      | (1689.31, 1348.21)
ME1_C      | (1689.31, 2341.57)
ME1_C      | (1728.51, 1348.21)
ME1_C      | (1728.51, 2341.57)
ME1_C      | (1736.35, 1348.21)
ME1_C      | (1736.35, 2341.57)
ME1_C      | (1744.19, 1348.21)
ME1_C      | (1744.19, 2341.57)
ME1_C      | (1752.03, 1348.21)
ME1_C      | (1752.03, 2341.57)
ME1_C      | (1759.87, 1348.21)
ME1_C      | (1759.87, 2341.57)
ME1_C      | (1767.71, 1348.21)
ME1_C      | (1767.71, 2341.57)
ME1_C      | (1776.95, 1782.58)
ME1_C      | (1776.95, 1804.28)
ME1_C      | (1776.95, 1831.56)
ME1_C      | (1776.95, 1840.24)
ME1_C      | (1776.95, 1868.14)
ME1_C      | (1776.95, 1879.3)
ME1_C      | (1776.95, 1987.18)
ME2_C      | (1611.19, 1360.36)
ME2_C      | (1611.19, 1369.04)
ME2_C      | (1611.19, 1377.72)
ME2_C      | (1611.19, 1421.12)
ME2_C      | (1611.19, 1429.8)
ME2_C      | (1611.19, 1438.48)
ME2_C      | (1611.19, 1447.16)
ME2_C      | (1611.19, 1455.84)
ME2_C      | (1611.19, 1464.52)
ME2_C      | (1611.19, 1507.92)
ME2_C      | (1611.19, 1516.6)
ME2_C      | (1611.19, 1525.28)
ME2_C      | (1611.19, 1533.96)
ME2_C      | (1611.19, 1542.64)
ME2_C      | (1611.19, 1551.32)
ME2_C      | (1611.19, 1594.72)
ME2_C      | (1611.19, 1603.4)
ME2_C      | (1611.19, 1612.08)
ME2_C      | (1611.19, 1620.76)
ME2_C      | (1611.19, 1629.44)
ME2_C      | (1611.19, 1638.12)
ME2_C      | (1611.19, 1681.52)
ME2_C      | (1611.19, 1690.2)
ME2_C      | (1611.19, 1698.88)
ME2_C      | (1611.19, 1707.56)
ME2_C      | (1611.19, 1716.24)
ME2_C      | (1611.19, 1724.92)
ME2_C      | (1611.19, 1768.32)
ME2_C      | (1611.19, 1777)
ME2_C      | (1611.19, 1785.68)
ME2_C      | (1611.19, 1794.36)
ME2_C      | (1611.19, 1803.04)
ME2_C      | (1611.19, 1811.72)
ME2_C      | (1611.19, 1855.12)
ME2_C      | (1611.19, 1863.8)
ME2_C      | (1611.19, 1872.48)
ME2_C      | (1611.19, 1881.16)
ME2_C      | (1611.19, 1889.84)
ME2_C      | (1611.19, 1898.52)
ME2_C      | (1611.19, 1941.92)
ME2_C      | (1611.19, 1950.6)
ME2_C      | (1611.19, 1959.28)
ME2_C      | (1611.19, 1967.96)
ME2_C      | (1611.19, 1976.64)
ME2_C      | (1611.19, 1985.32)
ME2_C      | (1611.19, 2028.72)
ME2_C      | (1611.19, 2037.4)
ME2_C      | (1611.19, 2046.08)
ME2_C      | (1611.19, 2054.76)
ME2_C      | (1611.19, 2063.44)
ME2_C      | (1611.19, 2072.12)
ME2_C      | (1611.19, 2115.52)
ME2_C      | (1611.19, 2124.2)
ME2_C      | (1611.19, 2132.88)
ME2_C      | (1611.19, 2141.56)
ME2_C      | (1611.19, 2150.24)
ME2_C      | (1611.19, 2158.92)
ME2_C      | (1611.19, 2202.32)
ME2_C      | (1611.19, 2211)
ME2_C      | (1611.19, 2219.68)
ME2_C      | (1611.19, 2228.36)
ME2_C      | (1611.19, 2237.04)
ME2_C      | (1611.19, 2245.72)
ME2_C      | (1611.19, 2289.12)
ME2_C      | (1611.19, 2297.8)
ME2_C      | (1611.19, 2306.48)
ME2_C      | (1611.19, 2315.16)
ME2_C      | (1611.19, 2323.84)
ME2_C      | (1611.19, 2332.52)
ME2_C      | (1776.95, 1357.26)
ME2_C      | (1776.95, 1378.96)
ME2_C      | (1776.95, 1395.7)
ME2_C      | (1776.95, 1422.36)
ME2_C      | (1776.95, 1443.44)
ME2_C      | (1776.95, 1556.9)
ME2_C      | (1776.95, 1578.6)
ME2_C      | (1776.95, 1605.26)
ME2_C      | (1776.95, 1621.38)
ME2_C      | (1776.95, 1648.04)
ME2_C      | (1776.95, 1669.74)
ME2_C      | (1776.95, 1782.58)
ME2_C      | (1776.95, 1804.28)
ME2_C      | (1776.95, 1831.56)
ME2_C      | (1776.95, 1840.24)
ME2_C      | (1776.95, 1868.14)
ME2_C      | (1776.95, 1879.3)
ME2_C      | (1776.95, 1987.18)
ME2_C      | (1776.95, 2013.84)
ME2_C      | (1776.95, 2030.58)
ME2_C      | (1776.95, 2057.24)
ME2_C      | (1776.95, 2078.94)
ME2_C      | (1776.95, 2100.64)
ME2_C      | (1776.95, 2213.48)
ME2_C      | (1776.95, 2240.14)
ME2_C      | (1776.95, 2256.88)
ME2_C      | (1776.95, 2283.54)
ME2_C      | (1776.95, 2304.62)
ME2_C      | (1776.95, 2326.32)
ME3_C      | (1611.19, 1360.36)
ME3_C      | (1611.19, 1525.28)
ME3_C      | (1611.19, 1533.96)
ME3_C      | (1611.19, 1542.64)
ME3_C      | (1611.19, 1551.32)
ME3_C      | (1611.19, 1594.72)
ME3_C      | (1611.19, 1603.4)
ME3_C      | (1611.19, 1612.08)
ME3_C      | (1611.19, 1620.76)
ME3_C      | (1611.19, 1629.44)
ME3_C      | (1611.19, 1638.12)
ME3_C      | (1611.19, 1681.52)
ME3_C      | (1611.19, 1690.2)
ME3_C      | (1611.19, 1698.88)
ME3_C      | (1611.19, 1707.56)
ME3_C      | (1611.19, 1716.24)
ME3_C      | (1611.19, 1724.92)
ME3_C      | (1611.19, 1768.32)
ME3_C      | (1611.19, 1777)
ME3_C      | (1611.19, 1785.68)
ME3_C      | (1611.19, 1794.36)
ME3_C      | (1611.19, 1803.04)
ME3_C      | (1611.19, 1811.72)
ME3_C      | (1611.19, 1855.12)
ME3_C      | (1611.19, 1863.8)
ME3_C      | (1611.19, 1872.48)
ME3_C      | (1611.19, 1881.16)
ME3_C      | (1611.19, 1889.84)
ME3_C      | (1611.19, 1898.52)
ME3_C      | (1611.19, 1941.92)
ME3_C      | (1611.19, 1950.6)
ME3_C      | (1611.19, 1959.28)
ME3_C      | (1611.19, 1967.96)
ME3_C      | (1611.19, 1976.64)
ME3_C      | (1611.19, 1985.32)
ME3_C      | (1611.19, 2028.72)
ME3_C      | (1611.19, 2037.4)
ME3_C      | (1611.19, 2046.08)
ME3_C      | (1611.19, 2054.76)
ME3_C      | (1611.19, 2063.44)
ME3_C      | (1611.19, 2072.12)
ME3_C      | (1611.19, 2115.52)
ME3_C      | (1611.19, 2124.2)
ME3_C      | (1611.19, 2132.88)
ME3_C      | (1611.19, 2141.56)
ME3_C      | (1611.19, 2150.24)
ME3_C      | (1611.19, 2158.92)
ME3_C      | (1611.19, 2289.12)
ME3_C      | (1611.19, 2297.8)
ME3_C      | (1611.19, 2306.48)
ME3_C      | (1611.19, 2315.16)
ME3_C      | (1611.19, 2323.84)
ME3_C      | (1611.19, 2332.52)
ME3_C      | (1650.11, 1348.21)
ME3_C      | (1650.11, 2341.57)
ME3_C      | (1657.95, 1348.21)
ME3_C      | (1657.95, 2341.57)
ME3_C      | (1665.79, 1348.21)
ME3_C      | (1665.79, 2341.57)
ME3_C      | (1673.63, 1348.21)
ME3_C      | (1673.63, 2341.57)
ME3_C      | (1681.47, 1348.21)
ME3_C      | (1681.47, 2341.57)
ME3_C      | (1689.31, 1348.21)
ME3_C      | (1689.31, 2341.57)
ME3_C      | (1728.51, 1348.21)
ME3_C      | (1728.51, 2341.57)
ME3_C      | (1736.35, 1348.21)
ME3_C      | (1736.35, 2341.57)
ME3_C      | (1744.19, 1348.21)
ME3_C      | (1744.19, 2341.57)
ME3_C      | (1752.03, 1348.21)
ME3_C      | (1752.03, 2341.57)
ME3_C      | (1759.87, 1348.21)
ME3_C      | (1759.87, 2341.57)
ME3_C      | (1767.71, 1348.21)
ME3_C      | (1767.71, 2341.57)
ME3_C      | (1776.95, 1357.26)
ME3_C      | (1776.95, 1378.96)
ME3_C      | (1776.95, 1395.7)
ME3_C      | (1776.95, 1422.36)
ME3_C      | (1776.95, 1443.44)
ME3_C      | (1776.95, 1556.9)
ME3_C      | (1776.95, 1578.6)
ME3_C      | (1776.95, 1605.26)
ME3_C      | (1776.95, 1621.38)
ME3_C      | (1776.95, 1648.04)
ME3_C      | (1776.95, 1669.74)
ME3_C      | (1776.95, 2013.84)
ME3_C      | (1776.95, 2030.58)
ME3_C      | (1776.95, 2057.24)
ME3_C      | (1776.95, 2078.94)
ME3_C      | (1776.95, 2100.64)
ME3_C      | (1776.95, 2213.48)
ME3_C      | (1776.95, 2240.14)
ME3_C      | (1776.95, 2256.88)
ME3_C      | (1776.95, 2283.54)
ME3_C      | (1776.95, 2304.62)
ME3_C      | (1776.95, 2326.32)
ME4_C      | (1611.19, 1360.36)
ME4_C      | (1611.19, 1369.04)
ME4_C      | (1611.19, 1377.72)
ME4_C      | (1611.19, 1421.12)
ME4_C      | (1611.19, 1429.8)
ME4_C      | (1611.19, 1438.48)
ME4_C      | (1611.19, 1447.16)
ME4_C      | (1611.19, 1455.84)
ME4_C      | (1611.19, 1464.52)
ME4_C      | (1611.19, 1507.92)
ME4_C      | (1611.19, 1516.6)
ME4_C      | (1611.19, 1525.28)
ME4_C      | (1611.19, 1533.96)
ME4_C      | (1611.19, 1542.64)
ME4_C      | (1611.19, 1551.32)
ME4_C      | (1611.19, 1594.72)
ME4_C      | (1611.19, 1603.4)
ME4_C      | (1611.19, 1612.08)
ME4_C      | (1611.19, 1620.76)
ME4_C      | (1611.19, 1629.44)
ME4_C      | (1611.19, 1638.12)
ME4_C      | (1611.19, 1681.52)
ME4_C      | (1611.19, 1690.2)
ME4_C      | (1611.19, 1698.88)
ME4_C      | (1611.19, 1707.56)
ME4_C      | (1611.19, 1716.24)
ME4_C      | (1611.19, 1724.92)
ME4_C      | (1611.19, 1768.32)
ME4_C      | (1611.19, 1777)
ME4_C      | (1611.19, 1785.68)
ME4_C      | (1611.19, 1794.36)
ME4_C      | (1611.19, 1803.04)
ME4_C      | (1611.19, 1811.72)
ME4_C      | (1611.19, 1855.12)
ME4_C      | (1611.19, 1863.8)
ME4_C      | (1611.19, 1872.48)
ME4_C      | (1611.19, 1881.16)
ME4_C      | (1611.19, 1889.84)
ME4_C      | (1611.19, 1898.52)
ME4_C      | (1611.19, 1941.92)
ME4_C      | (1611.19, 1950.6)
ME4_C      | (1611.19, 1959.28)
ME4_C      | (1611.19, 1967.96)
ME4_C      | (1611.19, 1976.64)
ME4_C      | (1611.19, 1985.32)
ME4_C      | (1611.19, 2028.72)
ME4_C      | (1611.19, 2037.4)
ME4_C      | (1611.19, 2046.08)
ME4_C      | (1611.19, 2054.76)
ME4_C      | (1611.19, 2063.44)
ME4_C      | (1611.19, 2072.12)
ME4_C      | (1611.19, 2115.52)
ME4_C      | (1611.19, 2124.2)
ME4_C      | (1611.19, 2132.88)
ME4_C      | (1611.19, 2141.56)
ME4_C      | (1611.19, 2150.24)
ME4_C      | (1611.19, 2158.92)
ME4_C      | (1611.19, 2202.32)
ME4_C      | (1611.19, 2211)
ME4_C      | (1611.19, 2219.68)
ME4_C      | (1611.19, 2228.36)
ME4_C      | (1611.19, 2237.04)
ME4_C      | (1611.19, 2245.72)
ME4_C      | (1611.19, 2289.12)
ME4_C      | (1611.19, 2297.8)
ME4_C      | (1611.19, 2306.48)
ME4_C      | (1611.19, 2315.16)
ME4_C      | (1611.19, 2323.84)
ME4_C      | (1611.19, 2332.52)
ME4_C      | (1650.11, 1348.21)
ME4_C      | (1650.11, 2341.57)
ME4_C      | (1657.95, 1348.21)
ME4_C      | (1657.95, 2341.57)
ME4_C      | (1665.79, 1348.21)
ME4_C      | (1665.79, 2341.57)
ME4_C      | (1673.63, 1348.21)
ME4_C      | (1673.63, 2341.57)
ME4_C      | (1681.47, 1348.21)
ME4_C      | (1681.47, 2341.57)
ME4_C      | (1689.31, 1348.21)
ME4_C      | (1689.31, 2341.57)
ME4_C      | (1728.51, 1348.21)
ME4_C      | (1728.51, 2341.57)
ME4_C      | (1736.35, 1348.21)
ME4_C      | (1736.35, 2341.57)
ME4_C      | (1744.19, 1348.21)
ME4_C      | (1744.19, 2341.57)
ME4_C      | (1752.03, 1348.21)
ME4_C      | (1752.03, 2341.57)
ME4_C      | (1759.87, 1348.21)
ME4_C      | (1759.87, 2341.57)
ME4_C      | (1767.71, 1348.21)
ME4_C      | (1767.71, 2341.57)
ME4_C      | (1776.95, 1357.26)
ME4_C      | (1776.95, 1378.96)
ME4_C      | (1776.95, 1395.7)
ME4_C      | (1776.95, 1422.36)
ME4_C      | (1776.95, 1443.44)
ME4_C      | (1776.95, 1556.9)
ME4_C      | (1776.95, 1578.6)
ME4_C      | (1776.95, 1605.26)
ME4_C      | (1776.95, 1621.38)
ME4_C      | (1776.95, 1648.04)
ME4_C      | (1776.95, 1669.74)
ME4_C      | (1776.95, 1782.58)
ME4_C      | (1776.95, 1804.28)
ME4_C      | (1776.95, 1831.56)
ME4_C      | (1776.95, 1840.24)
ME4_C      | (1776.95, 1868.14)
ME4_C      | (1776.95, 1879.3)
ME4_C      | (1776.95, 1987.18)
ME4_C      | (1776.95, 2013.84)
ME4_C      | (1776.95, 2030.58)
ME4_C      | (1776.95, 2057.24)
ME4_C      | (1776.95, 2078.94)
ME4_C      | (1776.95, 2100.64)
ME4_C      | (1776.95, 2213.48)
ME4_C      | (1776.95, 2240.14)
ME4_C      | (1776.95, 2256.88)
ME4_C      | (1776.95, 2283.54)
ME4_C      | (1776.95, 2304.62)
ME4_C      | (1776.95, 2326.32)
ME1_C      | (503.244, 2795.82)
ME1_C      | (465.297, 2795.82)
ME2_C      | (503.244, 2795.82)
ME2_C      | (465.297, 2795.82)
ME3_C      | (503.244, 2795.82)
ME3_C      | (465.297, 2795.82)
ME4_C      | (503.244, 2795.82)
ME4_C      | (465.297, 2795.82)
ME5_C      | (503.244, 2795.82)
ME5_C      | (465.297, 2795.82)
ME1_C      | (1.5, 471.744)
ME1_C      | (1.5, 433.797)
ME2_C      | (1.5, 471.744)
ME2_C      | (1.5, 433.797)
ME3_C      | (1.5, 471.744)
ME3_C      | (1.5, 433.797)
ME4_C      | (1.5, 471.744)
ME4_C      | (1.5, 433.797)
ME5_C      | (1.5, 471.744)
ME5_C      | (1.5, 433.797)
ME1_C      | (465.296, 1.5)
ME1_C      | (503.243, 1.5)
ME2_C      | (465.296, 1.5)
ME2_C      | (503.243, 1.5)
ME3_C      | (465.296, 1.5)
ME3_C      | (503.243, 1.5)
ME4_C      | (465.296, 1.5)
ME4_C      | (503.243, 1.5)
ME5_C      | (465.296, 1.5)
ME5_C      | (503.243, 1.5)
ME1_C      | (2844.3, 458.376)
ME1_C      | (2844.3, 496.323)
ME2_C      | (2844.3, 458.376)
ME2_C      | (2844.3, 496.323)
ME3_C      | (2844.3, 458.376)
ME3_C      | (2844.3, 496.323)
ME4_C      | (2844.3, 458.376)
ME4_C      | (2844.3, 496.323)
ME5_C      | (2844.3, 458.376)
ME5_C      | (2844.3, 496.323)
ME1_C      | (690.974, 2795.82)
ME1_C      | (653.027, 2795.82)
ME2_C      | (690.974, 2795.82)
ME2_C      | (653.027, 2795.82)
ME3_C      | (690.974, 2795.82)
ME3_C      | (653.027, 2795.82)
ME4_C      | (690.974, 2795.82)
ME4_C      | (653.027, 2795.82)
ME5_C      | (690.974, 2795.82)
ME5_C      | (653.027, 2795.82)
ME1_C      | (1.5, 643.724)
ME1_C      | (1.5, 605.777)
ME2_C      | (1.5, 643.724)
ME2_C      | (1.5, 605.777)
ME3_C      | (1.5, 643.724)
ME3_C      | (1.5, 605.777)
ME4_C      | (1.5, 643.724)
ME4_C      | (1.5, 605.777)
ME5_C      | (1.5, 643.724)
ME5_C      | (1.5, 605.777)
ME1_C      | (653.026, 1.5)
ME1_C      | (690.973, 1.5)
ME2_C      | (653.026, 1.5)
ME2_C      | (690.973, 1.5)
ME3_C      | (653.026, 1.5)
ME3_C      | (690.973, 1.5)
ME4_C      | (653.026, 1.5)
ME4_C      | (690.973, 1.5)
ME5_C      | (653.026, 1.5)
ME5_C      | (690.973, 1.5)
ME1_C      | (2844.3, 642.646)
ME1_C      | (2844.3, 680.593)
ME2_C      | (2844.3, 642.646)
ME2_C      | (2844.3, 680.593)
ME3_C      | (2844.3, 642.646)
ME3_C      | (2844.3, 680.593)
ME4_C      | (2844.3, 642.646)
ME4_C      | (2844.3, 680.593)
ME5_C      | (2844.3, 642.646)
ME5_C      | (2844.3, 680.593)

Found 3087 weakly connected metal segments



* Dropped Voltage Sources

