* Missing Cell Power-Grid Views

Cell Name
------------------------------------------------------------------


* Physically Disconnected Instances



* Instances with Floating Power Pins


* Disconnected Wire Segments

Layer           | Internal to Cell | Location (um)
------------------------------------------------------------------
ME4_C           | no               |(1776.95, 2313.3)
ME4_C           | no               |(1776.95, 2296.56)
ME4_C           | no               |(1776.95, 2269.9)
ME4_C           | no               |(1776.95, 2248.2)
ME4_C           | no               |(1776.95, 2226.5)
ME4_C           | no               |(1776.95, 2200.46)
ME4_C           | no               |(1776.95, 2087)
ME4_C           | no               |(1776.95, 2070.26)
ME4_C           | no               |(1776.95, 2043.6)
ME4_C           | no               |(1776.95, 2021.9)
ME4_C           | no               |(1776.95, 2000.82)
ME4_C           | no               |(1776.95, 1974.16)
ME4_C           | no               |(1776.95, 1874.96)
ME4_C           | no               |(1776.95, 1857.6)
ME4_C           | no               |(1776.95, 1835.9)
ME4_C           | no               |(1776.95, 1827.22)
ME4_C           | no               |(1776.95, 1791.26)
ME4_C           | no               |(1776.95, 1774.52)
ME4_C           | no               |(1776.95, 1661.68)
ME4_C           | no               |(1776.95, 1635.02)
ME4_C           | no               |(1776.95, 1613.32)
ME4_C           | no               |(1776.95, 1591.62)
ME4_C           | no               |(1776.95, 1564.96)
ME4_C           | no               |(1776.95, 1548.22)
ME4_C           | no               |(1776.95, 1435.38)
ME4_C           | no               |(1776.95, 1408.72)
ME4_C           | no               |(1776.95, 1387.02)
ME4_C           | no               |(1776.95, 1365.32)
ME4_C           | no               |(1763.79, 2341.57)
ME4_C           | no               |(1763.79, 1348.21)
ME4_C           | no               |(1755.95, 2341.57)
ME4_C           | no               |(1755.95, 1348.21)
ME4_C           | no               |(1748.11, 2341.57)
ME4_C           | no               |(1748.11, 1348.21)
ME4_C           | no               |(1740.27, 2341.57)
ME4_C           | no               |(1740.27, 1348.21)
ME4_C           | no               |(1732.43, 2341.57)
ME4_C           | no               |(1732.43, 1348.21)
ME4_C           | no               |(1724.59, 2341.57)
ME4_C           | no               |(1724.59, 1348.21)
ME4_C           | no               |(1685.39, 2341.57)
ME4_C           | no               |(1685.39, 1348.21)
ME4_C           | no               |(1677.55, 2341.57)
ME4_C           | no               |(1677.55, 1348.21)
ME4_C           | no               |(1669.71, 2341.57)
ME4_C           | no               |(1669.71, 1348.21)
ME4_C           | no               |(1661.87, 2341.57)
ME4_C           | no               |(1661.87, 1348.21)
ME4_C           | no               |(1654.03, 2341.57)
ME4_C           | no               |(1654.03, 1348.21)
ME4_C           | no               |(1646.19, 2341.57)
ME4_C           | no               |(1646.19, 1348.21)
ME4_C           | no               |(1611.19, 2328.18)
ME4_C           | no               |(1611.19, 2319.5)
ME4_C           | no               |(1611.19, 2310.82)
ME4_C           | no               |(1611.19, 2302.14)
ME4_C           | no               |(1611.19, 2293.46)
ME4_C           | no               |(1611.19, 2284.78)
ME4_C           | no               |(1611.19, 2241.38)
ME4_C           | no               |(1611.19, 2232.7)
ME4_C           | no               |(1611.19, 2224.02)
ME4_C           | no               |(1611.19, 2215.34)
ME4_C           | no               |(1611.19, 2206.66)
ME4_C           | no               |(1611.19, 2197.98)
ME4_C           | no               |(1611.19, 2154.58)
ME4_C           | no               |(1611.19, 2145.9)
ME4_C           | no               |(1611.19, 2137.22)
ME4_C           | no               |(1611.19, 2128.54)
ME4_C           | no               |(1611.19, 2119.86)
ME4_C           | no               |(1611.19, 2111.18)
ME4_C           | no               |(1611.19, 2067.78)
ME4_C           | no               |(1611.19, 2059.1)
ME4_C           | no               |(1611.19, 2050.42)
ME4_C           | no               |(1611.19, 2041.74)
ME4_C           | no               |(1611.19, 2033.06)
ME4_C           | no               |(1611.19, 2024.38)
ME4_C           | no               |(1611.19, 1980.98)
ME4_C           | no               |(1611.19, 1972.3)
ME4_C           | no               |(1611.19, 1963.62)
ME4_C           | no               |(1611.19, 1954.94)
ME4_C           | no               |(1611.19, 1946.26)
ME4_C           | no               |(1611.19, 1937.58)
ME4_C           | no               |(1611.19, 1894.18)
ME4_C           | no               |(1611.19, 1885.5)
ME4_C           | no               |(1611.19, 1876.82)
ME4_C           | no               |(1611.19, 1868.14)
ME4_C           | no               |(1611.19, 1859.46)
ME4_C           | no               |(1611.19, 1850.78)
ME4_C           | no               |(1611.19, 1807.38)
ME4_C           | no               |(1611.19, 1798.7)
ME4_C           | no               |(1611.19, 1790.02)
ME4_C           | no               |(1611.19, 1781.34)
ME4_C           | no               |(1611.19, 1772.66)
ME4_C           | no               |(1611.19, 1763.98)
ME4_C           | no               |(1611.19, 1720.58)
ME4_C           | no               |(1611.19, 1711.9)
ME4_C           | no               |(1611.19, 1703.22)
ME4_C           | no               |(1611.19, 1694.54)
ME4_C           | no               |(1611.19, 1685.86)
ME4_C           | no               |(1611.19, 1677.18)
ME4_C           | no               |(1611.19, 1633.78)
ME4_C           | no               |(1611.19, 1625.1)
ME4_C           | no               |(1611.19, 1616.42)
ME4_C           | no               |(1611.19, 1607.74)
ME4_C           | no               |(1611.19, 1599.06)
ME4_C           | no               |(1611.19, 1590.38)
ME4_C           | no               |(1611.19, 1546.98)
ME4_C           | no               |(1611.19, 1538.3)
ME4_C           | no               |(1611.19, 1529.62)
ME4_C           | no               |(1611.19, 1520.94)
ME4_C           | no               |(1611.19, 1512.26)
ME4_C           | no               |(1611.19, 1503.58)
ME4_C           | no               |(1611.19, 1460.18)
ME4_C           | no               |(1611.19, 1451.5)
ME4_C           | no               |(1611.19, 1442.82)
ME4_C           | no               |(1611.19, 1434.14)
ME4_C           | no               |(1611.19, 1425.46)
ME4_C           | no               |(1611.19, 1416.78)
ME4_C           | no               |(1611.19, 1373.38)
ME4_C           | no               |(1611.19, 1364.7)
ME3_C           | no               |(1776.95, 2313.3)
ME3_C           | no               |(1776.95, 2296.56)
ME3_C           | no               |(1776.95, 2269.9)
ME3_C           | no               |(1776.95, 2248.2)
ME3_C           | no               |(1776.95, 2226.5)
ME3_C           | no               |(1776.95, 2200.46)
ME3_C           | no               |(1776.95, 2087)
ME3_C           | no               |(1776.95, 2070.26)
ME3_C           | no               |(1776.95, 2043.6)
ME3_C           | no               |(1776.95, 2021.9)
ME3_C           | no               |(1776.95, 2000.82)
ME3_C           | no               |(1776.95, 1661.68)
ME3_C           | no               |(1776.95, 1635.02)
ME3_C           | no               |(1776.95, 1613.32)
ME3_C           | no               |(1776.95, 1591.62)
ME3_C           | no               |(1776.95, 1564.96)
ME3_C           | no               |(1776.95, 1548.22)
ME3_C           | no               |(1776.95, 1435.38)
ME3_C           | no               |(1776.95, 1408.72)
ME3_C           | no               |(1776.95, 1387.02)
ME3_C           | no               |(1776.95, 1365.32)
ME3_C           | no               |(1763.79, 2341.57)
ME3_C           | no               |(1763.79, 1348.21)
ME3_C           | no               |(1755.95, 2341.57)
ME3_C           | no               |(1755.95, 1348.21)
ME3_C           | no               |(1748.11, 2341.57)
ME3_C           | no               |(1748.11, 1348.21)
ME3_C           | no               |(1740.27, 2341.57)
ME3_C           | no               |(1740.27, 1348.21)
ME3_C           | no               |(1732.43, 2341.57)
ME3_C           | no               |(1732.43, 1348.21)
ME3_C           | no               |(1724.59, 2341.57)
ME3_C           | no               |(1724.59, 1348.21)
ME3_C           | no               |(1685.39, 2341.57)
ME3_C           | no               |(1685.39, 1348.21)
ME3_C           | no               |(1677.55, 2341.57)
ME3_C           | no               |(1677.55, 1348.21)
ME3_C           | no               |(1669.71, 2341.57)
ME3_C           | no               |(1669.71, 1348.21)
ME3_C           | no               |(1661.87, 2341.57)
ME3_C           | no               |(1661.87, 1348.21)
ME3_C           | no               |(1654.03, 2341.57)
ME3_C           | no               |(1654.03, 1348.21)
ME3_C           | no               |(1646.19, 2341.57)
ME3_C           | no               |(1646.19, 1348.21)
ME3_C           | no               |(1611.19, 2328.18)
ME3_C           | no               |(1611.19, 2319.5)
ME3_C           | no               |(1611.19, 2310.82)
ME3_C           | no               |(1611.19, 2302.14)
ME3_C           | no               |(1611.19, 2293.46)
ME3_C           | no               |(1611.19, 2284.78)
ME3_C           | no               |(1611.19, 2241.38)
ME3_C           | no               |(1611.19, 2154.58)
ME3_C           | no               |(1611.19, 2145.9)
ME3_C           | no               |(1611.19, 2137.22)
ME3_C           | no               |(1611.19, 2128.54)
ME3_C           | no               |(1611.19, 2119.86)
ME3_C           | no               |(1611.19, 2111.18)
ME3_C           | no               |(1611.19, 2067.78)
ME3_C           | no               |(1611.19, 2059.1)
ME3_C           | no               |(1611.19, 2050.42)
ME3_C           | no               |(1611.19, 2041.74)
ME3_C           | no               |(1611.19, 2033.06)
ME3_C           | no               |(1611.19, 2024.38)
ME3_C           | no               |(1611.19, 1980.98)
ME3_C           | no               |(1611.19, 1972.3)
ME3_C           | no               |(1611.19, 1963.62)
ME3_C           | no               |(1611.19, 1954.94)
ME3_C           | no               |(1611.19, 1946.26)
ME3_C           | no               |(1611.19, 1937.58)
ME3_C           | no               |(1611.19, 1894.18)
ME3_C           | no               |(1611.19, 1885.5)
ME3_C           | no               |(1611.19, 1876.82)
ME3_C           | no               |(1611.19, 1868.14)
ME3_C           | no               |(1611.19, 1859.46)
ME3_C           | no               |(1611.19, 1850.78)
ME3_C           | no               |(1611.19, 1807.38)
ME3_C           | no               |(1611.19, 1798.7)
ME3_C           | no               |(1611.19, 1790.02)
ME3_C           | no               |(1611.19, 1781.34)
ME3_C           | no               |(1611.19, 1772.66)
ME3_C           | no               |(1611.19, 1763.98)
ME3_C           | no               |(1611.19, 1720.58)
ME3_C           | no               |(1611.19, 1711.9)
ME3_C           | no               |(1611.19, 1703.22)
ME3_C           | no               |(1611.19, 1694.54)
ME3_C           | no               |(1611.19, 1685.86)
ME3_C           | no               |(1611.19, 1677.18)
ME3_C           | no               |(1611.19, 1633.78)
ME3_C           | no               |(1611.19, 1625.1)
ME3_C           | no               |(1611.19, 1616.42)
ME3_C           | no               |(1611.19, 1607.74)
ME3_C           | no               |(1611.19, 1599.06)
ME3_C           | no               |(1611.19, 1590.38)
ME3_C           | no               |(1611.19, 1546.98)
ME3_C           | no               |(1611.19, 1538.3)
ME3_C           | no               |(1611.19, 1529.62)
ME2_C           | no               |(1776.95, 2313.3)
ME2_C           | no               |(1776.95, 2296.56)
ME2_C           | no               |(1776.95, 2269.9)
ME2_C           | no               |(1776.95, 2248.2)
ME2_C           | no               |(1776.95, 2226.5)
ME2_C           | no               |(1776.95, 2200.46)
ME2_C           | no               |(1776.95, 2087)
ME2_C           | no               |(1776.95, 2070.26)
ME2_C           | no               |(1776.95, 2043.6)
ME2_C           | no               |(1776.95, 2021.9)
ME2_C           | no               |(1776.95, 2000.82)
ME2_C           | no               |(1776.95, 1974.16)
ME2_C           | no               |(1776.95, 1874.96)
ME2_C           | no               |(1776.95, 1857.6)
ME2_C           | no               |(1776.95, 1835.9)
ME2_C           | no               |(1776.95, 1827.22)
ME2_C           | no               |(1776.95, 1791.26)
ME2_C           | no               |(1776.95, 1774.52)
ME2_C           | no               |(1776.95, 1661.68)
ME2_C           | no               |(1776.95, 1635.02)
ME2_C           | no               |(1776.95, 1613.32)
ME2_C           | no               |(1776.95, 1591.62)
ME2_C           | no               |(1776.95, 1564.96)
ME2_C           | no               |(1776.95, 1548.22)
ME2_C           | no               |(1776.95, 1435.38)
ME2_C           | no               |(1776.95, 1408.72)
ME2_C           | no               |(1776.95, 1387.02)
ME2_C           | no               |(1776.95, 1365.32)
ME2_C           | no               |(1611.19, 2328.18)
ME2_C           | no               |(1611.19, 2319.5)
ME2_C           | no               |(1611.19, 2310.82)
ME2_C           | no               |(1611.19, 2302.14)
ME2_C           | no               |(1611.19, 2293.46)
ME2_C           | no               |(1611.19, 2284.78)
ME2_C           | no               |(1611.19, 2241.38)
ME2_C           | no               |(1611.19, 2232.7)
ME2_C           | no               |(1611.19, 2224.02)
ME2_C           | no               |(1611.19, 2215.34)
ME2_C           | no               |(1611.19, 2206.66)
ME2_C           | no               |(1611.19, 2197.98)
ME2_C           | no               |(1611.19, 2154.58)
ME2_C           | no               |(1611.19, 2145.9)
ME2_C           | no               |(1611.19, 2137.22)
ME2_C           | no               |(1611.19, 2128.54)
ME2_C           | no               |(1611.19, 2119.86)
ME2_C           | no               |(1611.19, 2111.18)
ME2_C           | no               |(1611.19, 2067.78)
ME2_C           | no               |(1611.19, 2059.1)
ME2_C           | no               |(1611.19, 2050.42)
ME2_C           | no               |(1611.19, 2041.74)
ME2_C           | no               |(1611.19, 2033.06)
ME2_C           | no               |(1611.19, 2024.38)
ME2_C           | no               |(1611.19, 1980.98)
ME2_C           | no               |(1611.19, 1972.3)
ME2_C           | no               |(1611.19, 1963.62)
ME2_C           | no               |(1611.19, 1954.94)
ME2_C           | no               |(1611.19, 1946.26)
ME2_C           | no               |(1611.19, 1937.58)
ME2_C           | no               |(1611.19, 1894.18)
ME2_C           | no               |(1611.19, 1885.5)
ME2_C           | no               |(1611.19, 1876.82)
ME2_C           | no               |(1611.19, 1868.14)
ME2_C           | no               |(1611.19, 1859.46)
ME2_C           | no               |(1611.19, 1850.78)
ME2_C           | no               |(1611.19, 1807.38)
ME2_C           | no               |(1611.19, 1798.7)
ME2_C           | no               |(1611.19, 1790.02)
ME2_C           | no               |(1611.19, 1781.34)
ME2_C           | no               |(1611.19, 1772.66)
ME2_C           | no               |(1611.19, 1763.98)
ME2_C           | no               |(1611.19, 1720.58)
ME2_C           | no               |(1611.19, 1711.9)
ME2_C           | no               |(1611.19, 1703.22)
ME2_C           | no               |(1611.19, 1694.54)
ME2_C           | no               |(1611.19, 1685.86)
ME2_C           | no               |(1611.19, 1677.18)
ME2_C           | no               |(1611.19, 1633.78)
ME2_C           | no               |(1611.19, 1625.1)
ME2_C           | no               |(1611.19, 1616.42)
ME2_C           | no               |(1611.19, 1607.74)
ME2_C           | no               |(1611.19, 1599.06)
ME2_C           | no               |(1611.19, 1590.38)
ME2_C           | no               |(1611.19, 1546.98)
ME2_C           | no               |(1611.19, 1538.3)
ME2_C           | no               |(1611.19, 1529.62)
ME2_C           | no               |(1611.19, 1520.94)
ME2_C           | no               |(1611.19, 1512.26)
ME2_C           | no               |(1611.19, 1503.58)
ME2_C           | no               |(1611.19, 1460.18)
ME2_C           | no               |(1611.19, 1451.5)
ME2_C           | no               |(1611.19, 1442.82)
ME2_C           | no               |(1611.19, 1434.14)
ME2_C           | no               |(1611.19, 1425.46)
ME2_C           | no               |(1611.19, 1416.78)
ME2_C           | no               |(1611.19, 1373.38)
ME2_C           | no               |(1611.19, 1364.7)
ME1_C           | no               |(1776.95, 1974.16)
ME1_C           | no               |(1776.95, 1874.96)
ME1_C           | no               |(1776.95, 1857.6)
ME1_C           | no               |(1776.95, 1835.9)
ME1_C           | no               |(1776.95, 1827.22)
ME1_C           | no               |(1776.95, 1791.26)
ME1_C           | no               |(1776.95, 1774.52)
ME1_C           | no               |(1763.79, 2341.57)
ME1_C           | no               |(1763.79, 1348.21)
ME1_C           | no               |(1755.95, 2341.57)
ME1_C           | no               |(1755.95, 1348.21)
ME1_C           | no               |(1748.11, 2341.57)
ME1_C           | no               |(1748.11, 1348.21)
ME1_C           | no               |(1740.27, 2341.57)
ME1_C           | no               |(1740.27, 1348.21)
ME1_C           | no               |(1732.43, 2341.57)
ME1_C           | no               |(1732.43, 1348.21)
ME1_C           | no               |(1724.59, 2341.57)
ME1_C           | no               |(1724.59, 1348.21)
ME1_C           | no               |(1685.39, 2341.57)
ME1_C           | no               |(1685.39, 1348.21)
ME1_C           | no               |(1677.55, 2341.57)
ME1_C           | no               |(1677.55, 1348.21)
ME1_C           | no               |(1669.71, 2341.57)
ME1_C           | no               |(1669.71, 1348.21)
ME1_C           | no               |(1661.87, 2341.57)
ME1_C           | no               |(1661.87, 1348.21)
ME1_C           | no               |(1654.03, 2341.57)
ME1_C           | no               |(1654.03, 1348.21)
ME1_C           | no               |(1646.19, 2341.57)
ME1_C           | no               |(1646.19, 1348.21)
ME1_C           | no               |(1611.19, 2232.7)
ME1_C           | no               |(1611.19, 2224.02)
ME1_C           | no               |(1611.19, 2215.34)
ME1_C           | no               |(1611.19, 2206.66)
ME1_C           | no               |(1611.19, 2197.98)
ME1_C           | no               |(1611.19, 1520.94)
ME1_C           | no               |(1611.19, 1512.26)
ME1_C           | no               |(1611.19, 1503.58)
ME1_C           | no               |(1611.19, 1460.18)
ME1_C           | no               |(1611.19, 1451.5)
ME1_C           | no               |(1611.19, 1442.82)
ME1_C           | no               |(1611.19, 1434.14)
ME1_C           | no               |(1611.19, 1425.46)
ME1_C           | no               |(1611.19, 1416.78)
ME1_C           | no               |(1611.19, 1373.38)
ME1_C           | no               |(1611.19, 1364.7)
ME4_C           | no               |(2239.95, 490.71)
ME4_C           | no               |(2239.95, 507.45)
ME4_C           | no               |(2239.95, 534.11)
ME4_C           | no               |(2239.95, 555.81)
ME4_C           | no               |(2239.95, 577.51)
ME4_C           | no               |(2239.95, 603.55)
ME4_C           | no               |(2239.95, 717.01)
ME4_C           | no               |(2239.95, 733.75)
ME4_C           | no               |(2239.95, 760.41)
ME4_C           | no               |(2239.95, 782.11)
ME4_C           | no               |(2239.95, 803.19)
ME4_C           | no               |(2239.95, 829.85)
ME4_C           | no               |(2239.95, 929.05)
ME4_C           | no               |(2239.95, 946.41)
ME4_C           | no               |(2239.95, 974.31)
ME4_C           | no               |(2239.95, 982.99)
ME4_C           | no               |(2239.95, 1010.27)
ME4_C           | no               |(2239.95, 1031.97)
ME4_C           | no               |(2239.95, 1144.81)
ME4_C           | no               |(2239.95, 1166.51)
ME4_C           | no               |(2239.95, 1193.17)
ME4_C           | no               |(2239.95, 1209.91)
ME4_C           | no               |(2239.95, 1235.95)
ME4_C           | no               |(2239.95, 1257.65)
ME4_C           | no               |(2239.95, 1371.11)
ME4_C           | no               |(2239.95, 1392.19)
ME4_C           | no               |(2239.95, 1418.85)
ME4_C           | no               |(2239.95, 1435.59)
ME4_C           | no               |(2239.95, 1457.29)
ME4_C           | no               |(2226.79, 462.44)
ME4_C           | no               |(2226.79, 1466.34)
ME4_C           | no               |(2218.95, 462.44)
ME4_C           | no               |(2218.95, 1466.34)
ME4_C           | no               |(2211.11, 462.44)
ME4_C           | no               |(2211.11, 1466.34)
ME4_C           | no               |(2203.27, 462.44)
ME4_C           | no               |(2203.27, 1466.34)
ME4_C           | no               |(2195.43, 462.44)
ME4_C           | no               |(2195.43, 1466.34)
ME4_C           | no               |(2187.59, 462.44)
ME4_C           | no               |(2187.59, 1466.34)
ME4_C           | no               |(2148.39, 462.44)
ME4_C           | no               |(2148.39, 1466.34)
ME4_C           | no               |(2140.55, 462.44)
ME4_C           | no               |(2140.55, 1466.34)
ME4_C           | no               |(2132.71, 462.44)
ME4_C           | no               |(2132.71, 1466.34)
ME4_C           | no               |(2124.87, 462.44)
ME4_C           | no               |(2124.87, 1466.34)
ME4_C           | no               |(2117.03, 462.44)
ME4_C           | no               |(2117.03, 1466.34)
ME4_C           | no               |(2109.19, 462.44)
ME4_C           | no               |(2109.19, 1466.34)
ME4_C           | no               |(2069.99, 462.44)
ME4_C           | no               |(2069.99, 1466.34)
ME4_C           | no               |(2062.15, 462.44)
ME4_C           | no               |(2062.15, 1466.34)
ME4_C           | no               |(2054.31, 462.44)
ME4_C           | no               |(2054.31, 1466.34)
ME4_C           | no               |(2046.47, 462.44)
ME4_C           | no               |(2046.47, 1466.34)
ME4_C           | no               |(2038.63, 462.44)
ME4_C           | no               |(2038.63, 1466.34)
ME4_C           | no               |(2030.79, 462.44)
ME4_C           | no               |(2030.79, 1466.34)
ME4_C           | no               |(1991.59, 462.44)
ME4_C           | no               |(1991.59, 1466.34)
ME4_C           | no               |(1983.75, 462.44)
ME4_C           | no               |(1983.75, 1466.34)
ME4_C           | no               |(1975.91, 462.44)
ME4_C           | no               |(1975.91, 1466.34)
ME4_C           | no               |(1968.07, 462.44)
ME4_C           | no               |(1968.07, 1466.34)
ME4_C           | no               |(1960.23, 462.44)
ME4_C           | no               |(1960.23, 1466.34)
ME4_C           | no               |(1947.07, 475.83)
ME4_C           | no               |(1947.07, 484.51)
ME4_C           | no               |(1947.07, 493.19)
ME4_C           | no               |(1947.07, 501.87)
ME4_C           | no               |(1947.07, 510.55)
ME4_C           | no               |(1947.07, 519.23)
ME4_C           | no               |(1947.07, 562.63)
ME4_C           | no               |(1947.07, 571.31)
ME4_C           | no               |(1947.07, 579.99)
ME4_C           | no               |(1947.07, 588.67)
ME4_C           | no               |(1947.07, 597.35)
ME4_C           | no               |(1947.07, 606.03)
ME4_C           | no               |(1947.07, 649.43)
ME4_C           | no               |(1947.07, 658.11)
ME4_C           | no               |(1947.07, 666.79)
ME4_C           | no               |(1947.07, 675.47)
ME4_C           | no               |(1947.07, 684.15)
ME4_C           | no               |(1947.07, 692.83)
ME4_C           | no               |(1947.07, 736.23)
ME4_C           | no               |(1947.07, 744.91)
ME4_C           | no               |(1947.07, 753.59)
ME4_C           | no               |(1947.07, 762.27)
ME4_C           | no               |(1947.07, 770.95)
ME4_C           | no               |(1947.07, 779.63)
ME4_C           | no               |(1947.07, 823.03)
ME4_C           | no               |(1947.07, 831.71)
ME4_C           | no               |(1947.07, 840.39)
ME4_C           | no               |(1947.07, 849.07)
ME4_C           | no               |(1947.07, 857.75)
ME4_C           | no               |(1947.07, 866.43)
ME4_C           | no               |(1947.07, 909.83)
ME4_C           | no               |(1947.07, 918.51)
ME4_C           | no               |(1947.07, 927.19)
ME4_C           | no               |(1947.07, 935.87)
ME4_C           | no               |(1947.07, 944.55)
ME4_C           | no               |(1947.07, 953.23)
ME4_C           | no               |(1947.07, 996.63)
ME4_C           | no               |(1947.07, 1005.31)
ME4_C           | no               |(1947.07, 1013.99)
ME4_C           | no               |(1947.07, 1022.67)
ME4_C           | no               |(1947.07, 1031.35)
ME4_C           | no               |(1947.07, 1040.03)
ME4_C           | no               |(1947.07, 1083.43)
ME4_C           | no               |(1947.07, 1092.11)
ME4_C           | no               |(1947.07, 1100.79)
ME4_C           | no               |(1947.07, 1109.47)
ME4_C           | no               |(1947.07, 1118.15)
ME4_C           | no               |(1947.07, 1126.83)
ME4_C           | no               |(1947.07, 1170.23)
ME4_C           | no               |(1947.07, 1178.91)
ME4_C           | no               |(1947.07, 1187.59)
ME4_C           | no               |(1947.07, 1196.27)
ME4_C           | no               |(1947.07, 1204.95)
ME4_C           | no               |(1947.07, 1213.63)
ME4_C           | no               |(1947.07, 1257.03)
ME4_C           | no               |(1947.07, 1265.71)
ME4_C           | no               |(1947.07, 1274.39)
ME4_C           | no               |(1947.07, 1283.07)
ME4_C           | no               |(1947.07, 1291.75)
ME4_C           | no               |(1947.07, 1300.43)
ME4_C           | no               |(1947.07, 1343.83)
ME4_C           | no               |(1947.07, 1352.51)
ME4_C           | no               |(1947.07, 1361.19)
ME4_C           | no               |(1947.07, 1369.87)
ME4_C           | no               |(1947.07, 1378.55)
ME4_C           | no               |(1947.07, 1387.23)
ME4_C           | no               |(1947.07, 1430.63)
ME4_C           | no               |(1947.07, 1439.31)
ME4_C           | no               |(1947.07, 1447.99)
ME4_C           | no               |(1947.07, 1456.67)
ME3_C           | no               |(2239.95, 490.71)
ME3_C           | no               |(2239.95, 507.45)
ME3_C           | no               |(2239.95, 534.11)
ME3_C           | no               |(2239.95, 555.81)
ME3_C           | no               |(2239.95, 577.51)
ME3_C           | no               |(2239.95, 603.55)
ME3_C           | no               |(2239.95, 717.01)
ME3_C           | no               |(2239.95, 733.75)
ME3_C           | no               |(2239.95, 760.41)
ME3_C           | no               |(2239.95, 782.11)
ME3_C           | no               |(2239.95, 803.19)
ME3_C           | no               |(2239.95, 829.85)
ME3_C           | no               |(2239.95, 929.05)
ME3_C           | no               |(2239.95, 946.41)
ME3_C           | no               |(2239.95, 974.31)
ME3_C           | no               |(2239.95, 982.99)
ME3_C           | no               |(2239.95, 1010.27)
ME3_C           | no               |(2239.95, 1031.97)
ME3_C           | no               |(2239.95, 1144.81)
ME3_C           | no               |(2239.95, 1166.51)
ME3_C           | no               |(2239.95, 1193.17)
ME3_C           | no               |(2239.95, 1209.91)
ME3_C           | no               |(2239.95, 1235.95)
ME3_C           | no               |(2239.95, 1257.65)
ME3_C           | no               |(2239.95, 1371.11)
ME3_C           | no               |(2239.95, 1392.19)
ME3_C           | no               |(2239.95, 1418.85)
ME3_C           | no               |(2239.95, 1435.59)
ME3_C           | no               |(2239.95, 1457.29)
ME3_C           | no               |(2226.79, 462.44)
ME3_C           | no               |(2226.79, 1466.34)
ME3_C           | no               |(2218.95, 462.44)
ME3_C           | no               |(2218.95, 1466.34)
ME3_C           | no               |(2211.11, 462.44)
ME3_C           | no               |(2211.11, 1466.34)
ME3_C           | no               |(2203.27, 462.44)
ME3_C           | no               |(2203.27, 1466.34)
ME3_C           | no               |(2195.43, 462.44)
ME3_C           | no               |(2195.43, 1466.34)
ME3_C           | no               |(2187.59, 462.44)
ME3_C           | no               |(2187.59, 1466.34)
ME3_C           | no               |(2148.39, 462.44)
ME3_C           | no               |(2148.39, 1466.34)
ME3_C           | no               |(2140.55, 462.44)
ME3_C           | no               |(2140.55, 1466.34)
ME3_C           | no               |(2132.71, 462.44)
ME3_C           | no               |(2132.71, 1466.34)
ME3_C           | no               |(2124.87, 462.44)
ME3_C           | no               |(2124.87, 1466.34)
ME3_C           | no               |(2117.03, 462.44)
ME3_C           | no               |(2117.03, 1466.34)
ME3_C           | no               |(2109.19, 462.44)
ME3_C           | no               |(2109.19, 1466.34)
ME3_C           | no               |(2069.99, 462.44)
ME3_C           | no               |(2069.99, 1466.34)
ME3_C           | no               |(2062.15, 462.44)
ME3_C           | no               |(2062.15, 1466.34)
ME3_C           | no               |(2054.31, 462.44)
ME3_C           | no               |(2054.31, 1466.34)
ME3_C           | no               |(2046.47, 462.44)
ME3_C           | no               |(2046.47, 1466.34)
ME3_C           | no               |(2038.63, 462.44)
ME3_C           | no               |(2038.63, 1466.34)
ME3_C           | no               |(2030.79, 462.44)
ME3_C           | no               |(2030.79, 1466.34)
ME3_C           | no               |(1991.59, 462.44)
ME3_C           | no               |(1991.59, 1466.34)
ME3_C           | no               |(1983.75, 462.44)
ME3_C           | no               |(1983.75, 1466.34)
ME3_C           | no               |(1975.91, 462.44)
ME3_C           | no               |(1975.91, 1466.34)
ME3_C           | no               |(1968.07, 462.44)
ME3_C           | no               |(1968.07, 1466.34)
ME3_C           | no               |(1960.23, 462.44)
ME3_C           | no               |(1960.23, 1466.34)
ME3_C           | no               |(1947.07, 475.83)
ME3_C           | no               |(1947.07, 484.51)
ME3_C           | no               |(1947.07, 493.19)
ME3_C           | no               |(1947.07, 501.87)
ME3_C           | no               |(1947.07, 510.55)
ME3_C           | no               |(1947.07, 519.23)
ME3_C           | no               |(1947.07, 562.63)
ME3_C           | no               |(1947.07, 571.31)
ME3_C           | no               |(1947.07, 579.99)
ME3_C           | no               |(1947.07, 588.67)
ME3_C           | no               |(1947.07, 597.35)
ME3_C           | no               |(1947.07, 606.03)
ME3_C           | no               |(1947.07, 649.43)
ME3_C           | no               |(1947.07, 658.11)
ME3_C           | no               |(1947.07, 666.79)
ME3_C           | no               |(1947.07, 675.47)
ME3_C           | no               |(1947.07, 684.15)
ME3_C           | no               |(1947.07, 692.83)
ME3_C           | no               |(1947.07, 736.23)
ME3_C           | no               |(1947.07, 744.91)
ME3_C           | no               |(1947.07, 753.59)
ME3_C           | no               |(1947.07, 762.27)
ME3_C           | no               |(1947.07, 770.95)
ME3_C           | no               |(1947.07, 779.63)
ME3_C           | no               |(1947.07, 823.03)
ME3_C           | no               |(1947.07, 831.71)
ME3_C           | no               |(1947.07, 840.39)
ME3_C           | no               |(1947.07, 849.07)
ME3_C           | no               |(1947.07, 857.75)
ME3_C           | no               |(1947.07, 866.43)
ME3_C           | no               |(1947.07, 953.23)
ME3_C           | no               |(1947.07, 996.63)
ME3_C           | no               |(1947.07, 1005.31)
ME3_C           | no               |(1947.07, 1013.99)
ME3_C           | no               |(1947.07, 1022.67)
ME3_C           | no               |(1947.07, 1031.35)
ME3_C           | no               |(1947.07, 1040.03)
ME3_C           | no               |(1947.07, 1083.43)
ME3_C           | no               |(1947.07, 1092.11)
ME3_C           | no               |(1947.07, 1100.79)
ME3_C           | no               |(1947.07, 1109.47)
ME3_C           | no               |(1947.07, 1118.15)
ME3_C           | no               |(1947.07, 1126.83)
ME3_C           | no               |(1947.07, 1170.23)
ME3_C           | no               |(1947.07, 1178.91)
ME3_C           | no               |(1947.07, 1187.59)
ME3_C           | no               |(1947.07, 1196.27)
ME3_C           | no               |(1947.07, 1204.95)
ME3_C           | no               |(1947.07, 1213.63)
ME3_C           | no               |(1947.07, 1257.03)
ME3_C           | no               |(1947.07, 1265.71)
ME3_C           | no               |(1947.07, 1274.39)
ME3_C           | no               |(1947.07, 1283.07)
ME3_C           | no               |(1947.07, 1291.75)
ME3_C           | no               |(1947.07, 1300.43)
ME3_C           | no               |(1947.07, 1343.83)
ME3_C           | no               |(1947.07, 1352.51)
ME3_C           | no               |(1947.07, 1361.19)
ME3_C           | no               |(1947.07, 1369.87)
ME3_C           | no               |(1947.07, 1378.55)
ME3_C           | no               |(1947.07, 1387.23)
ME3_C           | no               |(1947.07, 1430.63)
ME3_C           | no               |(1947.07, 1439.31)
ME3_C           | no               |(1947.07, 1447.99)
ME3_C           | no               |(1947.07, 1456.67)
ME2_C           | no               |(2239.95, 490.71)
ME2_C           | no               |(2239.95, 507.45)
ME2_C           | no               |(2239.95, 534.11)
ME2_C           | no               |(2239.95, 555.81)
ME2_C           | no               |(2239.95, 577.51)
ME2_C           | no               |(2239.95, 603.55)
ME2_C           | no               |(2239.95, 717.01)
ME2_C           | no               |(2239.95, 733.75)
ME2_C           | no               |(2239.95, 760.41)
ME2_C           | no               |(2239.95, 782.11)
ME2_C           | no               |(2239.95, 803.19)
ME2_C           | no               |(2239.95, 829.85)
ME2_C           | no               |(2239.95, 929.05)
ME2_C           | no               |(2239.95, 946.41)
ME2_C           | no               |(2239.95, 974.31)
ME2_C           | no               |(2239.95, 982.99)
ME2_C           | no               |(2239.95, 1010.27)
ME2_C           | no               |(2239.95, 1031.97)
ME2_C           | no               |(2239.95, 1144.81)
ME2_C           | no               |(2239.95, 1166.51)
ME2_C           | no               |(2239.95, 1193.17)
ME2_C           | no               |(2239.95, 1209.91)
ME2_C           | no               |(2239.95, 1235.95)
ME2_C           | no               |(2239.95, 1257.65)
ME2_C           | no               |(2239.95, 1371.11)
ME2_C           | no               |(2239.95, 1392.19)
ME2_C           | no               |(2239.95, 1418.85)
ME2_C           | no               |(2239.95, 1435.59)
ME2_C           | no               |(2239.95, 1457.29)
ME2_C           | no               |(1947.07, 475.83)
ME2_C           | no               |(1947.07, 484.51)
ME2_C           | no               |(1947.07, 493.19)
ME2_C           | no               |(1947.07, 501.87)
ME2_C           | no               |(1947.07, 510.55)
ME2_C           | no               |(1947.07, 519.23)
ME2_C           | no               |(1947.07, 562.63)
ME2_C           | no               |(1947.07, 571.31)
ME2_C           | no               |(1947.07, 579.99)
ME2_C           | no               |(1947.07, 588.67)
ME2_C           | no               |(1947.07, 597.35)
ME2_C           | no               |(1947.07, 606.03)
ME2_C           | no               |(1947.07, 649.43)
ME2_C           | no               |(1947.07, 658.11)
ME2_C           | no               |(1947.07, 666.79)
ME2_C           | no               |(1947.07, 675.47)
ME2_C           | no               |(1947.07, 684.15)
ME2_C           | no               |(1947.07, 692.83)
ME2_C           | no               |(1947.07, 736.23)
ME2_C           | no               |(1947.07, 744.91)
ME2_C           | no               |(1947.07, 753.59)
ME2_C           | no               |(1947.07, 762.27)
ME2_C           | no               |(1947.07, 770.95)
ME2_C           | no               |(1947.07, 779.63)
ME2_C           | no               |(1947.07, 823.03)
ME2_C           | no               |(1947.07, 831.71)
ME2_C           | no               |(1947.07, 840.39)
ME2_C           | no               |(1947.07, 849.07)
ME2_C           | no               |(1947.07, 857.75)
ME2_C           | no               |(1947.07, 866.43)
ME2_C           | no               |(1947.07, 909.83)
ME2_C           | no               |(1947.07, 918.51)
ME2_C           | no               |(1947.07, 927.19)
ME2_C           | no               |(1947.07, 935.87)
ME2_C           | no               |(1947.07, 944.55)
ME2_C           | no               |(1947.07, 953.23)
ME2_C           | no               |(1947.07, 996.63)
ME2_C           | no               |(1947.07, 1005.31)
ME2_C           | no               |(1947.07, 1013.99)
ME2_C           | no               |(1947.07, 1022.67)
ME2_C           | no               |(1947.07, 1031.35)
ME2_C           | no               |(1947.07, 1040.03)
ME2_C           | no               |(1947.07, 1083.43)
ME2_C           | no               |(1947.07, 1092.11)
ME2_C           | no               |(1947.07, 1100.79)
ME2_C           | no               |(1947.07, 1109.47)
ME2_C           | no               |(1947.07, 1118.15)
ME2_C           | no               |(1947.07, 1126.83)
ME2_C           | no               |(1947.07, 1170.23)
ME2_C           | no               |(1947.07, 1178.91)
ME2_C           | no               |(1947.07, 1187.59)
ME2_C           | no               |(1947.07, 1196.27)
ME2_C           | no               |(1947.07, 1204.95)
ME2_C           | no               |(1947.07, 1213.63)
ME2_C           | no               |(1947.07, 1257.03)
ME2_C           | no               |(1947.07, 1265.71)
ME2_C           | no               |(1947.07, 1274.39)
ME2_C           | no               |(1947.07, 1283.07)
ME2_C           | no               |(1947.07, 1291.75)
ME2_C           | no               |(1947.07, 1300.43)
ME2_C           | no               |(1947.07, 1343.83)
ME2_C           | no               |(1947.07, 1352.51)
ME2_C           | no               |(1947.07, 1361.19)
ME2_C           | no               |(1947.07, 1369.87)
ME2_C           | no               |(1947.07, 1378.55)
ME2_C           | no               |(1947.07, 1387.23)
ME2_C           | no               |(1947.07, 1430.63)
ME2_C           | no               |(1947.07, 1439.31)
ME2_C           | no               |(1947.07, 1447.99)
ME2_C           | no               |(1947.07, 1456.67)
ME1_C           | no               |(2226.79, 462.44)
ME1_C           | no               |(2226.79, 1466.34)
ME1_C           | no               |(2218.95, 462.44)
ME1_C           | no               |(2218.95, 1466.34)
ME1_C           | no               |(2211.11, 462.44)
ME1_C           | no               |(2211.11, 1466.34)
ME1_C           | no               |(2203.27, 462.44)
ME1_C           | no               |(2203.27, 1466.34)
ME1_C           | no               |(2195.43, 462.44)
ME1_C           | no               |(2195.43, 1466.34)
ME1_C           | no               |(2187.59, 462.44)
ME1_C           | no               |(2187.59, 1466.34)
ME1_C           | no               |(2148.39, 462.44)
ME1_C           | no               |(2148.39, 1466.34)
ME1_C           | no               |(2140.55, 462.44)
ME1_C           | no               |(2140.55, 1466.34)
ME1_C           | no               |(2132.71, 462.44)
ME1_C           | no               |(2132.71, 1466.34)
ME1_C           | no               |(2124.87, 462.44)
ME1_C           | no               |(2124.87, 1466.34)
ME1_C           | no               |(2117.03, 462.44)
ME1_C           | no               |(2117.03, 1466.34)
ME1_C           | no               |(2109.19, 462.44)
ME1_C           | no               |(2109.19, 1466.34)
ME1_C           | no               |(2069.99, 462.44)
ME1_C           | no               |(2069.99, 1466.34)
ME1_C           | no               |(2062.15, 462.44)
ME1_C           | no               |(2062.15, 1466.34)
ME1_C           | no               |(2054.31, 462.44)
ME1_C           | no               |(2054.31, 1466.34)
ME1_C           | no               |(2046.47, 462.44)
ME1_C           | no               |(2046.47, 1466.34)
ME1_C           | no               |(2038.63, 462.44)
ME1_C           | no               |(2038.63, 1466.34)
ME1_C           | no               |(2030.79, 462.44)
ME1_C           | no               |(2030.79, 1466.34)
ME1_C           | no               |(1991.59, 462.44)
ME1_C           | no               |(1991.59, 1466.34)
ME1_C           | no               |(1983.75, 462.44)
ME1_C           | no               |(1983.75, 1466.34)
ME1_C           | no               |(1975.91, 462.44)
ME1_C           | no               |(1975.91, 1466.34)
ME1_C           | no               |(1968.07, 462.44)
ME1_C           | no               |(1968.07, 1466.34)
ME1_C           | no               |(1960.23, 462.44)
ME1_C           | no               |(1960.23, 1466.34)
ME1_C           | no               |(1947.07, 909.83)
ME1_C           | no               |(1947.07, 918.51)
ME1_C           | no               |(1947.07, 927.19)
ME1_C           | no               |(1947.07, 935.87)
ME1_C           | no               |(1947.07, 944.55)
ME4_C           | no               |(1074.42, 479.06)
ME4_C           | no               |(1074.42, 495.8)
ME4_C           | no               |(1074.42, 522.46)
ME4_C           | no               |(1074.42, 544.16)
ME4_C           | no               |(1074.42, 565.86)
ME4_C           | no               |(1074.42, 591.9)
ME4_C           | no               |(1074.42, 705.36)
ME4_C           | no               |(1074.42, 722.1)
ME4_C           | no               |(1074.42, 748.76)
ME4_C           | no               |(1074.42, 770.46)
ME4_C           | no               |(1074.42, 791.54)
ME4_C           | no               |(1074.42, 818.2)
ME4_C           | no               |(1074.42, 931.04)
ME4_C           | no               |(1074.42, 947.78)
ME4_C           | no               |(1074.42, 974.44)
ME4_C           | no               |(1074.42, 996.14)
ME4_C           | no               |(1074.42, 1017.84)
ME4_C           | no               |(1074.42, 1044.5)
ME4_C           | no               |(1074.42, 1157.34)
ME4_C           | no               |(1074.42, 1174.08)
ME4_C           | no               |(1074.42, 1200.74)
ME4_C           | no               |(1074.42, 1222.44)
ME4_C           | no               |(1074.42, 1244.14)
ME4_C           | no               |(1074.42, 1270.18)
ME4_C           | no               |(1074.42, 1376.2)
ME4_C           | no               |(1074.42, 1404.1)
ME4_C           | no               |(1074.42, 1412.78)
ME4_C           | no               |(1074.42, 1440.06)
ME4_C           | no               |(1074.42, 1461.76)
ME4_C           | no               |(1074.42, 1483.46)
ME4_C           | no               |(1074.42, 1596.3)
ME4_C           | no               |(1074.42, 1622.96)
ME4_C           | no               |(1074.42, 1639.7)
ME4_C           | no               |(1074.42, 1666.36)
ME4_C           | no               |(1074.42, 1688.06)
ME4_C           | no               |(1074.42, 1709.14)
ME4_C           | no               |(1074.42, 1822.6)
ME4_C           | no               |(1074.42, 1849.26)
ME4_C           | no               |(1074.42, 1865.38)
ME4_C           | no               |(1074.42, 1892.04)
ME4_C           | no               |(1074.42, 1913.74)
ME4_C           | no               |(1074.42, 1935.44)
ME4_C           | no               |(1074.42, 2048.28)
ME4_C           | no               |(1074.42, 2074.94)
ME4_C           | no               |(1074.42, 2091.68)
ME4_C           | no               |(1074.42, 2118.34)
ME4_C           | no               |(1074.42, 2140.04)
ME4_C           | no               |(1074.42, 2161.74)
ME4_C           | no               |(1074.42, 2274.58)
ME4_C           | no               |(1074.42, 2301.24)
ME4_C           | no               |(1074.42, 2317.98)
ME4_C           | no               |(1074.42, 2339.68)
ME4_C           | no               |(1061.26, 450.79)
ME4_C           | no               |(1061.26, 2348.73)
ME4_C           | no               |(1053.42, 450.79)
ME4_C           | no               |(1053.42, 2348.73)
ME4_C           | no               |(1045.58, 450.79)
ME4_C           | no               |(1045.58, 2348.73)
ME4_C           | no               |(1037.74, 450.79)
ME4_C           | no               |(1037.74, 2348.73)
ME4_C           | no               |(1029.9, 450.79)
ME4_C           | no               |(1029.9, 2348.73)
ME4_C           | no               |(1022.06, 450.79)
ME4_C           | no               |(1022.06, 2348.73)
ME4_C           | no               |(982.86, 450.79)
ME4_C           | no               |(982.86, 2348.73)
ME4_C           | no               |(975.02, 450.79)
ME4_C           | no               |(975.02, 2348.73)
ME4_C           | no               |(967.18, 450.79)
ME4_C           | no               |(967.18, 2348.73)
ME4_C           | no               |(959.34, 450.79)
ME4_C           | no               |(959.34, 2348.73)
ME4_C           | no               |(951.5, 450.79)
ME4_C           | no               |(951.5, 2348.73)
ME4_C           | no               |(943.66, 450.79)
ME4_C           | no               |(943.66, 2348.73)
ME4_C           | no               |(904.46, 450.79)
ME4_C           | no               |(904.46, 2348.73)
ME4_C           | no               |(896.62, 450.79)
ME4_C           | no               |(896.62, 2348.73)
ME4_C           | no               |(888.78, 450.79)
ME4_C           | no               |(888.78, 2348.73)
ME4_C           | no               |(880.94, 450.79)
ME4_C           | no               |(880.94, 2348.73)
ME4_C           | no               |(873.1, 450.79)
ME4_C           | no               |(873.1, 2348.73)
ME4_C           | no               |(859.94, 464.18)
ME4_C           | no               |(859.94, 472.86)
ME4_C           | no               |(859.94, 481.54)
ME4_C           | no               |(859.94, 490.22)
ME4_C           | no               |(859.94, 498.9)
ME4_C           | no               |(859.94, 507.58)
ME4_C           | no               |(859.94, 550.98)
ME4_C           | no               |(859.94, 559.66)
ME4_C           | no               |(859.94, 568.34)
ME4_C           | no               |(859.94, 577.02)
ME4_C           | no               |(859.94, 585.7)
ME4_C           | no               |(859.94, 594.38)
ME4_C           | no               |(859.94, 637.78)
ME4_C           | no               |(859.94, 646.46)
ME4_C           | no               |(859.94, 655.14)
ME4_C           | no               |(859.94, 663.82)
ME4_C           | no               |(859.94, 672.5)
ME4_C           | no               |(859.94, 681.18)
ME4_C           | no               |(859.94, 724.58)
ME4_C           | no               |(859.94, 733.26)
ME4_C           | no               |(859.94, 741.94)
ME4_C           | no               |(859.94, 750.62)
ME4_C           | no               |(859.94, 759.3)
ME4_C           | no               |(859.94, 767.98)
ME4_C           | no               |(859.94, 811.38)
ME4_C           | no               |(859.94, 820.06)
ME4_C           | no               |(859.94, 828.74)
ME4_C           | no               |(859.94, 837.42)
ME4_C           | no               |(859.94, 846.1)
ME4_C           | no               |(859.94, 854.78)
ME4_C           | no               |(859.94, 898.18)
ME4_C           | no               |(859.94, 906.86)
ME4_C           | no               |(859.94, 915.54)
ME4_C           | no               |(859.94, 924.22)
ME4_C           | no               |(859.94, 932.9)
ME4_C           | no               |(859.94, 941.58)
ME4_C           | no               |(859.94, 984.98)
ME4_C           | no               |(859.94, 993.66)
ME4_C           | no               |(859.94, 1002.34)
ME4_C           | no               |(859.94, 1011.02)
ME4_C           | no               |(859.94, 1019.7)
ME4_C           | no               |(859.94, 1028.38)
ME4_C           | no               |(859.94, 1071.78)
ME4_C           | no               |(859.94, 1080.46)
ME4_C           | no               |(859.94, 1089.14)
ME4_C           | no               |(859.94, 1097.82)
ME4_C           | no               |(859.94, 1106.5)
ME4_C           | no               |(859.94, 1115.18)
ME4_C           | no               |(859.94, 1158.58)
ME4_C           | no               |(859.94, 1167.26)
ME4_C           | no               |(859.94, 1175.94)
ME4_C           | no               |(859.94, 1184.62)
ME4_C           | no               |(859.94, 1193.3)
ME4_C           | no               |(859.94, 1201.98)
ME4_C           | no               |(859.94, 1245.38)
ME4_C           | no               |(859.94, 1254.06)
ME4_C           | no               |(859.94, 1262.74)
ME4_C           | no               |(859.94, 1271.42)
ME4_C           | no               |(859.94, 1280.1)
ME4_C           | no               |(859.94, 1288.78)
ME4_C           | no               |(859.94, 1332.18)
ME4_C           | no               |(859.94, 1340.86)
ME4_C           | no               |(859.94, 1349.54)
ME4_C           | no               |(859.94, 1358.22)
ME4_C           | no               |(859.94, 1366.9)
ME4_C           | no               |(859.94, 1375.58)
ME4_C           | no               |(859.94, 1418.98)
ME4_C           | no               |(859.94, 1427.66)
ME4_C           | no               |(859.94, 1436.34)
ME4_C           | no               |(859.94, 1445.02)
ME4_C           | no               |(859.94, 1453.7)
ME4_C           | no               |(859.94, 1462.38)
ME4_C           | no               |(859.94, 1505.78)
ME4_C           | no               |(859.94, 1514.46)
ME4_C           | no               |(859.94, 1523.14)
ME4_C           | no               |(859.94, 1531.82)
ME4_C           | no               |(859.94, 1540.5)
ME4_C           | no               |(859.94, 1549.18)
ME4_C           | no               |(859.94, 1592.58)
ME4_C           | no               |(859.94, 1601.26)
ME4_C           | no               |(859.94, 1609.94)
ME4_C           | no               |(859.94, 1618.62)
ME4_C           | no               |(859.94, 1627.3)
ME4_C           | no               |(859.94, 1635.98)
ME4_C           | no               |(859.94, 1679.38)
ME4_C           | no               |(859.94, 1688.06)
ME4_C           | no               |(859.94, 1696.74)
ME4_C           | no               |(859.94, 1705.42)
ME4_C           | no               |(859.94, 1714.1)
ME4_C           | no               |(859.94, 1722.78)
ME4_C           | no               |(859.94, 1766.18)
ME4_C           | no               |(859.94, 1774.86)
ME4_C           | no               |(859.94, 1783.54)
ME4_C           | no               |(859.94, 1792.22)
ME4_C           | no               |(859.94, 1800.9)
ME4_C           | no               |(859.94, 1809.58)
ME4_C           | no               |(859.94, 1852.98)
ME4_C           | no               |(859.94, 1861.66)
ME4_C           | no               |(859.94, 1870.34)
ME4_C           | no               |(859.94, 1879.02)
ME4_C           | no               |(859.94, 1887.7)
ME4_C           | no               |(859.94, 1896.38)
ME4_C           | no               |(859.94, 1939.78)
ME4_C           | no               |(859.94, 1948.46)
ME4_C           | no               |(859.94, 1957.14)
ME4_C           | no               |(859.94, 1965.82)
ME4_C           | no               |(859.94, 1974.5)
ME4_C           | no               |(859.94, 1983.18)
ME4_C           | no               |(859.94, 2026.58)
ME4_C           | no               |(859.94, 2035.26)
ME4_C           | no               |(859.94, 2043.94)
ME4_C           | no               |(859.94, 2052.62)
ME4_C           | no               |(859.94, 2061.3)
ME4_C           | no               |(859.94, 2069.98)
ME4_C           | no               |(859.94, 2113.38)
ME4_C           | no               |(859.94, 2122.06)
ME4_C           | no               |(859.94, 2130.74)
ME4_C           | no               |(859.94, 2139.42)
ME4_C           | no               |(859.94, 2148.1)
ME4_C           | no               |(859.94, 2156.78)
ME4_C           | no               |(859.94, 2200.18)
ME4_C           | no               |(859.94, 2208.86)
ME4_C           | no               |(859.94, 2217.54)
ME4_C           | no               |(859.94, 2226.22)
ME4_C           | no               |(859.94, 2234.9)
ME4_C           | no               |(859.94, 2243.58)
ME4_C           | no               |(859.94, 2286.98)
ME4_C           | no               |(859.94, 2295.66)
ME4_C           | no               |(859.94, 2304.34)
ME4_C           | no               |(859.94, 2313.02)
ME4_C           | no               |(859.94, 2321.7)
ME4_C           | no               |(859.94, 2330.38)
ME3_C           | no               |(1074.42, 479.06)
ME3_C           | no               |(1074.42, 495.8)
ME3_C           | no               |(1074.42, 522.46)
ME3_C           | no               |(1074.42, 544.16)
ME3_C           | no               |(1074.42, 565.86)
ME3_C           | no               |(1074.42, 591.9)
ME3_C           | no               |(1074.42, 705.36)
ME3_C           | no               |(1074.42, 722.1)
ME3_C           | no               |(1074.42, 748.76)
ME3_C           | no               |(1074.42, 770.46)
ME3_C           | no               |(1074.42, 791.54)
ME3_C           | no               |(1074.42, 818.2)
ME3_C           | no               |(1074.42, 931.04)
ME3_C           | no               |(1074.42, 947.78)
ME3_C           | no               |(1074.42, 974.44)
ME3_C           | no               |(1074.42, 996.14)
ME3_C           | no               |(1074.42, 1017.84)
ME3_C           | no               |(1074.42, 1044.5)
ME3_C           | no               |(1074.42, 1157.34)
ME3_C           | no               |(1074.42, 1174.08)
ME3_C           | no               |(1074.42, 1200.74)
ME3_C           | no               |(1074.42, 1222.44)
ME3_C           | no               |(1074.42, 1244.14)
ME3_C           | no               |(1074.42, 1270.18)
ME3_C           | no               |(1074.42, 1376.2)
ME3_C           | no               |(1074.42, 1404.1)
ME3_C           | no               |(1074.42, 1412.78)
ME3_C           | no               |(1074.42, 1440.06)
ME3_C           | no               |(1074.42, 1461.76)
ME3_C           | no               |(1074.42, 1483.46)
ME3_C           | no               |(1074.42, 1596.3)
ME3_C           | no               |(1074.42, 1622.96)
ME3_C           | no               |(1074.42, 1639.7)
ME3_C           | no               |(1074.42, 1666.36)
ME3_C           | no               |(1074.42, 1688.06)
ME3_C           | no               |(1074.42, 1709.14)
ME3_C           | no               |(1074.42, 1822.6)
ME3_C           | no               |(1074.42, 1849.26)
ME3_C           | no               |(1074.42, 1865.38)
ME3_C           | no               |(1074.42, 1892.04)
ME3_C           | no               |(1074.42, 1913.74)
ME3_C           | no               |(1074.42, 1935.44)
ME3_C           | no               |(1074.42, 2048.28)
ME3_C           | no               |(1074.42, 2074.94)
ME3_C           | no               |(1074.42, 2091.68)
ME3_C           | no               |(1074.42, 2118.34)
ME3_C           | no               |(1074.42, 2140.04)
ME3_C           | no               |(1074.42, 2161.74)
ME3_C           | no               |(1074.42, 2274.58)
ME3_C           | no               |(1074.42, 2301.24)
ME3_C           | no               |(1074.42, 2317.98)
ME3_C           | no               |(1074.42, 2339.68)
ME3_C           | no               |(1061.26, 450.79)
ME3_C           | no               |(1061.26, 2348.73)
ME3_C           | no               |(1053.42, 450.79)
ME3_C           | no               |(1053.42, 2348.73)
ME3_C           | no               |(1045.58, 450.79)
ME3_C           | no               |(1045.58, 2348.73)
ME3_C           | no               |(1037.74, 450.79)
ME3_C           | no               |(1037.74, 2348.73)
ME3_C           | no               |(1029.9, 450.79)
ME3_C           | no               |(1029.9, 2348.73)
ME3_C           | no               |(1022.06, 450.79)
ME3_C           | no               |(1022.06, 2348.73)
ME3_C           | no               |(982.86, 450.79)
ME3_C           | no               |(982.86, 2348.73)
ME3_C           | no               |(975.02, 450.79)
ME3_C           | no               |(975.02, 2348.73)
ME3_C           | no               |(967.18, 450.79)
ME3_C           | no               |(967.18, 2348.73)
ME3_C           | no               |(959.34, 450.79)
ME3_C           | no               |(959.34, 2348.73)
ME3_C           | no               |(951.5, 450.79)
ME3_C           | no               |(951.5, 2348.73)
ME3_C           | no               |(943.66, 450.79)
ME3_C           | no               |(943.66, 2348.73)
ME3_C           | no               |(904.46, 450.79)
ME3_C           | no               |(904.46, 2348.73)
ME3_C           | no               |(896.62, 450.79)
ME3_C           | no               |(896.62, 2348.73)
ME3_C           | no               |(888.78, 450.79)
ME3_C           | no               |(888.78, 2348.73)
ME3_C           | no               |(880.94, 450.79)
ME3_C           | no               |(880.94, 2348.73)
ME3_C           | no               |(873.1, 450.79)
ME3_C           | no               |(873.1, 2348.73)
ME3_C           | no               |(859.94, 464.18)
ME3_C           | no               |(859.94, 472.86)
ME3_C           | no               |(859.94, 481.54)
ME3_C           | no               |(859.94, 490.22)
ME3_C           | no               |(859.94, 498.9)
ME3_C           | no               |(859.94, 507.58)
ME3_C           | no               |(859.94, 550.98)
ME3_C           | no               |(859.94, 559.66)
ME3_C           | no               |(859.94, 568.34)
ME3_C           | no               |(859.94, 577.02)
ME3_C           | no               |(859.94, 585.7)
ME3_C           | no               |(859.94, 594.38)
ME3_C           | no               |(859.94, 637.78)
ME3_C           | no               |(859.94, 646.46)
ME3_C           | no               |(859.94, 655.14)
ME3_C           | no               |(859.94, 663.82)
ME3_C           | no               |(859.94, 672.5)
ME3_C           | no               |(859.94, 681.18)
ME3_C           | no               |(859.94, 724.58)
ME3_C           | no               |(859.94, 733.26)
ME3_C           | no               |(859.94, 741.94)
ME3_C           | no               |(859.94, 750.62)
ME3_C           | no               |(859.94, 759.3)
ME3_C           | no               |(859.94, 767.98)
ME3_C           | no               |(859.94, 811.38)
ME3_C           | no               |(859.94, 820.06)
ME3_C           | no               |(859.94, 828.74)
ME3_C           | no               |(859.94, 837.42)
ME3_C           | no               |(859.94, 846.1)
ME3_C           | no               |(859.94, 854.78)
ME3_C           | no               |(859.94, 898.18)
ME3_C           | no               |(859.94, 906.86)
ME3_C           | no               |(859.94, 915.54)
ME3_C           | no               |(859.94, 924.22)
ME3_C           | no               |(859.94, 932.9)
ME3_C           | no               |(859.94, 941.58)
ME3_C           | no               |(859.94, 984.98)
ME3_C           | no               |(859.94, 993.66)
ME3_C           | no               |(859.94, 1002.34)
ME3_C           | no               |(859.94, 1011.02)
ME3_C           | no               |(859.94, 1019.7)
ME3_C           | no               |(859.94, 1028.38)
ME3_C           | no               |(859.94, 1071.78)
ME3_C           | no               |(859.94, 1080.46)
ME3_C           | no               |(859.94, 1089.14)
ME3_C           | no               |(859.94, 1097.82)
ME3_C           | no               |(859.94, 1106.5)
ME3_C           | no               |(859.94, 1115.18)
ME3_C           | no               |(859.94, 1158.58)
ME3_C           | no               |(859.94, 1167.26)
ME3_C           | no               |(859.94, 1175.94)
ME3_C           | no               |(859.94, 1184.62)
ME3_C           | no               |(859.94, 1193.3)
ME3_C           | no               |(859.94, 1201.98)
ME3_C           | no               |(859.94, 1245.38)
ME3_C           | no               |(859.94, 1254.06)
ME3_C           | no               |(859.94, 1262.74)
ME3_C           | no               |(859.94, 1271.42)
ME3_C           | no               |(859.94, 1280.1)
ME3_C           | no               |(859.94, 1288.78)
ME3_C           | no               |(859.94, 1332.18)
ME3_C           | no               |(859.94, 1340.86)
ME3_C           | no               |(859.94, 1349.54)
ME3_C           | no               |(859.94, 1358.22)
ME3_C           | no               |(859.94, 1366.9)
ME3_C           | no               |(859.94, 1375.58)
ME3_C           | no               |(859.94, 1418.98)
ME3_C           | no               |(859.94, 1427.66)
ME3_C           | no               |(859.94, 1436.34)
ME3_C           | no               |(859.94, 1445.02)
ME3_C           | no               |(859.94, 1453.7)
ME3_C           | no               |(859.94, 1462.38)
ME3_C           | no               |(859.94, 1505.78)
ME3_C           | no               |(859.94, 1514.46)
ME3_C           | no               |(859.94, 1523.14)
ME3_C           | no               |(859.94, 1531.82)
ME3_C           | no               |(859.94, 1540.5)
ME3_C           | no               |(859.94, 1549.18)
ME3_C           | no               |(859.94, 1592.58)
ME3_C           | no               |(859.94, 1601.26)
ME3_C           | no               |(859.94, 1609.94)
ME3_C           | no               |(859.94, 1618.62)
ME3_C           | no               |(859.94, 1627.3)
ME3_C           | no               |(859.94, 1635.98)
ME3_C           | no               |(859.94, 1679.38)
ME3_C           | no               |(859.94, 1688.06)
ME3_C           | no               |(859.94, 1696.74)
ME3_C           | no               |(859.94, 1705.42)
ME3_C           | no               |(859.94, 1714.1)
ME3_C           | no               |(859.94, 1722.78)
ME3_C           | no               |(859.94, 1766.18)
ME3_C           | no               |(859.94, 1774.86)
ME3_C           | no               |(859.94, 1783.54)
ME3_C           | no               |(859.94, 1792.22)
ME3_C           | no               |(859.94, 1800.9)
ME3_C           | no               |(859.94, 1809.58)
ME3_C           | no               |(859.94, 1852.98)
ME3_C           | no               |(859.94, 1861.66)
ME3_C           | no               |(859.94, 1870.34)
ME3_C           | no               |(859.94, 1879.02)
ME3_C           | no               |(859.94, 1887.7)
ME3_C           | no               |(859.94, 1896.38)
ME3_C           | no               |(859.94, 1939.78)
ME3_C           | no               |(859.94, 1948.46)
ME3_C           | no               |(859.94, 1957.14)
ME3_C           | no               |(859.94, 1965.82)
ME3_C           | no               |(859.94, 1974.5)
ME3_C           | no               |(859.94, 1983.18)
ME3_C           | no               |(859.94, 2026.58)
ME3_C           | no               |(859.94, 2035.26)
ME3_C           | no               |(859.94, 2043.94)
ME3_C           | no               |(859.94, 2052.62)
ME3_C           | no               |(859.94, 2061.3)
ME3_C           | no               |(859.94, 2069.98)
ME3_C           | no               |(859.94, 2113.38)
ME3_C           | no               |(859.94, 2122.06)
ME3_C           | no               |(859.94, 2130.74)
ME3_C           | no               |(859.94, 2139.42)
ME3_C           | no               |(859.94, 2148.1)
ME3_C           | no               |(859.94, 2156.78)
ME3_C           | no               |(859.94, 2200.18)
ME3_C           | no               |(859.94, 2208.86)
ME3_C           | no               |(859.94, 2217.54)
ME3_C           | no               |(859.94, 2226.22)
ME3_C           | no               |(859.94, 2234.9)
ME3_C           | no               |(859.94, 2243.58)
ME3_C           | no               |(859.94, 2286.98)
ME3_C           | no               |(859.94, 2295.66)
ME3_C           | no               |(859.94, 2304.34)
ME3_C           | no               |(859.94, 2313.02)
ME3_C           | no               |(859.94, 2321.7)
ME3_C           | no               |(859.94, 2330.38)
ME2_C           | no               |(1074.42, 479.06)
ME2_C           | no               |(1074.42, 495.8)
ME2_C           | no               |(1074.42, 522.46)
ME2_C           | no               |(1074.42, 544.16)
ME2_C           | no               |(1074.42, 565.86)
ME2_C           | no               |(1074.42, 591.9)
ME2_C           | no               |(1074.42, 705.36)
ME2_C           | no               |(1074.42, 722.1)
ME2_C           | no               |(1074.42, 748.76)
ME2_C           | no               |(1074.42, 770.46)
ME2_C           | no               |(1074.42, 791.54)
ME2_C           | no               |(1074.42, 818.2)
ME2_C           | no               |(1074.42, 931.04)
ME2_C           | no               |(1074.42, 947.78)
ME2_C           | no               |(1074.42, 974.44)
ME2_C           | no               |(1074.42, 996.14)
ME2_C           | no               |(1074.42, 1017.84)
ME2_C           | no               |(1074.42, 1044.5)
ME2_C           | no               |(1074.42, 1157.34)
ME2_C           | no               |(1074.42, 1174.08)
ME2_C           | no               |(1074.42, 1200.74)
ME2_C           | no               |(1074.42, 1222.44)
ME2_C           | no               |(1074.42, 1244.14)
ME2_C           | no               |(1074.42, 1270.18)
ME2_C           | no               |(1074.42, 1376.2)
ME2_C           | no               |(1074.42, 1404.1)
ME2_C           | no               |(1074.42, 1412.78)
ME2_C           | no               |(1074.42, 1440.06)
ME2_C           | no               |(1074.42, 1461.76)
ME2_C           | no               |(1074.42, 1483.46)
ME2_C           | no               |(1074.42, 1596.3)
ME2_C           | no               |(1074.42, 1622.96)
ME2_C           | no               |(1074.42, 1639.7)
ME2_C           | no               |(1074.42, 1666.36)
ME2_C           | no               |(1074.42, 1688.06)
ME2_C           | no               |(1074.42, 1709.14)
ME2_C           | no               |(1074.42, 1822.6)
ME2_C           | no               |(1074.42, 1849.26)
ME2_C           | no               |(1074.42, 1865.38)
ME2_C           | no               |(1074.42, 1892.04)
ME2_C           | no               |(1074.42, 1913.74)
ME2_C           | no               |(1074.42, 1935.44)
ME2_C           | no               |(1074.42, 2048.28)
ME2_C           | no               |(1074.42, 2074.94)
ME2_C           | no               |(1074.42, 2091.68)
ME2_C           | no               |(1074.42, 2118.34)
ME2_C           | no               |(1074.42, 2140.04)
ME2_C           | no               |(1074.42, 2161.74)
ME2_C           | no               |(1074.42, 2274.58)
ME2_C           | no               |(1074.42, 2301.24)
ME2_C           | no               |(1074.42, 2317.98)
ME2_C           | no               |(1074.42, 2339.68)
ME2_C           | no               |(859.94, 464.18)
ME2_C           | no               |(859.94, 472.86)
ME2_C           | no               |(859.94, 481.54)
ME2_C           | no               |(859.94, 490.22)
ME2_C           | no               |(859.94, 498.9)
ME2_C           | no               |(859.94, 507.58)
ME2_C           | no               |(859.94, 550.98)
ME2_C           | no               |(859.94, 559.66)
ME2_C           | no               |(859.94, 568.34)
ME2_C           | no               |(859.94, 577.02)
ME2_C           | no               |(859.94, 585.7)
ME2_C           | no               |(859.94, 594.38)
ME2_C           | no               |(859.94, 637.78)
ME2_C           | no               |(859.94, 646.46)
ME2_C           | no               |(859.94, 655.14)
ME2_C           | no               |(859.94, 663.82)
ME2_C           | no               |(859.94, 672.5)
ME2_C           | no               |(859.94, 681.18)
ME2_C           | no               |(859.94, 724.58)
ME2_C           | no               |(859.94, 733.26)
ME2_C           | no               |(859.94, 741.94)
ME2_C           | no               |(859.94, 750.62)
ME2_C           | no               |(859.94, 759.3)
ME2_C           | no               |(859.94, 767.98)
ME2_C           | no               |(859.94, 811.38)
ME2_C           | no               |(859.94, 820.06)
ME2_C           | no               |(859.94, 828.74)
ME2_C           | no               |(859.94, 837.42)
ME2_C           | no               |(859.94, 846.1)
ME2_C           | no               |(859.94, 854.78)
ME2_C           | no               |(859.94, 898.18)
ME2_C           | no               |(859.94, 906.86)
ME2_C           | no               |(859.94, 915.54)
ME2_C           | no               |(859.94, 924.22)
ME2_C           | no               |(859.94, 932.9)
ME2_C           | no               |(859.94, 941.58)
ME2_C           | no               |(859.94, 984.98)
ME2_C           | no               |(859.94, 993.66)
ME2_C           | no               |(859.94, 1002.34)
ME2_C           | no               |(859.94, 1011.02)
ME2_C           | no               |(859.94, 1019.7)
ME2_C           | no               |(859.94, 1028.38)
ME2_C           | no               |(859.94, 1071.78)
ME2_C           | no               |(859.94, 1080.46)
ME2_C           | no               |(859.94, 1089.14)
ME2_C           | no               |(859.94, 1097.82)
ME2_C           | no               |(859.94, 1106.5)
ME2_C           | no               |(859.94, 1115.18)
ME2_C           | no               |(859.94, 1158.58)
ME2_C           | no               |(859.94, 1167.26)
ME2_C           | no               |(859.94, 1175.94)
ME2_C           | no               |(859.94, 1184.62)
ME2_C           | no               |(859.94, 1193.3)
ME2_C           | no               |(859.94, 1201.98)
ME2_C           | no               |(859.94, 1245.38)
ME2_C           | no               |(859.94, 1254.06)
ME2_C           | no               |(859.94, 1262.74)
ME2_C           | no               |(859.94, 1271.42)
ME2_C           | no               |(859.94, 1280.1)
ME2_C           | no               |(859.94, 1288.78)
ME2_C           | no               |(859.94, 1332.18)
ME2_C           | no               |(859.94, 1340.86)
ME2_C           | no               |(859.94, 1349.54)
ME2_C           | no               |(859.94, 1358.22)
ME2_C           | no               |(859.94, 1366.9)
ME2_C           | no               |(859.94, 1375.58)
ME2_C           | no               |(859.94, 1418.98)
ME2_C           | no               |(859.94, 1427.66)
ME2_C           | no               |(859.94, 1436.34)
ME2_C           | no               |(859.94, 1445.02)
ME2_C           | no               |(859.94, 1453.7)
ME2_C           | no               |(859.94, 1462.38)
ME2_C           | no               |(859.94, 1505.78)
ME2_C           | no               |(859.94, 1514.46)
ME2_C           | no               |(859.94, 1523.14)
ME2_C           | no               |(859.94, 1531.82)
ME2_C           | no               |(859.94, 1540.5)
ME2_C           | no               |(859.94, 1549.18)
ME2_C           | no               |(859.94, 1592.58)
ME2_C           | no               |(859.94, 1601.26)
ME2_C           | no               |(859.94, 1609.94)
ME2_C           | no               |(859.94, 1618.62)
ME2_C           | no               |(859.94, 1627.3)
ME2_C           | no               |(859.94, 1635.98)
ME2_C           | no               |(859.94, 1679.38)
ME2_C           | no               |(859.94, 1688.06)
ME2_C           | no               |(859.94, 1696.74)
ME2_C           | no               |(859.94, 1705.42)
ME2_C           | no               |(859.94, 1714.1)
ME2_C           | no               |(859.94, 1722.78)
ME2_C           | no               |(859.94, 1766.18)
ME2_C           | no               |(859.94, 1774.86)
ME2_C           | no               |(859.94, 1783.54)
ME2_C           | no               |(859.94, 1792.22)
ME2_C           | no               |(859.94, 1800.9)
ME2_C           | no               |(859.94, 1809.58)
ME2_C           | no               |(859.94, 1852.98)
ME2_C           | no               |(859.94, 1861.66)
ME2_C           | no               |(859.94, 1870.34)
ME2_C           | no               |(859.94, 1879.02)
ME2_C           | no               |(859.94, 1887.7)
ME2_C           | no               |(859.94, 1896.38)
ME2_C           | no               |(859.94, 1939.78)
ME2_C           | no               |(859.94, 1948.46)
ME2_C           | no               |(859.94, 1957.14)
ME2_C           | no               |(859.94, 1965.82)
ME2_C           | no               |(859.94, 1974.5)
ME2_C           | no               |(859.94, 1983.18)
ME2_C           | no               |(859.94, 2026.58)
ME2_C           | no               |(859.94, 2035.26)
ME2_C           | no               |(859.94, 2043.94)
ME2_C           | no               |(859.94, 2052.62)
ME2_C           | no               |(859.94, 2061.3)
ME2_C           | no               |(859.94, 2069.98)
ME2_C           | no               |(859.94, 2113.38)
ME2_C           | no               |(859.94, 2122.06)
ME2_C           | no               |(859.94, 2130.74)
ME2_C           | no               |(859.94, 2139.42)
ME2_C           | no               |(859.94, 2148.1)
ME2_C           | no               |(859.94, 2156.78)
ME2_C           | no               |(859.94, 2200.18)
ME2_C           | no               |(859.94, 2208.86)
ME2_C           | no               |(859.94, 2217.54)
ME2_C           | no               |(859.94, 2226.22)
ME2_C           | no               |(859.94, 2234.9)
ME2_C           | no               |(859.94, 2243.58)
ME2_C           | no               |(859.94, 2286.98)
ME2_C           | no               |(859.94, 2295.66)
ME2_C           | no               |(859.94, 2304.34)
ME2_C           | no               |(859.94, 2313.02)
ME2_C           | no               |(859.94, 2321.7)
ME2_C           | no               |(859.94, 2330.38)
ME1_C           | no               |(1061.26, 450.79)
ME1_C           | no               |(1061.26, 2348.73)
ME1_C           | no               |(1053.42, 450.79)
ME1_C           | no               |(1053.42, 2348.73)
ME1_C           | no               |(1045.58, 450.79)
ME1_C           | no               |(1045.58, 2348.73)
ME1_C           | no               |(1037.74, 450.79)
ME1_C           | no               |(1037.74, 2348.73)
ME1_C           | no               |(1029.9, 450.79)
ME1_C           | no               |(1029.9, 2348.73)
ME1_C           | no               |(1022.06, 450.79)
ME1_C           | no               |(1022.06, 2348.73)
ME1_C           | no               |(982.86, 450.79)
ME1_C           | no               |(982.86, 2348.73)
ME1_C           | no               |(975.02, 450.79)
ME1_C           | no               |(975.02, 2348.73)
ME1_C           | no               |(967.18, 450.79)
ME1_C           | no               |(967.18, 2348.73)
ME1_C           | no               |(959.34, 450.79)
ME1_C           | no               |(959.34, 2348.73)
ME1_C           | no               |(951.5, 450.79)
ME1_C           | no               |(951.5, 2348.73)
ME1_C           | no               |(943.66, 450.79)
ME1_C           | no               |(943.66, 2348.73)
ME1_C           | no               |(904.46, 450.79)
ME1_C           | no               |(904.46, 2348.73)
ME1_C           | no               |(896.62, 450.79)
ME1_C           | no               |(896.62, 2348.73)
ME1_C           | no               |(888.78, 450.79)
ME1_C           | no               |(888.78, 2348.73)
ME1_C           | no               |(880.94, 450.79)
ME1_C           | no               |(880.94, 2348.73)
ME1_C           | no               |(873.1, 450.79)
ME1_C           | no               |(873.1, 2348.73)
ME4_C           | no               |(723.06, 499.54)
ME4_C           | no               |(723.06, 516.28)
ME4_C           | no               |(723.06, 542.94)
ME4_C           | no               |(723.06, 564.64)
ME4_C           | no               |(723.06, 586.34)
ME4_C           | no               |(723.06, 612.38)
ME4_C           | no               |(723.06, 725.84)
ME4_C           | no               |(723.06, 742.58)
ME4_C           | no               |(723.06, 769.24)
ME4_C           | no               |(723.06, 790.94)
ME4_C           | no               |(723.06, 812.02)
ME4_C           | no               |(723.06, 838.68)
ME4_C           | no               |(723.06, 951.52)
ME4_C           | no               |(723.06, 968.26)
ME4_C           | no               |(723.06, 994.92)
ME4_C           | no               |(723.06, 1016.62)
ME4_C           | no               |(723.06, 1038.32)
ME4_C           | no               |(723.06, 1064.98)
ME4_C           | no               |(723.06, 1177.82)
ME4_C           | no               |(723.06, 1194.56)
ME4_C           | no               |(723.06, 1221.22)
ME4_C           | no               |(723.06, 1242.92)
ME4_C           | no               |(723.06, 1264.62)
ME4_C           | no               |(723.06, 1290.66)
ME4_C           | no               |(723.06, 1396.68)
ME4_C           | no               |(723.06, 1424.58)
ME4_C           | no               |(723.06, 1433.26)
ME4_C           | no               |(723.06, 1460.54)
ME4_C           | no               |(723.06, 1482.24)
ME4_C           | no               |(723.06, 1503.94)
ME4_C           | no               |(723.06, 1616.78)
ME4_C           | no               |(723.06, 1643.44)
ME4_C           | no               |(723.06, 1660.18)
ME4_C           | no               |(723.06, 1686.84)
ME4_C           | no               |(723.06, 1708.54)
ME4_C           | no               |(723.06, 1729.62)
ME4_C           | no               |(723.06, 1843.08)
ME4_C           | no               |(723.06, 1869.74)
ME4_C           | no               |(723.06, 1885.86)
ME4_C           | no               |(723.06, 1912.52)
ME4_C           | no               |(723.06, 1934.22)
ME4_C           | no               |(723.06, 1955.92)
ME4_C           | no               |(723.06, 2068.76)
ME4_C           | no               |(723.06, 2095.42)
ME4_C           | no               |(723.06, 2112.16)
ME4_C           | no               |(723.06, 2138.82)
ME4_C           | no               |(723.06, 2160.52)
ME4_C           | no               |(723.06, 2182.22)
ME4_C           | no               |(723.06, 2295.06)
ME4_C           | no               |(723.06, 2321.72)
ME4_C           | no               |(723.06, 2338.46)
ME4_C           | no               |(723.06, 2360.16)
ME4_C           | no               |(709.9, 471.27)
ME4_C           | no               |(709.9, 2369.21)
ME4_C           | no               |(702.06, 471.27)
ME4_C           | no               |(702.06, 2369.21)
ME4_C           | no               |(694.22, 471.27)
ME4_C           | no               |(694.22, 2369.21)
ME4_C           | no               |(686.38, 471.27)
ME4_C           | no               |(686.38, 2369.21)
ME4_C           | no               |(678.54, 471.27)
ME4_C           | no               |(678.54, 2369.21)
ME4_C           | no               |(670.7, 471.27)
ME4_C           | no               |(670.7, 2369.21)
ME4_C           | no               |(631.5, 471.27)
ME4_C           | no               |(631.5, 2369.21)
ME4_C           | no               |(623.66, 471.27)
ME4_C           | no               |(623.66, 2369.21)
ME4_C           | no               |(615.82, 471.27)
ME4_C           | no               |(615.82, 2369.21)
ME4_C           | no               |(607.98, 471.27)
ME4_C           | no               |(607.98, 2369.21)
ME4_C           | no               |(600.14, 471.27)
ME4_C           | no               |(600.14, 2369.21)
ME4_C           | no               |(592.3, 471.27)
ME4_C           | no               |(592.3, 2369.21)
ME4_C           | no               |(553.1, 471.27)
ME4_C           | no               |(553.1, 2369.21)
ME4_C           | no               |(545.26, 471.27)
ME4_C           | no               |(545.26, 2369.21)
ME4_C           | no               |(537.42, 471.27)
ME4_C           | no               |(537.42, 2369.21)
ME4_C           | no               |(529.58, 471.27)
ME4_C           | no               |(529.58, 2369.21)
ME4_C           | no               |(521.74, 471.27)
ME4_C           | no               |(521.74, 2369.21)
ME4_C           | no               |(508.58, 484.66)
ME4_C           | no               |(508.58, 493.34)
ME4_C           | no               |(508.58, 502.02)
ME4_C           | no               |(508.58, 510.7)
ME4_C           | no               |(508.58, 519.38)
ME4_C           | no               |(508.58, 528.06)
ME4_C           | no               |(508.58, 571.46)
ME4_C           | no               |(508.58, 580.14)
ME4_C           | no               |(508.58, 588.82)
ME4_C           | no               |(508.58, 597.5)
ME4_C           | no               |(508.58, 606.18)
ME4_C           | no               |(508.58, 614.86)
ME4_C           | no               |(508.58, 658.26)
ME4_C           | no               |(508.58, 666.94)
ME4_C           | no               |(508.58, 675.62)
ME4_C           | no               |(508.58, 684.3)
ME4_C           | no               |(508.58, 692.98)
ME4_C           | no               |(508.58, 701.66)
ME4_C           | no               |(508.58, 745.06)
ME4_C           | no               |(508.58, 753.74)
ME4_C           | no               |(508.58, 762.42)
ME4_C           | no               |(508.58, 771.1)
ME4_C           | no               |(508.58, 779.78)
ME4_C           | no               |(508.58, 788.46)
ME4_C           | no               |(508.58, 831.86)
ME4_C           | no               |(508.58, 840.54)
ME4_C           | no               |(508.58, 849.22)
ME4_C           | no               |(508.58, 857.9)
ME4_C           | no               |(508.58, 866.58)
ME4_C           | no               |(508.58, 875.26)
ME4_C           | no               |(508.58, 918.66)
ME4_C           | no               |(508.58, 927.34)
ME4_C           | no               |(508.58, 936.02)
ME4_C           | no               |(508.58, 944.7)
ME4_C           | no               |(508.58, 953.38)
ME4_C           | no               |(508.58, 962.06)
ME4_C           | no               |(508.58, 1005.46)
ME4_C           | no               |(508.58, 1014.14)
ME4_C           | no               |(508.58, 1022.82)
ME4_C           | no               |(508.58, 1031.5)
ME4_C           | no               |(508.58, 1040.18)
ME4_C           | no               |(508.58, 1048.86)
ME4_C           | no               |(508.58, 1092.26)
ME4_C           | no               |(508.58, 1100.94)
ME4_C           | no               |(508.58, 1109.62)
ME4_C           | no               |(508.58, 1118.3)
ME4_C           | no               |(508.58, 1126.98)
ME4_C           | no               |(508.58, 1135.66)
ME4_C           | no               |(508.58, 1179.06)
ME4_C           | no               |(508.58, 1187.74)
ME4_C           | no               |(508.58, 1196.42)
ME4_C           | no               |(508.58, 1205.1)
ME4_C           | no               |(508.58, 1213.78)
ME4_C           | no               |(508.58, 1222.46)
ME4_C           | no               |(508.58, 1265.86)
ME4_C           | no               |(508.58, 1274.54)
ME4_C           | no               |(508.58, 1283.22)
ME4_C           | no               |(508.58, 1291.9)
ME4_C           | no               |(508.58, 1300.58)
ME4_C           | no               |(508.58, 1309.26)
ME4_C           | no               |(508.58, 1352.66)
ME4_C           | no               |(508.58, 1361.34)
ME4_C           | no               |(508.58, 1370.02)
ME4_C           | no               |(508.58, 1378.7)
ME4_C           | no               |(508.58, 1387.38)
ME4_C           | no               |(508.58, 1396.06)
ME4_C           | no               |(508.58, 1439.46)
ME4_C           | no               |(508.58, 1448.14)
ME4_C           | no               |(508.58, 1456.82)
ME4_C           | no               |(508.58, 1465.5)
ME4_C           | no               |(508.58, 1474.18)
ME4_C           | no               |(508.58, 1482.86)
ME4_C           | no               |(508.58, 1526.26)
ME4_C           | no               |(508.58, 1534.94)
ME4_C           | no               |(508.58, 1543.62)
ME4_C           | no               |(508.58, 1552.3)
ME4_C           | no               |(508.58, 1560.98)
ME4_C           | no               |(508.58, 1569.66)
ME4_C           | no               |(508.58, 1613.06)
ME4_C           | no               |(508.58, 1621.74)
ME4_C           | no               |(508.58, 1630.42)
ME4_C           | no               |(508.58, 1639.1)
ME4_C           | no               |(508.58, 1647.78)
ME4_C           | no               |(508.58, 1656.46)
ME4_C           | no               |(508.58, 1699.86)
ME4_C           | no               |(508.58, 1708.54)
ME4_C           | no               |(508.58, 1717.22)
ME4_C           | no               |(508.58, 1725.9)
ME4_C           | no               |(508.58, 1734.58)
ME4_C           | no               |(508.58, 1743.26)
ME4_C           | no               |(508.58, 1786.66)
ME4_C           | no               |(508.58, 1795.34)
ME4_C           | no               |(508.58, 1804.02)
ME4_C           | no               |(508.58, 1812.7)
ME4_C           | no               |(508.58, 1821.38)
ME4_C           | no               |(508.58, 1830.06)
ME4_C           | no               |(508.58, 1873.46)
ME4_C           | no               |(508.58, 1882.14)
ME4_C           | no               |(508.58, 1890.82)
ME4_C           | no               |(508.58, 1899.5)
ME4_C           | no               |(508.58, 1908.18)
ME4_C           | no               |(508.58, 1916.86)
ME4_C           | no               |(508.58, 1960.26)
ME4_C           | no               |(508.58, 1968.94)
ME4_C           | no               |(508.58, 1977.62)
ME4_C           | no               |(508.58, 1986.3)
ME4_C           | no               |(508.58, 1994.98)
ME4_C           | no               |(508.58, 2003.66)
ME4_C           | no               |(508.58, 2047.06)
ME4_C           | no               |(508.58, 2055.74)
ME4_C           | no               |(508.58, 2064.42)
ME4_C           | no               |(508.58, 2073.1)
ME4_C           | no               |(508.58, 2081.78)
ME4_C           | no               |(508.58, 2090.46)
ME4_C           | no               |(508.58, 2133.86)
ME4_C           | no               |(508.58, 2142.54)
ME4_C           | no               |(508.58, 2151.22)
ME4_C           | no               |(508.58, 2159.9)
ME4_C           | no               |(508.58, 2168.58)
ME4_C           | no               |(508.58, 2177.26)
ME4_C           | no               |(508.58, 2220.66)
ME4_C           | no               |(508.58, 2229.34)
ME4_C           | no               |(508.58, 2238.02)
ME4_C           | no               |(508.58, 2246.7)
ME4_C           | no               |(508.58, 2255.38)
ME4_C           | no               |(508.58, 2264.06)
ME4_C           | no               |(508.58, 2307.46)
ME4_C           | no               |(508.58, 2316.14)
ME4_C           | no               |(508.58, 2324.82)
ME4_C           | no               |(508.58, 2333.5)
ME4_C           | no               |(508.58, 2342.18)
ME4_C           | no               |(508.58, 2350.86)
ME3_C           | no               |(723.06, 499.54)
ME3_C           | no               |(723.06, 516.28)
ME3_C           | no               |(723.06, 542.94)
ME3_C           | no               |(723.06, 564.64)
ME3_C           | no               |(723.06, 586.34)
ME3_C           | no               |(723.06, 612.38)
ME3_C           | no               |(723.06, 725.84)
ME3_C           | no               |(723.06, 742.58)
ME3_C           | no               |(723.06, 769.24)
ME3_C           | no               |(723.06, 790.94)
ME3_C           | no               |(723.06, 812.02)
ME3_C           | no               |(723.06, 838.68)
ME3_C           | no               |(723.06, 951.52)
ME3_C           | no               |(723.06, 968.26)
ME3_C           | no               |(723.06, 994.92)
ME3_C           | no               |(723.06, 1016.62)
ME3_C           | no               |(723.06, 1038.32)
ME3_C           | no               |(723.06, 1064.98)
ME3_C           | no               |(723.06, 1177.82)
ME3_C           | no               |(723.06, 1194.56)
ME3_C           | no               |(723.06, 1221.22)
ME3_C           | no               |(723.06, 1242.92)
ME3_C           | no               |(723.06, 1264.62)
ME3_C           | no               |(723.06, 1290.66)
ME3_C           | no               |(723.06, 1396.68)
ME3_C           | no               |(723.06, 1424.58)
ME3_C           | no               |(723.06, 1433.26)
ME3_C           | no               |(723.06, 1460.54)
ME3_C           | no               |(723.06, 1482.24)
ME3_C           | no               |(723.06, 1503.94)
ME3_C           | no               |(723.06, 1616.78)
ME3_C           | no               |(723.06, 1643.44)
ME3_C           | no               |(723.06, 1660.18)
ME3_C           | no               |(723.06, 1686.84)
ME3_C           | no               |(723.06, 1708.54)
ME3_C           | no               |(723.06, 1729.62)
ME3_C           | no               |(723.06, 1843.08)
ME3_C           | no               |(723.06, 1869.74)
ME3_C           | no               |(723.06, 1885.86)
ME3_C           | no               |(723.06, 1912.52)
ME3_C           | no               |(723.06, 1934.22)
ME3_C           | no               |(723.06, 1955.92)
ME3_C           | no               |(723.06, 2068.76)
ME3_C           | no               |(723.06, 2095.42)
ME3_C           | no               |(723.06, 2112.16)
ME3_C           | no               |(723.06, 2138.82)
ME3_C           | no               |(723.06, 2160.52)
ME3_C           | no               |(723.06, 2182.22)
ME3_C           | no               |(723.06, 2295.06)
ME3_C           | no               |(723.06, 2321.72)
ME3_C           | no               |(723.06, 2338.46)
ME3_C           | no               |(723.06, 2360.16)
ME3_C           | no               |(709.9, 471.27)
ME3_C           | no               |(709.9, 2369.21)
ME3_C           | no               |(702.06, 471.27)
ME3_C           | no               |(702.06, 2369.21)
ME3_C           | no               |(694.22, 471.27)
ME3_C           | no               |(694.22, 2369.21)
ME3_C           | no               |(686.38, 471.27)
ME3_C           | no               |(686.38, 2369.21)
ME3_C           | no               |(678.54, 471.27)
ME3_C           | no               |(678.54, 2369.21)
ME3_C           | no               |(670.7, 471.27)
ME3_C           | no               |(670.7, 2369.21)
ME3_C           | no               |(631.5, 471.27)
ME3_C           | no               |(631.5, 2369.21)
ME3_C           | no               |(623.66, 471.27)
ME3_C           | no               |(623.66, 2369.21)
ME3_C           | no               |(615.82, 471.27)
ME3_C           | no               |(615.82, 2369.21)
ME3_C           | no               |(607.98, 471.27)
ME3_C           | no               |(607.98, 2369.21)
ME3_C           | no               |(600.14, 471.27)
ME3_C           | no               |(600.14, 2369.21)
ME3_C           | no               |(592.3, 471.27)
ME3_C           | no               |(592.3, 2369.21)
ME3_C           | no               |(553.1, 471.27)
ME3_C           | no               |(553.1, 2369.21)
ME3_C           | no               |(545.26, 471.27)
ME3_C           | no               |(545.26, 2369.21)
ME3_C           | no               |(537.42, 471.27)
ME3_C           | no               |(537.42, 2369.21)
ME3_C           | no               |(529.58, 471.27)
ME3_C           | no               |(529.58, 2369.21)
ME3_C           | no               |(521.74, 471.27)
ME3_C           | no               |(521.74, 2369.21)
ME3_C           | no               |(508.58, 484.66)
ME3_C           | no               |(508.58, 493.34)
ME3_C           | no               |(508.58, 502.02)
ME3_C           | no               |(508.58, 510.7)
ME3_C           | no               |(508.58, 519.38)
ME3_C           | no               |(508.58, 528.06)
ME3_C           | no               |(508.58, 571.46)
ME3_C           | no               |(508.58, 580.14)
ME3_C           | no               |(508.58, 588.82)
ME3_C           | no               |(508.58, 597.5)
ME3_C           | no               |(508.58, 606.18)
ME3_C           | no               |(508.58, 614.86)
ME3_C           | no               |(508.58, 658.26)
ME3_C           | no               |(508.58, 666.94)
ME3_C           | no               |(508.58, 675.62)
ME3_C           | no               |(508.58, 684.3)
ME3_C           | no               |(508.58, 692.98)
ME3_C           | no               |(508.58, 701.66)
ME3_C           | no               |(508.58, 745.06)
ME3_C           | no               |(508.58, 753.74)
ME3_C           | no               |(508.58, 762.42)
ME3_C           | no               |(508.58, 771.1)
ME3_C           | no               |(508.58, 779.78)
ME3_C           | no               |(508.58, 788.46)
ME3_C           | no               |(508.58, 831.86)
ME3_C           | no               |(508.58, 840.54)
ME3_C           | no               |(508.58, 849.22)
ME3_C           | no               |(508.58, 857.9)
ME3_C           | no               |(508.58, 866.58)
ME3_C           | no               |(508.58, 875.26)
ME3_C           | no               |(508.58, 918.66)
ME3_C           | no               |(508.58, 927.34)
ME3_C           | no               |(508.58, 936.02)
ME3_C           | no               |(508.58, 944.7)
ME3_C           | no               |(508.58, 953.38)
ME3_C           | no               |(508.58, 962.06)
ME3_C           | no               |(508.58, 1005.46)
ME3_C           | no               |(508.58, 1014.14)
ME3_C           | no               |(508.58, 1022.82)
ME3_C           | no               |(508.58, 1031.5)
ME3_C           | no               |(508.58, 1040.18)
ME3_C           | no               |(508.58, 1048.86)
ME3_C           | no               |(508.58, 1092.26)
ME3_C           | no               |(508.58, 1100.94)
ME3_C           | no               |(508.58, 1109.62)
ME3_C           | no               |(508.58, 1118.3)
ME3_C           | no               |(508.58, 1126.98)
ME3_C           | no               |(508.58, 1135.66)
ME3_C           | no               |(508.58, 1179.06)
ME3_C           | no               |(508.58, 1187.74)
ME3_C           | no               |(508.58, 1196.42)
ME3_C           | no               |(508.58, 1205.1)
ME3_C           | no               |(508.58, 1213.78)
ME3_C           | no               |(508.58, 1222.46)
ME3_C           | no               |(508.58, 1265.86)
ME3_C           | no               |(508.58, 1274.54)
ME3_C           | no               |(508.58, 1283.22)
ME3_C           | no               |(508.58, 1291.9)
ME3_C           | no               |(508.58, 1300.58)
ME3_C           | no               |(508.58, 1309.26)
ME3_C           | no               |(508.58, 1352.66)
ME3_C           | no               |(508.58, 1361.34)
ME3_C           | no               |(508.58, 1370.02)
ME3_C           | no               |(508.58, 1378.7)
ME3_C           | no               |(508.58, 1387.38)
ME3_C           | no               |(508.58, 1396.06)
ME3_C           | no               |(508.58, 1439.46)
ME3_C           | no               |(508.58, 1448.14)
ME3_C           | no               |(508.58, 1456.82)
ME3_C           | no               |(508.58, 1465.5)
ME3_C           | no               |(508.58, 1474.18)
ME3_C           | no               |(508.58, 1482.86)
ME3_C           | no               |(508.58, 1526.26)
ME3_C           | no               |(508.58, 1534.94)
ME3_C           | no               |(508.58, 1543.62)
ME3_C           | no               |(508.58, 1552.3)
ME3_C           | no               |(508.58, 1560.98)
ME3_C           | no               |(508.58, 1569.66)
ME3_C           | no               |(508.58, 1613.06)
ME3_C           | no               |(508.58, 1621.74)
ME3_C           | no               |(508.58, 1630.42)
ME3_C           | no               |(508.58, 1639.1)
ME3_C           | no               |(508.58, 1647.78)
ME3_C           | no               |(508.58, 1656.46)
ME3_C           | no               |(508.58, 1699.86)
ME3_C           | no               |(508.58, 1708.54)
ME3_C           | no               |(508.58, 1717.22)
ME3_C           | no               |(508.58, 1725.9)
ME3_C           | no               |(508.58, 1734.58)
ME3_C           | no               |(508.58, 1743.26)
ME3_C           | no               |(508.58, 1786.66)
ME3_C           | no               |(508.58, 1795.34)
ME3_C           | no               |(508.58, 1804.02)
ME3_C           | no               |(508.58, 1812.7)
ME3_C           | no               |(508.58, 1821.38)
ME3_C           | no               |(508.58, 1830.06)
ME3_C           | no               |(508.58, 1873.46)
ME3_C           | no               |(508.58, 1882.14)
ME3_C           | no               |(508.58, 1890.82)
ME3_C           | no               |(508.58, 1899.5)
ME3_C           | no               |(508.58, 1908.18)
ME3_C           | no               |(508.58, 1916.86)
ME3_C           | no               |(508.58, 1960.26)
ME3_C           | no               |(508.58, 1968.94)
ME3_C           | no               |(508.58, 1977.62)
ME3_C           | no               |(508.58, 1986.3)
ME3_C           | no               |(508.58, 1994.98)
ME3_C           | no               |(508.58, 2003.66)
ME3_C           | no               |(508.58, 2047.06)
ME3_C           | no               |(508.58, 2055.74)
ME3_C           | no               |(508.58, 2064.42)
ME3_C           | no               |(508.58, 2073.1)
ME3_C           | no               |(508.58, 2081.78)
ME3_C           | no               |(508.58, 2090.46)
ME3_C           | no               |(508.58, 2133.86)
ME3_C           | no               |(508.58, 2142.54)
ME3_C           | no               |(508.58, 2151.22)
ME3_C           | no               |(508.58, 2159.9)
ME3_C           | no               |(508.58, 2168.58)
ME3_C           | no               |(508.58, 2177.26)
ME3_C           | no               |(508.58, 2220.66)
ME3_C           | no               |(508.58, 2229.34)
ME3_C           | no               |(508.58, 2238.02)
ME3_C           | no               |(508.58, 2246.7)
ME3_C           | no               |(508.58, 2255.38)
ME3_C           | no               |(508.58, 2264.06)
ME3_C           | no               |(508.58, 2307.46)
ME3_C           | no               |(508.58, 2316.14)
ME3_C           | no               |(508.58, 2324.82)
ME3_C           | no               |(508.58, 2333.5)
ME3_C           | no               |(508.58, 2342.18)
ME3_C           | no               |(508.58, 2350.86)
ME2_C           | no               |(723.06, 499.54)
ME2_C           | no               |(723.06, 516.28)
ME2_C           | no               |(723.06, 542.94)
ME2_C           | no               |(723.06, 564.64)
ME2_C           | no               |(723.06, 586.34)
ME2_C           | no               |(723.06, 612.38)
ME2_C           | no               |(723.06, 725.84)
ME2_C           | no               |(723.06, 742.58)
ME2_C           | no               |(723.06, 769.24)
ME2_C           | no               |(723.06, 790.94)
ME2_C           | no               |(723.06, 812.02)
ME2_C           | no               |(723.06, 838.68)
ME2_C           | no               |(723.06, 951.52)
ME2_C           | no               |(723.06, 968.26)
ME2_C           | no               |(723.06, 994.92)
ME2_C           | no               |(723.06, 1016.62)
ME2_C           | no               |(723.06, 1038.32)
ME2_C           | no               |(723.06, 1064.98)
ME2_C           | no               |(723.06, 1177.82)
ME2_C           | no               |(723.06, 1194.56)
ME2_C           | no               |(723.06, 1221.22)
ME2_C           | no               |(723.06, 1242.92)
ME2_C           | no               |(723.06, 1264.62)
ME2_C           | no               |(723.06, 1290.66)
ME2_C           | no               |(723.06, 1396.68)
ME2_C           | no               |(723.06, 1424.58)
ME2_C           | no               |(723.06, 1433.26)
ME2_C           | no               |(723.06, 1460.54)
ME2_C           | no               |(723.06, 1482.24)
ME2_C           | no               |(723.06, 1503.94)
ME2_C           | no               |(723.06, 1616.78)
ME2_C           | no               |(723.06, 1643.44)
ME2_C           | no               |(723.06, 1660.18)
ME2_C           | no               |(723.06, 1686.84)
ME2_C           | no               |(723.06, 1708.54)
ME2_C           | no               |(723.06, 1729.62)
ME2_C           | no               |(723.06, 1843.08)
ME2_C           | no               |(723.06, 1869.74)
ME2_C           | no               |(723.06, 1885.86)
ME2_C           | no               |(723.06, 1912.52)
ME2_C           | no               |(723.06, 1934.22)
ME2_C           | no               |(723.06, 1955.92)
ME2_C           | no               |(723.06, 2068.76)
ME2_C           | no               |(723.06, 2095.42)
ME2_C           | no               |(723.06, 2112.16)
ME2_C           | no               |(723.06, 2138.82)
ME2_C           | no               |(723.06, 2160.52)
ME2_C           | no               |(723.06, 2182.22)
ME2_C           | no               |(723.06, 2295.06)
ME2_C           | no               |(723.06, 2321.72)
ME2_C           | no               |(723.06, 2338.46)
ME2_C           | no               |(723.06, 2360.16)
ME2_C           | no               |(508.58, 484.66)
ME2_C           | no               |(508.58, 493.34)
ME2_C           | no               |(508.58, 502.02)
ME2_C           | no               |(508.58, 510.7)
ME2_C           | no               |(508.58, 519.38)
ME2_C           | no               |(508.58, 528.06)
ME2_C           | no               |(508.58, 571.46)
ME2_C           | no               |(508.58, 580.14)
ME2_C           | no               |(508.58, 588.82)
ME2_C           | no               |(508.58, 597.5)
ME2_C           | no               |(508.58, 606.18)
ME2_C           | no               |(508.58, 614.86)
ME2_C           | no               |(508.58, 658.26)
ME2_C           | no               |(508.58, 666.94)
ME2_C           | no               |(508.58, 675.62)
ME2_C           | no               |(508.58, 684.3)
ME2_C           | no               |(508.58, 692.98)
ME2_C           | no               |(508.58, 701.66)
ME2_C           | no               |(508.58, 745.06)
ME2_C           | no               |(508.58, 753.74)
ME2_C           | no               |(508.58, 762.42)
ME2_C           | no               |(508.58, 771.1)
ME2_C           | no               |(508.58, 779.78)
ME2_C           | no               |(508.58, 788.46)
ME2_C           | no               |(508.58, 831.86)
ME2_C           | no               |(508.58, 840.54)
ME2_C           | no               |(508.58, 849.22)
ME2_C           | no               |(508.58, 857.9)
ME2_C           | no               |(508.58, 866.58)
ME2_C           | no               |(508.58, 875.26)
ME2_C           | no               |(508.58, 918.66)
ME2_C           | no               |(508.58, 927.34)
ME2_C           | no               |(508.58, 936.02)
ME2_C           | no               |(508.58, 944.7)
ME2_C           | no               |(508.58, 953.38)
ME2_C           | no               |(508.58, 962.06)
ME2_C           | no               |(508.58, 1005.46)
ME2_C           | no               |(508.58, 1014.14)
ME2_C           | no               |(508.58, 1022.82)
ME2_C           | no               |(508.58, 1031.5)
ME2_C           | no               |(508.58, 1040.18)
ME2_C           | no               |(508.58, 1048.86)
ME2_C           | no               |(508.58, 1092.26)
ME2_C           | no               |(508.58, 1100.94)
ME2_C           | no               |(508.58, 1109.62)
ME2_C           | no               |(508.58, 1118.3)
ME2_C           | no               |(508.58, 1126.98)
ME2_C           | no               |(508.58, 1135.66)
ME2_C           | no               |(508.58, 1179.06)
ME2_C           | no               |(508.58, 1187.74)
ME2_C           | no               |(508.58, 1196.42)
ME2_C           | no               |(508.58, 1205.1)
ME2_C           | no               |(508.58, 1213.78)
ME2_C           | no               |(508.58, 1222.46)
ME2_C           | no               |(508.58, 1265.86)
ME2_C           | no               |(508.58, 1274.54)
ME2_C           | no               |(508.58, 1283.22)
ME2_C           | no               |(508.58, 1291.9)
ME2_C           | no               |(508.58, 1300.58)
ME2_C           | no               |(508.58, 1309.26)
ME2_C           | no               |(508.58, 1352.66)
ME2_C           | no               |(508.58, 1361.34)
ME2_C           | no               |(508.58, 1370.02)
ME2_C           | no               |(508.58, 1378.7)
ME2_C           | no               |(508.58, 1387.38)
ME2_C           | no               |(508.58, 1396.06)
ME2_C           | no               |(508.58, 1439.46)
ME2_C           | no               |(508.58, 1448.14)
ME2_C           | no               |(508.58, 1456.82)
ME2_C           | no               |(508.58, 1465.5)
ME2_C           | no               |(508.58, 1474.18)
ME2_C           | no               |(508.58, 1482.86)
ME2_C           | no               |(508.58, 1526.26)
ME2_C           | no               |(508.58, 1534.94)
ME2_C           | no               |(508.58, 1543.62)
ME2_C           | no               |(508.58, 1552.3)
ME2_C           | no               |(508.58, 1560.98)
ME2_C           | no               |(508.58, 1569.66)
ME2_C           | no               |(508.58, 1613.06)
ME2_C           | no               |(508.58, 1621.74)
ME2_C           | no               |(508.58, 1630.42)
ME2_C           | no               |(508.58, 1639.1)
ME2_C           | no               |(508.58, 1647.78)
ME2_C           | no               |(508.58, 1656.46)
ME2_C           | no               |(508.58, 1699.86)
ME2_C           | no               |(508.58, 1708.54)
ME2_C           | no               |(508.58, 1717.22)
ME2_C           | no               |(508.58, 1725.9)
ME2_C           | no               |(508.58, 1734.58)
ME2_C           | no               |(508.58, 1743.26)
ME2_C           | no               |(508.58, 1786.66)
ME2_C           | no               |(508.58, 1795.34)
ME2_C           | no               |(508.58, 1804.02)
ME2_C           | no               |(508.58, 1812.7)
ME2_C           | no               |(508.58, 1821.38)
ME2_C           | no               |(508.58, 1830.06)
ME2_C           | no               |(508.58, 1873.46)
ME2_C           | no               |(508.58, 1882.14)
ME2_C           | no               |(508.58, 1890.82)
ME2_C           | no               |(508.58, 1899.5)
ME2_C           | no               |(508.58, 1908.18)
ME2_C           | no               |(508.58, 1916.86)
ME2_C           | no               |(508.58, 1960.26)
ME2_C           | no               |(508.58, 1968.94)
ME2_C           | no               |(508.58, 1977.62)
ME2_C           | no               |(508.58, 1986.3)
ME2_C           | no               |(508.58, 1994.98)
ME2_C           | no               |(508.58, 2003.66)
ME2_C           | no               |(508.58, 2047.06)
ME2_C           | no               |(508.58, 2055.74)
ME2_C           | no               |(508.58, 2064.42)
ME2_C           | no               |(508.58, 2073.1)
ME2_C           | no               |(508.58, 2081.78)
ME2_C           | no               |(508.58, 2090.46)
ME2_C           | no               |(508.58, 2133.86)
ME2_C           | no               |(508.58, 2142.54)
ME2_C           | no               |(508.58, 2151.22)
ME2_C           | no               |(508.58, 2159.9)
ME2_C           | no               |(508.58, 2168.58)
ME2_C           | no               |(508.58, 2177.26)
ME2_C           | no               |(508.58, 2220.66)
ME2_C           | no               |(508.58, 2229.34)
ME2_C           | no               |(508.58, 2238.02)
ME2_C           | no               |(508.58, 2246.7)
ME2_C           | no               |(508.58, 2255.38)
ME2_C           | no               |(508.58, 2264.06)
ME2_C           | no               |(508.58, 2307.46)
ME2_C           | no               |(508.58, 2316.14)
ME2_C           | no               |(508.58, 2324.82)
ME2_C           | no               |(508.58, 2333.5)
ME2_C           | no               |(508.58, 2342.18)
ME2_C           | no               |(508.58, 2350.86)
ME1_C           | no               |(709.9, 471.27)
ME1_C           | no               |(709.9, 2369.21)
ME1_C           | no               |(702.06, 471.27)
ME1_C           | no               |(702.06, 2369.21)
ME1_C           | no               |(694.22, 471.27)
ME1_C           | no               |(694.22, 2369.21)
ME1_C           | no               |(686.38, 471.27)
ME1_C           | no               |(686.38, 2369.21)
ME1_C           | no               |(678.54, 471.27)
ME1_C           | no               |(678.54, 2369.21)
ME1_C           | no               |(670.7, 471.27)
ME1_C           | no               |(670.7, 2369.21)
ME1_C           | no               |(631.5, 471.27)
ME1_C           | no               |(631.5, 2369.21)
ME1_C           | no               |(623.66, 471.27)
ME1_C           | no               |(623.66, 2369.21)
ME1_C           | no               |(615.82, 471.27)
ME1_C           | no               |(615.82, 2369.21)
ME1_C           | no               |(607.98, 471.27)
ME1_C           | no               |(607.98, 2369.21)
ME1_C           | no               |(600.14, 471.27)
ME1_C           | no               |(600.14, 2369.21)
ME1_C           | no               |(592.3, 471.27)
ME1_C           | no               |(592.3, 2369.21)
ME1_C           | no               |(553.1, 471.27)
ME1_C           | no               |(553.1, 2369.21)
ME1_C           | no               |(545.26, 471.27)
ME1_C           | no               |(545.26, 2369.21)
ME1_C           | no               |(537.42, 471.27)
ME1_C           | no               |(537.42, 2369.21)
ME1_C           | no               |(529.58, 471.27)
ME1_C           | no               |(529.58, 2369.21)
ME1_C           | no               |(521.74, 471.27)
ME1_C           | no               |(521.74, 2369.21)
ME4_C           | no               |(1422.58, 482.97)
ME4_C           | no               |(1422.58, 499.71)
ME4_C           | no               |(1422.58, 526.37)
ME4_C           | no               |(1422.58, 548.07)
ME4_C           | no               |(1422.58, 569.77)
ME4_C           | no               |(1422.58, 595.81)
ME4_C           | no               |(1422.58, 709.27)
ME4_C           | no               |(1422.58, 726.01)
ME4_C           | no               |(1422.58, 752.67)
ME4_C           | no               |(1422.58, 774.37)
ME4_C           | no               |(1422.58, 795.45)
ME4_C           | no               |(1422.58, 822.11)
ME4_C           | no               |(1422.58, 934.95)
ME4_C           | no               |(1422.58, 951.69)
ME4_C           | no               |(1422.58, 978.35)
ME4_C           | no               |(1422.58, 1000.05)
ME4_C           | no               |(1422.58, 1021.75)
ME4_C           | no               |(1422.58, 1048.41)
ME4_C           | no               |(1422.58, 1161.25)
ME4_C           | no               |(1422.58, 1177.99)
ME4_C           | no               |(1422.58, 1204.65)
ME4_C           | no               |(1422.58, 1226.35)
ME4_C           | no               |(1422.58, 1248.05)
ME4_C           | no               |(1422.58, 1274.09)
ME4_C           | no               |(1422.58, 1380.11)
ME4_C           | no               |(1422.58, 1408.01)
ME4_C           | no               |(1422.58, 1416.69)
ME4_C           | no               |(1422.58, 1443.97)
ME4_C           | no               |(1422.58, 1465.67)
ME4_C           | no               |(1422.58, 1487.37)
ME4_C           | no               |(1422.58, 1600.21)
ME4_C           | no               |(1422.58, 1626.87)
ME4_C           | no               |(1422.58, 1643.61)
ME4_C           | no               |(1422.58, 1670.27)
ME4_C           | no               |(1422.58, 1691.97)
ME4_C           | no               |(1422.58, 1713.05)
ME4_C           | no               |(1422.58, 1826.51)
ME4_C           | no               |(1422.58, 1853.17)
ME4_C           | no               |(1422.58, 1869.29)
ME4_C           | no               |(1422.58, 1895.95)
ME4_C           | no               |(1422.58, 1917.65)
ME4_C           | no               |(1422.58, 1939.35)
ME4_C           | no               |(1422.58, 2052.19)
ME4_C           | no               |(1422.58, 2078.85)
ME4_C           | no               |(1422.58, 2095.59)
ME4_C           | no               |(1422.58, 2122.25)
ME4_C           | no               |(1422.58, 2143.95)
ME4_C           | no               |(1422.58, 2165.65)
ME4_C           | no               |(1422.58, 2278.49)
ME4_C           | no               |(1422.58, 2305.15)
ME4_C           | no               |(1422.58, 2321.89)
ME4_C           | no               |(1422.58, 2343.59)
ME4_C           | no               |(1409.42, 454.7)
ME4_C           | no               |(1409.42, 2352.64)
ME4_C           | no               |(1401.58, 454.7)
ME4_C           | no               |(1401.58, 2352.64)
ME4_C           | no               |(1393.74, 454.7)
ME4_C           | no               |(1393.74, 2352.64)
ME4_C           | no               |(1385.9, 454.7)
ME4_C           | no               |(1385.9, 2352.64)
ME4_C           | no               |(1378.06, 454.7)
ME4_C           | no               |(1378.06, 2352.64)
ME4_C           | no               |(1370.22, 454.7)
ME4_C           | no               |(1370.22, 2352.64)
ME4_C           | no               |(1331.02, 454.7)
ME4_C           | no               |(1331.02, 2352.64)
ME4_C           | no               |(1323.18, 454.7)
ME4_C           | no               |(1323.18, 2352.64)
ME4_C           | no               |(1315.34, 454.7)
ME4_C           | no               |(1315.34, 2352.64)
ME4_C           | no               |(1307.5, 454.7)
ME4_C           | no               |(1307.5, 2352.64)
ME4_C           | no               |(1299.66, 454.7)
ME4_C           | no               |(1299.66, 2352.64)
ME4_C           | no               |(1291.82, 454.7)
ME4_C           | no               |(1291.82, 2352.64)
ME4_C           | no               |(1252.62, 454.7)
ME4_C           | no               |(1252.62, 2352.64)
ME4_C           | no               |(1244.78, 454.7)
ME4_C           | no               |(1244.78, 2352.64)
ME4_C           | no               |(1236.94, 454.7)
ME4_C           | no               |(1236.94, 2352.64)
ME4_C           | no               |(1229.1, 454.7)
ME4_C           | no               |(1229.1, 2352.64)
ME4_C           | no               |(1221.26, 454.7)
ME4_C           | no               |(1221.26, 2352.64)
ME4_C           | no               |(1208.1, 468.09)
ME4_C           | no               |(1208.1, 476.77)
ME4_C           | no               |(1208.1, 485.45)
ME4_C           | no               |(1208.1, 494.13)
ME4_C           | no               |(1208.1, 502.81)
ME4_C           | no               |(1208.1, 511.49)
ME4_C           | no               |(1208.1, 554.89)
ME4_C           | no               |(1208.1, 563.57)
ME4_C           | no               |(1208.1, 572.25)
ME4_C           | no               |(1208.1, 580.93)
ME4_C           | no               |(1208.1, 589.61)
ME4_C           | no               |(1208.1, 598.29)
ME4_C           | no               |(1208.1, 641.69)
ME4_C           | no               |(1208.1, 650.37)
ME4_C           | no               |(1208.1, 659.05)
ME4_C           | no               |(1208.1, 667.73)
ME4_C           | no               |(1208.1, 676.41)
ME4_C           | no               |(1208.1, 685.09)
ME4_C           | no               |(1208.1, 728.49)
ME4_C           | no               |(1208.1, 737.17)
ME4_C           | no               |(1208.1, 745.85)
ME4_C           | no               |(1208.1, 754.53)
ME4_C           | no               |(1208.1, 763.21)
ME4_C           | no               |(1208.1, 771.89)
ME4_C           | no               |(1208.1, 815.29)
ME4_C           | no               |(1208.1, 823.97)
ME4_C           | no               |(1208.1, 832.65)
ME4_C           | no               |(1208.1, 841.33)
ME4_C           | no               |(1208.1, 850.01)
ME4_C           | no               |(1208.1, 858.69)
ME4_C           | no               |(1208.1, 902.09)
ME4_C           | no               |(1208.1, 910.77)
ME4_C           | no               |(1208.1, 919.45)
ME4_C           | no               |(1208.1, 928.13)
ME4_C           | no               |(1208.1, 936.81)
ME4_C           | no               |(1208.1, 945.49)
ME4_C           | no               |(1208.1, 988.89)
ME4_C           | no               |(1208.1, 997.57)
ME4_C           | no               |(1208.1, 1006.25)
ME4_C           | no               |(1208.1, 1014.93)
ME4_C           | no               |(1208.1, 1023.61)
ME4_C           | no               |(1208.1, 1032.29)
ME4_C           | no               |(1208.1, 1075.69)
ME4_C           | no               |(1208.1, 1084.37)
ME4_C           | no               |(1208.1, 1093.05)
ME4_C           | no               |(1208.1, 1101.73)
ME4_C           | no               |(1208.1, 1110.41)
ME4_C           | no               |(1208.1, 1119.09)
ME4_C           | no               |(1208.1, 1162.49)
ME4_C           | no               |(1208.1, 1171.17)
ME4_C           | no               |(1208.1, 1179.85)
ME4_C           | no               |(1208.1, 1188.53)
ME4_C           | no               |(1208.1, 1197.21)
ME4_C           | no               |(1208.1, 1205.89)
ME4_C           | no               |(1208.1, 1249.29)
ME4_C           | no               |(1208.1, 1257.97)
ME4_C           | no               |(1208.1, 1266.65)
ME4_C           | no               |(1208.1, 1275.33)
ME4_C           | no               |(1208.1, 1284.01)
ME4_C           | no               |(1208.1, 1292.69)
ME4_C           | no               |(1208.1, 1336.09)
ME4_C           | no               |(1208.1, 1344.77)
ME4_C           | no               |(1208.1, 1353.45)
ME4_C           | no               |(1208.1, 1362.13)
ME4_C           | no               |(1208.1, 1370.81)
ME4_C           | no               |(1208.1, 1379.49)
ME4_C           | no               |(1208.1, 1422.89)
ME4_C           | no               |(1208.1, 1431.57)
ME4_C           | no               |(1208.1, 1440.25)
ME4_C           | no               |(1208.1, 1448.93)
ME4_C           | no               |(1208.1, 1457.61)
ME4_C           | no               |(1208.1, 1466.29)
ME4_C           | no               |(1208.1, 1509.69)
ME4_C           | no               |(1208.1, 1518.37)
ME4_C           | no               |(1208.1, 1527.05)
ME4_C           | no               |(1208.1, 1535.73)
ME4_C           | no               |(1208.1, 1544.41)
ME4_C           | no               |(1208.1, 1553.09)
ME4_C           | no               |(1208.1, 1596.49)
ME4_C           | no               |(1208.1, 1605.17)
ME4_C           | no               |(1208.1, 1613.85)
ME4_C           | no               |(1208.1, 1622.53)
ME4_C           | no               |(1208.1, 1631.21)
ME4_C           | no               |(1208.1, 1639.89)
ME4_C           | no               |(1208.1, 1683.29)
ME4_C           | no               |(1208.1, 1691.97)
ME4_C           | no               |(1208.1, 1700.65)
ME4_C           | no               |(1208.1, 1709.33)
ME4_C           | no               |(1208.1, 1718.01)
ME4_C           | no               |(1208.1, 1726.69)
ME4_C           | no               |(1208.1, 1770.09)
ME4_C           | no               |(1208.1, 1778.77)
ME4_C           | no               |(1208.1, 1787.45)
ME4_C           | no               |(1208.1, 1796.13)
ME4_C           | no               |(1208.1, 1804.81)
ME4_C           | no               |(1208.1, 1813.49)
ME4_C           | no               |(1208.1, 1856.89)
ME4_C           | no               |(1208.1, 1865.57)
ME4_C           | no               |(1208.1, 1874.25)
ME4_C           | no               |(1208.1, 1882.93)
ME4_C           | no               |(1208.1, 1891.61)
ME4_C           | no               |(1208.1, 1900.29)
ME4_C           | no               |(1208.1, 1943.69)
ME4_C           | no               |(1208.1, 1952.37)
ME4_C           | no               |(1208.1, 1961.05)
ME4_C           | no               |(1208.1, 1969.73)
ME4_C           | no               |(1208.1, 1978.41)
ME4_C           | no               |(1208.1, 1987.09)
ME4_C           | no               |(1208.1, 2030.49)
ME4_C           | no               |(1208.1, 2039.17)
ME4_C           | no               |(1208.1, 2047.85)
ME4_C           | no               |(1208.1, 2056.53)
ME4_C           | no               |(1208.1, 2065.21)
ME4_C           | no               |(1208.1, 2073.89)
ME4_C           | no               |(1208.1, 2117.29)
ME4_C           | no               |(1208.1, 2125.97)
ME4_C           | no               |(1208.1, 2134.65)
ME4_C           | no               |(1208.1, 2143.33)
ME4_C           | no               |(1208.1, 2152.01)
ME4_C           | no               |(1208.1, 2160.69)
ME4_C           | no               |(1208.1, 2204.09)
ME4_C           | no               |(1208.1, 2212.77)
ME4_C           | no               |(1208.1, 2221.45)
ME4_C           | no               |(1208.1, 2230.13)
ME4_C           | no               |(1208.1, 2238.81)
ME4_C           | no               |(1208.1, 2247.49)
ME4_C           | no               |(1208.1, 2290.89)
ME4_C           | no               |(1208.1, 2299.57)
ME4_C           | no               |(1208.1, 2308.25)
ME4_C           | no               |(1208.1, 2316.93)
ME4_C           | no               |(1208.1, 2325.61)
ME4_C           | no               |(1208.1, 2334.29)
ME3_C           | no               |(1422.58, 482.97)
ME3_C           | no               |(1422.58, 499.71)
ME3_C           | no               |(1422.58, 526.37)
ME3_C           | no               |(1422.58, 548.07)
ME3_C           | no               |(1422.58, 569.77)
ME3_C           | no               |(1422.58, 595.81)
ME3_C           | no               |(1422.58, 709.27)
ME3_C           | no               |(1422.58, 726.01)
ME3_C           | no               |(1422.58, 752.67)
ME3_C           | no               |(1422.58, 774.37)
ME3_C           | no               |(1422.58, 795.45)
ME3_C           | no               |(1422.58, 1380.11)
ME3_C           | no               |(1422.58, 1408.01)
ME3_C           | no               |(1422.58, 1416.69)
ME3_C           | no               |(1422.58, 1443.97)
ME3_C           | no               |(1422.58, 1465.67)
ME3_C           | no               |(1422.58, 1487.37)
ME3_C           | no               |(1422.58, 1600.21)
ME3_C           | no               |(1422.58, 1626.87)
ME3_C           | no               |(1422.58, 1643.61)
ME3_C           | no               |(1422.58, 1670.27)
ME3_C           | no               |(1422.58, 1691.97)
ME3_C           | no               |(1422.58, 1713.05)
ME3_C           | no               |(1422.58, 1826.51)
ME3_C           | no               |(1422.58, 1853.17)
ME3_C           | no               |(1422.58, 1869.29)
ME3_C           | no               |(1422.58, 1895.95)
ME3_C           | no               |(1422.58, 1917.65)
ME3_C           | no               |(1422.58, 1939.35)
ME3_C           | no               |(1422.58, 2052.19)
ME3_C           | no               |(1422.58, 2078.85)
ME3_C           | no               |(1422.58, 2095.59)
ME3_C           | no               |(1422.58, 2122.25)
ME3_C           | no               |(1422.58, 2143.95)
ME3_C           | no               |(1422.58, 2165.65)
ME3_C           | no               |(1422.58, 2278.49)
ME3_C           | no               |(1422.58, 2305.15)
ME3_C           | no               |(1422.58, 2321.89)
ME3_C           | no               |(1422.58, 2343.59)
ME3_C           | no               |(1409.42, 454.7)
ME3_C           | no               |(1409.42, 2352.64)
ME3_C           | no               |(1401.58, 454.7)
ME3_C           | no               |(1401.58, 2352.64)
ME3_C           | no               |(1393.74, 454.7)
ME3_C           | no               |(1393.74, 2352.64)
ME3_C           | no               |(1385.9, 454.7)
ME3_C           | no               |(1385.9, 2352.64)
ME3_C           | no               |(1378.06, 454.7)
ME3_C           | no               |(1378.06, 2352.64)
ME3_C           | no               |(1370.22, 454.7)
ME3_C           | no               |(1370.22, 2352.64)
ME3_C           | no               |(1331.02, 454.7)
ME3_C           | no               |(1331.02, 2352.64)
ME3_C           | no               |(1323.18, 454.7)
ME3_C           | no               |(1323.18, 2352.64)
ME3_C           | no               |(1315.34, 454.7)
ME3_C           | no               |(1315.34, 2352.64)
ME3_C           | no               |(1307.5, 454.7)
ME3_C           | no               |(1307.5, 2352.64)
ME3_C           | no               |(1299.66, 454.7)
ME3_C           | no               |(1299.66, 2352.64)
ME3_C           | no               |(1291.82, 454.7)
ME3_C           | no               |(1291.82, 2352.64)
ME3_C           | no               |(1252.62, 454.7)
ME3_C           | no               |(1252.62, 2352.64)
ME3_C           | no               |(1244.78, 454.7)
ME3_C           | no               |(1244.78, 2352.64)
ME3_C           | no               |(1236.94, 454.7)
ME3_C           | no               |(1236.94, 2352.64)
ME3_C           | no               |(1229.1, 454.7)
ME3_C           | no               |(1229.1, 2352.64)
ME3_C           | no               |(1221.26, 454.7)
ME3_C           | no               |(1221.26, 2352.64)
ME3_C           | no               |(1208.1, 468.09)
ME3_C           | no               |(1208.1, 476.77)
ME3_C           | no               |(1208.1, 485.45)
ME3_C           | no               |(1208.1, 494.13)
ME3_C           | no               |(1208.1, 502.81)
ME3_C           | no               |(1208.1, 511.49)
ME3_C           | no               |(1208.1, 554.89)
ME3_C           | no               |(1208.1, 563.57)
ME3_C           | no               |(1208.1, 572.25)
ME3_C           | no               |(1208.1, 580.93)
ME3_C           | no               |(1208.1, 589.61)
ME3_C           | no               |(1208.1, 598.29)
ME3_C           | no               |(1208.1, 641.69)
ME3_C           | no               |(1208.1, 650.37)
ME3_C           | no               |(1208.1, 659.05)
ME3_C           | no               |(1208.1, 667.73)
ME3_C           | no               |(1208.1, 676.41)
ME3_C           | no               |(1208.1, 685.09)
ME3_C           | no               |(1208.1, 728.49)
ME3_C           | no               |(1208.1, 737.17)
ME3_C           | no               |(1208.1, 745.85)
ME3_C           | no               |(1208.1, 754.53)
ME3_C           | no               |(1208.1, 763.21)
ME3_C           | no               |(1208.1, 771.89)
ME3_C           | no               |(1208.1, 815.29)
ME3_C           | no               |(1208.1, 823.97)
ME3_C           | no               |(1208.1, 832.65)
ME3_C           | no               |(1208.1, 841.33)
ME3_C           | no               |(1208.1, 850.01)
ME3_C           | no               |(1208.1, 858.69)
ME3_C           | no               |(1208.1, 902.09)
ME3_C           | no               |(1208.1, 910.77)
ME3_C           | no               |(1208.1, 919.45)
ME3_C           | no               |(1208.1, 928.13)
ME3_C           | no               |(1208.1, 936.81)
ME3_C           | no               |(1208.1, 945.49)
ME3_C           | no               |(1208.1, 988.89)
ME3_C           | no               |(1208.1, 997.57)
ME3_C           | no               |(1208.1, 1006.25)
ME3_C           | no               |(1208.1, 1014.93)
ME3_C           | no               |(1208.1, 1023.61)
ME3_C           | no               |(1208.1, 1032.29)
ME3_C           | no               |(1208.1, 1075.69)
ME3_C           | no               |(1208.1, 1084.37)
ME3_C           | no               |(1208.1, 1093.05)
ME3_C           | no               |(1208.1, 1101.73)
ME3_C           | no               |(1208.1, 1110.41)
ME3_C           | no               |(1208.1, 1119.09)
ME3_C           | no               |(1208.1, 1162.49)
ME3_C           | no               |(1208.1, 1171.17)
ME3_C           | no               |(1208.1, 1179.85)
ME3_C           | no               |(1208.1, 1188.53)
ME3_C           | no               |(1208.1, 1197.21)
ME3_C           | no               |(1208.1, 1205.89)
ME3_C           | no               |(1208.1, 1249.29)
ME3_C           | no               |(1208.1, 1257.97)
ME3_C           | no               |(1208.1, 1266.65)
ME3_C           | no               |(1208.1, 1275.33)
ME3_C           | no               |(1208.1, 1284.01)
ME3_C           | no               |(1208.1, 1292.69)
ME3_C           | no               |(1208.1, 1336.09)
ME3_C           | no               |(1208.1, 1344.77)
ME3_C           | no               |(1208.1, 1353.45)
ME3_C           | no               |(1208.1, 1362.13)
ME3_C           | no               |(1208.1, 1370.81)
ME3_C           | no               |(1208.1, 1379.49)
ME3_C           | no               |(1208.1, 1422.89)
ME3_C           | no               |(1208.1, 1431.57)
ME3_C           | no               |(1208.1, 1440.25)
ME3_C           | no               |(1208.1, 1448.93)
ME3_C           | no               |(1208.1, 1457.61)
ME3_C           | no               |(1208.1, 1466.29)
ME3_C           | no               |(1208.1, 1509.69)
ME3_C           | no               |(1208.1, 1518.37)
ME3_C           | no               |(1208.1, 1527.05)
ME3_C           | no               |(1208.1, 1535.73)
ME3_C           | no               |(1208.1, 1544.41)
ME3_C           | no               |(1208.1, 1553.09)
ME3_C           | no               |(1208.1, 1596.49)
ME3_C           | no               |(1208.1, 1605.17)
ME3_C           | no               |(1208.1, 1613.85)
ME3_C           | no               |(1208.1, 1622.53)
ME3_C           | no               |(1208.1, 1631.21)
ME3_C           | no               |(1208.1, 1639.89)
ME3_C           | no               |(1208.1, 1683.29)
ME3_C           | no               |(1208.1, 1691.97)
ME3_C           | no               |(1208.1, 1700.65)
ME3_C           | no               |(1208.1, 1709.33)
ME3_C           | no               |(1208.1, 1718.01)
ME3_C           | no               |(1208.1, 1726.69)
ME3_C           | no               |(1208.1, 1770.09)
ME3_C           | no               |(1208.1, 1778.77)
ME3_C           | no               |(1208.1, 1787.45)
ME3_C           | no               |(1208.1, 1796.13)
ME3_C           | no               |(1208.1, 1804.81)
ME3_C           | no               |(1208.1, 1813.49)
ME3_C           | no               |(1208.1, 1856.89)
ME3_C           | no               |(1208.1, 1865.57)
ME3_C           | no               |(1208.1, 1874.25)
ME3_C           | no               |(1208.1, 1882.93)
ME3_C           | no               |(1208.1, 1891.61)
ME3_C           | no               |(1208.1, 1900.29)
ME3_C           | no               |(1208.1, 1943.69)
ME3_C           | no               |(1208.1, 1952.37)
ME3_C           | no               |(1208.1, 1961.05)
ME3_C           | no               |(1208.1, 1969.73)
ME3_C           | no               |(1208.1, 1978.41)
ME3_C           | no               |(1208.1, 1987.09)
ME3_C           | no               |(1208.1, 2030.49)
ME3_C           | no               |(1208.1, 2039.17)
ME3_C           | no               |(1208.1, 2047.85)
ME3_C           | no               |(1208.1, 2056.53)
ME3_C           | no               |(1208.1, 2065.21)
ME3_C           | no               |(1208.1, 2073.89)
ME3_C           | no               |(1208.1, 2117.29)
ME3_C           | no               |(1208.1, 2125.97)
ME3_C           | no               |(1208.1, 2134.65)
ME3_C           | no               |(1208.1, 2143.33)
ME3_C           | no               |(1208.1, 2152.01)
ME3_C           | no               |(1208.1, 2160.69)
ME3_C           | no               |(1208.1, 2204.09)
ME3_C           | no               |(1208.1, 2212.77)
ME3_C           | no               |(1208.1, 2221.45)
ME3_C           | no               |(1208.1, 2230.13)
ME3_C           | no               |(1208.1, 2238.81)
ME3_C           | no               |(1208.1, 2247.49)
ME3_C           | no               |(1208.1, 2290.89)
ME3_C           | no               |(1208.1, 2299.57)
ME3_C           | no               |(1208.1, 2308.25)
ME3_C           | no               |(1208.1, 2316.93)
ME3_C           | no               |(1208.1, 2325.61)
ME3_C           | no               |(1208.1, 2334.29)
ME2_C           | no               |(1422.58, 482.97)
ME2_C           | no               |(1422.58, 499.71)
ME2_C           | no               |(1422.58, 526.37)
ME2_C           | no               |(1422.58, 548.07)
ME2_C           | no               |(1422.58, 569.77)
ME2_C           | no               |(1422.58, 595.81)
ME2_C           | no               |(1422.58, 709.27)
ME2_C           | no               |(1422.58, 726.01)
ME2_C           | no               |(1422.58, 752.67)
ME2_C           | no               |(1422.58, 774.37)
ME2_C           | no               |(1422.58, 795.45)
ME2_C           | no               |(1422.58, 822.11)
ME2_C           | no               |(1422.58, 934.95)
ME2_C           | no               |(1422.58, 951.69)
ME2_C           | no               |(1422.58, 978.35)
ME2_C           | no               |(1422.58, 1000.05)
ME2_C           | no               |(1422.58, 1021.75)
ME2_C           | no               |(1422.58, 1048.41)
ME2_C           | no               |(1422.58, 1161.25)
ME2_C           | no               |(1422.58, 1177.99)
ME2_C           | no               |(1422.58, 1204.65)
ME2_C           | no               |(1422.58, 1226.35)
ME2_C           | no               |(1422.58, 1248.05)
ME2_C           | no               |(1422.58, 1274.09)
ME2_C           | no               |(1422.58, 1380.11)
ME2_C           | no               |(1422.58, 1408.01)
ME2_C           | no               |(1422.58, 1416.69)
ME2_C           | no               |(1422.58, 1443.97)
ME2_C           | no               |(1422.58, 1465.67)
ME2_C           | no               |(1422.58, 1487.37)
ME2_C           | no               |(1422.58, 1600.21)
ME2_C           | no               |(1422.58, 1626.87)
ME2_C           | no               |(1422.58, 1643.61)
ME2_C           | no               |(1422.58, 1670.27)
ME2_C           | no               |(1422.58, 1691.97)
ME2_C           | no               |(1422.58, 1713.05)
ME2_C           | no               |(1422.58, 1826.51)
ME2_C           | no               |(1422.58, 1853.17)
ME2_C           | no               |(1422.58, 1869.29)
ME2_C           | no               |(1422.58, 1895.95)
ME2_C           | no               |(1422.58, 1917.65)
ME2_C           | no               |(1422.58, 1939.35)
ME2_C           | no               |(1422.58, 2052.19)
ME2_C           | no               |(1422.58, 2078.85)
ME2_C           | no               |(1422.58, 2095.59)
ME2_C           | no               |(1422.58, 2122.25)
ME2_C           | no               |(1422.58, 2143.95)
ME2_C           | no               |(1422.58, 2165.65)
ME2_C           | no               |(1422.58, 2278.49)
ME2_C           | no               |(1422.58, 2305.15)
ME2_C           | no               |(1422.58, 2321.89)
ME2_C           | no               |(1422.58, 2343.59)
ME2_C           | no               |(1208.1, 468.09)
ME2_C           | no               |(1208.1, 476.77)
ME2_C           | no               |(1208.1, 485.45)
ME2_C           | no               |(1208.1, 494.13)
ME2_C           | no               |(1208.1, 502.81)
ME2_C           | no               |(1208.1, 511.49)
ME2_C           | no               |(1208.1, 554.89)
ME2_C           | no               |(1208.1, 563.57)
ME2_C           | no               |(1208.1, 572.25)
ME2_C           | no               |(1208.1, 580.93)
ME2_C           | no               |(1208.1, 589.61)
ME2_C           | no               |(1208.1, 598.29)
ME2_C           | no               |(1208.1, 641.69)
ME2_C           | no               |(1208.1, 650.37)
ME2_C           | no               |(1208.1, 659.05)
ME2_C           | no               |(1208.1, 667.73)
ME2_C           | no               |(1208.1, 676.41)
ME2_C           | no               |(1208.1, 685.09)
ME2_C           | no               |(1208.1, 728.49)
ME2_C           | no               |(1208.1, 737.17)
ME2_C           | no               |(1208.1, 745.85)
ME2_C           | no               |(1208.1, 754.53)
ME2_C           | no               |(1208.1, 763.21)
ME2_C           | no               |(1208.1, 771.89)
ME2_C           | no               |(1208.1, 815.29)
ME2_C           | no               |(1208.1, 823.97)
ME2_C           | no               |(1208.1, 832.65)
ME2_C           | no               |(1208.1, 841.33)
ME2_C           | no               |(1208.1, 850.01)
ME2_C           | no               |(1208.1, 858.69)
ME2_C           | no               |(1208.1, 902.09)
ME2_C           | no               |(1208.1, 910.77)
ME2_C           | no               |(1208.1, 919.45)
ME2_C           | no               |(1208.1, 928.13)
ME2_C           | no               |(1208.1, 936.81)
ME2_C           | no               |(1208.1, 945.49)
ME2_C           | no               |(1208.1, 988.89)
ME2_C           | no               |(1208.1, 997.57)
ME2_C           | no               |(1208.1, 1006.25)
ME2_C           | no               |(1208.1, 1014.93)
ME2_C           | no               |(1208.1, 1023.61)
ME2_C           | no               |(1208.1, 1032.29)
ME2_C           | no               |(1208.1, 1075.69)
ME2_C           | no               |(1208.1, 1084.37)
ME2_C           | no               |(1208.1, 1093.05)
ME2_C           | no               |(1208.1, 1101.73)
ME2_C           | no               |(1208.1, 1110.41)
ME2_C           | no               |(1208.1, 1119.09)
ME2_C           | no               |(1208.1, 1162.49)
ME2_C           | no               |(1208.1, 1171.17)
ME2_C           | no               |(1208.1, 1179.85)
ME2_C           | no               |(1208.1, 1188.53)
ME2_C           | no               |(1208.1, 1197.21)
ME2_C           | no               |(1208.1, 1205.89)
ME2_C           | no               |(1208.1, 1249.29)
ME2_C           | no               |(1208.1, 1257.97)
ME2_C           | no               |(1208.1, 1266.65)
ME2_C           | no               |(1208.1, 1275.33)
ME2_C           | no               |(1208.1, 1284.01)
ME2_C           | no               |(1208.1, 1292.69)
ME2_C           | no               |(1208.1, 1336.09)
ME2_C           | no               |(1208.1, 1344.77)
ME2_C           | no               |(1208.1, 1353.45)
ME2_C           | no               |(1208.1, 1362.13)
ME2_C           | no               |(1208.1, 1370.81)
ME2_C           | no               |(1208.1, 1379.49)
ME2_C           | no               |(1208.1, 1422.89)
ME2_C           | no               |(1208.1, 1431.57)
ME2_C           | no               |(1208.1, 1440.25)
ME2_C           | no               |(1208.1, 1448.93)
ME2_C           | no               |(1208.1, 1457.61)
ME2_C           | no               |(1208.1, 1466.29)
ME2_C           | no               |(1208.1, 1509.69)
ME2_C           | no               |(1208.1, 1518.37)
ME2_C           | no               |(1208.1, 1527.05)
ME2_C           | no               |(1208.1, 1535.73)
ME2_C           | no               |(1208.1, 1544.41)
ME2_C           | no               |(1208.1, 1553.09)
ME2_C           | no               |(1208.1, 1596.49)
ME2_C           | no               |(1208.1, 1605.17)
ME2_C           | no               |(1208.1, 1613.85)
ME2_C           | no               |(1208.1, 1622.53)
ME2_C           | no               |(1208.1, 1631.21)
ME2_C           | no               |(1208.1, 1639.89)
ME2_C           | no               |(1208.1, 1683.29)
ME2_C           | no               |(1208.1, 1691.97)
ME2_C           | no               |(1208.1, 1700.65)
ME2_C           | no               |(1208.1, 1709.33)
ME2_C           | no               |(1208.1, 1718.01)
ME2_C           | no               |(1208.1, 1726.69)
ME2_C           | no               |(1208.1, 1770.09)
ME2_C           | no               |(1208.1, 1778.77)
ME2_C           | no               |(1208.1, 1787.45)
ME2_C           | no               |(1208.1, 1796.13)
ME2_C           | no               |(1208.1, 1804.81)
ME2_C           | no               |(1208.1, 1813.49)
ME2_C           | no               |(1208.1, 1856.89)
ME2_C           | no               |(1208.1, 1865.57)
ME2_C           | no               |(1208.1, 1874.25)
ME2_C           | no               |(1208.1, 1882.93)
ME2_C           | no               |(1208.1, 1891.61)
ME2_C           | no               |(1208.1, 1900.29)
ME2_C           | no               |(1208.1, 1943.69)
ME2_C           | no               |(1208.1, 1952.37)
ME2_C           | no               |(1208.1, 1961.05)
ME2_C           | no               |(1208.1, 1969.73)
ME2_C           | no               |(1208.1, 1978.41)
ME2_C           | no               |(1208.1, 1987.09)
ME2_C           | no               |(1208.1, 2030.49)
ME2_C           | no               |(1208.1, 2039.17)
ME2_C           | no               |(1208.1, 2047.85)
ME2_C           | no               |(1208.1, 2056.53)
ME2_C           | no               |(1208.1, 2065.21)
ME2_C           | no               |(1208.1, 2073.89)
ME2_C           | no               |(1208.1, 2117.29)
ME2_C           | no               |(1208.1, 2125.97)
ME2_C           | no               |(1208.1, 2134.65)
ME2_C           | no               |(1208.1, 2143.33)
ME2_C           | no               |(1208.1, 2152.01)
ME2_C           | no               |(1208.1, 2160.69)
ME2_C           | no               |(1208.1, 2204.09)
ME2_C           | no               |(1208.1, 2212.77)
ME2_C           | no               |(1208.1, 2221.45)
ME2_C           | no               |(1208.1, 2230.13)
ME2_C           | no               |(1208.1, 2238.81)
ME2_C           | no               |(1208.1, 2247.49)
ME2_C           | no               |(1208.1, 2290.89)
ME2_C           | no               |(1208.1, 2299.57)
ME2_C           | no               |(1208.1, 2308.25)
ME2_C           | no               |(1208.1, 2316.93)
ME2_C           | no               |(1208.1, 2325.61)
ME2_C           | no               |(1208.1, 2334.29)
ME1_C           | no               |(1422.58, 822.11)
ME1_C           | no               |(1422.58, 934.95)
ME1_C           | no               |(1422.58, 951.69)
ME1_C           | no               |(1422.58, 978.35)
ME1_C           | no               |(1422.58, 1000.05)
ME1_C           | no               |(1422.58, 1021.75)
ME1_C           | no               |(1422.58, 1048.41)
ME1_C           | no               |(1422.58, 1161.25)
ME1_C           | no               |(1422.58, 1177.99)
ME1_C           | no               |(1422.58, 1204.65)
ME1_C           | no               |(1422.58, 1226.35)
ME1_C           | no               |(1422.58, 1248.05)
ME1_C           | no               |(1422.58, 1274.09)
ME1_C           | no               |(1409.42, 454.7)
ME1_C           | no               |(1409.42, 2352.64)
ME1_C           | no               |(1401.58, 454.7)
ME1_C           | no               |(1401.58, 2352.64)
ME1_C           | no               |(1393.74, 454.7)
ME1_C           | no               |(1393.74, 2352.64)
ME1_C           | no               |(1385.9, 454.7)
ME1_C           | no               |(1385.9, 2352.64)
ME1_C           | no               |(1378.06, 454.7)
ME1_C           | no               |(1378.06, 2352.64)
ME1_C           | no               |(1370.22, 454.7)
ME1_C           | no               |(1370.22, 2352.64)
ME1_C           | no               |(1331.02, 454.7)
ME1_C           | no               |(1331.02, 2352.64)
ME1_C           | no               |(1323.18, 454.7)
ME1_C           | no               |(1323.18, 2352.64)
ME1_C           | no               |(1315.34, 454.7)
ME1_C           | no               |(1315.34, 2352.64)
ME1_C           | no               |(1307.5, 454.7)
ME1_C           | no               |(1307.5, 2352.64)
ME1_C           | no               |(1299.66, 454.7)
ME1_C           | no               |(1299.66, 2352.64)
ME1_C           | no               |(1291.82, 454.7)
ME1_C           | no               |(1291.82, 2352.64)
ME1_C           | no               |(1252.62, 454.7)
ME1_C           | no               |(1252.62, 2352.64)
ME1_C           | no               |(1244.78, 454.7)
ME1_C           | no               |(1244.78, 2352.64)
ME1_C           | no               |(1236.94, 454.7)
ME1_C           | no               |(1236.94, 2352.64)
ME1_C           | no               |(1229.1, 454.7)
ME1_C           | no               |(1229.1, 2352.64)
ME1_C           | no               |(1221.26, 454.7)
ME1_C           | no               |(1221.26, 2352.64)
ME6_C           | no               |(2844.3, 2154.67)
ME6_C           | no               |(2844.3, 2116.73)
ME5_C           | no               |(2844.3, 2154.67)
ME5_C           | no               |(2844.3, 2116.73)
ME4_C           | no               |(2844.3, 2154.67)
ME4_C           | no               |(2844.3, 2116.73)
ME3_C           | no               |(2844.3, 2154.67)
ME3_C           | no               |(2844.3, 2116.73)
ME2_C           | no               |(2844.3, 2154.67)
ME2_C           | no               |(2844.3, 2116.73)
ME1_C           | no               |(2844.3, 2154.67)
ME1_C           | no               |(2844.3, 2116.73)
ME6_C           | no               |(2192.77, 1.5)
ME6_C           | no               |(2154.83, 1.5)
ME5_C           | no               |(2192.77, 1.5)
ME5_C           | no               |(2154.83, 1.5)
ME4_C           | no               |(2192.77, 1.5)
ME4_C           | no               |(2154.83, 1.5)
ME3_C           | no               |(2192.77, 1.5)
ME3_C           | no               |(2154.83, 1.5)
ME2_C           | no               |(2192.77, 1.5)
ME2_C           | no               |(2154.83, 1.5)
ME1_C           | no               |(2192.77, 1.5)
ME1_C           | no               |(2154.83, 1.5)
ME6_C           | no               |(1.5, 2153.6)
ME6_C           | no               |(1.5, 2191.54)
ME5_C           | no               |(1.5, 2153.6)
ME5_C           | no               |(1.5, 2191.54)
ME4_C           | no               |(1.5, 2153.6)
ME4_C           | no               |(1.5, 2191.54)
ME3_C           | no               |(1.5, 2153.6)
ME3_C           | no               |(1.5, 2191.54)
ME2_C           | no               |(1.5, 2153.6)
ME2_C           | no               |(1.5, 2191.54)
ME1_C           | no               |(1.5, 2153.6)
ME1_C           | no               |(1.5, 2191.54)
ME6_C           | no               |(2154.83, 2795.82)
ME6_C           | no               |(2192.77, 2795.82)
ME5_C           | no               |(2154.83, 2795.82)
ME5_C           | no               |(2192.77, 2795.82)
ME4_C           | no               |(2154.83, 2795.82)
ME4_C           | no               |(2192.77, 2795.82)
ME3_C           | no               |(2154.83, 2795.82)
ME3_C           | no               |(2192.77, 2795.82)
ME2_C           | no               |(2154.83, 2795.82)
ME2_C           | no               |(2192.77, 2795.82)
ME1_C           | no               |(2154.83, 2795.82)
ME1_C           | no               |(2192.77, 2795.82)
ME6_C           | no               |(2844.3, 2338.94)
ME6_C           | no               |(2844.3, 2301)
ME5_C           | no               |(2844.3, 2338.94)
ME5_C           | no               |(2844.3, 2301)
ME4_C           | no               |(2844.3, 2338.94)
ME4_C           | no               |(2844.3, 2301)
ME3_C           | no               |(2844.3, 2338.94)
ME3_C           | no               |(2844.3, 2301)
ME2_C           | no               |(2844.3, 2338.94)
ME2_C           | no               |(2844.3, 2301)
ME1_C           | no               |(2844.3, 2338.94)
ME1_C           | no               |(2844.3, 2301)
ME6_C           | no               |(2380.5, 1.5)
ME6_C           | no               |(2342.56, 1.5)
ME5_C           | no               |(2380.5, 1.5)
ME5_C           | no               |(2342.56, 1.5)
ME4_C           | no               |(2380.5, 1.5)
ME4_C           | no               |(2342.56, 1.5)
ME3_C           | no               |(2380.5, 1.5)
ME3_C           | no               |(2342.56, 1.5)
ME2_C           | no               |(2380.5, 1.5)
ME2_C           | no               |(2342.56, 1.5)
ME1_C           | no               |(2380.5, 1.5)
ME1_C           | no               |(2342.56, 1.5)
ME6_C           | no               |(1.5, 2325.58)
ME6_C           | no               |(1.5, 2363.52)
ME5_C           | no               |(1.5, 2325.58)
ME5_C           | no               |(1.5, 2363.52)
ME4_C           | no               |(1.5, 2325.58)
ME4_C           | no               |(1.5, 2363.52)
ME3_C           | no               |(1.5, 2325.58)
ME3_C           | no               |(1.5, 2363.52)
ME2_C           | no               |(1.5, 2325.58)
ME2_C           | no               |(1.5, 2363.52)
ME1_C           | no               |(1.5, 2325.58)
ME1_C           | no               |(1.5, 2363.52)
ME6_C           | no               |(2342.56, 2795.82)
ME6_C           | no               |(2380.5, 2795.82)
ME5_C           | no               |(2342.56, 2795.82)
ME5_C           | no               |(2380.5, 2795.82)
ME4_C           | no               |(2342.56, 2795.82)
ME4_C           | no               |(2380.5, 2795.82)
ME3_C           | no               |(2342.56, 2795.82)
ME3_C           | no               |(2380.5, 2795.82)
ME2_C           | no               |(2342.56, 2795.82)
ME2_C           | no               |(2380.5, 2795.82)
ME1_C           | no               |(2342.56, 2795.82)
ME1_C           | no               |(2380.5, 2795.82)


* Weakly Connected Metal Segments

Layer      | Location (um)
------------------------------------------------------------------
ME2_C      | (682.6, 2416.57)
ME3_C      | (2677.88, 2282.88)
ME3_C      | (2202.6, 2416.57)
ME3_C      | (1780.31, 2344.93)
ME3_C      | (1204.74, 2301.04)
ME3_C      | (1204.74, 2311.12)
ME3_C      | (1204.74, 2321.2)
ME3_C      | (1204.74, 2331.28)
ME3_C      | (1425.94, 2356)
ME3_C      | (1430.07, 2290.96)
ME3_C      | (1607.83, 2282.88)
ME3_C      | (1607.83, 2331.28)
ME3_C      | (2677.88, 2362.88)
ME3_C      | (1204.74, 2282.88)
ME3_C      | (730.55, 2331.28)
ME3_C      | (730.55, 2351.44)
ME3_C      | (730.55, 2282.69)
ME3_C      | (1077.78, 2352.09)
ME3_C      | (1081.91, 2260.72)
ME3_C      | (1081.91, 2331.28)
ME3_C      | (682.6, 2425.32)
ME3_C      | (2677.88, 2443.88)
ME3_C      | (2677.88, 2462.44)
ME3_C      | (2677.88, 2481)
ME3_C      | (2677.88, 2499.56)
ME3_C      | (2677.88, 2518.12)
ME3_C      | (2677.88, 2536.68)
ME3_C      | (2677.88, 2555.24)
ME3_C      | (2677.88, 2573.8)
ME3_C      | (2677.88, 2592.36)
ME3_C      | (2677.88, 2610.92)
ME3_C      | (2677.88, 2629.48)
ME3_C      | (726.42, 2372.57)
ME3_C      | (505.22, 2250.64)
ME3_C      | (505.22, 2260.72)
ME3_C      | (505.22, 2282.88)
ME3_C      | (505.22, 2311.12)
ME3_C      | (505.22, 2321.2)
ME3_C      | (505.22, 2362.88)
ME3_C      | (2677.88, 2115.75)
ME3_C      | (1784.44, 2240.56)
ME3_C      | (2464.97, 2122.88)
ME3_C      | (2677.88, 1722.88)
ME3_C      | (2677.88, 1802.88)
ME3_C      | (2677.88, 1882.88)
ME3_C      | (2677.88, 1962.88)
ME3_C      | (2677.88, 2042.88)
ME3_C      | (2677.88, 2202.88)
ME3_C      | (1777.52, 1774.52)
ME3_C      | (1777.52, 1791.26)
ME3_C      | (1777.52, 1827.22)
ME3_C      | (1777.52, 1835.9)
ME3_C      | (1777.52, 1857.6)
ME3_C      | (1777.52, 1874.96)
ME3_C      | (1777.52, 1974.16)
ME3_C      | (1784.44, 2079.28)
ME3_C      | (1784.44, 2099.44)
ME3_C      | (1204.74, 1696.24)
ME3_C      | (1204.74, 1706.32)
ME3_C      | (1204.74, 1716.4)
ME3_C      | (1204.74, 1766.8)
ME3_C      | (1204.74, 1877.68)
ME3_C      | (1204.74, 1938.16)
ME3_C      | (1204.74, 1948.24)
ME3_C      | (1204.74, 1958.32)
ME3_C      | (1204.74, 1988.56)
ME3_C      | (1204.74, 2028.88)
ME3_C      | (1204.74, 2069.2)
ME3_C      | (1204.74, 2139.76)
ME3_C      | (1430.07, 2038.96)
ME3_C      | (1430.07, 2109.52)
ME3_C      | (1562.6, 2202.88)
ME3_C      | (1607.83, 1706.32)
ME3_C      | (1607.83, 1716.4)
ME3_C      | (1607.83, 1722.88)
ME3_C      | (1607.83, 1766.8)
ME3_C      | (1607.83, 1776.88)
ME3_C      | (1607.83, 1786.96)
ME3_C      | (1607.83, 1802.88)
ME3_C      | (1607.83, 1882.88)
ME3_C      | (1607.83, 1897.84)
ME3_C      | (1607.83, 1958.32)
ME3_C      | (1607.83, 1962.88)
ME3_C      | (1607.83, 2028.88)
ME3_C      | (1607.83, 2038.96)
ME3_C      | (1607.83, 2042.88)
ME3_C      | (1607.83, 2069.2)
ME3_C      | (1607.83, 2122.88)
ME3_C      | (1607.83, 2149.84)
ME3_C      | (1607.83, 2159.92)
ME3_C      | (1610.62, 2197.98)
ME3_C      | (1610.62, 2206.66)
ME3_C      | (1610.62, 2215.34)
ME3_C      | (1610.62, 2224.02)
ME3_C      | (1610.62, 2232.7)
ME3_C      | (1204.74, 1722.88)
ME3_C      | (1204.74, 1802.88)
ME3_C      | (1204.74, 1882.88)
ME3_C      | (1204.74, 1962.88)
ME3_C      | (1204.74, 2042.88)
ME3_C      | (1204.74, 2122.88)
ME3_C      | (1204.74, 2202.88)
ME3_C      | (730.55, 1716.4)
ME3_C      | (730.55, 1857.52)
ME3_C      | (730.55, 1877.68)
ME3_C      | (730.55, 2170)
ME3_C      | (856.58, 1722.88)
ME3_C      | (856.58, 1802.88)
ME3_C      | (856.58, 1882.88)
ME3_C      | (856.58, 1962.88)
ME3_C      | (856.58, 2042.88)
ME3_C      | (856.58, 2122.88)
ME3_C      | (856.58, 2202.88)
ME3_C      | (1081.91, 1696.24)
ME3_C      | (1081.91, 1857.52)
ME3_C      | (1081.91, 1877.68)
ME3_C      | (380.83, 2192.52)
ME3_C      | (505.22, 1696.24)
ME3_C      | (505.22, 1722.88)
ME3_C      | (505.22, 1802.88)
ME3_C      | (505.22, 1817.2)
ME3_C      | (505.22, 1827.28)
ME3_C      | (505.22, 1867.6)
ME3_C      | (505.22, 1877.68)
ME3_C      | (505.22, 1882.88)
ME3_C      | (505.22, 1962.88)
ME3_C      | (505.22, 1998.64)
ME3_C      | (505.22, 2042.88)
ME3_C      | (505.22, 2059.12)
ME3_C      | (505.22, 2069.2)
ME3_C      | (505.22, 2122.88)
ME3_C      | (505.22, 2139.76)
ME3_C      | (505.22, 2170)
ME3_C      | (505.22, 2202.88)
ME3_C      | (2677.88, 1162.88)
ME3_C      | (2677.88, 1242.88)
ME3_C      | (2677.88, 1322.88)
ME3_C      | (2677.88, 1402.88)
ME3_C      | (2677.88, 1482.88)
ME3_C      | (2677.88, 1562.88)
ME3_C      | (2677.88, 1642.88)
ME3_C      | (1784.44, 1444.24)
ME3_C      | (1784.44, 1605.52)
ME3_C      | (1943.71, 1182.16)
ME3_C      | (1943.71, 1192.24)
ME3_C      | (1943.71, 1252.72)
ME3_C      | (1943.71, 1262.8)
ME3_C      | (1943.71, 1272.88)
ME3_C      | (1943.71, 1373.68)
ME3_C      | (1943.71, 1383.76)
ME3_C      | (1943.71, 1402.88)
ME3_C      | (1943.71, 1434.16)
ME3_C      | (1943.71, 1444.24)
ME3_C      | (2243.31, 1469.7)
ME3_C      | (2247.44, 1151.92)
ME3_C      | (2247.44, 1202.32)
ME3_C      | (2247.44, 1222.48)
ME3_C      | (2247.44, 1363.6)
ME3_C      | (2247.44, 1434.16)
ME3_C      | (1204.74, 1686.16)
ME3_C      | (1780.31, 1344.85)
ME3_C      | (1424.95, 1162.57)
ME3_C      | (1943.71, 1242.88)
ME3_C      | (1943.71, 1322.88)
ME3_C      | (1204.74, 1192.24)
ME3_C      | (1204.74, 1202.32)
ME3_C      | (1204.74, 1252.72)
ME3_C      | (1204.74, 1262.8)
ME3_C      | (1204.74, 1333.36)
ME3_C      | (1204.74, 1363.6)
ME3_C      | (1204.74, 1373.68)
ME3_C      | (1204.74, 1444.24)
ME3_C      | (1204.74, 1454.32)
ME3_C      | (1204.74, 1504.72)
ME3_C      | (1204.74, 1514.8)
ME3_C      | (1204.74, 1625.68)
ME3_C      | (1204.74, 1635.76)
ME3_C      | (1423.15, 1177.99)
ME3_C      | (1423.15, 1204.65)
ME3_C      | (1423.15, 1226.35)
ME3_C      | (1423.15, 1248.05)
ME3_C      | (1423.15, 1274.09)
ME3_C      | (1430.07, 1474.48)
ME3_C      | (1430.07, 1635.76)
ME3_C      | (1430.07, 1655.92)
ME3_C      | (1607.83, 1402.88)
ME3_C      | (1607.83, 1482.88)
ME3_C      | (1607.83, 1524.88)
ME3_C      | (1607.83, 1534.96)
ME3_C      | (1607.83, 1562.88)
ME3_C      | (1607.83, 1595.44)
ME3_C      | (1607.83, 1642.88)
ME3_C      | (1610.62, 1364.7)
ME3_C      | (1610.62, 1373.38)
ME3_C      | (1610.62, 1416.78)
ME3_C      | (1610.62, 1425.46)
ME3_C      | (1610.62, 1434.14)
ME3_C      | (1610.62, 1442.82)
ME3_C      | (1610.62, 1451.5)
ME3_C      | (1610.62, 1460.18)
ME3_C      | (1610.62, 1503.58)
ME3_C      | (1610.62, 1512.26)
ME3_C      | (1610.62, 1520.94)
ME3_C      | (1204.74, 1162.88)
ME3_C      | (1081.91, 1242.88)
ME3_C      | (1204.74, 1322.88)
ME3_C      | (1204.74, 1402.88)
ME3_C      | (1204.74, 1482.88)
ME3_C      | (1204.74, 1562.88)
ME3_C      | (1204.74, 1642.88)
ME3_C      | (730.55, 1474.48)
ME3_C      | (856.58, 1162.88)
ME3_C      | (856.58, 1242.88)
ME3_C      | (856.58, 1322.88)
ME3_C      | (856.58, 1402.88)
ME3_C      | (856.58, 1482.88)
ME3_C      | (856.58, 1562.88)
ME3_C      | (856.58, 1642.88)
ME3_C      | (1081.91, 1202.32)
ME3_C      | (1081.91, 1212.4)
ME3_C      | (1081.91, 1363.6)
ME3_C      | (1081.91, 1454.32)
ME3_C      | (505.22, 1131.76)
ME3_C      | (505.22, 1162.88)
ME3_C      | (505.22, 1182.16)
ME3_C      | (505.22, 1192.24)
ME3_C      | (505.22, 1202.32)
ME3_C      | (505.22, 1242.88)
ME3_C      | (505.22, 1262.8)
ME3_C      | (505.22, 1322.88)
ME3_C      | (505.22, 1373.68)
ME3_C      | (505.22, 1383.76)
ME3_C      | (505.22, 1402.88)
ME3_C      | (505.22, 1434.16)
ME3_C      | (505.22, 1444.24)
ME3_C      | (505.22, 1482.88)
ME3_C      | (505.22, 1545.04)
ME3_C      | (505.22, 1555.12)
ME3_C      | (505.22, 1562.88)
ME3_C      | (505.22, 1625.68)
ME3_C      | (505.22, 1635.76)
ME3_C      | (505.22, 1642.88)
ME3_C      | (2677.88, 637.84)
ME3_C      | (2677.88, 647.92)
ME3_C      | (2677.88, 658)
ME3_C      | (2677.88, 668.08)
ME3_C      | (2677.88, 678.16)
ME3_C      | (1943.71, 1121.68)
ME3_C      | (2677.88, 602.88)
ME3_C      | (2677.88, 682.88)
ME3_C      | (2677.88, 762.88)
ME3_C      | (2677.88, 842.88)
ME3_C      | (2677.88, 922.88)
ME3_C      | (2677.88, 1002.88)
ME3_C      | (2677.88, 1082.88)
ME3_C      | (1943.71, 647.92)
ME3_C      | (1943.71, 748.72)
ME3_C      | (1943.71, 758.8)
ME3_C      | (1943.71, 819.28)
ME3_C      | (1943.71, 1010.8)
ME3_C      | (1946.5, 909.83)
ME3_C      | (1946.5, 918.51)
ME3_C      | (1946.5, 927.19)
ME3_C      | (1946.5, 935.87)
ME3_C      | (1946.5, 944.55)
ME3_C      | (2247.44, 718.48)
ME3_C      | (2247.44, 758.8)
ME3_C      | (2247.44, 789.04)
ME3_C      | (1943.71, 602.88)
ME3_C      | (1943.71, 682.88)
ME3_C      | (1943.71, 762.88)
ME3_C      | (1943.71, 842.88)
ME3_C      | (1424.95, 1001.97)
ME3_C      | (1943.71, 1082.88)
ME3_C      | (1204.74, 577.36)
ME3_C      | (1204.74, 637.84)
ME3_C      | (1204.74, 738.64)
ME3_C      | (1204.74, 748.72)
ME3_C      | (1204.74, 758.8)
ME3_C      | (1204.74, 819.28)
ME3_C      | (1204.74, 829.36)
ME3_C      | (1204.74, 940.24)
ME3_C      | (1204.74, 1010.8)
ME3_C      | (1204.74, 1020.88)
ME3_C      | (1204.74, 1071.28)
ME3_C      | (1204.74, 1091.44)
ME3_C      | (1423.15, 822.11)
ME3_C      | (1423.15, 934.95)
ME3_C      | (1423.15, 951.69)
ME3_C      | (1423.15, 978.35)
ME3_C      | (1423.15, 1021.75)
ME3_C      | (1423.15, 1048.41)
ME3_C      | (1430.07, 718.48)
ME3_C      | (1430.07, 738.64)
ME3_C      | (1204.74, 602.88)
ME3_C      | (1204.74, 682.88)
ME3_C      | (1204.74, 762.88)
ME3_C      | (1204.74, 842.88)
ME3_C      | (1204.74, 922.88)
ME3_C      | (1200.23, 1002.61)
ME3_C      | (1200.23, 1082.88)
ME3_C      | (730.55, 799.12)
ME3_C      | (730.55, 960.4)
ME3_C      | (730.55, 980.56)
ME3_C      | (730.55, 1051.12)
ME3_C      | (856.58, 602.88)
ME3_C      | (856.58, 682.88)
ME3_C      | (856.58, 762.88)
ME3_C      | (856.58, 842.88)
ME3_C      | (856.58, 922.88)
ME3_C      | (856.58, 1002.88)
ME3_C      | (856.58, 1082.88)
ME3_C      | (1081.91, 577.36)
ME3_C      | (1081.91, 778.96)
ME3_C      | (1081.91, 940.24)
ME3_C      | (1081.91, 960.4)
ME3_C      | (1081.91, 1030.96)
ME3_C      | (505.22, 1121.68)
ME3_C      | (372.27, 597.52)
ME3_C      | (372.27, 617.68)
ME3_C      | (372.27, 627.76)
ME3_C      | (372.27, 637.84)
ME3_C      | (372.27, 647.92)
ME3_C      | (505.22, 577.36)
ME3_C      | (505.22, 602.88)
ME3_C      | (505.22, 682.88)
ME3_C      | (505.22, 698.32)
ME3_C      | (505.22, 748.72)
ME3_C      | (505.22, 758.8)
ME3_C      | (505.22, 762.88)
ME3_C      | (505.22, 842.88)
ME3_C      | (505.22, 869.68)
ME3_C      | (505.22, 920.08)
ME3_C      | (505.22, 922.88)
ME3_C      | (505.22, 930.16)
ME3_C      | (505.22, 940.24)
ME3_C      | (505.22, 950.32)
ME3_C      | (500.71, 1002.61)
ME3_C      | (505.22, 1010.8)
ME3_C      | (505.22, 1082.88)
ME3_C      | (2677.88, 455)
ME3_C      | (2677.88, 466.48)
ME3_C      | (2677.88, 476.56)
ME3_C      | (2677.88, 486.64)
ME3_C      | (2677.88, 496.72)
ME3_C      | (1943.71, 567.28)
ME3_C      | (2677.88, 522.88)
ME3_C      | (1943.71, 496.72)
ME3_C      | (1943.71, 506.8)
ME3_C      | (1943.71, 557.2)
ME3_C      | (2202.6, 380.97)
ME3_C      | (2243.31, 459.08)
ME3_C      | (2247.44, 476.56)
ME3_C      | (2247.44, 547.12)
ME3_C      | (2247.44, 557.2)
ME3_C      | (1204.74, 567.28)
ME3_C      | (1943.71, 522.88)
ME3_C      | (1204.74, 466.48)
ME3_C      | (1204.74, 506.8)
ME3_C      | (1425.94, 451.34)
ME3_C      | (1430.07, 557.2)
ME3_C      | (1081.91, 567.28)
ME3_C      | (2677.88, 442.88)
ME3_C      | (1204.74, 522.88)
ME3_C      | (730.55, 486.64)
ME3_C      | (730.55, 506.8)
ME3_C      | (730.55, 557.2)
ME3_C      | (856.58, 522.88)
ME3_C      | (1077.78, 447.43)
ME3_C      | (1081.91, 466.48)
ME3_C      | (1081.91, 486.64)
ME3_C      | (1081.91, 537.04)
ME3_C      | (505.22, 567.28)
ME3_C      | (2677.88, 168.06)
ME3_C      | (2677.88, 186.62)
ME3_C      | (2677.88, 205.18)
ME3_C      | (2677.88, 223.74)
ME3_C      | (2677.88, 242.3)
ME3_C      | (2677.88, 260.86)
ME3_C      | (2677.88, 279.42)
ME3_C      | (2677.88, 297.98)
ME3_C      | (2677.88, 316.54)
ME3_C      | (2677.88, 335.1)
ME3_C      | (2677.88, 353.66)
ME3_C      | (682.6, 372.22)
ME3_C      | (726.42, 467.91)
ME3_C      | (842.6, 442.88)
ME3_C      | (372.27, 426.16)
ME3_C      | (372.27, 436.24)
ME3_C      | (372.27, 456.4)
ME3_C      | (372.27, 466.48)
ME3_C      | (372.27, 476.56)
ME3_C      | (505.22, 496.72)
ME3_C      | (505.22, 506.8)
ME3_C      | (505.22, 522.88)
ME4_C      | (1943.71, 922.88)
ME4_C      | (1425.94, 922.88)
ME1_C      | (2380.5, 2795.82)
ME1_C      | (2342.56, 2795.82)
ME2_C      | (2380.5, 2795.82)
ME2_C      | (2342.56, 2795.82)
ME3_C      | (2380.5, 2795.82)
ME3_C      | (2342.56, 2795.82)
ME4_C      | (2380.5, 2795.82)
ME4_C      | (2342.56, 2795.82)
ME5_C      | (2380.5, 2795.82)
ME5_C      | (2342.56, 2795.82)
ME1_C      | (1.5, 2363.52)
ME1_C      | (1.5, 2325.58)
ME2_C      | (1.5, 2363.52)
ME2_C      | (1.5, 2325.58)
ME3_C      | (1.5, 2363.52)
ME3_C      | (1.5, 2325.58)
ME4_C      | (1.5, 2363.52)
ME4_C      | (1.5, 2325.58)
ME5_C      | (1.5, 2363.52)
ME5_C      | (1.5, 2325.58)
ME1_C      | (2342.56, 1.5)
ME1_C      | (2380.5, 1.5)
ME2_C      | (2342.56, 1.5)
ME2_C      | (2380.5, 1.5)
ME3_C      | (2342.56, 1.5)
ME3_C      | (2380.5, 1.5)
ME4_C      | (2342.56, 1.5)
ME4_C      | (2380.5, 1.5)
ME5_C      | (2342.56, 1.5)
ME5_C      | (2380.5, 1.5)
ME1_C      | (2844.3, 2301)
ME1_C      | (2844.3, 2338.94)
ME2_C      | (2844.3, 2301)
ME2_C      | (2844.3, 2338.94)
ME3_C      | (2844.3, 2301)
ME3_C      | (2844.3, 2338.94)
ME4_C      | (2844.3, 2301)
ME4_C      | (2844.3, 2338.94)
ME5_C      | (2844.3, 2301)
ME5_C      | (2844.3, 2338.94)
ME1_C      | (2192.77, 2795.82)
ME1_C      | (2154.83, 2795.82)
ME2_C      | (2192.77, 2795.82)
ME2_C      | (2154.83, 2795.82)
ME3_C      | (2192.77, 2795.82)
ME3_C      | (2154.83, 2795.82)
ME4_C      | (2192.77, 2795.82)
ME4_C      | (2154.83, 2795.82)
ME5_C      | (2192.77, 2795.82)
ME5_C      | (2154.83, 2795.82)
ME1_C      | (1.5, 2191.54)
ME1_C      | (1.5, 2153.6)
ME2_C      | (1.5, 2191.54)
ME2_C      | (1.5, 2153.6)
ME3_C      | (1.5, 2191.54)
ME3_C      | (1.5, 2153.6)
ME4_C      | (1.5, 2191.54)
ME4_C      | (1.5, 2153.6)
ME5_C      | (1.5, 2191.54)
ME5_C      | (1.5, 2153.6)
ME1_C      | (2154.83, 1.5)
ME1_C      | (2192.77, 1.5)
ME2_C      | (2154.83, 1.5)
ME2_C      | (2192.77, 1.5)
ME3_C      | (2154.83, 1.5)
ME3_C      | (2192.77, 1.5)
ME4_C      | (2154.83, 1.5)
ME4_C      | (2192.77, 1.5)
ME5_C      | (2154.83, 1.5)
ME5_C      | (2192.77, 1.5)
ME1_C      | (2844.3, 2116.73)
ME1_C      | (2844.3, 2154.67)
ME2_C      | (2844.3, 2116.73)
ME2_C      | (2844.3, 2154.67)
ME3_C      | (2844.3, 2116.73)
ME3_C      | (2844.3, 2154.67)
ME4_C      | (2844.3, 2116.73)
ME4_C      | (2844.3, 2154.67)
ME5_C      | (2844.3, 2116.73)
ME5_C      | (2844.3, 2154.67)
ME1_C      | (1221.26, 2352.64)
ME1_C      | (1221.26, 454.7)
ME1_C      | (1229.1, 2352.64)
ME1_C      | (1229.1, 454.7)
ME1_C      | (1236.94, 2352.64)
ME1_C      | (1236.94, 454.7)
ME1_C      | (1244.78, 2352.64)
ME1_C      | (1244.78, 454.7)
ME1_C      | (1252.62, 2352.64)
ME1_C      | (1252.62, 454.7)
ME1_C      | (1291.82, 2352.64)
ME1_C      | (1291.82, 454.7)
ME1_C      | (1299.66, 2352.64)
ME1_C      | (1299.66, 454.7)
ME1_C      | (1307.5, 2352.64)
ME1_C      | (1307.5, 454.7)
ME1_C      | (1315.34, 2352.64)
ME1_C      | (1315.34, 454.7)
ME1_C      | (1323.18, 2352.64)
ME1_C      | (1323.18, 454.7)
ME1_C      | (1331.02, 2352.64)
ME1_C      | (1331.02, 454.7)
ME1_C      | (1370.22, 2352.64)
ME1_C      | (1370.22, 454.7)
ME1_C      | (1378.06, 2352.64)
ME1_C      | (1378.06, 454.7)
ME1_C      | (1385.9, 2352.64)
ME1_C      | (1385.9, 454.7)
ME1_C      | (1393.74, 2352.64)
ME1_C      | (1393.74, 454.7)
ME1_C      | (1401.58, 2352.64)
ME1_C      | (1401.58, 454.7)
ME1_C      | (1409.42, 2352.64)
ME1_C      | (1409.42, 454.7)
ME1_C      | (1422.58, 1274.09)
ME1_C      | (1422.58, 1248.05)
ME1_C      | (1422.58, 1226.35)
ME1_C      | (1422.58, 1204.65)
ME1_C      | (1422.58, 1177.99)
ME1_C      | (1422.58, 1161.25)
ME1_C      | (1422.58, 1048.41)
ME1_C      | (1422.58, 1021.75)
ME1_C      | (1422.58, 1000.05)
ME1_C      | (1422.58, 978.35)
ME1_C      | (1422.58, 951.69)
ME1_C      | (1422.58, 934.95)
ME1_C      | (1422.58, 822.11)
ME2_C      | (1208.1, 2334.29)
ME2_C      | (1208.1, 2325.61)
ME2_C      | (1208.1, 2316.93)
ME2_C      | (1208.1, 2308.25)
ME2_C      | (1208.1, 2299.57)
ME2_C      | (1208.1, 2290.89)
ME2_C      | (1208.1, 2247.49)
ME2_C      | (1208.1, 2238.81)
ME2_C      | (1208.1, 2230.13)
ME2_C      | (1208.1, 2221.45)
ME2_C      | (1208.1, 2212.77)
ME2_C      | (1208.1, 2204.09)
ME2_C      | (1208.1, 2160.69)
ME2_C      | (1208.1, 2152.01)
ME2_C      | (1208.1, 2143.33)
ME2_C      | (1208.1, 2134.65)
ME2_C      | (1208.1, 2125.97)
ME2_C      | (1208.1, 2117.29)
ME2_C      | (1208.1, 2073.89)
ME2_C      | (1208.1, 2065.21)
ME2_C      | (1208.1, 2056.53)
ME2_C      | (1208.1, 2047.85)
ME2_C      | (1208.1, 2039.17)
ME2_C      | (1208.1, 2030.49)
ME2_C      | (1208.1, 1987.09)
ME2_C      | (1208.1, 1978.41)
ME2_C      | (1208.1, 1969.73)
ME2_C      | (1208.1, 1961.05)
ME2_C      | (1208.1, 1952.37)
ME2_C      | (1208.1, 1943.69)
ME2_C      | (1208.1, 1900.29)
ME2_C      | (1208.1, 1891.61)
ME2_C      | (1208.1, 1882.93)
ME2_C      | (1208.1, 1874.25)
ME2_C      | (1208.1, 1865.57)
ME2_C      | (1208.1, 1856.89)
ME2_C      | (1208.1, 1813.49)
ME2_C      | (1208.1, 1804.81)
ME2_C      | (1208.1, 1796.13)
ME2_C      | (1208.1, 1787.45)
ME2_C      | (1208.1, 1778.77)
ME2_C      | (1208.1, 1770.09)
ME2_C      | (1208.1, 1726.69)
ME2_C      | (1208.1, 1718.01)
ME2_C      | (1208.1, 1709.33)
ME2_C      | (1208.1, 1700.65)
ME2_C      | (1208.1, 1691.97)
ME2_C      | (1208.1, 1683.29)
ME2_C      | (1208.1, 1639.89)
ME2_C      | (1208.1, 1631.21)
ME2_C      | (1208.1, 1622.53)
ME2_C      | (1208.1, 1613.85)
ME2_C      | (1208.1, 1605.17)
ME2_C      | (1208.1, 1596.49)
ME2_C      | (1208.1, 1553.09)
ME2_C      | (1208.1, 1544.41)
ME2_C      | (1208.1, 1535.73)
ME2_C      | (1208.1, 1527.05)
ME2_C      | (1208.1, 1518.37)
ME2_C      | (1208.1, 1509.69)
ME2_C      | (1208.1, 1466.29)
ME2_C      | (1208.1, 1457.61)
ME2_C      | (1208.1, 1448.93)
ME2_C      | (1208.1, 1440.25)
ME2_C      | (1208.1, 1431.57)
ME2_C      | (1208.1, 1422.89)
ME2_C      | (1208.1, 1379.49)
ME2_C      | (1208.1, 1370.81)
ME2_C      | (1208.1, 1362.13)
ME2_C      | (1208.1, 1353.45)
ME2_C      | (1208.1, 1344.77)
ME2_C      | (1208.1, 1336.09)
ME2_C      | (1208.1, 1292.69)
ME2_C      | (1208.1, 1284.01)
ME2_C      | (1208.1, 1275.33)
ME2_C      | (1208.1, 1266.65)
ME2_C      | (1208.1, 1257.97)
ME2_C      | (1208.1, 1249.29)
ME2_C      | (1208.1, 1205.89)
ME2_C      | (1208.1, 1197.21)
ME2_C      | (1208.1, 1188.53)
ME2_C      | (1208.1, 1179.85)
ME2_C      | (1208.1, 1171.17)
ME2_C      | (1208.1, 1162.49)
ME2_C      | (1208.1, 1119.09)
ME2_C      | (1208.1, 1110.41)
ME2_C      | (1208.1, 1101.73)
ME2_C      | (1208.1, 1093.05)
ME2_C      | (1208.1, 1084.37)
ME2_C      | (1208.1, 1075.69)
ME2_C      | (1208.1, 1032.29)
ME2_C      | (1208.1, 1023.61)
ME2_C      | (1208.1, 1014.93)
ME2_C      | (1208.1, 1006.25)
ME2_C      | (1208.1, 997.57)
ME2_C      | (1208.1, 988.89)
ME2_C      | (1208.1, 945.49)
ME2_C      | (1208.1, 936.81)
ME2_C      | (1208.1, 928.13)
ME2_C      | (1208.1, 919.45)
ME2_C      | (1208.1, 910.77)
ME2_C      | (1208.1, 902.09)
ME2_C      | (1208.1, 858.69)
ME2_C      | (1208.1, 850.01)
ME2_C      | (1208.1, 841.33)
ME2_C      | (1208.1, 832.65)
ME2_C      | (1208.1, 823.97)
ME2_C      | (1208.1, 815.29)
ME2_C      | (1208.1, 771.89)
ME2_C      | (1208.1, 763.21)
ME2_C      | (1208.1, 754.53)
ME2_C      | (1208.1, 745.85)
ME2_C      | (1208.1, 737.17)
ME2_C      | (1208.1, 728.49)
ME2_C      | (1208.1, 685.09)
ME2_C      | (1208.1, 676.41)
ME2_C      | (1208.1, 667.73)
ME2_C      | (1208.1, 659.05)
ME2_C      | (1208.1, 650.37)
ME2_C      | (1208.1, 641.69)
ME2_C      | (1208.1, 598.29)
ME2_C      | (1208.1, 589.61)
ME2_C      | (1208.1, 580.93)
ME2_C      | (1208.1, 572.25)
ME2_C      | (1208.1, 563.57)
ME2_C      | (1208.1, 554.89)
ME2_C      | (1208.1, 511.49)
ME2_C      | (1208.1, 502.81)
ME2_C      | (1208.1, 494.13)
ME2_C      | (1208.1, 485.45)
ME2_C      | (1208.1, 476.77)
ME2_C      | (1208.1, 468.09)
ME2_C      | (1422.58, 2343.59)
ME2_C      | (1422.58, 2321.89)
ME2_C      | (1422.58, 2305.15)
ME2_C      | (1422.58, 2278.49)
ME2_C      | (1422.58, 2165.65)
ME2_C      | (1422.58, 2143.95)
ME2_C      | (1422.58, 2122.25)
ME2_C      | (1422.58, 2095.59)
ME2_C      | (1422.58, 2078.85)
ME2_C      | (1422.58, 2052.19)
ME2_C      | (1422.58, 1939.35)
ME2_C      | (1422.58, 1917.65)
ME2_C      | (1422.58, 1895.95)
ME2_C      | (1422.58, 1869.29)
ME2_C      | (1422.58, 1853.17)
ME2_C      | (1422.58, 1826.51)
ME2_C      | (1422.58, 1713.05)
ME2_C      | (1422.58, 1691.97)
ME2_C      | (1422.58, 1670.27)
ME2_C      | (1422.58, 1643.61)
ME2_C      | (1422.58, 1626.87)
ME2_C      | (1422.58, 1600.21)
ME2_C      | (1422.58, 1487.37)
ME2_C      | (1422.58, 1465.67)
ME2_C      | (1422.58, 1443.97)
ME2_C      | (1422.58, 1416.69)
ME2_C      | (1422.58, 1408.01)
ME2_C      | (1422.58, 1380.11)
ME2_C      | (1422.58, 1274.09)
ME2_C      | (1422.58, 1248.05)
ME2_C      | (1422.58, 1226.35)
ME2_C      | (1422.58, 1204.65)
ME2_C      | (1422.58, 1177.99)
ME2_C      | (1422.58, 1161.25)
ME2_C      | (1422.58, 1048.41)
ME2_C      | (1422.58, 1021.75)
ME2_C      | (1422.58, 1000.05)
ME2_C      | (1422.58, 978.35)
ME2_C      | (1422.58, 951.69)
ME2_C      | (1422.58, 934.95)
ME2_C      | (1422.58, 822.11)
ME2_C      | (1422.58, 795.45)
ME2_C      | (1422.58, 774.37)
ME2_C      | (1422.58, 752.67)
ME2_C      | (1422.58, 726.01)
ME2_C      | (1422.58, 709.27)
ME2_C      | (1422.58, 595.81)
ME2_C      | (1422.58, 569.77)
ME2_C      | (1422.58, 548.07)
ME2_C      | (1422.58, 526.37)
ME2_C      | (1422.58, 499.71)
ME2_C      | (1422.58, 482.97)
ME3_C      | (1208.1, 2334.29)
ME3_C      | (1208.1, 2325.61)
ME3_C      | (1208.1, 2316.93)
ME3_C      | (1208.1, 2308.25)
ME3_C      | (1208.1, 2299.57)
ME3_C      | (1208.1, 2290.89)
ME3_C      | (1208.1, 2247.49)
ME3_C      | (1208.1, 2238.81)
ME3_C      | (1208.1, 2230.13)
ME3_C      | (1208.1, 2221.45)
ME3_C      | (1208.1, 2212.77)
ME3_C      | (1208.1, 2204.09)
ME3_C      | (1208.1, 2160.69)
ME3_C      | (1208.1, 2152.01)
ME3_C      | (1208.1, 2143.33)
ME3_C      | (1208.1, 2134.65)
ME3_C      | (1208.1, 2125.97)
ME3_C      | (1208.1, 2117.29)
ME3_C      | (1208.1, 2073.89)
ME3_C      | (1208.1, 2065.21)
ME3_C      | (1208.1, 2056.53)
ME3_C      | (1208.1, 2047.85)
ME3_C      | (1208.1, 2039.17)
ME3_C      | (1208.1, 2030.49)
ME3_C      | (1208.1, 1987.09)
ME3_C      | (1208.1, 1978.41)
ME3_C      | (1208.1, 1969.73)
ME3_C      | (1208.1, 1961.05)
ME3_C      | (1208.1, 1952.37)
ME3_C      | (1208.1, 1943.69)
ME3_C      | (1208.1, 1900.29)
ME3_C      | (1208.1, 1891.61)
ME3_C      | (1208.1, 1882.93)
ME3_C      | (1208.1, 1874.25)
ME3_C      | (1208.1, 1865.57)
ME3_C      | (1208.1, 1856.89)
ME3_C      | (1208.1, 1813.49)
ME3_C      | (1208.1, 1804.81)
ME3_C      | (1208.1, 1796.13)
ME3_C      | (1208.1, 1787.45)
ME3_C      | (1208.1, 1778.77)
ME3_C      | (1208.1, 1770.09)
ME3_C      | (1208.1, 1726.69)
ME3_C      | (1208.1, 1718.01)
ME3_C      | (1208.1, 1709.33)
ME3_C      | (1208.1, 1700.65)
ME3_C      | (1208.1, 1691.97)
ME3_C      | (1208.1, 1683.29)
ME3_C      | (1208.1, 1639.89)
ME3_C      | (1208.1, 1631.21)
ME3_C      | (1208.1, 1622.53)
ME3_C      | (1208.1, 1613.85)
ME3_C      | (1208.1, 1605.17)
ME3_C      | (1208.1, 1596.49)
ME3_C      | (1208.1, 1553.09)
ME3_C      | (1208.1, 1544.41)
ME3_C      | (1208.1, 1535.73)
ME3_C      | (1208.1, 1527.05)
ME3_C      | (1208.1, 1518.37)
ME3_C      | (1208.1, 1509.69)
ME3_C      | (1208.1, 1466.29)
ME3_C      | (1208.1, 1457.61)
ME3_C      | (1208.1, 1448.93)
ME3_C      | (1208.1, 1440.25)
ME3_C      | (1208.1, 1431.57)
ME3_C      | (1208.1, 1422.89)
ME3_C      | (1208.1, 1379.49)
ME3_C      | (1208.1, 1370.81)
ME3_C      | (1208.1, 1362.13)
ME3_C      | (1208.1, 1353.45)
ME3_C      | (1208.1, 1344.77)
ME3_C      | (1208.1, 1336.09)
ME3_C      | (1208.1, 1292.69)
ME3_C      | (1208.1, 1284.01)
ME3_C      | (1208.1, 1275.33)
ME3_C      | (1208.1, 1266.65)
ME3_C      | (1208.1, 1257.97)
ME3_C      | (1208.1, 1249.29)
ME3_C      | (1208.1, 1205.89)
ME3_C      | (1208.1, 1197.21)
ME3_C      | (1208.1, 1188.53)
ME3_C      | (1208.1, 1179.85)
ME3_C      | (1208.1, 1171.17)
ME3_C      | (1208.1, 1162.49)
ME3_C      | (1208.1, 1119.09)
ME3_C      | (1208.1, 1110.41)
ME3_C      | (1208.1, 1101.73)
ME3_C      | (1208.1, 1093.05)
ME3_C      | (1208.1, 1084.37)
ME3_C      | (1208.1, 1075.69)
ME3_C      | (1208.1, 1032.29)
ME3_C      | (1208.1, 1023.61)
ME3_C      | (1208.1, 1014.93)
ME3_C      | (1208.1, 1006.25)
ME3_C      | (1208.1, 997.57)
ME3_C      | (1208.1, 988.89)
ME3_C      | (1208.1, 945.49)
ME3_C      | (1208.1, 936.81)
ME3_C      | (1208.1, 928.13)
ME3_C      | (1208.1, 919.45)
ME3_C      | (1208.1, 910.77)
ME3_C      | (1208.1, 902.09)
ME3_C      | (1208.1, 858.69)
ME3_C      | (1208.1, 850.01)
ME3_C      | (1208.1, 841.33)
ME3_C      | (1208.1, 832.65)
ME3_C      | (1208.1, 823.97)
ME3_C      | (1208.1, 815.29)
ME3_C      | (1208.1, 771.89)
ME3_C      | (1208.1, 763.21)
ME3_C      | (1208.1, 754.53)
ME3_C      | (1208.1, 745.85)
ME3_C      | (1208.1, 737.17)
ME3_C      | (1208.1, 728.49)
ME3_C      | (1208.1, 685.09)
ME3_C      | (1208.1, 676.41)
ME3_C      | (1208.1, 667.73)
ME3_C      | (1208.1, 659.05)
ME3_C      | (1208.1, 650.37)
ME3_C      | (1208.1, 641.69)
ME3_C      | (1208.1, 598.29)
ME3_C      | (1208.1, 589.61)
ME3_C      | (1208.1, 580.93)
ME3_C      | (1208.1, 572.25)
ME3_C      | (1208.1, 563.57)
ME3_C      | (1208.1, 554.89)
ME3_C      | (1208.1, 511.49)
ME3_C      | (1208.1, 502.81)
ME3_C      | (1208.1, 494.13)
ME3_C      | (1208.1, 485.45)
ME3_C      | (1208.1, 476.77)
ME3_C      | (1208.1, 468.09)
ME3_C      | (1221.26, 2352.64)
ME3_C      | (1221.26, 454.7)
ME3_C      | (1229.1, 2352.64)
ME3_C      | (1229.1, 454.7)
ME3_C      | (1236.94, 2352.64)
ME3_C      | (1236.94, 454.7)
ME3_C      | (1244.78, 2352.64)
ME3_C      | (1244.78, 454.7)
ME3_C      | (1252.62, 2352.64)
ME3_C      | (1252.62, 454.7)
ME3_C      | (1291.82, 2352.64)
ME3_C      | (1291.82, 454.7)
ME3_C      | (1299.66, 2352.64)
ME3_C      | (1299.66, 454.7)
ME3_C      | (1307.5, 2352.64)
ME3_C      | (1307.5, 454.7)
ME3_C      | (1315.34, 2352.64)
ME3_C      | (1315.34, 454.7)
ME3_C      | (1323.18, 2352.64)
ME3_C      | (1323.18, 454.7)
ME3_C      | (1331.02, 2352.64)
ME3_C      | (1331.02, 454.7)
ME3_C      | (1370.22, 2352.64)
ME3_C      | (1370.22, 454.7)
ME3_C      | (1378.06, 2352.64)
ME3_C      | (1378.06, 454.7)
ME3_C      | (1385.9, 2352.64)
ME3_C      | (1385.9, 454.7)
ME3_C      | (1393.74, 2352.64)
ME3_C      | (1393.74, 454.7)
ME3_C      | (1401.58, 2352.64)
ME3_C      | (1401.58, 454.7)
ME3_C      | (1409.42, 2352.64)
ME3_C      | (1409.42, 454.7)
ME3_C      | (1422.58, 2343.59)
ME3_C      | (1422.58, 2321.89)
ME3_C      | (1422.58, 2305.15)
ME3_C      | (1422.58, 2278.49)
ME3_C      | (1422.58, 2165.65)
ME3_C      | (1422.58, 2143.95)
ME3_C      | (1422.58, 2122.25)
ME3_C      | (1422.58, 2095.59)
ME3_C      | (1422.58, 2078.85)
ME3_C      | (1422.58, 2052.19)
ME3_C      | (1422.58, 1939.35)
ME3_C      | (1422.58, 1917.65)
ME3_C      | (1422.58, 1895.95)
ME3_C      | (1422.58, 1869.29)
ME3_C      | (1422.58, 1853.17)
ME3_C      | (1422.58, 1826.51)
ME3_C      | (1422.58, 1713.05)
ME3_C      | (1422.58, 1691.97)
ME3_C      | (1422.58, 1670.27)
ME3_C      | (1422.58, 1643.61)
ME3_C      | (1422.58, 1626.87)
ME3_C      | (1422.58, 1600.21)
ME3_C      | (1422.58, 1487.37)
ME3_C      | (1422.58, 1465.67)
ME3_C      | (1422.58, 1443.97)
ME3_C      | (1422.58, 1416.69)
ME3_C      | (1422.58, 1408.01)
ME3_C      | (1422.58, 1380.11)
ME3_C      | (1422.58, 795.45)
ME3_C      | (1422.58, 774.37)
ME3_C      | (1422.58, 752.67)
ME3_C      | (1422.58, 726.01)
ME3_C      | (1422.58, 709.27)
ME3_C      | (1422.58, 595.81)
ME3_C      | (1422.58, 569.77)
ME3_C      | (1422.58, 548.07)
ME3_C      | (1422.58, 526.37)
ME3_C      | (1422.58, 499.71)
ME3_C      | (1422.58, 482.97)
ME4_C      | (1208.1, 2334.29)
ME4_C      | (1208.1, 2325.61)
ME4_C      | (1208.1, 2316.93)
ME4_C      | (1208.1, 2308.25)
ME4_C      | (1208.1, 2299.57)
ME4_C      | (1208.1, 2290.89)
ME4_C      | (1208.1, 2247.49)
ME4_C      | (1208.1, 2238.81)
ME4_C      | (1208.1, 2230.13)
ME4_C      | (1208.1, 2221.45)
ME4_C      | (1208.1, 2212.77)
ME4_C      | (1208.1, 2204.09)
ME4_C      | (1208.1, 2160.69)
ME4_C      | (1208.1, 2152.01)
ME4_C      | (1208.1, 2143.33)
ME4_C      | (1208.1, 2134.65)
ME4_C      | (1208.1, 2125.97)
ME4_C      | (1208.1, 2117.29)
ME4_C      | (1208.1, 2073.89)
ME4_C      | (1208.1, 2065.21)
ME4_C      | (1208.1, 2056.53)
ME4_C      | (1208.1, 2047.85)
ME4_C      | (1208.1, 2039.17)
ME4_C      | (1208.1, 2030.49)
ME4_C      | (1208.1, 1987.09)
ME4_C      | (1208.1, 1978.41)
ME4_C      | (1208.1, 1969.73)
ME4_C      | (1208.1, 1961.05)
ME4_C      | (1208.1, 1952.37)
ME4_C      | (1208.1, 1943.69)
ME4_C      | (1208.1, 1900.29)
ME4_C      | (1208.1, 1891.61)
ME4_C      | (1208.1, 1882.93)
ME4_C      | (1208.1, 1874.25)
ME4_C      | (1208.1, 1865.57)
ME4_C      | (1208.1, 1856.89)
ME4_C      | (1208.1, 1813.49)
ME4_C      | (1208.1, 1804.81)
ME4_C      | (1208.1, 1796.13)
ME4_C      | (1208.1, 1787.45)
ME4_C      | (1208.1, 1778.77)
ME4_C      | (1208.1, 1770.09)
ME4_C      | (1208.1, 1726.69)
ME4_C      | (1208.1, 1718.01)
ME4_C      | (1208.1, 1709.33)
ME4_C      | (1208.1, 1700.65)
ME4_C      | (1208.1, 1691.97)
ME4_C      | (1208.1, 1683.29)
ME4_C      | (1208.1, 1639.89)
ME4_C      | (1208.1, 1631.21)
ME4_C      | (1208.1, 1622.53)
ME4_C      | (1208.1, 1613.85)
ME4_C      | (1208.1, 1605.17)
ME4_C      | (1208.1, 1596.49)
ME4_C      | (1208.1, 1553.09)
ME4_C      | (1208.1, 1544.41)
ME4_C      | (1208.1, 1535.73)
ME4_C      | (1208.1, 1527.05)
ME4_C      | (1208.1, 1518.37)
ME4_C      | (1208.1, 1509.69)
ME4_C      | (1208.1, 1466.29)
ME4_C      | (1208.1, 1457.61)
ME4_C      | (1208.1, 1448.93)
ME4_C      | (1208.1, 1440.25)
ME4_C      | (1208.1, 1431.57)
ME4_C      | (1208.1, 1422.89)
ME4_C      | (1208.1, 1379.49)
ME4_C      | (1208.1, 1370.81)
ME4_C      | (1208.1, 1362.13)
ME4_C      | (1208.1, 1353.45)
ME4_C      | (1208.1, 1344.77)
ME4_C      | (1208.1, 1336.09)
ME4_C      | (1208.1, 1292.69)
ME4_C      | (1208.1, 1284.01)
ME4_C      | (1208.1, 1275.33)
ME4_C      | (1208.1, 1266.65)
ME4_C      | (1208.1, 1257.97)
ME4_C      | (1208.1, 1249.29)
ME4_C      | (1208.1, 1205.89)
ME4_C      | (1208.1, 1197.21)
ME4_C      | (1208.1, 1188.53)
ME4_C      | (1208.1, 1179.85)
ME4_C      | (1208.1, 1171.17)
ME4_C      | (1208.1, 1162.49)
ME4_C      | (1208.1, 1119.09)
ME4_C      | (1208.1, 1110.41)
ME4_C      | (1208.1, 1101.73)
ME4_C      | (1208.1, 1093.05)
ME4_C      | (1208.1, 1084.37)
ME4_C      | (1208.1, 1075.69)
ME4_C      | (1208.1, 1032.29)
ME4_C      | (1208.1, 1023.61)
ME4_C      | (1208.1, 1014.93)
ME4_C      | (1208.1, 1006.25)
ME4_C      | (1208.1, 997.57)
ME4_C      | (1208.1, 988.89)
ME4_C      | (1208.1, 945.49)
ME4_C      | (1208.1, 936.81)
ME4_C      | (1208.1, 928.13)
ME4_C      | (1208.1, 919.45)
ME4_C      | (1208.1, 910.77)
ME4_C      | (1208.1, 902.09)
ME4_C      | (1208.1, 858.69)
ME4_C      | (1208.1, 850.01)
ME4_C      | (1208.1, 841.33)
ME4_C      | (1208.1, 832.65)
ME4_C      | (1208.1, 823.97)
ME4_C      | (1208.1, 815.29)
ME4_C      | (1208.1, 771.89)
ME4_C      | (1208.1, 763.21)
ME4_C      | (1208.1, 754.53)
ME4_C      | (1208.1, 745.85)
ME4_C      | (1208.1, 737.17)
ME4_C      | (1208.1, 728.49)
ME4_C      | (1208.1, 685.09)
ME4_C      | (1208.1, 676.41)
ME4_C      | (1208.1, 667.73)
ME4_C      | (1208.1, 659.05)
ME4_C      | (1208.1, 650.37)
ME4_C      | (1208.1, 641.69)
ME4_C      | (1208.1, 598.29)
ME4_C      | (1208.1, 589.61)
ME4_C      | (1208.1, 580.93)
ME4_C      | (1208.1, 572.25)
ME4_C      | (1208.1, 563.57)
ME4_C      | (1208.1, 554.89)
ME4_C      | (1208.1, 511.49)
ME4_C      | (1208.1, 502.81)
ME4_C      | (1208.1, 494.13)
ME4_C      | (1208.1, 485.45)
ME4_C      | (1208.1, 476.77)
ME4_C      | (1208.1, 468.09)
ME4_C      | (1221.26, 2352.64)
ME4_C      | (1221.26, 454.7)
ME4_C      | (1229.1, 2352.64)
ME4_C      | (1229.1, 454.7)
ME4_C      | (1236.94, 2352.64)
ME4_C      | (1236.94, 454.7)
ME4_C      | (1244.78, 2352.64)
ME4_C      | (1244.78, 454.7)
ME4_C      | (1252.62, 2352.64)
ME4_C      | (1252.62, 454.7)
ME4_C      | (1291.82, 2352.64)
ME4_C      | (1291.82, 454.7)
ME4_C      | (1299.66, 2352.64)
ME4_C      | (1299.66, 454.7)
ME4_C      | (1307.5, 2352.64)
ME4_C      | (1307.5, 454.7)
ME4_C      | (1315.34, 2352.64)
ME4_C      | (1315.34, 454.7)
ME4_C      | (1323.18, 2352.64)
ME4_C      | (1323.18, 454.7)
ME4_C      | (1331.02, 2352.64)
ME4_C      | (1331.02, 454.7)
ME4_C      | (1370.22, 2352.64)
ME4_C      | (1370.22, 454.7)
ME4_C      | (1378.06, 2352.64)
ME4_C      | (1378.06, 454.7)
ME4_C      | (1385.9, 2352.64)
ME4_C      | (1385.9, 454.7)
ME4_C      | (1393.74, 2352.64)
ME4_C      | (1393.74, 454.7)
ME4_C      | (1401.58, 2352.64)
ME4_C      | (1401.58, 454.7)
ME4_C      | (1409.42, 2352.64)
ME4_C      | (1409.42, 454.7)
ME4_C      | (1422.58, 2343.59)
ME4_C      | (1422.58, 2321.89)
ME4_C      | (1422.58, 2305.15)
ME4_C      | (1422.58, 2278.49)
ME4_C      | (1422.58, 2165.65)
ME4_C      | (1422.58, 2143.95)
ME4_C      | (1422.58, 2122.25)
ME4_C      | (1422.58, 2095.59)
ME4_C      | (1422.58, 2078.85)
ME4_C      | (1422.58, 2052.19)
ME4_C      | (1422.58, 1939.35)
ME4_C      | (1422.58, 1917.65)
ME4_C      | (1422.58, 1895.95)
ME4_C      | (1422.58, 1869.29)
ME4_C      | (1422.58, 1853.17)
ME4_C      | (1422.58, 1826.51)
ME4_C      | (1422.58, 1713.05)
ME4_C      | (1422.58, 1691.97)
ME4_C      | (1422.58, 1670.27)
ME4_C      | (1422.58, 1643.61)
ME4_C      | (1422.58, 1626.87)
ME4_C      | (1422.58, 1600.21)
ME4_C      | (1422.58, 1487.37)
ME4_C      | (1422.58, 1465.67)
ME4_C      | (1422.58, 1443.97)
ME4_C      | (1422.58, 1416.69)
ME4_C      | (1422.58, 1408.01)
ME4_C      | (1422.58, 1380.11)
ME4_C      | (1422.58, 1274.09)
ME4_C      | (1422.58, 1248.05)
ME4_C      | (1422.58, 1226.35)
ME4_C      | (1422.58, 1204.65)
ME4_C      | (1422.58, 1177.99)
ME4_C      | (1422.58, 1161.25)
ME4_C      | (1422.58, 1048.41)
ME4_C      | (1422.58, 1021.75)
ME4_C      | (1422.58, 1000.05)
ME4_C      | (1422.58, 978.35)
ME4_C      | (1422.58, 951.69)
ME4_C      | (1422.58, 934.95)
ME4_C      | (1422.58, 822.11)
ME4_C      | (1422.58, 795.45)
ME4_C      | (1422.58, 774.37)
ME4_C      | (1422.58, 752.67)
ME4_C      | (1422.58, 726.01)
ME4_C      | (1422.58, 709.27)
ME4_C      | (1422.58, 595.81)
ME4_C      | (1422.58, 569.77)
ME4_C      | (1422.58, 548.07)
ME4_C      | (1422.58, 526.37)
ME4_C      | (1422.58, 499.71)
ME4_C      | (1422.58, 482.97)
ME1_C      | (521.74, 2369.21)
ME1_C      | (521.74, 471.27)
ME1_C      | (529.58, 2369.21)
ME1_C      | (529.58, 471.27)
ME1_C      | (537.42, 2369.21)
ME1_C      | (537.42, 471.27)
ME1_C      | (545.26, 2369.21)
ME1_C      | (545.26, 471.27)
ME1_C      | (553.1, 2369.21)
ME1_C      | (553.1, 471.27)
ME1_C      | (592.3, 2369.21)
ME1_C      | (592.3, 471.27)
ME1_C      | (600.14, 2369.21)
ME1_C      | (600.14, 471.27)
ME1_C      | (607.98, 2369.21)
ME1_C      | (607.98, 471.27)
ME1_C      | (615.82, 2369.21)
ME1_C      | (615.82, 471.27)
ME1_C      | (623.66, 2369.21)
ME1_C      | (623.66, 471.27)
ME1_C      | (631.5, 2369.21)
ME1_C      | (631.5, 471.27)
ME1_C      | (670.7, 2369.21)
ME1_C      | (670.7, 471.27)
ME1_C      | (678.54, 2369.21)
ME1_C      | (678.54, 471.27)
ME1_C      | (686.38, 2369.21)
ME1_C      | (686.38, 471.27)
ME1_C      | (694.22, 2369.21)
ME1_C      | (694.22, 471.27)
ME1_C      | (702.06, 2369.21)
ME1_C      | (702.06, 471.27)
ME1_C      | (709.9, 2369.21)
ME1_C      | (709.9, 471.27)
ME2_C      | (508.58, 2350.86)
ME2_C      | (508.58, 2342.18)
ME2_C      | (508.58, 2333.5)
ME2_C      | (508.58, 2324.82)
ME2_C      | (508.58, 2316.14)
ME2_C      | (508.58, 2307.46)
ME2_C      | (508.58, 2264.06)
ME2_C      | (508.58, 2255.38)
ME2_C      | (508.58, 2246.7)
ME2_C      | (508.58, 2238.02)
ME2_C      | (508.58, 2229.34)
ME2_C      | (508.58, 2220.66)
ME2_C      | (508.58, 2177.26)
ME2_C      | (508.58, 2168.58)
ME2_C      | (508.58, 2159.9)
ME2_C      | (508.58, 2151.22)
ME2_C      | (508.58, 2142.54)
ME2_C      | (508.58, 2133.86)
ME2_C      | (508.58, 2090.46)
ME2_C      | (508.58, 2081.78)
ME2_C      | (508.58, 2073.1)
ME2_C      | (508.58, 2064.42)
ME2_C      | (508.58, 2055.74)
ME2_C      | (508.58, 2047.06)
ME2_C      | (508.58, 2003.66)
ME2_C      | (508.58, 1994.98)
ME2_C      | (508.58, 1986.3)
ME2_C      | (508.58, 1977.62)
ME2_C      | (508.58, 1968.94)
ME2_C      | (508.58, 1960.26)
ME2_C      | (508.58, 1916.86)
ME2_C      | (508.58, 1908.18)
ME2_C      | (508.58, 1899.5)
ME2_C      | (508.58, 1890.82)
ME2_C      | (508.58, 1882.14)
ME2_C      | (508.58, 1873.46)
ME2_C      | (508.58, 1830.06)
ME2_C      | (508.58, 1821.38)
ME2_C      | (508.58, 1812.7)
ME2_C      | (508.58, 1804.02)
ME2_C      | (508.58, 1795.34)
ME2_C      | (508.58, 1786.66)
ME2_C      | (508.58, 1743.26)
ME2_C      | (508.58, 1734.58)
ME2_C      | (508.58, 1725.9)
ME2_C      | (508.58, 1717.22)
ME2_C      | (508.58, 1708.54)
ME2_C      | (508.58, 1699.86)
ME2_C      | (508.58, 1656.46)
ME2_C      | (508.58, 1647.78)
ME2_C      | (508.58, 1639.1)
ME2_C      | (508.58, 1630.42)
ME2_C      | (508.58, 1621.74)
ME2_C      | (508.58, 1613.06)
ME2_C      | (508.58, 1569.66)
ME2_C      | (508.58, 1560.98)
ME2_C      | (508.58, 1552.3)
ME2_C      | (508.58, 1543.62)
ME2_C      | (508.58, 1534.94)
ME2_C      | (508.58, 1526.26)
ME2_C      | (508.58, 1482.86)
ME2_C      | (508.58, 1474.18)
ME2_C      | (508.58, 1465.5)
ME2_C      | (508.58, 1456.82)
ME2_C      | (508.58, 1448.14)
ME2_C      | (508.58, 1439.46)
ME2_C      | (508.58, 1396.06)
ME2_C      | (508.58, 1387.38)
ME2_C      | (508.58, 1378.7)
ME2_C      | (508.58, 1370.02)
ME2_C      | (508.58, 1361.34)
ME2_C      | (508.58, 1352.66)
ME2_C      | (508.58, 1309.26)
ME2_C      | (508.58, 1300.58)
ME2_C      | (508.58, 1291.9)
ME2_C      | (508.58, 1283.22)
ME2_C      | (508.58, 1274.54)
ME2_C      | (508.58, 1265.86)
ME2_C      | (508.58, 1222.46)
ME2_C      | (508.58, 1213.78)
ME2_C      | (508.58, 1205.1)
ME2_C      | (508.58, 1196.42)
ME2_C      | (508.58, 1187.74)
ME2_C      | (508.58, 1179.06)
ME2_C      | (508.58, 1135.66)
ME2_C      | (508.58, 1126.98)
ME2_C      | (508.58, 1118.3)
ME2_C      | (508.58, 1109.62)
ME2_C      | (508.58, 1100.94)
ME2_C      | (508.58, 1092.26)
ME2_C      | (508.58, 1048.86)
ME2_C      | (508.58, 1040.18)
ME2_C      | (508.58, 1031.5)
ME2_C      | (508.58, 1022.82)
ME2_C      | (508.58, 1014.14)
ME2_C      | (508.58, 1005.46)
ME2_C      | (508.58, 962.06)
ME2_C      | (508.58, 953.38)
ME2_C      | (508.58, 944.7)
ME2_C      | (508.58, 936.02)
ME2_C      | (508.58, 927.34)
ME2_C      | (508.58, 918.66)
ME2_C      | (508.58, 875.26)
ME2_C      | (508.58, 866.58)
ME2_C      | (508.58, 857.9)
ME2_C      | (508.58, 849.22)
ME2_C      | (508.58, 840.54)
ME2_C      | (508.58, 831.86)
ME2_C      | (508.58, 788.46)
ME2_C      | (508.58, 779.78)
ME2_C      | (508.58, 771.1)
ME2_C      | (508.58, 762.42)
ME2_C      | (508.58, 753.74)
ME2_C      | (508.58, 745.06)
ME2_C      | (508.58, 701.66)
ME2_C      | (508.58, 692.98)
ME2_C      | (508.58, 684.3)
ME2_C      | (508.58, 675.62)
ME2_C      | (508.58, 666.94)
ME2_C      | (508.58, 658.26)
ME2_C      | (508.58, 614.86)
ME2_C      | (508.58, 606.18)
ME2_C      | (508.58, 597.5)
ME2_C      | (508.58, 588.82)
ME2_C      | (508.58, 580.14)
ME2_C      | (508.58, 571.46)
ME2_C      | (508.58, 528.06)
ME2_C      | (508.58, 519.38)
ME2_C      | (508.58, 510.7)
ME2_C      | (508.58, 502.02)
ME2_C      | (508.58, 493.34)
ME2_C      | (508.58, 484.66)
ME2_C      | (723.06, 2360.16)
ME2_C      | (723.06, 2338.46)
ME2_C      | (723.06, 2321.72)
ME2_C      | (723.06, 2295.06)
ME2_C      | (723.06, 2182.22)
ME2_C      | (723.06, 2160.52)
ME2_C      | (723.06, 2138.82)
ME2_C      | (723.06, 2112.16)
ME2_C      | (723.06, 2095.42)
ME2_C      | (723.06, 2068.76)
ME2_C      | (723.06, 1955.92)
ME2_C      | (723.06, 1934.22)
ME2_C      | (723.06, 1912.52)
ME2_C      | (723.06, 1885.86)
ME2_C      | (723.06, 1869.74)
ME2_C      | (723.06, 1843.08)
ME2_C      | (723.06, 1729.62)
ME2_C      | (723.06, 1708.54)
ME2_C      | (723.06, 1686.84)
ME2_C      | (723.06, 1660.18)
ME2_C      | (723.06, 1643.44)
ME2_C      | (723.06, 1616.78)
ME2_C      | (723.06, 1503.94)
ME2_C      | (723.06, 1482.24)
ME2_C      | (723.06, 1460.54)
ME2_C      | (723.06, 1433.26)
ME2_C      | (723.06, 1424.58)
ME2_C      | (723.06, 1396.68)
ME2_C      | (723.06, 1290.66)
ME2_C      | (723.06, 1264.62)
ME2_C      | (723.06, 1242.92)
ME2_C      | (723.06, 1221.22)
ME2_C      | (723.06, 1194.56)
ME2_C      | (723.06, 1177.82)
ME2_C      | (723.06, 1064.98)
ME2_C      | (723.06, 1038.32)
ME2_C      | (723.06, 1016.62)
ME2_C      | (723.06, 994.92)
ME2_C      | (723.06, 968.26)
ME2_C      | (723.06, 951.52)
ME2_C      | (723.06, 838.68)
ME2_C      | (723.06, 812.02)
ME2_C      | (723.06, 790.94)
ME2_C      | (723.06, 769.24)
ME2_C      | (723.06, 742.58)
ME2_C      | (723.06, 725.84)
ME2_C      | (723.06, 612.38)
ME2_C      | (723.06, 586.34)
ME2_C      | (723.06, 564.64)
ME2_C      | (723.06, 542.94)
ME2_C      | (723.06, 516.28)
ME2_C      | (723.06, 499.54)
ME3_C      | (508.58, 2350.86)
ME3_C      | (508.58, 2342.18)
ME3_C      | (508.58, 2333.5)
ME3_C      | (508.58, 2324.82)
ME3_C      | (508.58, 2316.14)
ME3_C      | (508.58, 2307.46)
ME3_C      | (508.58, 2264.06)
ME3_C      | (508.58, 2255.38)
ME3_C      | (508.58, 2246.7)
ME3_C      | (508.58, 2238.02)
ME3_C      | (508.58, 2229.34)
ME3_C      | (508.58, 2220.66)
ME3_C      | (508.58, 2177.26)
ME3_C      | (508.58, 2168.58)
ME3_C      | (508.58, 2159.9)
ME3_C      | (508.58, 2151.22)
ME3_C      | (508.58, 2142.54)
ME3_C      | (508.58, 2133.86)
ME3_C      | (508.58, 2090.46)
ME3_C      | (508.58, 2081.78)
ME3_C      | (508.58, 2073.1)
ME3_C      | (508.58, 2064.42)
ME3_C      | (508.58, 2055.74)
ME3_C      | (508.58, 2047.06)
ME3_C      | (508.58, 2003.66)
ME3_C      | (508.58, 1994.98)
ME3_C      | (508.58, 1986.3)
ME3_C      | (508.58, 1977.62)
ME3_C      | (508.58, 1968.94)
ME3_C      | (508.58, 1960.26)
ME3_C      | (508.58, 1916.86)
ME3_C      | (508.58, 1908.18)
ME3_C      | (508.58, 1899.5)
ME3_C      | (508.58, 1890.82)
ME3_C      | (508.58, 1882.14)
ME3_C      | (508.58, 1873.46)
ME3_C      | (508.58, 1830.06)
ME3_C      | (508.58, 1821.38)
ME3_C      | (508.58, 1812.7)
ME3_C      | (508.58, 1804.02)
ME3_C      | (508.58, 1795.34)
ME3_C      | (508.58, 1786.66)
ME3_C      | (508.58, 1743.26)
ME3_C      | (508.58, 1734.58)
ME3_C      | (508.58, 1725.9)
ME3_C      | (508.58, 1717.22)
ME3_C      | (508.58, 1708.54)
ME3_C      | (508.58, 1699.86)
ME3_C      | (508.58, 1656.46)
ME3_C      | (508.58, 1647.78)
ME3_C      | (508.58, 1639.1)
ME3_C      | (508.58, 1630.42)
ME3_C      | (508.58, 1621.74)
ME3_C      | (508.58, 1613.06)
ME3_C      | (508.58, 1569.66)
ME3_C      | (508.58, 1560.98)
ME3_C      | (508.58, 1552.3)
ME3_C      | (508.58, 1543.62)
ME3_C      | (508.58, 1534.94)
ME3_C      | (508.58, 1526.26)
ME3_C      | (508.58, 1482.86)
ME3_C      | (508.58, 1474.18)
ME3_C      | (508.58, 1465.5)
ME3_C      | (508.58, 1456.82)
ME3_C      | (508.58, 1448.14)
ME3_C      | (508.58, 1439.46)
ME3_C      | (508.58, 1396.06)
ME3_C      | (508.58, 1387.38)
ME3_C      | (508.58, 1378.7)
ME3_C      | (508.58, 1370.02)
ME3_C      | (508.58, 1361.34)
ME3_C      | (508.58, 1352.66)
ME3_C      | (508.58, 1309.26)
ME3_C      | (508.58, 1300.58)
ME3_C      | (508.58, 1291.9)
ME3_C      | (508.58, 1283.22)
ME3_C      | (508.58, 1274.54)
ME3_C      | (508.58, 1265.86)
ME3_C      | (508.58, 1222.46)
ME3_C      | (508.58, 1213.78)
ME3_C      | (508.58, 1205.1)
ME3_C      | (508.58, 1196.42)
ME3_C      | (508.58, 1187.74)
ME3_C      | (508.58, 1179.06)
ME3_C      | (508.58, 1135.66)
ME3_C      | (508.58, 1126.98)
ME3_C      | (508.58, 1118.3)
ME3_C      | (508.58, 1109.62)
ME3_C      | (508.58, 1100.94)
ME3_C      | (508.58, 1092.26)
ME3_C      | (508.58, 1048.86)
ME3_C      | (508.58, 1040.18)
ME3_C      | (508.58, 1031.5)
ME3_C      | (508.58, 1022.82)
ME3_C      | (508.58, 1014.14)
ME3_C      | (508.58, 1005.46)
ME3_C      | (508.58, 962.06)
ME3_C      | (508.58, 953.38)
ME3_C      | (508.58, 944.7)
ME3_C      | (508.58, 936.02)
ME3_C      | (508.58, 927.34)
ME3_C      | (508.58, 918.66)
ME3_C      | (508.58, 875.26)
ME3_C      | (508.58, 866.58)
ME3_C      | (508.58, 857.9)
ME3_C      | (508.58, 849.22)
ME3_C      | (508.58, 840.54)
ME3_C      | (508.58, 831.86)
ME3_C      | (508.58, 788.46)
ME3_C      | (508.58, 779.78)
ME3_C      | (508.58, 771.1)
ME3_C      | (508.58, 762.42)
ME3_C      | (508.58, 753.74)
ME3_C      | (508.58, 745.06)
ME3_C      | (508.58, 701.66)
ME3_C      | (508.58, 692.98)
ME3_C      | (508.58, 684.3)
ME3_C      | (508.58, 675.62)
ME3_C      | (508.58, 666.94)
ME3_C      | (508.58, 658.26)
ME3_C      | (508.58, 614.86)
ME3_C      | (508.58, 606.18)
ME3_C      | (508.58, 597.5)
ME3_C      | (508.58, 588.82)
ME3_C      | (508.58, 580.14)
ME3_C      | (508.58, 571.46)
ME3_C      | (508.58, 528.06)
ME3_C      | (508.58, 519.38)
ME3_C      | (508.58, 510.7)
ME3_C      | (508.58, 502.02)
ME3_C      | (508.58, 493.34)
ME3_C      | (508.58, 484.66)
ME3_C      | (521.74, 2369.21)
ME3_C      | (521.74, 471.27)
ME3_C      | (529.58, 2369.21)
ME3_C      | (529.58, 471.27)
ME3_C      | (537.42, 2369.21)
ME3_C      | (537.42, 471.27)
ME3_C      | (545.26, 2369.21)
ME3_C      | (545.26, 471.27)
ME3_C      | (553.1, 2369.21)
ME3_C      | (553.1, 471.27)
ME3_C      | (592.3, 2369.21)
ME3_C      | (592.3, 471.27)
ME3_C      | (600.14, 2369.21)
ME3_C      | (600.14, 471.27)
ME3_C      | (607.98, 2369.21)
ME3_C      | (607.98, 471.27)
ME3_C      | (615.82, 2369.21)
ME3_C      | (615.82, 471.27)
ME3_C      | (623.66, 2369.21)
ME3_C      | (623.66, 471.27)
ME3_C      | (631.5, 2369.21)
ME3_C      | (631.5, 471.27)
ME3_C      | (670.7, 2369.21)
ME3_C      | (670.7, 471.27)
ME3_C      | (678.54, 2369.21)
ME3_C      | (678.54, 471.27)
ME3_C      | (686.38, 2369.21)
ME3_C      | (686.38, 471.27)
ME3_C      | (694.22, 2369.21)
ME3_C      | (694.22, 471.27)
ME3_C      | (702.06, 2369.21)
ME3_C      | (702.06, 471.27)
ME3_C      | (709.9, 2369.21)
ME3_C      | (709.9, 471.27)
ME3_C      | (723.06, 2360.16)
ME3_C      | (723.06, 2338.46)
ME3_C      | (723.06, 2321.72)
ME3_C      | (723.06, 2295.06)
ME3_C      | (723.06, 2182.22)
ME3_C      | (723.06, 2160.52)
ME3_C      | (723.06, 2138.82)
ME3_C      | (723.06, 2112.16)
ME3_C      | (723.06, 2095.42)
ME3_C      | (723.06, 2068.76)
ME3_C      | (723.06, 1955.92)
ME3_C      | (723.06, 1934.22)
ME3_C      | (723.06, 1912.52)
ME3_C      | (723.06, 1885.86)
ME3_C      | (723.06, 1869.74)
ME3_C      | (723.06, 1843.08)
ME3_C      | (723.06, 1729.62)
ME3_C      | (723.06, 1708.54)
ME3_C      | (723.06, 1686.84)
ME3_C      | (723.06, 1660.18)
ME3_C      | (723.06, 1643.44)
ME3_C      | (723.06, 1616.78)
ME3_C      | (723.06, 1503.94)
ME3_C      | (723.06, 1482.24)
ME3_C      | (723.06, 1460.54)
ME3_C      | (723.06, 1433.26)
ME3_C      | (723.06, 1424.58)
ME3_C      | (723.06, 1396.68)
ME3_C      | (723.06, 1290.66)
ME3_C      | (723.06, 1264.62)
ME3_C      | (723.06, 1242.92)
ME3_C      | (723.06, 1221.22)
ME3_C      | (723.06, 1194.56)
ME3_C      | (723.06, 1177.82)
ME3_C      | (723.06, 1064.98)
ME3_C      | (723.06, 1038.32)
ME3_C      | (723.06, 1016.62)
ME3_C      | (723.06, 994.92)
ME3_C      | (723.06, 968.26)
ME3_C      | (723.06, 951.52)
ME3_C      | (723.06, 838.68)
ME3_C      | (723.06, 812.02)
ME3_C      | (723.06, 790.94)
ME3_C      | (723.06, 769.24)
ME3_C      | (723.06, 742.58)
ME3_C      | (723.06, 725.84)
ME3_C      | (723.06, 612.38)
ME3_C      | (723.06, 586.34)
ME3_C      | (723.06, 564.64)
ME3_C      | (723.06, 542.94)
ME3_C      | (723.06, 516.28)
ME3_C      | (723.06, 499.54)
ME4_C      | (508.58, 2350.86)
ME4_C      | (508.58, 2342.18)
ME4_C      | (508.58, 2333.5)
ME4_C      | (508.58, 2324.82)
ME4_C      | (508.58, 2316.14)
ME4_C      | (508.58, 2307.46)
ME4_C      | (508.58, 2264.06)
ME4_C      | (508.58, 2255.38)
ME4_C      | (508.58, 2246.7)
ME4_C      | (508.58, 2238.02)
ME4_C      | (508.58, 2229.34)
ME4_C      | (508.58, 2220.66)
ME4_C      | (508.58, 2177.26)
ME4_C      | (508.58, 2168.58)
ME4_C      | (508.58, 2159.9)
ME4_C      | (508.58, 2151.22)
ME4_C      | (508.58, 2142.54)
ME4_C      | (508.58, 2133.86)
ME4_C      | (508.58, 2090.46)
ME4_C      | (508.58, 2081.78)
ME4_C      | (508.58, 2073.1)
ME4_C      | (508.58, 2064.42)
ME4_C      | (508.58, 2055.74)
ME4_C      | (508.58, 2047.06)
ME4_C      | (508.58, 2003.66)
ME4_C      | (508.58, 1994.98)
ME4_C      | (508.58, 1986.3)
ME4_C      | (508.58, 1977.62)
ME4_C      | (508.58, 1968.94)
ME4_C      | (508.58, 1960.26)
ME4_C      | (508.58, 1916.86)
ME4_C      | (508.58, 1908.18)
ME4_C      | (508.58, 1899.5)
ME4_C      | (508.58, 1890.82)
ME4_C      | (508.58, 1882.14)
ME4_C      | (508.58, 1873.46)
ME4_C      | (508.58, 1830.06)
ME4_C      | (508.58, 1821.38)
ME4_C      | (508.58, 1812.7)
ME4_C      | (508.58, 1804.02)
ME4_C      | (508.58, 1795.34)
ME4_C      | (508.58, 1786.66)
ME4_C      | (508.58, 1743.26)
ME4_C      | (508.58, 1734.58)
ME4_C      | (508.58, 1725.9)
ME4_C      | (508.58, 1717.22)
ME4_C      | (508.58, 1708.54)
ME4_C      | (508.58, 1699.86)
ME4_C      | (508.58, 1656.46)
ME4_C      | (508.58, 1647.78)
ME4_C      | (508.58, 1639.1)
ME4_C      | (508.58, 1630.42)
ME4_C      | (508.58, 1621.74)
ME4_C      | (508.58, 1613.06)
ME4_C      | (508.58, 1569.66)
ME4_C      | (508.58, 1560.98)
ME4_C      | (508.58, 1552.3)
ME4_C      | (508.58, 1543.62)
ME4_C      | (508.58, 1534.94)
ME4_C      | (508.58, 1526.26)
ME4_C      | (508.58, 1482.86)
ME4_C      | (508.58, 1474.18)
ME4_C      | (508.58, 1465.5)
ME4_C      | (508.58, 1456.82)
ME4_C      | (508.58, 1448.14)
ME4_C      | (508.58, 1439.46)
ME4_C      | (508.58, 1396.06)
ME4_C      | (508.58, 1387.38)
ME4_C      | (508.58, 1378.7)
ME4_C      | (508.58, 1370.02)
ME4_C      | (508.58, 1361.34)
ME4_C      | (508.58, 1352.66)
ME4_C      | (508.58, 1309.26)
ME4_C      | (508.58, 1300.58)
ME4_C      | (508.58, 1291.9)
ME4_C      | (508.58, 1283.22)
ME4_C      | (508.58, 1274.54)
ME4_C      | (508.58, 1265.86)
ME4_C      | (508.58, 1222.46)
ME4_C      | (508.58, 1213.78)
ME4_C      | (508.58, 1205.1)
ME4_C      | (508.58, 1196.42)
ME4_C      | (508.58, 1187.74)
ME4_C      | (508.58, 1179.06)
ME4_C      | (508.58, 1135.66)
ME4_C      | (508.58, 1126.98)
ME4_C      | (508.58, 1118.3)
ME4_C      | (508.58, 1109.62)
ME4_C      | (508.58, 1100.94)
ME4_C      | (508.58, 1092.26)
ME4_C      | (508.58, 1048.86)
ME4_C      | (508.58, 1040.18)
ME4_C      | (508.58, 1031.5)
ME4_C      | (508.58, 1022.82)
ME4_C      | (508.58, 1014.14)
ME4_C      | (508.58, 1005.46)
ME4_C      | (508.58, 962.06)
ME4_C      | (508.58, 953.38)
ME4_C      | (508.58, 944.7)
ME4_C      | (508.58, 936.02)
ME4_C      | (508.58, 927.34)
ME4_C      | (508.58, 918.66)
ME4_C      | (508.58, 875.26)
ME4_C      | (508.58, 866.58)
ME4_C      | (508.58, 857.9)
ME4_C      | (508.58, 849.22)
ME4_C      | (508.58, 840.54)
ME4_C      | (508.58, 831.86)
ME4_C      | (508.58, 788.46)
ME4_C      | (508.58, 779.78)
ME4_C      | (508.58, 771.1)
ME4_C      | (508.58, 762.42)
ME4_C      | (508.58, 753.74)
ME4_C      | (508.58, 745.06)
ME4_C      | (508.58, 701.66)
ME4_C      | (508.58, 692.98)
ME4_C      | (508.58, 684.3)
ME4_C      | (508.58, 675.62)
ME4_C      | (508.58, 666.94)
ME4_C      | (508.58, 658.26)
ME4_C      | (508.58, 614.86)
ME4_C      | (508.58, 606.18)
ME4_C      | (508.58, 597.5)
ME4_C      | (508.58, 588.82)
ME4_C      | (508.58, 580.14)
ME4_C      | (508.58, 571.46)
ME4_C      | (508.58, 528.06)
ME4_C      | (508.58, 519.38)
ME4_C      | (508.58, 510.7)
ME4_C      | (508.58, 502.02)
ME4_C      | (508.58, 493.34)
ME4_C      | (508.58, 484.66)
ME4_C      | (521.74, 2369.21)
ME4_C      | (521.74, 471.27)
ME4_C      | (529.58, 2369.21)
ME4_C      | (529.58, 471.27)
ME4_C      | (537.42, 2369.21)
ME4_C      | (537.42, 471.27)
ME4_C      | (545.26, 2369.21)
ME4_C      | (545.26, 471.27)
ME4_C      | (553.1, 2369.21)
ME4_C      | (553.1, 471.27)
ME4_C      | (592.3, 2369.21)
ME4_C      | (592.3, 471.27)
ME4_C      | (600.14, 2369.21)
ME4_C      | (600.14, 471.27)
ME4_C      | (607.98, 2369.21)
ME4_C      | (607.98, 471.27)
ME4_C      | (615.82, 2369.21)
ME4_C      | (615.82, 471.27)
ME4_C      | (623.66, 2369.21)
ME4_C      | (623.66, 471.27)
ME4_C      | (631.5, 2369.21)
ME4_C      | (631.5, 471.27)
ME4_C      | (670.7, 2369.21)
ME4_C      | (670.7, 471.27)
ME4_C      | (678.54, 2369.21)
ME4_C      | (678.54, 471.27)
ME4_C      | (686.38, 2369.21)
ME4_C      | (686.38, 471.27)
ME4_C      | (694.22, 2369.21)
ME4_C      | (694.22, 471.27)
ME4_C      | (702.06, 2369.21)
ME4_C      | (702.06, 471.27)
ME4_C      | (709.9, 2369.21)
ME4_C      | (709.9, 471.27)
ME4_C      | (723.06, 2360.16)
ME4_C      | (723.06, 2338.46)
ME4_C      | (723.06, 2321.72)
ME4_C      | (723.06, 2295.06)
ME4_C      | (723.06, 2182.22)
ME4_C      | (723.06, 2160.52)
ME4_C      | (723.06, 2138.82)
ME4_C      | (723.06, 2112.16)
ME4_C      | (723.06, 2095.42)
ME4_C      | (723.06, 2068.76)
ME4_C      | (723.06, 1955.92)
ME4_C      | (723.06, 1934.22)
ME4_C      | (723.06, 1912.52)
ME4_C      | (723.06, 1885.86)
ME4_C      | (723.06, 1869.74)
ME4_C      | (723.06, 1843.08)
ME4_C      | (723.06, 1729.62)
ME4_C      | (723.06, 1708.54)
ME4_C      | (723.06, 1686.84)
ME4_C      | (723.06, 1660.18)
ME4_C      | (723.06, 1643.44)
ME4_C      | (723.06, 1616.78)
ME4_C      | (723.06, 1503.94)
ME4_C      | (723.06, 1482.24)
ME4_C      | (723.06, 1460.54)
ME4_C      | (723.06, 1433.26)
ME4_C      | (723.06, 1424.58)
ME4_C      | (723.06, 1396.68)
ME4_C      | (723.06, 1290.66)
ME4_C      | (723.06, 1264.62)
ME4_C      | (723.06, 1242.92)
ME4_C      | (723.06, 1221.22)
ME4_C      | (723.06, 1194.56)
ME4_C      | (723.06, 1177.82)
ME4_C      | (723.06, 1064.98)
ME4_C      | (723.06, 1038.32)
ME4_C      | (723.06, 1016.62)
ME4_C      | (723.06, 994.92)
ME4_C      | (723.06, 968.26)
ME4_C      | (723.06, 951.52)
ME4_C      | (723.06, 838.68)
ME4_C      | (723.06, 812.02)
ME4_C      | (723.06, 790.94)
ME4_C      | (723.06, 769.24)
ME4_C      | (723.06, 742.58)
ME4_C      | (723.06, 725.84)
ME4_C      | (723.06, 612.38)
ME4_C      | (723.06, 586.34)
ME4_C      | (723.06, 564.64)
ME4_C      | (723.06, 542.94)
ME4_C      | (723.06, 516.28)
ME4_C      | (723.06, 499.54)
ME1_C      | (873.1, 2348.73)
ME1_C      | (873.1, 450.79)
ME1_C      | (880.94, 2348.73)
ME1_C      | (880.94, 450.79)
ME1_C      | (888.78, 2348.73)
ME1_C      | (888.78, 450.79)
ME1_C      | (896.62, 2348.73)
ME1_C      | (896.62, 450.79)
ME1_C      | (904.46, 2348.73)
ME1_C      | (904.46, 450.79)
ME1_C      | (943.66, 2348.73)
ME1_C      | (943.66, 450.79)
ME1_C      | (951.5, 2348.73)
ME1_C      | (951.5, 450.79)
ME1_C      | (959.34, 2348.73)
ME1_C      | (959.34, 450.79)
ME1_C      | (967.18, 2348.73)
ME1_C      | (967.18, 450.79)
ME1_C      | (975.02, 2348.73)
ME1_C      | (975.02, 450.79)
ME1_C      | (982.86, 2348.73)
ME1_C      | (982.86, 450.79)
ME1_C      | (1022.06, 2348.73)
ME1_C      | (1022.06, 450.79)
ME1_C      | (1029.9, 2348.73)
ME1_C      | (1029.9, 450.79)
ME1_C      | (1037.74, 2348.73)
ME1_C      | (1037.74, 450.79)
ME1_C      | (1045.58, 2348.73)
ME1_C      | (1045.58, 450.79)
ME1_C      | (1053.42, 2348.73)
ME1_C      | (1053.42, 450.79)
ME1_C      | (1061.26, 2348.73)
ME1_C      | (1061.26, 450.79)
ME2_C      | (859.94, 2330.38)
ME2_C      | (859.94, 2321.7)
ME2_C      | (859.94, 2313.02)
ME2_C      | (859.94, 2304.34)
ME2_C      | (859.94, 2295.66)
ME2_C      | (859.94, 2286.98)
ME2_C      | (859.94, 2243.58)
ME2_C      | (859.94, 2234.9)
ME2_C      | (859.94, 2226.22)
ME2_C      | (859.94, 2217.54)
ME2_C      | (859.94, 2208.86)
ME2_C      | (859.94, 2200.18)
ME2_C      | (859.94, 2156.78)
ME2_C      | (859.94, 2148.1)
ME2_C      | (859.94, 2139.42)
ME2_C      | (859.94, 2130.74)
ME2_C      | (859.94, 2122.06)
ME2_C      | (859.94, 2113.38)
ME2_C      | (859.94, 2069.98)
ME2_C      | (859.94, 2061.3)
ME2_C      | (859.94, 2052.62)
ME2_C      | (859.94, 2043.94)
ME2_C      | (859.94, 2035.26)
ME2_C      | (859.94, 2026.58)
ME2_C      | (859.94, 1983.18)
ME2_C      | (859.94, 1974.5)
ME2_C      | (859.94, 1965.82)
ME2_C      | (859.94, 1957.14)
ME2_C      | (859.94, 1948.46)
ME2_C      | (859.94, 1939.78)
ME2_C      | (859.94, 1896.38)
ME2_C      | (859.94, 1887.7)
ME2_C      | (859.94, 1879.02)
ME2_C      | (859.94, 1870.34)
ME2_C      | (859.94, 1861.66)
ME2_C      | (859.94, 1852.98)
ME2_C      | (859.94, 1809.58)
ME2_C      | (859.94, 1800.9)
ME2_C      | (859.94, 1792.22)
ME2_C      | (859.94, 1783.54)
ME2_C      | (859.94, 1774.86)
ME2_C      | (859.94, 1766.18)
ME2_C      | (859.94, 1722.78)
ME2_C      | (859.94, 1714.1)
ME2_C      | (859.94, 1705.42)
ME2_C      | (859.94, 1696.74)
ME2_C      | (859.94, 1688.06)
ME2_C      | (859.94, 1679.38)
ME2_C      | (859.94, 1635.98)
ME2_C      | (859.94, 1627.3)
ME2_C      | (859.94, 1618.62)
ME2_C      | (859.94, 1609.94)
ME2_C      | (859.94, 1601.26)
ME2_C      | (859.94, 1592.58)
ME2_C      | (859.94, 1549.18)
ME2_C      | (859.94, 1540.5)
ME2_C      | (859.94, 1531.82)
ME2_C      | (859.94, 1523.14)
ME2_C      | (859.94, 1514.46)
ME2_C      | (859.94, 1505.78)
ME2_C      | (859.94, 1462.38)
ME2_C      | (859.94, 1453.7)
ME2_C      | (859.94, 1445.02)
ME2_C      | (859.94, 1436.34)
ME2_C      | (859.94, 1427.66)
ME2_C      | (859.94, 1418.98)
ME2_C      | (859.94, 1375.58)
ME2_C      | (859.94, 1366.9)
ME2_C      | (859.94, 1358.22)
ME2_C      | (859.94, 1349.54)
ME2_C      | (859.94, 1340.86)
ME2_C      | (859.94, 1332.18)
ME2_C      | (859.94, 1288.78)
ME2_C      | (859.94, 1280.1)
ME2_C      | (859.94, 1271.42)
ME2_C      | (859.94, 1262.74)
ME2_C      | (859.94, 1254.06)
ME2_C      | (859.94, 1245.38)
ME2_C      | (859.94, 1201.98)
ME2_C      | (859.94, 1193.3)
ME2_C      | (859.94, 1184.62)
ME2_C      | (859.94, 1175.94)
ME2_C      | (859.94, 1167.26)
ME2_C      | (859.94, 1158.58)
ME2_C      | (859.94, 1115.18)
ME2_C      | (859.94, 1106.5)
ME2_C      | (859.94, 1097.82)
ME2_C      | (859.94, 1089.14)
ME2_C      | (859.94, 1080.46)
ME2_C      | (859.94, 1071.78)
ME2_C      | (859.94, 1028.38)
ME2_C      | (859.94, 1019.7)
ME2_C      | (859.94, 1011.02)
ME2_C      | (859.94, 1002.34)
ME2_C      | (859.94, 993.66)
ME2_C      | (859.94, 984.98)
ME2_C      | (859.94, 941.58)
ME2_C      | (859.94, 932.9)
ME2_C      | (859.94, 924.22)
ME2_C      | (859.94, 915.54)
ME2_C      | (859.94, 906.86)
ME2_C      | (859.94, 898.18)
ME2_C      | (859.94, 854.78)
ME2_C      | (859.94, 846.1)
ME2_C      | (859.94, 837.42)
ME2_C      | (859.94, 828.74)
ME2_C      | (859.94, 820.06)
ME2_C      | (859.94, 811.38)
ME2_C      | (859.94, 767.98)
ME2_C      | (859.94, 759.3)
ME2_C      | (859.94, 750.62)
ME2_C      | (859.94, 741.94)
ME2_C      | (859.94, 733.26)
ME2_C      | (859.94, 724.58)
ME2_C      | (859.94, 681.18)
ME2_C      | (859.94, 672.5)
ME2_C      | (859.94, 663.82)
ME2_C      | (859.94, 655.14)
ME2_C      | (859.94, 646.46)
ME2_C      | (859.94, 637.78)
ME2_C      | (859.94, 594.38)
ME2_C      | (859.94, 585.7)
ME2_C      | (859.94, 577.02)
ME2_C      | (859.94, 568.34)
ME2_C      | (859.94, 559.66)
ME2_C      | (859.94, 550.98)
ME2_C      | (859.94, 507.58)
ME2_C      | (859.94, 498.9)
ME2_C      | (859.94, 490.22)
ME2_C      | (859.94, 481.54)
ME2_C      | (859.94, 472.86)
ME2_C      | (859.94, 464.18)
ME2_C      | (1074.42, 2339.68)
ME2_C      | (1074.42, 2317.98)
ME2_C      | (1074.42, 2301.24)
ME2_C      | (1074.42, 2274.58)
ME2_C      | (1074.42, 2161.74)
ME2_C      | (1074.42, 2140.04)
ME2_C      | (1074.42, 2118.34)
ME2_C      | (1074.42, 2091.68)
ME2_C      | (1074.42, 2074.94)
ME2_C      | (1074.42, 2048.28)
ME2_C      | (1074.42, 1935.44)
ME2_C      | (1074.42, 1913.74)
ME2_C      | (1074.42, 1892.04)
ME2_C      | (1074.42, 1865.38)
ME2_C      | (1074.42, 1849.26)
ME2_C      | (1074.42, 1822.6)
ME2_C      | (1074.42, 1709.14)
ME2_C      | (1074.42, 1688.06)
ME2_C      | (1074.42, 1666.36)
ME2_C      | (1074.42, 1639.7)
ME2_C      | (1074.42, 1622.96)
ME2_C      | (1074.42, 1596.3)
ME2_C      | (1074.42, 1483.46)
ME2_C      | (1074.42, 1461.76)
ME2_C      | (1074.42, 1440.06)
ME2_C      | (1074.42, 1412.78)
ME2_C      | (1074.42, 1404.1)
ME2_C      | (1074.42, 1376.2)
ME2_C      | (1074.42, 1270.18)
ME2_C      | (1074.42, 1244.14)
ME2_C      | (1074.42, 1222.44)
ME2_C      | (1074.42, 1200.74)
ME2_C      | (1074.42, 1174.08)
ME2_C      | (1074.42, 1157.34)
ME2_C      | (1074.42, 1044.5)
ME2_C      | (1074.42, 1017.84)
ME2_C      | (1074.42, 996.14)
ME2_C      | (1074.42, 974.44)
ME2_C      | (1074.42, 947.78)
ME2_C      | (1074.42, 931.04)
ME2_C      | (1074.42, 818.2)
ME2_C      | (1074.42, 791.54)
ME2_C      | (1074.42, 770.46)
ME2_C      | (1074.42, 748.76)
ME2_C      | (1074.42, 722.1)
ME2_C      | (1074.42, 705.36)
ME2_C      | (1074.42, 591.9)
ME2_C      | (1074.42, 565.86)
ME2_C      | (1074.42, 544.16)
ME2_C      | (1074.42, 522.46)
ME2_C      | (1074.42, 495.8)
ME2_C      | (1074.42, 479.06)
ME3_C      | (859.94, 2330.38)
ME3_C      | (859.94, 2321.7)
ME3_C      | (859.94, 2313.02)
ME3_C      | (859.94, 2304.34)
ME3_C      | (859.94, 2295.66)
ME3_C      | (859.94, 2286.98)
ME3_C      | (859.94, 2243.58)
ME3_C      | (859.94, 2234.9)
ME3_C      | (859.94, 2226.22)
ME3_C      | (859.94, 2217.54)
ME3_C      | (859.94, 2208.86)
ME3_C      | (859.94, 2200.18)
ME3_C      | (859.94, 2156.78)
ME3_C      | (859.94, 2148.1)
ME3_C      | (859.94, 2139.42)
ME3_C      | (859.94, 2130.74)
ME3_C      | (859.94, 2122.06)
ME3_C      | (859.94, 2113.38)
ME3_C      | (859.94, 2069.98)
ME3_C      | (859.94, 2061.3)
ME3_C      | (859.94, 2052.62)
ME3_C      | (859.94, 2043.94)
ME3_C      | (859.94, 2035.26)
ME3_C      | (859.94, 2026.58)
ME3_C      | (859.94, 1983.18)
ME3_C      | (859.94, 1974.5)
ME3_C      | (859.94, 1965.82)
ME3_C      | (859.94, 1957.14)
ME3_C      | (859.94, 1948.46)
ME3_C      | (859.94, 1939.78)
ME3_C      | (859.94, 1896.38)
ME3_C      | (859.94, 1887.7)
ME3_C      | (859.94, 1879.02)
ME3_C      | (859.94, 1870.34)
ME3_C      | (859.94, 1861.66)
ME3_C      | (859.94, 1852.98)
ME3_C      | (859.94, 1809.58)
ME3_C      | (859.94, 1800.9)
ME3_C      | (859.94, 1792.22)
ME3_C      | (859.94, 1783.54)
ME3_C      | (859.94, 1774.86)
ME3_C      | (859.94, 1766.18)
ME3_C      | (859.94, 1722.78)
ME3_C      | (859.94, 1714.1)
ME3_C      | (859.94, 1705.42)
ME3_C      | (859.94, 1696.74)
ME3_C      | (859.94, 1688.06)
ME3_C      | (859.94, 1679.38)
ME3_C      | (859.94, 1635.98)
ME3_C      | (859.94, 1627.3)
ME3_C      | (859.94, 1618.62)
ME3_C      | (859.94, 1609.94)
ME3_C      | (859.94, 1601.26)
ME3_C      | (859.94, 1592.58)
ME3_C      | (859.94, 1549.18)
ME3_C      | (859.94, 1540.5)
ME3_C      | (859.94, 1531.82)
ME3_C      | (859.94, 1523.14)
ME3_C      | (859.94, 1514.46)
ME3_C      | (859.94, 1505.78)
ME3_C      | (859.94, 1462.38)
ME3_C      | (859.94, 1453.7)
ME3_C      | (859.94, 1445.02)
ME3_C      | (859.94, 1436.34)
ME3_C      | (859.94, 1427.66)
ME3_C      | (859.94, 1418.98)
ME3_C      | (859.94, 1375.58)
ME3_C      | (859.94, 1366.9)
ME3_C      | (859.94, 1358.22)
ME3_C      | (859.94, 1349.54)
ME3_C      | (859.94, 1340.86)
ME3_C      | (859.94, 1332.18)
ME3_C      | (859.94, 1288.78)
ME3_C      | (859.94, 1280.1)
ME3_C      | (859.94, 1271.42)
ME3_C      | (859.94, 1262.74)
ME3_C      | (859.94, 1254.06)
ME3_C      | (859.94, 1245.38)
ME3_C      | (859.94, 1201.98)
ME3_C      | (859.94, 1193.3)
ME3_C      | (859.94, 1184.62)
ME3_C      | (859.94, 1175.94)
ME3_C      | (859.94, 1167.26)
ME3_C      | (859.94, 1158.58)
ME3_C      | (859.94, 1115.18)
ME3_C      | (859.94, 1106.5)
ME3_C      | (859.94, 1097.82)
ME3_C      | (859.94, 1089.14)
ME3_C      | (859.94, 1080.46)
ME3_C      | (859.94, 1071.78)
ME3_C      | (859.94, 1028.38)
ME3_C      | (859.94, 1019.7)
ME3_C      | (859.94, 1011.02)
ME3_C      | (859.94, 1002.34)
ME3_C      | (859.94, 993.66)
ME3_C      | (859.94, 984.98)
ME3_C      | (859.94, 941.58)
ME3_C      | (859.94, 932.9)
ME3_C      | (859.94, 924.22)
ME3_C      | (859.94, 915.54)
ME3_C      | (859.94, 906.86)
ME3_C      | (859.94, 898.18)
ME3_C      | (859.94, 854.78)
ME3_C      | (859.94, 846.1)
ME3_C      | (859.94, 837.42)
ME3_C      | (859.94, 828.74)
ME3_C      | (859.94, 820.06)
ME3_C      | (859.94, 811.38)
ME3_C      | (859.94, 767.98)
ME3_C      | (859.94, 759.3)
ME3_C      | (859.94, 750.62)
ME3_C      | (859.94, 741.94)
ME3_C      | (859.94, 733.26)
ME3_C      | (859.94, 724.58)
ME3_C      | (859.94, 681.18)
ME3_C      | (859.94, 672.5)
ME3_C      | (859.94, 663.82)
ME3_C      | (859.94, 655.14)
ME3_C      | (859.94, 646.46)
ME3_C      | (859.94, 637.78)
ME3_C      | (859.94, 594.38)
ME3_C      | (859.94, 585.7)
ME3_C      | (859.94, 577.02)
ME3_C      | (859.94, 568.34)
ME3_C      | (859.94, 559.66)
ME3_C      | (859.94, 550.98)
ME3_C      | (859.94, 507.58)
ME3_C      | (859.94, 498.9)
ME3_C      | (859.94, 490.22)
ME3_C      | (859.94, 481.54)
ME3_C      | (859.94, 472.86)
ME3_C      | (859.94, 464.18)
ME3_C      | (873.1, 2348.73)
ME3_C      | (873.1, 450.79)
ME3_C      | (880.94, 2348.73)
ME3_C      | (880.94, 450.79)
ME3_C      | (888.78, 2348.73)
ME3_C      | (888.78, 450.79)
ME3_C      | (896.62, 2348.73)
ME3_C      | (896.62, 450.79)
ME3_C      | (904.46, 2348.73)
ME3_C      | (904.46, 450.79)
ME3_C      | (943.66, 2348.73)
ME3_C      | (943.66, 450.79)
ME3_C      | (951.5, 2348.73)
ME3_C      | (951.5, 450.79)
ME3_C      | (959.34, 2348.73)
ME3_C      | (959.34, 450.79)
ME3_C      | (967.18, 2348.73)
ME3_C      | (967.18, 450.79)
ME3_C      | (975.02, 2348.73)
ME3_C      | (975.02, 450.79)
ME3_C      | (982.86, 2348.73)
ME3_C      | (982.86, 450.79)
ME3_C      | (1022.06, 2348.73)
ME3_C      | (1022.06, 450.79)
ME3_C      | (1029.9, 2348.73)
ME3_C      | (1029.9, 450.79)
ME3_C      | (1037.74, 2348.73)
ME3_C      | (1037.74, 450.79)
ME3_C      | (1045.58, 2348.73)
ME3_C      | (1045.58, 450.79)
ME3_C      | (1053.42, 2348.73)
ME3_C      | (1053.42, 450.79)
ME3_C      | (1061.26, 2348.73)
ME3_C      | (1061.26, 450.79)
ME3_C      | (1074.42, 2339.68)
ME3_C      | (1074.42, 2317.98)
ME3_C      | (1074.42, 2301.24)
ME3_C      | (1074.42, 2274.58)
ME3_C      | (1074.42, 2161.74)
ME3_C      | (1074.42, 2140.04)
ME3_C      | (1074.42, 2118.34)
ME3_C      | (1074.42, 2091.68)
ME3_C      | (1074.42, 2074.94)
ME3_C      | (1074.42, 2048.28)
ME3_C      | (1074.42, 1935.44)
ME3_C      | (1074.42, 1913.74)
ME3_C      | (1074.42, 1892.04)
ME3_C      | (1074.42, 1865.38)
ME3_C      | (1074.42, 1849.26)
ME3_C      | (1074.42, 1822.6)
ME3_C      | (1074.42, 1709.14)
ME3_C      | (1074.42, 1688.06)
ME3_C      | (1074.42, 1666.36)
ME3_C      | (1074.42, 1639.7)
ME3_C      | (1074.42, 1622.96)
ME3_C      | (1074.42, 1596.3)
ME3_C      | (1074.42, 1483.46)
ME3_C      | (1074.42, 1461.76)
ME3_C      | (1074.42, 1440.06)
ME3_C      | (1074.42, 1412.78)
ME3_C      | (1074.42, 1404.1)
ME3_C      | (1074.42, 1376.2)
ME3_C      | (1074.42, 1270.18)
ME3_C      | (1074.42, 1244.14)
ME3_C      | (1074.42, 1222.44)
ME3_C      | (1074.42, 1200.74)
ME3_C      | (1074.42, 1174.08)
ME3_C      | (1074.42, 1157.34)
ME3_C      | (1074.42, 1044.5)
ME3_C      | (1074.42, 1017.84)
ME3_C      | (1074.42, 996.14)
ME3_C      | (1074.42, 974.44)
ME3_C      | (1074.42, 947.78)
ME3_C      | (1074.42, 931.04)
ME3_C      | (1074.42, 818.2)
ME3_C      | (1074.42, 791.54)
ME3_C      | (1074.42, 770.46)
ME3_C      | (1074.42, 748.76)
ME3_C      | (1074.42, 722.1)
ME3_C      | (1074.42, 705.36)
ME3_C      | (1074.42, 591.9)
ME3_C      | (1074.42, 565.86)
ME3_C      | (1074.42, 544.16)
ME3_C      | (1074.42, 522.46)
ME3_C      | (1074.42, 495.8)
ME3_C      | (1074.42, 479.06)
ME4_C      | (859.94, 2330.38)
ME4_C      | (859.94, 2321.7)
ME4_C      | (859.94, 2313.02)
ME4_C      | (859.94, 2304.34)
ME4_C      | (859.94, 2295.66)
ME4_C      | (859.94, 2286.98)
ME4_C      | (859.94, 2243.58)
ME4_C      | (859.94, 2234.9)
ME4_C      | (859.94, 2226.22)
ME4_C      | (859.94, 2217.54)
ME4_C      | (859.94, 2208.86)
ME4_C      | (859.94, 2200.18)
ME4_C      | (859.94, 2156.78)
ME4_C      | (859.94, 2148.1)
ME4_C      | (859.94, 2139.42)
ME4_C      | (859.94, 2130.74)
ME4_C      | (859.94, 2122.06)
ME4_C      | (859.94, 2113.38)
ME4_C      | (859.94, 2069.98)
ME4_C      | (859.94, 2061.3)
ME4_C      | (859.94, 2052.62)
ME4_C      | (859.94, 2043.94)
ME4_C      | (859.94, 2035.26)
ME4_C      | (859.94, 2026.58)
ME4_C      | (859.94, 1983.18)
ME4_C      | (859.94, 1974.5)
ME4_C      | (859.94, 1965.82)
ME4_C      | (859.94, 1957.14)
ME4_C      | (859.94, 1948.46)
ME4_C      | (859.94, 1939.78)
ME4_C      | (859.94, 1896.38)
ME4_C      | (859.94, 1887.7)
ME4_C      | (859.94, 1879.02)
ME4_C      | (859.94, 1870.34)
ME4_C      | (859.94, 1861.66)
ME4_C      | (859.94, 1852.98)
ME4_C      | (859.94, 1809.58)
ME4_C      | (859.94, 1800.9)
ME4_C      | (859.94, 1792.22)
ME4_C      | (859.94, 1783.54)
ME4_C      | (859.94, 1774.86)
ME4_C      | (859.94, 1766.18)
ME4_C      | (859.94, 1722.78)
ME4_C      | (859.94, 1714.1)
ME4_C      | (859.94, 1705.42)
ME4_C      | (859.94, 1696.74)
ME4_C      | (859.94, 1688.06)
ME4_C      | (859.94, 1679.38)
ME4_C      | (859.94, 1635.98)
ME4_C      | (859.94, 1627.3)
ME4_C      | (859.94, 1618.62)
ME4_C      | (859.94, 1609.94)
ME4_C      | (859.94, 1601.26)
ME4_C      | (859.94, 1592.58)
ME4_C      | (859.94, 1549.18)
ME4_C      | (859.94, 1540.5)
ME4_C      | (859.94, 1531.82)
ME4_C      | (859.94, 1523.14)
ME4_C      | (859.94, 1514.46)
ME4_C      | (859.94, 1505.78)
ME4_C      | (859.94, 1462.38)
ME4_C      | (859.94, 1453.7)
ME4_C      | (859.94, 1445.02)
ME4_C      | (859.94, 1436.34)
ME4_C      | (859.94, 1427.66)
ME4_C      | (859.94, 1418.98)
ME4_C      | (859.94, 1375.58)
ME4_C      | (859.94, 1366.9)
ME4_C      | (859.94, 1358.22)
ME4_C      | (859.94, 1349.54)
ME4_C      | (859.94, 1340.86)
ME4_C      | (859.94, 1332.18)
ME4_C      | (859.94, 1288.78)
ME4_C      | (859.94, 1280.1)
ME4_C      | (859.94, 1271.42)
ME4_C      | (859.94, 1262.74)
ME4_C      | (859.94, 1254.06)
ME4_C      | (859.94, 1245.38)
ME4_C      | (859.94, 1201.98)
ME4_C      | (859.94, 1193.3)
ME4_C      | (859.94, 1184.62)
ME4_C      | (859.94, 1175.94)
ME4_C      | (859.94, 1167.26)
ME4_C      | (859.94, 1158.58)
ME4_C      | (859.94, 1115.18)
ME4_C      | (859.94, 1106.5)
ME4_C      | (859.94, 1097.82)
ME4_C      | (859.94, 1089.14)
ME4_C      | (859.94, 1080.46)
ME4_C      | (859.94, 1071.78)
ME4_C      | (859.94, 1028.38)
ME4_C      | (859.94, 1019.7)
ME4_C      | (859.94, 1011.02)
ME4_C      | (859.94, 1002.34)
ME4_C      | (859.94, 993.66)
ME4_C      | (859.94, 984.98)
ME4_C      | (859.94, 941.58)
ME4_C      | (859.94, 932.9)
ME4_C      | (859.94, 924.22)
ME4_C      | (859.94, 915.54)
ME4_C      | (859.94, 906.86)
ME4_C      | (859.94, 898.18)
ME4_C      | (859.94, 854.78)
ME4_C      | (859.94, 846.1)
ME4_C      | (859.94, 837.42)
ME4_C      | (859.94, 828.74)
ME4_C      | (859.94, 820.06)
ME4_C      | (859.94, 811.38)
ME4_C      | (859.94, 767.98)
ME4_C      | (859.94, 759.3)
ME4_C      | (859.94, 750.62)
ME4_C      | (859.94, 741.94)
ME4_C      | (859.94, 733.26)
ME4_C      | (859.94, 724.58)
ME4_C      | (859.94, 681.18)
ME4_C      | (859.94, 672.5)
ME4_C      | (859.94, 663.82)
ME4_C      | (859.94, 655.14)
ME4_C      | (859.94, 646.46)
ME4_C      | (859.94, 637.78)
ME4_C      | (859.94, 594.38)
ME4_C      | (859.94, 585.7)
ME4_C      | (859.94, 577.02)
ME4_C      | (859.94, 568.34)
ME4_C      | (859.94, 559.66)
ME4_C      | (859.94, 550.98)
ME4_C      | (859.94, 507.58)
ME4_C      | (859.94, 498.9)
ME4_C      | (859.94, 490.22)
ME4_C      | (859.94, 481.54)
ME4_C      | (859.94, 472.86)
ME4_C      | (859.94, 464.18)
ME4_C      | (873.1, 2348.73)
ME4_C      | (873.1, 450.79)
ME4_C      | (880.94, 2348.73)
ME4_C      | (880.94, 450.79)
ME4_C      | (888.78, 2348.73)
ME4_C      | (888.78, 450.79)
ME4_C      | (896.62, 2348.73)
ME4_C      | (896.62, 450.79)
ME4_C      | (904.46, 2348.73)
ME4_C      | (904.46, 450.79)
ME4_C      | (943.66, 2348.73)
ME4_C      | (943.66, 450.79)
ME4_C      | (951.5, 2348.73)
ME4_C      | (951.5, 450.79)
ME4_C      | (959.34, 2348.73)
ME4_C      | (959.34, 450.79)
ME4_C      | (967.18, 2348.73)
ME4_C      | (967.18, 450.79)
ME4_C      | (975.02, 2348.73)
ME4_C      | (975.02, 450.79)
ME4_C      | (982.86, 2348.73)
ME4_C      | (982.86, 450.79)
ME4_C      | (1022.06, 2348.73)
ME4_C      | (1022.06, 450.79)
ME4_C      | (1029.9, 2348.73)
ME4_C      | (1029.9, 450.79)
ME4_C      | (1037.74, 2348.73)
ME4_C      | (1037.74, 450.79)
ME4_C      | (1045.58, 2348.73)
ME4_C      | (1045.58, 450.79)
ME4_C      | (1053.42, 2348.73)
ME4_C      | (1053.42, 450.79)
ME4_C      | (1061.26, 2348.73)
ME4_C      | (1061.26, 450.79)
ME4_C      | (1074.42, 2339.68)
ME4_C      | (1074.42, 2317.98)
ME4_C      | (1074.42, 2301.24)
ME4_C      | (1074.42, 2274.58)
ME4_C      | (1074.42, 2161.74)
ME4_C      | (1074.42, 2140.04)
ME4_C      | (1074.42, 2118.34)
ME4_C      | (1074.42, 2091.68)
ME4_C      | (1074.42, 2074.94)
ME4_C      | (1074.42, 2048.28)
ME4_C      | (1074.42, 1935.44)
ME4_C      | (1074.42, 1913.74)
ME4_C      | (1074.42, 1892.04)
ME4_C      | (1074.42, 1865.38)
ME4_C      | (1074.42, 1849.26)
ME4_C      | (1074.42, 1822.6)
ME4_C      | (1074.42, 1709.14)
ME4_C      | (1074.42, 1688.06)
ME4_C      | (1074.42, 1666.36)
ME4_C      | (1074.42, 1639.7)
ME4_C      | (1074.42, 1622.96)
ME4_C      | (1074.42, 1596.3)
ME4_C      | (1074.42, 1483.46)
ME4_C      | (1074.42, 1461.76)
ME4_C      | (1074.42, 1440.06)
ME4_C      | (1074.42, 1412.78)
ME4_C      | (1074.42, 1404.1)
ME4_C      | (1074.42, 1376.2)
ME4_C      | (1074.42, 1270.18)
ME4_C      | (1074.42, 1244.14)
ME4_C      | (1074.42, 1222.44)
ME4_C      | (1074.42, 1200.74)
ME4_C      | (1074.42, 1174.08)
ME4_C      | (1074.42, 1157.34)
ME4_C      | (1074.42, 1044.5)
ME4_C      | (1074.42, 1017.84)
ME4_C      | (1074.42, 996.14)
ME4_C      | (1074.42, 974.44)
ME4_C      | (1074.42, 947.78)
ME4_C      | (1074.42, 931.04)
ME4_C      | (1074.42, 818.2)
ME4_C      | (1074.42, 791.54)
ME4_C      | (1074.42, 770.46)
ME4_C      | (1074.42, 748.76)
ME4_C      | (1074.42, 722.1)
ME4_C      | (1074.42, 705.36)
ME4_C      | (1074.42, 591.9)
ME4_C      | (1074.42, 565.86)
ME4_C      | (1074.42, 544.16)
ME4_C      | (1074.42, 522.46)
ME4_C      | (1074.42, 495.8)
ME4_C      | (1074.42, 479.06)
ME1_C      | (1947.07, 944.55)
ME1_C      | (1947.07, 935.87)
ME1_C      | (1947.07, 927.19)
ME1_C      | (1947.07, 918.51)
ME1_C      | (1947.07, 909.83)
ME1_C      | (1960.23, 1466.34)
ME1_C      | (1960.23, 462.44)
ME1_C      | (1968.07, 1466.34)
ME1_C      | (1968.07, 462.44)
ME1_C      | (1975.91, 1466.34)
ME1_C      | (1975.91, 462.44)
ME1_C      | (1983.75, 1466.34)
ME1_C      | (1983.75, 462.44)
ME1_C      | (1991.59, 1466.34)
ME1_C      | (1991.59, 462.44)
ME1_C      | (2030.79, 1466.34)
ME1_C      | (2030.79, 462.44)
ME1_C      | (2038.63, 1466.34)
ME1_C      | (2038.63, 462.44)
ME1_C      | (2046.47, 1466.34)
ME1_C      | (2046.47, 462.44)
ME1_C      | (2054.31, 1466.34)
ME1_C      | (2054.31, 462.44)
ME1_C      | (2062.15, 1466.34)
ME1_C      | (2062.15, 462.44)
ME1_C      | (2069.99, 1466.34)
ME1_C      | (2069.99, 462.44)
ME1_C      | (2109.19, 1466.34)
ME1_C      | (2109.19, 462.44)
ME1_C      | (2117.03, 1466.34)
ME1_C      | (2117.03, 462.44)
ME1_C      | (2124.87, 1466.34)
ME1_C      | (2124.87, 462.44)
ME1_C      | (2132.71, 1466.34)
ME1_C      | (2132.71, 462.44)
ME1_C      | (2140.55, 1466.34)
ME1_C      | (2140.55, 462.44)
ME1_C      | (2148.39, 1466.34)
ME1_C      | (2148.39, 462.44)
ME1_C      | (2187.59, 1466.34)
ME1_C      | (2187.59, 462.44)
ME1_C      | (2195.43, 1466.34)
ME1_C      | (2195.43, 462.44)
ME1_C      | (2203.27, 1466.34)
ME1_C      | (2203.27, 462.44)
ME1_C      | (2211.11, 1466.34)
ME1_C      | (2211.11, 462.44)
ME1_C      | (2218.95, 1466.34)
ME1_C      | (2218.95, 462.44)
ME1_C      | (2226.79, 1466.34)
ME1_C      | (2226.79, 462.44)
ME2_C      | (1947.07, 1456.67)
ME2_C      | (1947.07, 1447.99)
ME2_C      | (1947.07, 1439.31)
ME2_C      | (1947.07, 1430.63)
ME2_C      | (1947.07, 1387.23)
ME2_C      | (1947.07, 1378.55)
ME2_C      | (1947.07, 1369.87)
ME2_C      | (1947.07, 1361.19)
ME2_C      | (1947.07, 1352.51)
ME2_C      | (1947.07, 1343.83)
ME2_C      | (1947.07, 1300.43)
ME2_C      | (1947.07, 1291.75)
ME2_C      | (1947.07, 1283.07)
ME2_C      | (1947.07, 1274.39)
ME2_C      | (1947.07, 1265.71)
ME2_C      | (1947.07, 1257.03)
ME2_C      | (1947.07, 1213.63)
ME2_C      | (1947.07, 1204.95)
ME2_C      | (1947.07, 1196.27)
ME2_C      | (1947.07, 1187.59)
ME2_C      | (1947.07, 1178.91)
ME2_C      | (1947.07, 1170.23)
ME2_C      | (1947.07, 1126.83)
ME2_C      | (1947.07, 1118.15)
ME2_C      | (1947.07, 1109.47)
ME2_C      | (1947.07, 1100.79)
ME2_C      | (1947.07, 1092.11)
ME2_C      | (1947.07, 1083.43)
ME2_C      | (1947.07, 1040.03)
ME2_C      | (1947.07, 1031.35)
ME2_C      | (1947.07, 1022.67)
ME2_C      | (1947.07, 1013.99)
ME2_C      | (1947.07, 1005.31)
ME2_C      | (1947.07, 996.63)
ME2_C      | (1947.07, 953.23)
ME2_C      | (1947.07, 944.55)
ME2_C      | (1947.07, 935.87)
ME2_C      | (1947.07, 927.19)
ME2_C      | (1947.07, 918.51)
ME2_C      | (1947.07, 909.83)
ME2_C      | (1947.07, 866.43)
ME2_C      | (1947.07, 857.75)
ME2_C      | (1947.07, 849.07)
ME2_C      | (1947.07, 840.39)
ME2_C      | (1947.07, 831.71)
ME2_C      | (1947.07, 823.03)
ME2_C      | (1947.07, 779.63)
ME2_C      | (1947.07, 770.95)
ME2_C      | (1947.07, 762.27)
ME2_C      | (1947.07, 753.59)
ME2_C      | (1947.07, 744.91)
ME2_C      | (1947.07, 736.23)
ME2_C      | (1947.07, 692.83)
ME2_C      | (1947.07, 684.15)
ME2_C      | (1947.07, 675.47)
ME2_C      | (1947.07, 666.79)
ME2_C      | (1947.07, 658.11)
ME2_C      | (1947.07, 649.43)
ME2_C      | (1947.07, 606.03)
ME2_C      | (1947.07, 597.35)
ME2_C      | (1947.07, 588.67)
ME2_C      | (1947.07, 579.99)
ME2_C      | (1947.07, 571.31)
ME2_C      | (1947.07, 562.63)
ME2_C      | (1947.07, 519.23)
ME2_C      | (1947.07, 510.55)
ME2_C      | (1947.07, 501.87)
ME2_C      | (1947.07, 493.19)
ME2_C      | (1947.07, 484.51)
ME2_C      | (1947.07, 475.83)
ME2_C      | (2239.95, 1457.29)
ME2_C      | (2239.95, 1435.59)
ME2_C      | (2239.95, 1418.85)
ME2_C      | (2239.95, 1392.19)
ME2_C      | (2239.95, 1371.11)
ME2_C      | (2239.95, 1257.65)
ME2_C      | (2239.95, 1235.95)
ME2_C      | (2239.95, 1209.91)
ME2_C      | (2239.95, 1193.17)
ME2_C      | (2239.95, 1166.51)
ME2_C      | (2239.95, 1144.81)
ME2_C      | (2239.95, 1031.97)
ME2_C      | (2239.95, 1010.27)
ME2_C      | (2239.95, 982.99)
ME2_C      | (2239.95, 974.31)
ME2_C      | (2239.95, 946.41)
ME2_C      | (2239.95, 929.05)
ME2_C      | (2239.95, 829.85)
ME2_C      | (2239.95, 803.19)
ME2_C      | (2239.95, 782.11)
ME2_C      | (2239.95, 760.41)
ME2_C      | (2239.95, 733.75)
ME2_C      | (2239.95, 717.01)
ME2_C      | (2239.95, 603.55)
ME2_C      | (2239.95, 577.51)
ME2_C      | (2239.95, 555.81)
ME2_C      | (2239.95, 534.11)
ME2_C      | (2239.95, 507.45)
ME2_C      | (2239.95, 490.71)
ME3_C      | (1947.07, 1456.67)
ME3_C      | (1947.07, 1447.99)
ME3_C      | (1947.07, 1439.31)
ME3_C      | (1947.07, 1430.63)
ME3_C      | (1947.07, 1387.23)
ME3_C      | (1947.07, 1378.55)
ME3_C      | (1947.07, 1369.87)
ME3_C      | (1947.07, 1361.19)
ME3_C      | (1947.07, 1352.51)
ME3_C      | (1947.07, 1343.83)
ME3_C      | (1947.07, 1300.43)
ME3_C      | (1947.07, 1291.75)
ME3_C      | (1947.07, 1283.07)
ME3_C      | (1947.07, 1274.39)
ME3_C      | (1947.07, 1265.71)
ME3_C      | (1947.07, 1257.03)
ME3_C      | (1947.07, 1213.63)
ME3_C      | (1947.07, 1204.95)
ME3_C      | (1947.07, 1196.27)
ME3_C      | (1947.07, 1187.59)
ME3_C      | (1947.07, 1178.91)
ME3_C      | (1947.07, 1170.23)
ME3_C      | (1947.07, 1126.83)
ME3_C      | (1947.07, 1118.15)
ME3_C      | (1947.07, 1109.47)
ME3_C      | (1947.07, 1100.79)
ME3_C      | (1947.07, 1092.11)
ME3_C      | (1947.07, 1083.43)
ME3_C      | (1947.07, 1040.03)
ME3_C      | (1947.07, 1031.35)
ME3_C      | (1947.07, 1022.67)
ME3_C      | (1947.07, 1013.99)
ME3_C      | (1947.07, 1005.31)
ME3_C      | (1947.07, 996.63)
ME3_C      | (1947.07, 953.23)
ME3_C      | (1947.07, 866.43)
ME3_C      | (1947.07, 857.75)
ME3_C      | (1947.07, 849.07)
ME3_C      | (1947.07, 840.39)
ME3_C      | (1947.07, 831.71)
ME3_C      | (1947.07, 823.03)
ME3_C      | (1947.07, 779.63)
ME3_C      | (1947.07, 770.95)
ME3_C      | (1947.07, 762.27)
ME3_C      | (1947.07, 753.59)
ME3_C      | (1947.07, 744.91)
ME3_C      | (1947.07, 736.23)
ME3_C      | (1947.07, 692.83)
ME3_C      | (1947.07, 684.15)
ME3_C      | (1947.07, 675.47)
ME3_C      | (1947.07, 666.79)
ME3_C      | (1947.07, 658.11)
ME3_C      | (1947.07, 649.43)
ME3_C      | (1947.07, 606.03)
ME3_C      | (1947.07, 597.35)
ME3_C      | (1947.07, 588.67)
ME3_C      | (1947.07, 579.99)
ME3_C      | (1947.07, 571.31)
ME3_C      | (1947.07, 562.63)
ME3_C      | (1947.07, 519.23)
ME3_C      | (1947.07, 510.55)
ME3_C      | (1947.07, 501.87)
ME3_C      | (1947.07, 493.19)
ME3_C      | (1947.07, 484.51)
ME3_C      | (1947.07, 475.83)
ME3_C      | (1960.23, 1466.34)
ME3_C      | (1960.23, 462.44)
ME3_C      | (1968.07, 1466.34)
ME3_C      | (1968.07, 462.44)
ME3_C      | (1975.91, 1466.34)
ME3_C      | (1975.91, 462.44)
ME3_C      | (1983.75, 1466.34)
ME3_C      | (1983.75, 462.44)
ME3_C      | (1991.59, 1466.34)
ME3_C      | (1991.59, 462.44)
ME3_C      | (2030.79, 1466.34)
ME3_C      | (2030.79, 462.44)
ME3_C      | (2038.63, 1466.34)
ME3_C      | (2038.63, 462.44)
ME3_C      | (2046.47, 1466.34)
ME3_C      | (2046.47, 462.44)
ME3_C      | (2054.31, 1466.34)
ME3_C      | (2054.31, 462.44)
ME3_C      | (2062.15, 1466.34)
ME3_C      | (2062.15, 462.44)
ME3_C      | (2069.99, 1466.34)
ME3_C      | (2069.99, 462.44)
ME3_C      | (2109.19, 1466.34)
ME3_C      | (2109.19, 462.44)
ME3_C      | (2117.03, 1466.34)
ME3_C      | (2117.03, 462.44)
ME3_C      | (2124.87, 1466.34)
ME3_C      | (2124.87, 462.44)
ME3_C      | (2132.71, 1466.34)
ME3_C      | (2132.71, 462.44)
ME3_C      | (2140.55, 1466.34)
ME3_C      | (2140.55, 462.44)
ME3_C      | (2148.39, 1466.34)
ME3_C      | (2148.39, 462.44)
ME3_C      | (2187.59, 1466.34)
ME3_C      | (2187.59, 462.44)
ME3_C      | (2195.43, 1466.34)
ME3_C      | (2195.43, 462.44)
ME3_C      | (2203.27, 1466.34)
ME3_C      | (2203.27, 462.44)
ME3_C      | (2211.11, 1466.34)
ME3_C      | (2211.11, 462.44)
ME3_C      | (2218.95, 1466.34)
ME3_C      | (2218.95, 462.44)
ME3_C      | (2226.79, 1466.34)
ME3_C      | (2226.79, 462.44)
ME3_C      | (2239.95, 1457.29)
ME3_C      | (2239.95, 1435.59)
ME3_C      | (2239.95, 1418.85)
ME3_C      | (2239.95, 1392.19)
ME3_C      | (2239.95, 1371.11)
ME3_C      | (2239.95, 1257.65)
ME3_C      | (2239.95, 1235.95)
ME3_C      | (2239.95, 1209.91)
ME3_C      | (2239.95, 1193.17)
ME3_C      | (2239.95, 1166.51)
ME3_C      | (2239.95, 1144.81)
ME3_C      | (2239.95, 1031.97)
ME3_C      | (2239.95, 1010.27)
ME3_C      | (2239.95, 982.99)
ME3_C      | (2239.95, 974.31)
ME3_C      | (2239.95, 946.41)
ME3_C      | (2239.95, 929.05)
ME3_C      | (2239.95, 829.85)
ME3_C      | (2239.95, 803.19)
ME3_C      | (2239.95, 782.11)
ME3_C      | (2239.95, 760.41)
ME3_C      | (2239.95, 733.75)
ME3_C      | (2239.95, 717.01)
ME3_C      | (2239.95, 603.55)
ME3_C      | (2239.95, 577.51)
ME3_C      | (2239.95, 555.81)
ME3_C      | (2239.95, 534.11)
ME3_C      | (2239.95, 507.45)
ME3_C      | (2239.95, 490.71)
ME4_C      | (1947.07, 1456.67)
ME4_C      | (1947.07, 1447.99)
ME4_C      | (1947.07, 1439.31)
ME4_C      | (1947.07, 1430.63)
ME4_C      | (1947.07, 1387.23)
ME4_C      | (1947.07, 1378.55)
ME4_C      | (1947.07, 1369.87)
ME4_C      | (1947.07, 1361.19)
ME4_C      | (1947.07, 1352.51)
ME4_C      | (1947.07, 1343.83)
ME4_C      | (1947.07, 1300.43)
ME4_C      | (1947.07, 1291.75)
ME4_C      | (1947.07, 1283.07)
ME4_C      | (1947.07, 1274.39)
ME4_C      | (1947.07, 1265.71)
ME4_C      | (1947.07, 1257.03)
ME4_C      | (1947.07, 1213.63)
ME4_C      | (1947.07, 1204.95)
ME4_C      | (1947.07, 1196.27)
ME4_C      | (1947.07, 1187.59)
ME4_C      | (1947.07, 1178.91)
ME4_C      | (1947.07, 1170.23)
ME4_C      | (1947.07, 1126.83)
ME4_C      | (1947.07, 1118.15)
ME4_C      | (1947.07, 1109.47)
ME4_C      | (1947.07, 1100.79)
ME4_C      | (1947.07, 1092.11)
ME4_C      | (1947.07, 1083.43)
ME4_C      | (1947.07, 1040.03)
ME4_C      | (1947.07, 1031.35)
ME4_C      | (1947.07, 1022.67)
ME4_C      | (1947.07, 1013.99)
ME4_C      | (1947.07, 1005.31)
ME4_C      | (1947.07, 996.63)
ME4_C      | (1947.07, 953.23)
ME4_C      | (1947.07, 944.55)
ME4_C      | (1947.07, 935.87)
ME4_C      | (1947.07, 927.19)
ME4_C      | (1947.07, 918.51)
ME4_C      | (1947.07, 909.83)
ME4_C      | (1947.07, 866.43)
ME4_C      | (1947.07, 857.75)
ME4_C      | (1947.07, 849.07)
ME4_C      | (1947.07, 840.39)
ME4_C      | (1947.07, 831.71)
ME4_C      | (1947.07, 823.03)
ME4_C      | (1947.07, 779.63)
ME4_C      | (1947.07, 770.95)
ME4_C      | (1947.07, 762.27)
ME4_C      | (1947.07, 753.59)
ME4_C      | (1947.07, 744.91)
ME4_C      | (1947.07, 736.23)
ME4_C      | (1947.07, 692.83)
ME4_C      | (1947.07, 684.15)
ME4_C      | (1947.07, 675.47)
ME4_C      | (1947.07, 666.79)
ME4_C      | (1947.07, 658.11)
ME4_C      | (1947.07, 649.43)
ME4_C      | (1947.07, 606.03)
ME4_C      | (1947.07, 597.35)
ME4_C      | (1947.07, 588.67)
ME4_C      | (1947.07, 579.99)
ME4_C      | (1947.07, 571.31)
ME4_C      | (1947.07, 562.63)
ME4_C      | (1947.07, 519.23)
ME4_C      | (1947.07, 510.55)
ME4_C      | (1947.07, 501.87)
ME4_C      | (1947.07, 493.19)
ME4_C      | (1947.07, 484.51)
ME4_C      | (1947.07, 475.83)
ME4_C      | (1960.23, 1466.34)
ME4_C      | (1960.23, 462.44)
ME4_C      | (1968.07, 1466.34)
ME4_C      | (1968.07, 462.44)
ME4_C      | (1975.91, 1466.34)
ME4_C      | (1975.91, 462.44)
ME4_C      | (1983.75, 1466.34)
ME4_C      | (1983.75, 462.44)
ME4_C      | (1991.59, 1466.34)
ME4_C      | (1991.59, 462.44)
ME4_C      | (2030.79, 1466.34)
ME4_C      | (2030.79, 462.44)
ME4_C      | (2038.63, 1466.34)
ME4_C      | (2038.63, 462.44)
ME4_C      | (2046.47, 1466.34)
ME4_C      | (2046.47, 462.44)
ME4_C      | (2054.31, 1466.34)
ME4_C      | (2054.31, 462.44)
ME4_C      | (2062.15, 1466.34)
ME4_C      | (2062.15, 462.44)
ME4_C      | (2069.99, 1466.34)
ME4_C      | (2069.99, 462.44)
ME4_C      | (2109.19, 1466.34)
ME4_C      | (2109.19, 462.44)
ME4_C      | (2117.03, 1466.34)
ME4_C      | (2117.03, 462.44)
ME4_C      | (2124.87, 1466.34)
ME4_C      | (2124.87, 462.44)
ME4_C      | (2132.71, 1466.34)
ME4_C      | (2132.71, 462.44)
ME4_C      | (2140.55, 1466.34)
ME4_C      | (2140.55, 462.44)
ME4_C      | (2148.39, 1466.34)
ME4_C      | (2148.39, 462.44)
ME4_C      | (2187.59, 1466.34)
ME4_C      | (2187.59, 462.44)
ME4_C      | (2195.43, 1466.34)
ME4_C      | (2195.43, 462.44)
ME4_C      | (2203.27, 1466.34)
ME4_C      | (2203.27, 462.44)
ME4_C      | (2211.11, 1466.34)
ME4_C      | (2211.11, 462.44)
ME4_C      | (2218.95, 1466.34)
ME4_C      | (2218.95, 462.44)
ME4_C      | (2226.79, 1466.34)
ME4_C      | (2226.79, 462.44)
ME4_C      | (2239.95, 1457.29)
ME4_C      | (2239.95, 1435.59)
ME4_C      | (2239.95, 1418.85)
ME4_C      | (2239.95, 1392.19)
ME4_C      | (2239.95, 1371.11)
ME4_C      | (2239.95, 1257.65)
ME4_C      | (2239.95, 1235.95)
ME4_C      | (2239.95, 1209.91)
ME4_C      | (2239.95, 1193.17)
ME4_C      | (2239.95, 1166.51)
ME4_C      | (2239.95, 1144.81)
ME4_C      | (2239.95, 1031.97)
ME4_C      | (2239.95, 1010.27)
ME4_C      | (2239.95, 982.99)
ME4_C      | (2239.95, 974.31)
ME4_C      | (2239.95, 946.41)
ME4_C      | (2239.95, 929.05)
ME4_C      | (2239.95, 829.85)
ME4_C      | (2239.95, 803.19)
ME4_C      | (2239.95, 782.11)
ME4_C      | (2239.95, 760.41)
ME4_C      | (2239.95, 733.75)
ME4_C      | (2239.95, 717.01)
ME4_C      | (2239.95, 603.55)
ME4_C      | (2239.95, 577.51)
ME4_C      | (2239.95, 555.81)
ME4_C      | (2239.95, 534.11)
ME4_C      | (2239.95, 507.45)
ME4_C      | (2239.95, 490.71)
ME1_C      | (1611.19, 1364.7)
ME1_C      | (1611.19, 1373.38)
ME1_C      | (1611.19, 1416.78)
ME1_C      | (1611.19, 1425.46)
ME1_C      | (1611.19, 1434.14)
ME1_C      | (1611.19, 1442.82)
ME1_C      | (1611.19, 1451.5)
ME1_C      | (1611.19, 1460.18)
ME1_C      | (1611.19, 1503.58)
ME1_C      | (1611.19, 1512.26)
ME1_C      | (1611.19, 1520.94)
ME1_C      | (1611.19, 2197.98)
ME1_C      | (1611.19, 2206.66)
ME1_C      | (1611.19, 2215.34)
ME1_C      | (1611.19, 2224.02)
ME1_C      | (1611.19, 2232.7)
ME1_C      | (1646.19, 1348.21)
ME1_C      | (1646.19, 2341.57)
ME1_C      | (1654.03, 1348.21)
ME1_C      | (1654.03, 2341.57)
ME1_C      | (1661.87, 1348.21)
ME1_C      | (1661.87, 2341.57)
ME1_C      | (1669.71, 1348.21)
ME1_C      | (1669.71, 2341.57)
ME1_C      | (1677.55, 1348.21)
ME1_C      | (1677.55, 2341.57)
ME1_C      | (1685.39, 1348.21)
ME1_C      | (1685.39, 2341.57)
ME1_C      | (1724.59, 1348.21)
ME1_C      | (1724.59, 2341.57)
ME1_C      | (1732.43, 1348.21)
ME1_C      | (1732.43, 2341.57)
ME1_C      | (1740.27, 1348.21)
ME1_C      | (1740.27, 2341.57)
ME1_C      | (1748.11, 1348.21)
ME1_C      | (1748.11, 2341.57)
ME1_C      | (1755.95, 1348.21)
ME1_C      | (1755.95, 2341.57)
ME1_C      | (1763.79, 1348.21)
ME1_C      | (1763.79, 2341.57)
ME1_C      | (1776.95, 1774.52)
ME1_C      | (1776.95, 1791.26)
ME1_C      | (1776.95, 1827.22)
ME1_C      | (1776.95, 1835.9)
ME1_C      | (1776.95, 1857.6)
ME1_C      | (1776.95, 1874.96)
ME1_C      | (1776.95, 1974.16)
ME2_C      | (1611.19, 1364.7)
ME2_C      | (1611.19, 1373.38)
ME2_C      | (1611.19, 1416.78)
ME2_C      | (1611.19, 1425.46)
ME2_C      | (1611.19, 1434.14)
ME2_C      | (1611.19, 1442.82)
ME2_C      | (1611.19, 1451.5)
ME2_C      | (1611.19, 1460.18)
ME2_C      | (1611.19, 1503.58)
ME2_C      | (1611.19, 1512.26)
ME2_C      | (1611.19, 1520.94)
ME2_C      | (1611.19, 1529.62)
ME2_C      | (1611.19, 1538.3)
ME2_C      | (1611.19, 1546.98)
ME2_C      | (1611.19, 1590.38)
ME2_C      | (1611.19, 1599.06)
ME2_C      | (1611.19, 1607.74)
ME2_C      | (1611.19, 1616.42)
ME2_C      | (1611.19, 1625.1)
ME2_C      | (1611.19, 1633.78)
ME2_C      | (1611.19, 1677.18)
ME2_C      | (1611.19, 1685.86)
ME2_C      | (1611.19, 1694.54)
ME2_C      | (1611.19, 1703.22)
ME2_C      | (1611.19, 1711.9)
ME2_C      | (1611.19, 1720.58)
ME2_C      | (1611.19, 1763.98)
ME2_C      | (1611.19, 1772.66)
ME2_C      | (1611.19, 1781.34)
ME2_C      | (1611.19, 1790.02)
ME2_C      | (1611.19, 1798.7)
ME2_C      | (1611.19, 1807.38)
ME2_C      | (1611.19, 1850.78)
ME2_C      | (1611.19, 1859.46)
ME2_C      | (1611.19, 1868.14)
ME2_C      | (1611.19, 1876.82)
ME2_C      | (1611.19, 1885.5)
ME2_C      | (1611.19, 1894.18)
ME2_C      | (1611.19, 1937.58)
ME2_C      | (1611.19, 1946.26)
ME2_C      | (1611.19, 1954.94)
ME2_C      | (1611.19, 1963.62)
ME2_C      | (1611.19, 1972.3)
ME2_C      | (1611.19, 1980.98)
ME2_C      | (1611.19, 2024.38)
ME2_C      | (1611.19, 2033.06)
ME2_C      | (1611.19, 2041.74)
ME2_C      | (1611.19, 2050.42)
ME2_C      | (1611.19, 2059.1)
ME2_C      | (1611.19, 2067.78)
ME2_C      | (1611.19, 2111.18)
ME2_C      | (1611.19, 2119.86)
ME2_C      | (1611.19, 2128.54)
ME2_C      | (1611.19, 2137.22)
ME2_C      | (1611.19, 2145.9)
ME2_C      | (1611.19, 2154.58)
ME2_C      | (1611.19, 2197.98)
ME2_C      | (1611.19, 2206.66)
ME2_C      | (1611.19, 2215.34)
ME2_C      | (1611.19, 2224.02)
ME2_C      | (1611.19, 2232.7)
ME2_C      | (1611.19, 2241.38)
ME2_C      | (1611.19, 2284.78)
ME2_C      | (1611.19, 2293.46)
ME2_C      | (1611.19, 2302.14)
ME2_C      | (1611.19, 2310.82)
ME2_C      | (1611.19, 2319.5)
ME2_C      | (1611.19, 2328.18)
ME2_C      | (1776.95, 1365.32)
ME2_C      | (1776.95, 1387.02)
ME2_C      | (1776.95, 1408.72)
ME2_C      | (1776.95, 1435.38)
ME2_C      | (1776.95, 1548.22)
ME2_C      | (1776.95, 1564.96)
ME2_C      | (1776.95, 1591.62)
ME2_C      | (1776.95, 1613.32)
ME2_C      | (1776.95, 1635.02)
ME2_C      | (1776.95, 1661.68)
ME2_C      | (1776.95, 1774.52)
ME2_C      | (1776.95, 1791.26)
ME2_C      | (1776.95, 1827.22)
ME2_C      | (1776.95, 1835.9)
ME2_C      | (1776.95, 1857.6)
ME2_C      | (1776.95, 1874.96)
ME2_C      | (1776.95, 1974.16)
ME2_C      | (1776.95, 2000.82)
ME2_C      | (1776.95, 2021.9)
ME2_C      | (1776.95, 2043.6)
ME2_C      | (1776.95, 2070.26)
ME2_C      | (1776.95, 2087)
ME2_C      | (1776.95, 2200.46)
ME2_C      | (1776.95, 2226.5)
ME2_C      | (1776.95, 2248.2)
ME2_C      | (1776.95, 2269.9)
ME2_C      | (1776.95, 2296.56)
ME2_C      | (1776.95, 2313.3)
ME3_C      | (1611.19, 1529.62)
ME3_C      | (1611.19, 1538.3)
ME3_C      | (1611.19, 1546.98)
ME3_C      | (1611.19, 1590.38)
ME3_C      | (1611.19, 1599.06)
ME3_C      | (1611.19, 1607.74)
ME3_C      | (1611.19, 1616.42)
ME3_C      | (1611.19, 1625.1)
ME3_C      | (1611.19, 1633.78)
ME3_C      | (1611.19, 1677.18)
ME3_C      | (1611.19, 1685.86)
ME3_C      | (1611.19, 1694.54)
ME3_C      | (1611.19, 1703.22)
ME3_C      | (1611.19, 1711.9)
ME3_C      | (1611.19, 1720.58)
ME3_C      | (1611.19, 1763.98)
ME3_C      | (1611.19, 1772.66)
ME3_C      | (1611.19, 1781.34)
ME3_C      | (1611.19, 1790.02)
ME3_C      | (1611.19, 1798.7)
ME3_C      | (1611.19, 1807.38)
ME3_C      | (1611.19, 1850.78)
ME3_C      | (1611.19, 1859.46)
ME3_C      | (1611.19, 1868.14)
ME3_C      | (1611.19, 1876.82)
ME3_C      | (1611.19, 1885.5)
ME3_C      | (1611.19, 1894.18)
ME3_C      | (1611.19, 1937.58)
ME3_C      | (1611.19, 1946.26)
ME3_C      | (1611.19, 1954.94)
ME3_C      | (1611.19, 1963.62)
ME3_C      | (1611.19, 1972.3)
ME3_C      | (1611.19, 1980.98)
ME3_C      | (1611.19, 2024.38)
ME3_C      | (1611.19, 2033.06)
ME3_C      | (1611.19, 2041.74)
ME3_C      | (1611.19, 2050.42)
ME3_C      | (1611.19, 2059.1)
ME3_C      | (1611.19, 2067.78)
ME3_C      | (1611.19, 2111.18)
ME3_C      | (1611.19, 2119.86)
ME3_C      | (1611.19, 2128.54)
ME3_C      | (1611.19, 2137.22)
ME3_C      | (1611.19, 2145.9)
ME3_C      | (1611.19, 2154.58)
ME3_C      | (1611.19, 2241.38)
ME3_C      | (1611.19, 2284.78)
ME3_C      | (1611.19, 2293.46)
ME3_C      | (1611.19, 2302.14)
ME3_C      | (1611.19, 2310.82)
ME3_C      | (1611.19, 2319.5)
ME3_C      | (1611.19, 2328.18)
ME3_C      | (1646.19, 1348.21)
ME3_C      | (1646.19, 2341.57)
ME3_C      | (1654.03, 1348.21)
ME3_C      | (1654.03, 2341.57)
ME3_C      | (1661.87, 1348.21)
ME3_C      | (1661.87, 2341.57)
ME3_C      | (1669.71, 1348.21)
ME3_C      | (1669.71, 2341.57)
ME3_C      | (1677.55, 1348.21)
ME3_C      | (1677.55, 2341.57)
ME3_C      | (1685.39, 1348.21)
ME3_C      | (1685.39, 2341.57)
ME3_C      | (1724.59, 1348.21)
ME3_C      | (1724.59, 2341.57)
ME3_C      | (1732.43, 1348.21)
ME3_C      | (1732.43, 2341.57)
ME3_C      | (1740.27, 1348.21)
ME3_C      | (1740.27, 2341.57)
ME3_C      | (1748.11, 1348.21)
ME3_C      | (1748.11, 2341.57)
ME3_C      | (1755.95, 1348.21)
ME3_C      | (1755.95, 2341.57)
ME3_C      | (1763.79, 1348.21)
ME3_C      | (1763.79, 2341.57)
ME3_C      | (1776.95, 1365.32)
ME3_C      | (1776.95, 1387.02)
ME3_C      | (1776.95, 1408.72)
ME3_C      | (1776.95, 1435.38)
ME3_C      | (1776.95, 1548.22)
ME3_C      | (1776.95, 1564.96)
ME3_C      | (1776.95, 1591.62)
ME3_C      | (1776.95, 1613.32)
ME3_C      | (1776.95, 1635.02)
ME3_C      | (1776.95, 1661.68)
ME3_C      | (1776.95, 2000.82)
ME3_C      | (1776.95, 2021.9)
ME3_C      | (1776.95, 2043.6)
ME3_C      | (1776.95, 2070.26)
ME3_C      | (1776.95, 2087)
ME3_C      | (1776.95, 2200.46)
ME3_C      | (1776.95, 2226.5)
ME3_C      | (1776.95, 2248.2)
ME3_C      | (1776.95, 2269.9)
ME3_C      | (1776.95, 2296.56)
ME3_C      | (1776.95, 2313.3)
ME4_C      | (1611.19, 1364.7)
ME4_C      | (1611.19, 1373.38)
ME4_C      | (1611.19, 1416.78)
ME4_C      | (1611.19, 1425.46)
ME4_C      | (1611.19, 1434.14)
ME4_C      | (1611.19, 1442.82)
ME4_C      | (1611.19, 1451.5)
ME4_C      | (1611.19, 1460.18)
ME4_C      | (1611.19, 1503.58)
ME4_C      | (1611.19, 1512.26)
ME4_C      | (1611.19, 1520.94)
ME4_C      | (1611.19, 1529.62)
ME4_C      | (1611.19, 1538.3)
ME4_C      | (1611.19, 1546.98)
ME4_C      | (1611.19, 1590.38)
ME4_C      | (1611.19, 1599.06)
ME4_C      | (1611.19, 1607.74)
ME4_C      | (1611.19, 1616.42)
ME4_C      | (1611.19, 1625.1)
ME4_C      | (1611.19, 1633.78)
ME4_C      | (1611.19, 1677.18)
ME4_C      | (1611.19, 1685.86)
ME4_C      | (1611.19, 1694.54)
ME4_C      | (1611.19, 1703.22)
ME4_C      | (1611.19, 1711.9)
ME4_C      | (1611.19, 1720.58)
ME4_C      | (1611.19, 1763.98)
ME4_C      | (1611.19, 1772.66)
ME4_C      | (1611.19, 1781.34)
ME4_C      | (1611.19, 1790.02)
ME4_C      | (1611.19, 1798.7)
ME4_C      | (1611.19, 1807.38)
ME4_C      | (1611.19, 1850.78)
ME4_C      | (1611.19, 1859.46)
ME4_C      | (1611.19, 1868.14)
ME4_C      | (1611.19, 1876.82)
ME4_C      | (1611.19, 1885.5)
ME4_C      | (1611.19, 1894.18)
ME4_C      | (1611.19, 1937.58)
ME4_C      | (1611.19, 1946.26)
ME4_C      | (1611.19, 1954.94)
ME4_C      | (1611.19, 1963.62)
ME4_C      | (1611.19, 1972.3)
ME4_C      | (1611.19, 1980.98)
ME4_C      | (1611.19, 2024.38)
ME4_C      | (1611.19, 2033.06)
ME4_C      | (1611.19, 2041.74)
ME4_C      | (1611.19, 2050.42)
ME4_C      | (1611.19, 2059.1)
ME4_C      | (1611.19, 2067.78)
ME4_C      | (1611.19, 2111.18)
ME4_C      | (1611.19, 2119.86)
ME4_C      | (1611.19, 2128.54)
ME4_C      | (1611.19, 2137.22)
ME4_C      | (1611.19, 2145.9)
ME4_C      | (1611.19, 2154.58)
ME4_C      | (1611.19, 2197.98)
ME4_C      | (1611.19, 2206.66)
ME4_C      | (1611.19, 2215.34)
ME4_C      | (1611.19, 2224.02)
ME4_C      | (1611.19, 2232.7)
ME4_C      | (1611.19, 2241.38)
ME4_C      | (1611.19, 2284.78)
ME4_C      | (1611.19, 2293.46)
ME4_C      | (1611.19, 2302.14)
ME4_C      | (1611.19, 2310.82)
ME4_C      | (1611.19, 2319.5)
ME4_C      | (1611.19, 2328.18)
ME4_C      | (1646.19, 1348.21)
ME4_C      | (1646.19, 2341.57)
ME4_C      | (1654.03, 1348.21)
ME4_C      | (1654.03, 2341.57)
ME4_C      | (1661.87, 1348.21)
ME4_C      | (1661.87, 2341.57)
ME4_C      | (1669.71, 1348.21)
ME4_C      | (1669.71, 2341.57)
ME4_C      | (1677.55, 1348.21)
ME4_C      | (1677.55, 2341.57)
ME4_C      | (1685.39, 1348.21)
ME4_C      | (1685.39, 2341.57)
ME4_C      | (1724.59, 1348.21)
ME4_C      | (1724.59, 2341.57)
ME4_C      | (1732.43, 1348.21)
ME4_C      | (1732.43, 2341.57)
ME4_C      | (1740.27, 1348.21)
ME4_C      | (1740.27, 2341.57)
ME4_C      | (1748.11, 1348.21)
ME4_C      | (1748.11, 2341.57)
ME4_C      | (1755.95, 1348.21)
ME4_C      | (1755.95, 2341.57)
ME4_C      | (1763.79, 1348.21)
ME4_C      | (1763.79, 2341.57)
ME4_C      | (1776.95, 1365.32)
ME4_C      | (1776.95, 1387.02)
ME4_C      | (1776.95, 1408.72)
ME4_C      | (1776.95, 1435.38)
ME4_C      | (1776.95, 1548.22)
ME4_C      | (1776.95, 1564.96)
ME4_C      | (1776.95, 1591.62)
ME4_C      | (1776.95, 1613.32)
ME4_C      | (1776.95, 1635.02)
ME4_C      | (1776.95, 1661.68)
ME4_C      | (1776.95, 1774.52)
ME4_C      | (1776.95, 1791.26)
ME4_C      | (1776.95, 1827.22)
ME4_C      | (1776.95, 1835.9)
ME4_C      | (1776.95, 1857.6)
ME4_C      | (1776.95, 1874.96)
ME4_C      | (1776.95, 1974.16)
ME4_C      | (1776.95, 2000.82)
ME4_C      | (1776.95, 2021.9)
ME4_C      | (1776.95, 2043.6)
ME4_C      | (1776.95, 2070.26)
ME4_C      | (1776.95, 2087)
ME4_C      | (1776.95, 2200.46)
ME4_C      | (1776.95, 2226.5)
ME4_C      | (1776.95, 2248.2)
ME4_C      | (1776.95, 2269.9)
ME4_C      | (1776.95, 2296.56)
ME4_C      | (1776.95, 2313.3)

Found 3234 weakly connected metal segments



* Dropped Voltage Sources

