*** Using c compiler gcc instead of cc ...
                         Chronologic VCS (TM)
         Version T-2022.06_Full64 -- Thu Apr 30 23:53:01 2026

                    Copyright (c) 1991 - 2022 Synopsys, Inc.
   This software and the associated documentation are proprietary to Synopsys,
 Inc. This software may only be used in accordance with the terms and conditions
 of a written license agreement with Synopsys, Inc. All other use, reproduction,
   or distribution of this software is strictly prohibited.  Licensed Products
     communicate with Synopsys servers for the purpose of providing software
    updates, detecting software piracy and verifying that customers are using
    Licensed Products in conformity with the applicable License Key for such
  Licensed Products. Synopsys will use information gathered in connection with
    this process to deliver software updates and pursue software pirates and
                                   infringers.

 Inclusivity & Diversity - Visit SolvNetPlus to read the "Synopsys Statement on
            Inclusivity and Diversity" (Refer to article 000036315 at
                        https://solvnetplus.synopsys.com)

Parsing design file 'TESTBED.v'
Parsing included file 'PATTERN.v'.
Parsing included file '../00_TESTBED/DRAM_MAP_define.v'.
Back to file 'PATTERN.v'.
Parsing included file '../00_TESTBED/pseudo_DRAM_inst1.v'.
Back to file 'PATTERN.v'.
Parsing included file '../00_TESTBED/pseudo_DRAM_inst2.v'.
Back to file 'PATTERN.v'.
Parsing included file '../00_TESTBED/pseudo_DRAM_data.v'.
Back to file 'PATTERN.v'.
Back to file 'TESTBED.v'.
Parsing included file 'DCCPU.v'.
Back to file 'TESTBED.v'.
Parsing design file '../04_MEM/SRAM_256X16.v'
Parsing design file '../04_MEM/SRAM_128X16.v'
Parsing design file '../04_MEM/SRAM_64X16.v'
Top Level Modules:
       TESTBED
       SRAM_256X16
       SRAM_128X16

Warning-[NO-GENERIC-MATCH] Generic or parameter not found
  The generic or parameter 'TESTBED.u_PATTERN.GEN_MODE' specified on command 
  line cannot be found in design hierarchy and the overriding will be ignored.
  Please verify that the generic or parameter name is correct.

TimeScale is 10 ps / 1 ps

Warning-[IPO] Illegal parameter overriding
  Cannot resolve an cross module reference given with '-pvalue' or 
  '-parameters' switch in the command line.
  Ignoring this parameter override: TESTBED.u_PATTERN.GEN_MODE=0

Starting vcs inline pass...


Note-[VCS_PARAL] Parallel code-gen enabled
  VCS is running with parallel code generation(-j)...

8 modules and 0 UDP read.
	However, due to incremental compilation, no re-compilation is necessary.
rm -f _cuarc*.so _csrc*.so pre_vcsobj_*.so share_vcsobj_*.so
ld -shared  -Bsymbolic   -o .//../simv_multi_seed.daidir//_cuarc0.so objs/amcQw_d.o 
rm -f _cuarc0.so
if [ -x ../simv_multi_seed ]; then chmod a-x ../simv_multi_seed; fi
g++  -o ../simv_multi_seed      -rdynamic  -Wl,-rpath='$ORIGIN'/simv_multi_seed.daidir -Wl,-rpath=./simv_multi_seed.daidir -Wl,-rpath=/usr/cad/synopsys/vcs/2022.06/linux64/lib -L/usr/cad/synopsys/vcs/2022.06/linux64/lib  -Wl,-rpath-link=./  /usr/lib64/libnuma.so.1     _192635_archive_1.so _prev_archive_1.so _cuarc0.so  SIM_l.o      rmapats_mop.o rmapats.o rmar.o rmar_nd.o  rmar_llvm_0_1.o rmar_llvm_0_0.o           -lvirsim -lerrorinf -lsnpsmalloc -lvfs /usr/cad/synopsys/verdi/2019.06//share/PLI/VCS/linux64/pli.a    -lvcsnew -lsimprofile -luclinative /usr/cad/synopsys/vcs/2022.06/linux64/lib/vcs_tls.o   -Wl,-whole-archive  -lvcsucli    -Wl,-no-whole-archive        _vcs_pli_stub_.o   /usr/cad/synopsys/vcs/2022.06/linux64/lib/vcs_save_restore_new.o /usr/cad/synopsys/verdi/2019.06//share/PLI/VCS/LINUX64/pli.a -ldl -lm  -lc -lpthread -ldl 
../simv_multi_seed up to date
Notice: timing checks disabled with +notimingcheck at compile-time
Chronologic VCS simulator copyright 1991-2022
Contains Synopsys proprietary information.
Compiler version T-2022.06_Full64; Runtime version T-2022.06_Full64;  Apr 30 23:53 2026

[1;32m[Info] Pattern 0 Start Simulation![1;0m
[1;33m[Info] Golden Model Trace Generated! (Final IC: 3120)[1;0m
[1;34m[Core 1] PASS PATTERN NO.    0 | Func:  XOR | Latency:  420[1;0m
[1;32m[Core 2] PASS PATTERN NO.    0 | Func:  XOR | Latency:  420[1;0m
[1;34m[Core 1] PASS PATTERN NO.    1 | Func: ADDI | Latency:    9[1;0m
[1;32m[Core 2] PASS PATTERN NO.    1 | Func: ADDI | Latency:    9[1;0m
[1;34m[Core 1] PASS PATTERN NO.    2 | Func: ADDI | Latency:    9[1;0m
[1;32m[Core 2] PASS PATTERN NO.    2 | Func: ADDI | Latency:    9[1;0m
[1;34m[Core 1] PASS PATTERN NO.    3 | Func: ADDI | Latency:    9[1;0m
[1;32m[Core 2] PASS PATTERN NO.    3 | Func: ADDI | Latency:    9[1;0m
[1;34m[Core 1] PASS PATTERN NO.    4 | Func: ADDI | Latency:    9[1;0m
[1;32m[Core 2] PASS PATTERN NO.    4 | Func: ADDI | Latency:    9[1;0m
[1;34m[Core 1] PASS PATTERN NO.    5 | Func:  MUL | Latency:   12[1;0m
[1;32m[Core 2] PASS PATTERN NO.    5 | Func:  MUL | Latency:   13[1;0m
[1;34m[Core 1] PASS PATTERN NO.    6 | Func:  AND | Latency:    9[1;0m
[1;32m[Core 2] PASS PATTERN NO.    6 | Func:  MUL | Latency:   11[1;0m
[1;34m[Core 1] PASS PATTERN NO.    7 | Func:  ADD | Latency:    9[1;0m
[1;32m[Core 2] PASS PATTERN NO.    7 | Func:  ADD | Latency:    6[1;0m
[1;34m[Core 1] PASS PATTERN NO.    8 | Func: NAND | Latency:    9[1;0m
[1;32m[Core 2] PASS PATTERN NO.    8 | Func:  XOR | Latency:    9[1;0m
[1;32m[Core 2] PASS PATTERN NO.    9 | Func: SUBI | Latency:    9[1;0m
[1;34m[Core 1] PASS PATTERN NO.    9 | Func:   LH | Latency:  181[1;0m
[1;34m[Core 1] PASS PATTERN NO.   10 | Func:   OR | Latency:    6[1;0m
[1;32m[Core 2] PASS PATTERN NO.   10 | Func:  MUL | Latency:  181[1;0m
[1;32m[Core 2] PASS PATTERN NO.   11 | Func:  XOR | Latency:    6[1;0m
[1;34m[Core 1] PASS PATTERN NO.   11 | Func:   SH | Latency:  295[1;0m
[1;32m[Core 2] PASS PATTERN NO.   12 | Func: ADDI | Latency:  292[1;0m
[1;34m[Core 1] PASS PATTERN NO.   12 | Func:   LH | Latency:  249[1;0m
[1;32m[Core 2] PASS PATTERN NO.   13 | Func:  SUB | Latency:  249[1;0m
[1;34m[Core 1] PASS PATTERN NO.   13 | Func:   SH | Latency:  137[1;0m
[1;34m[Core 1] PASS PATTERN NO.   14 | Func: SUBI | Latency:    6[1;0m
[1;32m[Core 2] PASS PATTERN NO.   14 | Func: ADDI | Latency:  137[1;0m
[1;34m[Core 1] PASS PATTERN NO.   15 | Func: ADDI | Latency:    9[1;0m
[1;32m[Core 2] PASS PATTERN NO.   15 | Func:   LH | Latency:  423[1;0m
[1;34m[Core 1] PASS PATTERN NO.   16 | Func:  SUB | Latency:  420[1;0m
[1;32m[Core 2] PASS PATTERN NO.   16 | Func:  XOR | Latency:    6[1;0m
[1;34m[Core 1] PASS PATTERN NO.   17 | Func:  SUB | Latency:    9[1;0m
[1;32m[Core 2] PASS PATTERN NO.   17 | Func:   SH | Latency:  182[1;0m
[1;34m[Core 1] PASS PATTERN NO.   18 | Func:   OR | Latency:  179[1;0m
[1;32m[Core 2] PASS PATTERN NO.   18 | Func: SUBI | Latency:    6[1;0m
[1;32m[Core 2] PASS PATTERN NO.   19 | Func:   OR | Latency:    9[1;0m
[1;34m[Core 1] PASS PATTERN NO.   19 | Func:   LH | Latency:  326[1;0m
[1;32m[Core 2] PASS PATTERN NO.   20 | Func:  XOR | Latency:  323[1;0m
[1;34m[Core 1] PASS PATTERN NO.   20 | Func:   LH | Latency:  311[1;0m
[1;32m[Core 2] PASS PATTERN NO.   21 | Func:   SH | Latency:  729[1;0m
[1;34m[Core 1] PASS PATTERN NO.   21 | Func:   LH | Latency:  654[1;0m
[1;34m[Core 1] PASS PATTERN NO.   22 | Func:  SLT | Latency:    6[1;0m
[1;32m[Core 2] PASS PATTERN NO.   22 | Func:  NOR | Latency:  236[1;0m
[1;34m[Core 1] PASS PATTERN NO.   23 | Func:   OR | Latency:    9[1;0m
[1;32m[Core 2] PASS PATTERN NO.   23 | Func:   SH | Latency:  358[1;0m
[1;32m[Core 2] PASS PATTERN NO.   24 | Func:  SUB | Latency:    6[1;0m
[1;34m[Core 1] PASS PATTERN NO.   24 | Func:   LH | Latency:  560[1;0m
[1;34m[Core 1] PASS PATTERN NO.   25 | Func:  AND | Latency:    6[1;0m
[1;32m[Core 2] PASS PATTERN NO.   25 | Func:  SLT | Latency:  211[1;0m
[1;34m[Core 1] PASS PATTERN NO.   26 | Func:  SUB | Latency:    9[1;0m
[1;32m[Core 2] PASS PATTERN NO.   26 | Func: SUBI | Latency:    9[1;0m
[1;32m[Core 2] PASS PATTERN NO.   27 | Func:  ADD | Latency:    9[1;0m
[1;34m[Core 1] PASS PATTERN NO.   27 | Func:   LH | Latency:  473[1;0m
[1;32m[Core 2] PASS PATTERN NO.   28 | Func:  MUL | Latency:  473[1;0m
[1;34m[Core 1] PASS PATTERN NO.   28 | Func:   SH | Latency:  293[1;0m
[1;34m[Core 1] PASS PATTERN NO.   29 | Func:  ADD | Latency:    6[1;0m
[1;32m[Core 2] PASS PATTERN NO.   29 | Func:   LH | Latency:  416[1;0m
[1;34m[Core 1] PASS PATTERN NO.   30 | Func:  SUB | Latency:  132[1;0m
[1;32m[Core 2] PASS PATTERN NO.   30 | Func:   SH | Latency:  485[1;0m
[1;34m[Core 1] PASS PATTERN NO.   31 | Func:  XOR | Latency:  485[1;0m
[1;32m[Core 2] PASS PATTERN NO.   31 | Func:   LH | Latency:  376[1;0m
[1;34m[Core 1] PASS PATTERN NO.   32 | Func:   SH | Latency:  813[1;0m
[1;32m[Core 2] PASS PATTERN NO.   32 | Func:   LH | Latency:  837[1;0m
[1;32m[Core 2] PASS PATTERN NO.   33 | Func:  AND | Latency:    6[1;0m
[1;34m[Core 1] PASS PATTERN NO.   33 | Func:   LH | Latency:  622[1;0m
[1;34m[Core 1] PASS PATTERN NO.   34 | Func:   OR | Latency:    6[1;0m
[1;32m[Core 2] PASS PATTERN NO.   34 | Func:   SH | Latency:  455[1;0m
[1;34m[Core 1] PASS PATTERN NO.   35 | Func:   SH | Latency:  348[1;0m
[1;32m[Core 2] PASS PATTERN NO.   35 | Func:   LH | Latency:  601[1;0m
[1;34m[Core 1] PASS PATTERN NO.   36 | Func: SUBI | Latency:  486[1;0m
[1;32m[Core 2] PASS PATTERN NO.   36 | Func:  SUB | Latency:    6[1;0m
[1;32m[Core 2] PASS PATTERN NO.   37 | Func:  MUL | Latency:   12[1;0m
[1;34m[Core 1] PASS PATTERN NO.   37 | Func:   SH | Latency:  468[1;0m
[1;34m[Core 1] PASS PATTERN NO.   38 | Func:   SH | Latency:  131[1;0m
[1;32m[Core 2] PASS PATTERN NO.   38 | Func:   LH | Latency:  956[1;0m
[1;34m[Core 1] PASS PATTERN NO.   39 | Func:  SUB | Latency:  375[1;0m
[1;32m[Core 2] PASS PATTERN NO.   39 | Func:  NOR | Latency:    6[1;0m
[1;34m[Core 1] PASS PATTERN NO.   40 | Func:   OR | Latency:    9[1;0m
[1;32m[Core 2] PASS PATTERN NO.   40 | Func:   LH | Latency:  429[1;0m
[1;34m[Core 1] PASS PATTERN NO.   41 | Func: SUBI | Latency:  426[1;0m
[1;32m[Core 2] PASS PATTERN NO.   41 | Func:  SUB | Latency:    6[1;0m
[1;32m[Core 2] PASS PATTERN NO.   42 | Func:  MUL | Latency:   12[1;0m
[1;34m[Core 1] PASS PATTERN NO.   42 | Func:   SH | Latency:  275[1;0m
[1;34m[Core 1] PASS PATTERN NO.   43 | Func: ADDI | Latency:    6[1;0m
[1;32m[Core 2] PASS PATTERN NO.   43 | Func:  MUL | Latency:  272[1;0m
[1;34m[Core 1] PASS PATTERN NO.   44 | Func: SUBI | Latency:    9[1;0m
[1;32m[Core 2] PASS PATTERN NO.   44 | Func: NAND | Latency:    6[1;0m
[1;34m[Core 1] PASS PATTERN NO.   45 | Func: SUBI | Latency:    9[1;0m
[1;32m[Core 2] PASS PATTERN NO.   45 | Func:  XOR | Latency:    9[1;0m
[1;34m[Core 1] PASS PATTERN NO.   46 | Func:  SUB | Latency:    9[1;0m
[1;32m[Core 2] PASS PATTERN NO.   46 | Func:   LH | Latency:  391[1;0m
[1;34m[Core 1] PASS PATTERN NO.   47 | Func:  AND | Latency:  388[1;0m
[1;32m[Core 2] PASS PATTERN NO.   47 | Func:   LH | Latency:  475[1;0m
[1;34m[Core 1] PASS PATTERN NO.   48 | Func:  MUL | Latency:  478[1;0m
[1;32m[Core 2] PASS PATTERN NO.   48 | Func:   LH | Latency:  262[1;0m
[1;34m[Core 1] PASS PATTERN NO.   49 | Func: ADDI | Latency:  259[1;0m
[1;32m[Core 2] PASS PATTERN NO.   49 | Func:   SH | Latency:  262[1;0m
[1;33m[Info] Global Memory Check Passed at IC 50-boundary (Snapshot 0)[1;0m
[1;34m[Core 1] PASS PATTERN NO.   50 | Func:   SH | Latency:  743[1;0m
[1;32m[Core 2] PASS PATTERN NO.   50 | Func:   LH | Latency:  841[1;0m
[1;34m[Core 1] PASS PATTERN NO.   51 | Func:  MUL | Latency:  363[1;0m
[1;32m[Core 2] PASS PATTERN NO.   51 | Func:   LH | Latency:  192[1;0m
[1;34m[Core 1] PASS PATTERN NO.   52 | Func:  AND | Latency:  189[1;0m
[1;32m[Core 2] PASS PATTERN NO.   52 | Func:   SH | Latency:  135[1;0m
[1;32m[Core 2] PASS PATTERN NO.   53 | Func: NAND | Latency:    6[1;0m
[1;34m[Core 1] PASS PATTERN NO.   53 | Func:   SH | Latency:  456[1;0m
[1;32m[Core 2] PASS PATTERN NO.   54 | Func:  MUL | Latency:  330[1;0m
[1;34m[Core 1] PASS PATTERN NO.   54 | Func:   LH | Latency:  113[1;0m
[1;32m[Core 2] PASS PATTERN NO.   55 | Func:  ADD | Latency:  110[1;0m
[1;34m[Core 1] PASS PATTERN NO.   55 | Func:  MUL | Latency:    9[1;0m
[1;34m[Core 1] PASS PATTERN NO.   56 | Func:  XOR | Latency:    6[1;0m
[1;32m[Core 2] PASS PATTERN NO.   56 | Func:  NOR | Latency:    9[1;0m
[1;34m[Core 1] PASS PATTERN NO.   57 | Func:  NOR | Latency:    9[1;0m
[1;32m[Core 2] PASS PATTERN NO.   57 | Func:   LH | Latency:  253[1;0m
[1;32m[Core 2] PASS PATTERN NO.   58 | Func:  SLT | Latency:    6[1;0m
[1;34m[Core 1] PASS PATTERN NO.   58 | Func:  MUL | Latency:  253[1;0m
[1;34m[Core 1] PASS PATTERN NO.   59 | Func: ADDI | Latency:    6[1;0m
[1;32m[Core 2] PASS PATTERN NO.   59 | Func:   LH | Latency:  307[1;0m
[1;34m[Core 1] PASS PATTERN NO.   60 | Func: SUBI | Latency:  304[1;0m
[1;32m[Core 2] PASS PATTERN NO.   60 | Func:   SH | Latency:  318[1;0m
[1;32m[Core 2] PASS PATTERN NO.   61 | Func:  NOR | Latency:    6[1;0m
[1;34m[Core 1] PASS PATTERN NO.   61 | Func:   SH | Latency:  571[1;0m
[1;34m[Core 1] PASS PATTERN NO.   62 | Func: NAND | Latency:    6[1;0m
[1;32m[Core 2] PASS PATTERN NO.   62 | Func: SUBI | Latency:  259[1;0m
[1;32m[Core 2] PASS PATTERN NO.   63 | Func:  ADD | Latency:    9[1;0m
[1;34m[Core 1] PASS PATTERN NO.   63 | Func:   SH | Latency:  263[1;0m
[1;32m[Core 2] PASS PATTERN NO.   64 | Func:  SUB | Latency:  903[1;0m
[1;34m[Core 1] PASS PATTERN NO.   64 | Func:  MUL | Latency:  652[1;0m
[1;34m[Core 1] PASS PATTERN NO.   65 | Func: ADDI | Latency:    6[1;0m
[1;32m[Core 2] PASS PATTERN NO.   65 | Func: ADDI | Latency:    9[1;0m
[1;34m[Core 1] PASS PATTERN NO.   66 | Func:  XOR | Latency:    9[1;0m
[1;32m[Core 2] PASS PATTERN NO.   66 | Func:   LH | Latency:  358[1;0m
[1;34m[Core 1] PASS PATTERN NO.   67 | Func:  AND | Latency:  355[1;0m
[1;32m[Core 2] PASS PATTERN NO.   67 | Func:   LH | Latency:  241[1;0m
[1;34m[Core 1] PASS PATTERN NO.   68 | Func: NAND | Latency:  241[1;0m
[1;32m[Core 2] PASS PATTERN NO.   68 | Func:   LH | Latency:  499[1;0m
[1;34m[Core 1] PASS PATTERN NO.   69 | Func:  NOR | Latency:  499[1;0m
[1;32m[Core 2] PASS PATTERN NO.   69 | Func:   SH | Latency:  502[1;0m
[1;32m[Core 2] PASS PATTERN NO.   70 | Func:   OR | Latency:    6[1;0m
[1;34m[Core 1] PASS PATTERN NO.   70 | Func:   LH | Latency:  930[1;0m
[1;32m[Core 2] PASS PATTERN NO.   71 | Func:  XOR | Latency:  434[1;0m
[1;34m[Core 1] PASS PATTERN NO.   71 | Func:   SH | Latency:  455[1;0m
[1;34m[Core 1] PASS PATTERN NO.   72 | Func:  ADD | Latency:    6[1;0m
[1;32m[Core 2] PASS PATTERN NO.   72 | Func:   SH | Latency:  847[1;0m
[1;34m[Core 1] PASS PATTERN NO.   73 | Func: SUBI | Latency:  398[1;0m
[1;32m[Core 2] PASS PATTERN NO.   73 | Func:  SLT | Latency:    6[1;0m
[1;34m[Core 1] PASS PATTERN NO.   74 | Func: SUBI | Latency:    9[1;0m
[1;32m[Core 2] PASS PATTERN NO.   74 | Func:  ADD | Latency:    9[1;0m
[1;34m[Core 1] PASS PATTERN NO.   75 | Func:  SLT | Latency:    9[1;0m
[1;32m[Core 2] PASS PATTERN NO.   75 | Func:  SLT | Latency:    9[1;0m
[1;32m[Core 2] PASS PATTERN NO.   76 | Func:  AND | Latency:    9[1;0m
[1;34m[Core 1] PASS PATTERN NO.   76 | Func:   LH | Latency:  221[1;0m
[1;34m[Core 1] PASS PATTERN NO.   77 | Func: ADDI | Latency:    6[1;0m
[1;32m[Core 2] PASS PATTERN NO.   77 | Func:  MUL | Latency:  221[1;0m
[1;32m[Core 2] PASS PATTERN NO.   78 | Func:  XOR | Latency:    6[1;0m
[1;34m[Core 1] PASS PATTERN NO.   78 | Func:   LH | Latency:  258[1;0m
[1;34m[Core 1] PASS PATTERN NO.   79 | Func: NAND | Latency:    6[1;0m
[1;32m[Core 2] PASS PATTERN NO.   79 | Func:   LH | Latency:  478[1;0m
[1;34m[Core 1] PASS PATTERN NO.   80 | Func:  ADD | Latency:  229[1;0m
[1;32m[Core 2] PASS PATTERN NO.   80 | Func:  MUL | Latency:    9[1;0m
[1;34m[Core 1] PASS PATTERN NO.   81 | Func:  SLT | Latency:    9[1;0m
[1;32m[Core 2] PASS PATTERN NO.   81 | Func:   LH | Latency:  356[1;0m
[1;34m[Core 1] PASS PATTERN NO.   82 | Func: ADDI | Latency:  356[1;0m
[1;32m[Core 2] PASS PATTERN NO.   82 | Func: ADDI | Latency:    6[1;0m
[1;34m[Core 1] PASS PATTERN NO.   83 | Func: SUBI | Latency:    9[1;0m
[1;32m[Core 2] PASS PATTERN NO.   83 | Func:  MUL | Latency:   12[1;0m
[1;34m[Core 1] PASS PATTERN NO.   84 | Func:   SH | Latency:  229[1;0m
[1;32m[Core 2] PASS PATTERN NO.   84 | Func:   LH | Latency:  621[1;0m
[1;34m[Core 1] PASS PATTERN NO.   85 | Func:   OR | Latency:  401[1;0m
[1;32m[Core 2] PASS PATTERN NO.   85 | Func: SUBI | Latency:    6[1;0m
[1;34m[Core 1] PASS PATTERN NO.   86 | Func:  SLT | Latency:    9[1;0m
[1;32m[Core 2] PASS PATTERN NO.   86 | Func:  NOR | Latency:    9[1;0m
[1;34m[Core 1] PASS PATTERN NO.   87 | Func:  SLT | Latency:    9[1;0m
[1;32m[Core 2] PASS PATTERN NO.   87 | Func:   LH | Latency:  381[1;0m
[1;34m[Core 1] PASS PATTERN NO.   88 | Func:   LH | Latency:  608[1;0m
[1;32m[Core 2] PASS PATTERN NO.   88 | Func:   LH | Latency:  688[1;0m
[1;34m[Core 1] PASS PATTERN NO.   89 | Func: ADDI | Latency:  458[1;0m
[1;32m[Core 2] PASS PATTERN NO.   89 | Func:   SH | Latency:  351[1;0m
[1;34m[Core 1] PASS PATTERN NO.   90 | Func: ADDI | Latency:  351[1;0m
[1;32m[Core 2] PASS PATTERN NO.   90 | Func: SUBI | Latency:    6[1;0m
[1;34m[Core 1] PASS PATTERN NO.   91 | Func:   SH | Latency:  174[1;0m
[1;32m[Core 2] PASS PATTERN NO.   91 | Func:   LH | Latency:  412[1;0m
[1;34m[Core 1] PASS PATTERN NO.   92 | Func: SUBI | Latency:  244[1;0m
[1;32m[Core 2] PASS PATTERN NO.   92 | Func: ADDI | Latency:    6[1;0m
[1;32m[Core 2] PASS PATTERN NO.   93 | Func:  AND | Latency:    9[1;0m
[1;34m[Core 1] PASS PATTERN NO.   93 | Func:   SH | Latency:  190[1;0m
[1;34m[Core 1] PASS PATTERN NO.   94 | Func: SUBI | Latency:    6[1;0m
[1;32m[Core 2] PASS PATTERN NO.   94 | Func:  AND | Latency:  187[1;0m
[1;34m[Core 1] PASS PATTERN NO.   95 | Func: SUBI | Latency:    9[1;0m
[1;32m[Core 2] PASS PATTERN NO.   95 | Func:  NOR | Latency:    9[1;0m
[1;34m[Core 1] PASS PATTERN NO.   96 | Func:   OR | Latency:  709[1;0m
[1;32m[Core 2] PASS PATTERN NO.   96 | Func: SUBI | Latency:  709[1;0m
[1;34m[Core 1] PASS PATTERN NO.   97 | Func:   SH | Latency:  122[1;0m
[1;32m[Core 2] PASS PATTERN NO.   97 | Func:   LH | Latency:  297[1;0m
[1;34m[Core 1] PASS PATTERN NO.   98 | Func:  ADD | Latency:  181[1;0m
[1;32m[Core 2] PASS PATTERN NO.   98 | Func:  NOR | Latency:    6[1;0m
[1;34m[Core 1] PASS PATTERN NO.   99 | Func:  XOR | Latency:    9[1;0m
[1;32m[Core 2] PASS PATTERN NO.   99 | Func:   LH | Latency:  303[1;0m
[1;33m[Info] Global Memory Check Passed at IC 50-boundary (Snapshot 1)[1;0m
[1;34m[Core 1] PASS PATTERN NO.  100 | Func: ADDI | Latency:  300[1;0m
[1;32m[Core 2] PASS PATTERN NO.  100 | Func: ADDI | Latency:    6[1;0m
[1;34m[Core 1] PASS PATTERN NO.  101 | Func: SUBI | Latency:    9[1;0m
[1;32m[Core 2] PASS PATTERN NO.  101 | Func: SUBI | Latency:    9[1;0m
[1;34m[Core 1] PASS PATTERN NO.  102 | Func:  BEQ | Latency:    8[1;0m
[1;32m[Core 2] PASS PATTERN NO.  102 | Func:  BEQ | Latency:    8[1;0m
[1;34m[Core 1] PASS PATTERN NO.  103 | Func:  BEQ | Latency:    8[1;0m
[1;32m[Core 2] PASS PATTERN NO.  103 | Func:  BEQ | Latency:    8[1;0m
[1;34m[Core 1] PASS PATTERN NO.  104 | Func: SUBI | Latency:    9[1;0m
[1;32m[Core 2] PASS PATTERN NO.  104 | Func: SUBI | Latency:    9[1;0m
[1;34m[Core 1] PASS PATTERN NO.  105 | Func:  BEQ | Latency:    8[1;0m
[1;32m[Core 2] PASS PATTERN NO.  105 | Func:  BEQ | Latency:    8[1;0m
[1;34m[Core 1] PASS PATTERN NO.  106 | Func:  XOR | Latency:    9[1;0m
[1;32m[Core 2] PASS PATTERN NO.  106 | Func:  XOR | Latency:    9[1;0m
[1;34m[Core 1] PASS PATTERN NO.  107 | Func:  AND | Latency:    9[1;0m
[1;32m[Core 2] PASS PATTERN NO.  107 | Func:  MUL | Latency:   12[1;0m
[1;32m[Core 2] PASS PATTERN NO.  108 | Func:  AND | Latency:    6[1;0m
[1;34m[Core 1] PASS PATTERN NO.  108 | Func:   LH | Latency:  134[1;0m
[1;34m[Core 1] PASS PATTERN NO.  109 | Func:   OR | Latency:    6[1;0m
[1;32m[Core 2] PASS PATTERN NO.  109 | Func:   LH | Latency:  307[1;0m
[1;34m[Core 1] PASS PATTERN NO.  110 | Func: NAND | Latency:  182[1;0m
[1;32m[Core 2] PASS PATTERN NO.  110 | Func:   LH | Latency:  363[1;0m
[1;34m[Core 1] PASS PATTERN NO.  111 | Func:  MUL | Latency:  366[1;0m
[1;32m[Core 2] PASS PATTERN NO.  111 | Func:   SH | Latency:  368[1;0m
[1;34m[Core 1] PASS PATTERN NO.  112 | Func:  NOR | Latency:  365[1;0m
[1;32m[Core 2] PASS PATTERN NO.  112 | Func:   SH | Latency:  114[1;0m
[1;32m[Core 2] PASS PATTERN NO.  113 | Func:  SLT | Latency:    6[1;0m
[1;34m[Core 1] PASS PATTERN NO.  113 | Func:   LH | Latency:  414[1;0m
[1;34m[Core 1] PASS PATTERN NO.  114 | Func:  SLT | Latency:    6[1;0m
[1;32m[Core 2] PASS PATTERN NO.  114 | Func:  MUL | Latency:  309[1;0m
[1;34m[Core 1] PASS PATTERN NO.  115 | Func:  NOR | Latency:    9[1;0m
[1;32m[Core 2] PASS PATTERN NO.  115 | Func:  MUL | Latency:    9[1;0m
[1;34m[Core 1] PASS PATTERN NO.  116 | Func:  NOR | Latency:    9[1;0m
[1;32m[Core 2] PASS PATTERN NO.  116 | Func:  AND | Latency:    6[1;0m
[1;34m[Core 1] PASS PATTERN NO.  117 | Func:   SH | Latency:  131[1;0m
[1;32m[Core 2] PASS PATTERN NO.  117 | Func:   LH | Latency:  316[1;0m
[1;34m[Core 1] PASS PATTERN NO.  118 | Func:  ADD | Latency:  191[1;0m
[1;32m[Core 2] PASS PATTERN NO.  118 | Func:  MUL | Latency:    9[1;0m
[1;34m[Core 1] PASS PATTERN NO.  119 | Func:  SUB | Latency:    9[1;0m
[1;32m[Core 2] PASS PATTERN NO.  119 | Func:   LH | Latency:  398[1;0m
[1;34m[Core 1] PASS PATTERN NO.  120 | Func: ADDI | Latency:  398[1;0m
[1;32m[Core 2] PASS PATTERN NO.  120 | Func:   LH | Latency:  492[1;0m
[1;34m[Core 1] PASS PATTERN NO.  121 | Func:   SH | Latency:  683[1;0m
[1;32m[Core 2] PASS PATTERN NO.  121 | Func:   LH | Latency:  607[1;0m
[1;34m[Core 1] PASS PATTERN NO.  122 | Func: ADDI | Latency:  416[1;0m
[1;32m[Core 2] PASS PATTERN NO.  122 | Func: ADDI | Latency:    6[1;0m
[1;34m[Core 1] PASS PATTERN NO.  123 | Func:  SLT | Latency:    9[1;0m
[1;32m[Core 2] PASS PATTERN NO.  123 | Func: SUBI | Latency:    9[1;0m
[1;32m[Core 2] PASS PATTERN NO.  124 | Func:  SLT | Latency:    9[1;0m
[1;34m[Core 1] PASS PATTERN NO.  124 | Func:   LH | Latency:  426[1;0m
[1;34m[Core 1] PASS PATTERN NO.  125 | Func:  XOR | Latency:    6[1;0m
[1;32m[Core 2] PASS PATTERN NO.  125 | Func:   LH | Latency:  841[1;0m
[1;32m[Core 2] PASS PATTERN NO.  126 | Func:  NOR | Latency:    6[1;0m
[1;34m[Core 1] PASS PATTERN NO.  126 | Func:  MUL | Latency:  427[1;0m
[1;34m[Core 1] PASS PATTERN NO.  127 | Func:  SLT | Latency:    6[1;0m
[1;32m[Core 2] PASS PATTERN NO.  127 | Func: SUBI | Latency:    9[1;0m
[1;34m[Core 1] PASS PATTERN NO.  128 | Func:   SH | Latency:  477[1;0m
[1;32m[Core 2] PASS PATTERN NO.  128 | Func:   LH | Latency:  753[1;0m
[1;32m[Core 2] PASS PATTERN NO.  129 | Func: ADDI | Latency:    6[1;0m
[1;34m[Core 1] PASS PATTERN NO.  129 | Func:  MUL | Latency:  285[1;0m
[1;34m[Core 1] PASS PATTERN NO.  130 | Func:  MUL | Latency:  685[1;0m
[1;32m[Core 2] PASS PATTERN NO.  130 | Func:   LH | Latency: 1137[1;0m
[1;34m[Core 1] PASS PATTERN NO.  131 | Func:   LH | Latency:  659[1;0m
[1;32m[Core 2] PASS PATTERN NO.  131 | Func:   LH | Latency:  381[1;0m
[1;34m[Core 1] PASS PATTERN NO.  132 | Func:  SUB | Latency:  177[1;0m
[1;32m[Core 2] PASS PATTERN NO.  132 | Func:  ADD | Latency:    6[1;0m
[1;32m[Core 2] PASS PATTERN NO.  133 | Func:  MUL | Latency:   12[1;0m
[1;34m[Core 1] PASS PATTERN NO.  133 | Func:   LH | Latency:  481[1;0m
[1;34m[Core 1] PASS PATTERN NO.  134 | Func:   LH | Latency:  261[1;0m
[1;32m[Core 2] PASS PATTERN NO.  134 | Func:   LH | Latency:  859[1;0m
[1;34m[Core 1] PASS PATTERN NO.  135 | Func:  SLT | Latency:  135[1;0m
[1;32m[Core 2] PASS PATTERN NO.  135 | Func: NAND | Latency:    6[1;0m
[1;34m[Core 1] PASS PATTERN NO.  136 | Func:  ADD | Latency:    9[1;0m
[1;32m[Core 2] PASS PATTERN NO.  136 | Func:  NOR | Latency:    9[1;0m
[1;34m[Core 1] PASS PATTERN NO.  137 | Func:  SUB | Latency:    9[1;0m
[1;32m[Core 2] PASS PATTERN NO.  137 | Func:  NOR | Latency:    9[1;0m
[1;34m[Core 1] PASS PATTERN NO.  138 | Func:  SLT | Latency:    9[1;0m
[1;32m[Core 2] PASS PATTERN NO.  138 | Func: ADDI | Latency:    9[1;0m
[1;34m[Core 1] PASS PATTERN NO.  139 | Func:   SH | Latency:  201[1;0m
[1;32m[Core 2] PASS PATTERN NO.  139 | Func:   LH | Latency:  375[1;0m
[1;34m[Core 1] PASS PATTERN NO.  140 | Func: SUBI | Latency:  180[1;0m
[1;32m[Core 2] PASS PATTERN NO.  140 | Func:   LH | Latency:  429[1;0m
[1;34m[Core 1] PASS PATTERN NO.  141 | Func:  AND | Latency:  429[1;0m
[1;32m[Core 2] PASS PATTERN NO.  141 | Func:  SLT | Latency:    6[1;0m
[1;34m[Core 1] PASS PATTERN NO.  142 | Func:  ADD | Latency:    9[1;0m
[1;32m[Core 2] PASS PATTERN NO.  142 | Func:   LH | Latency:  408[1;0m
[1;34m[Core 1] PASS PATTERN NO.  143 | Func:   SH | Latency:  744[1;0m
[1;32m[Core 2] PASS PATTERN NO.  143 | Func:   LH | Latency:  492[1;0m
[1;32m[Core 2] PASS PATTERN NO.  144 | Func:  MUL | Latency:    9[1;0m
[1;34m[Core 1] PASS PATTERN NO.  144 | Func:   SH | Latency:  565[1;0m
[1;34m[Core 1] PASS PATTERN NO.  145 | Func:  MUL | Latency:    9[1;0m
[1;32m[Core 2] PASS PATTERN NO.  145 | Func:   SH | Latency:  753[1;0m
[1;34m[Core 1] PASS PATTERN NO.  146 | Func:   LH | Latency:  505[1;0m
[1;32m[Core 2] PASS PATTERN NO.  146 | Func:   LH | Latency:  618[1;0m
[1;32m[Core 2] PASS PATTERN NO.  147 | Func:  NOR | Latency:    6[1;0m
[1;34m[Core 1] PASS PATTERN NO.  147 | Func:   SH | Latency:  845[1;0m
[1;34m[Core 1] PASS PATTERN NO.  148 | Func: SUBI | Latency:    6[1;0m
[1;32m[Core 2] PASS PATTERN NO.  148 | Func: NAND | Latency:  397[1;0m
[1;34m[Core 1] PASS PATTERN NO.  149 | Func: ADDI | Latency:    9[1;0m
[1;32m[Core 2] PASS PATTERN NO.  149 | Func:   SH | Latency:  322[1;0m
[1;33m[Info] Global Memory Check Passed at IC 50-boundary (Snapshot 2)[1;0m
[1;34m[Core 1] PASS PATTERN NO.  150 | Func:  XOR | Latency:  319[1;0m
[1;32m[Core 2] PASS PATTERN NO.  150 | Func: NAND | Latency:    6[1;0m
[1;34m[Core 1] PASS PATTERN NO.  151 | Func:   LH | Latency:  235[1;0m
[1;32m[Core 2] PASS PATTERN NO.  151 | Func:   LH | Latency:  502[1;0m
[1;34m[Core 1] PASS PATTERN NO.  152 | Func:  SUB | Latency:  273[1;0m
[1;32m[Core 2] PASS PATTERN NO.  152 | Func:  ADD | Latency:    6[1;0m
[1;34m[Core 1] PASS PATTERN NO.  153 | Func:   SH | Latency:  320[1;0m
[1;32m[Core 2] PASS PATTERN NO.  153 | Func:   LH | Latency:  456[1;0m
[1;34m[Core 1] PASS PATTERN NO.  154 | Func:   SH | Latency:  614[1;0m
[1;32m[Core 2] PASS PATTERN NO.  154 | Func:   LH | Latency:  626[1;0m
[1;34m[Core 1] PASS PATTERN NO.  155 | Func:  BEQ | Latency:  153[1;0m
[1;32m[Core 2] PASS PATTERN NO.  155 | Func:  BEQ | Latency:    5[1;0m
[1;32m[Core 2] PASS PATTERN NO.  156 | Func:  ADD | Latency:    9[1;0m
[1;34m[Core 1] PASS PATTERN NO.  156 | Func:   SH | Latency:  272[1;0m
[1;34m[Core 1] PASS PATTERN NO.  157 | Func:   SH | Latency:  180[1;0m
[1;32m[Core 2] PASS PATTERN NO.  157 | Func:   LH | Latency:  696[1;0m
[1;32m[Core 2] PASS PATTERN NO.  158 | Func:  ADD | Latency:    6[1;0m
[1;34m[Core 1] PASS PATTERN NO.  158 | Func:  MUL | Latency:  262[1;0m
[1;34m[Core 1] PASS PATTERN NO.  159 | Func: SUBI | Latency:    6[1;0m
[1;32m[Core 2] PASS PATTERN NO.  159 | Func:  AND | Latency:    9[1;0m
[1;34m[Core 1] PASS PATTERN NO.  160 | Func: SUBI | Latency:    9[1;0m
[1;32m[Core 2] PASS PATTERN NO.  160 | Func:   LH | Latency:  391[1;0m
[1;34m[Core 1] PASS PATTERN NO.  161 | Func:   LH | Latency: 1099[1;0m
[1;32m[Core 2] PASS PATTERN NO.  161 | Func:   LH | Latency:  993[1;0m
[1;32m[Core 2] PASS PATTERN NO.  162 | Func:   SH | Latency:  487[1;0m
[1;34m[Core 1] PASS PATTERN NO.  162 | Func:   LH | Latency: 1084[1;0m
[1;34m[Core 1] PASS PATTERN NO.  163 | Func:  SLT | Latency:    6[1;0m
[1;32m[Core 2] PASS PATTERN NO.  163 | Func:  XOR | Latency:  327[1;0m
[1;32m[Core 2] PASS PATTERN NO.  164 | Func:  MUL | Latency:   12[1;0m
[1;34m[Core 1] PASS PATTERN NO.  164 | Func:   SH | Latency:  241[1;0m
[1;34m[Core 1] PASS PATTERN NO.  165 | Func: NAND | Latency:    6[1;0m
[1;32m[Core 2] PASS PATTERN NO.  165 | Func:   SH | Latency:  540[1;0m
[1;34m[Core 1] PASS PATTERN NO.  166 | Func:  AND | Latency:  311[1;0m
[1;32m[Core 2] PASS PATTERN NO.  166 | Func:   SH | Latency:  373[1;0m
[1;34m[Core 1] PASS PATTERN NO.  167 | Func:  SUB | Latency:  373[1;0m
[1;32m[Core 2] PASS PATTERN NO.  167 | Func: ADDI | Latency:    6[1;0m
[1;34m[Core 1] PASS PATTERN NO.  168 | Func: SUBI | Latency:    9[1;0m
[1;32m[Core 2] PASS PATTERN NO.  168 | Func:  NOR | Latency:    9[1;0m
[1;32m[Core 2] PASS PATTERN NO.  169 | Func:  MUL | Latency:   12[1;0m
[1;34m[Core 1] PASS PATTERN NO.  169 | Func:   SH | Latency:  269[1;0m
[1;34m[Core 1] PASS PATTERN NO.  170 | Func:   SH | Latency:  140[1;0m
[1;32m[Core 2] PASS PATTERN NO.  170 | Func:   LH | Latency:  569[1;0m
[1;34m[Core 1] PASS PATTERN NO.  171 | Func: SUBI | Latency:  178[1;0m
[1;32m[Core 2] PASS PATTERN NO.  171 | Func:   SH | Latency:  127[1;0m
[1;34m[Core 1] PASS PATTERN NO.  172 | Func:   SH | Latency:  402[1;0m
[1;32m[Core 2] PASS PATTERN NO.  172 | Func:   LH | Latency:  733[1;0m
[1;34m[Core 1] PASS PATTERN NO.  173 | Func:  XOR | Latency:  458[1;0m
[1;32m[Core 2] PASS PATTERN NO.  173 | Func: ADDI | Latency:    6[1;0m
[1;32m[Core 2] PASS PATTERN NO.  174 | Func:  SLT | Latency:    9[1;0m
[1;34m[Core 1] PASS PATTERN NO.  174 | Func:   LH | Latency:  282[1;0m
[1;34m[Core 1] PASS PATTERN NO.  175 | Func:   SH | Latency:  357[1;0m
[1;32m[Core 2] PASS PATTERN NO.  175 | Func:   LH | Latency:  784[1;0m
[1;32m[Core 2] PASS PATTERN NO.  176 | Func:  MUL | Latency:    9[1;0m
[1;34m[Core 1] PASS PATTERN NO.  176 | Func:   LH | Latency:  403[1;0m
[1;32m[Core 2] PASS PATTERN NO.  177 | Func:  XOR | Latency:  246[1;0m
[1;34m[Core 1] PASS PATTERN NO.  177 | Func:   SH | Latency:  422[1;0m
[1;32m[Core 2] PASS PATTERN NO.  178 | Func: ADDI | Latency:  422[1;0m
[1;34m[Core 1] PASS PATTERN NO.  178 | Func:   LH | Latency:  307[1;0m
[1;34m[Core 1] PASS PATTERN NO.  179 | Func:  SUB | Latency:    6[1;0m
[1;32m[Core 2] PASS PATTERN NO.  179 | Func:  AND | Latency:  307[1;0m
[1;34m[Core 1] PASS PATTERN NO.  180 | Func:  ADD | Latency:    9[1;0m
[1;32m[Core 2] PASS PATTERN NO.  180 | Func:  ADD | Latency:    9[1;0m
[1;32m[Core 2] PASS PATTERN NO.  181 | Func: ADDI | Latency:    9[1;0m
[1;34m[Core 1] PASS PATTERN NO.  181 | Func:  MUL | Latency:   12[1;0m
[1;34m[Core 1] PASS PATTERN NO.  182 | Func: ADDI | Latency:    6[1;0m
[1;32m[Core 2] PASS PATTERN NO.  182 | Func:  MUL | Latency:   12[1;0m
[1;34m[Core 1] PASS PATTERN NO.  183 | Func:  SLT | Latency:    9[1;0m
[1;32m[Core 2] PASS PATTERN NO.  183 | Func:   LH | Latency:  143[1;0m
[1;34m[Core 1] PASS PATTERN NO.  184 | Func:  NOR | Latency:  143[1;0m
[1;32m[Core 2] PASS PATTERN NO.  184 | Func:   LH | Latency:  128[1;0m
[1;32m[Core 2] PASS PATTERN NO.  185 | Func:  XOR | Latency:    6[1;0m
[1;34m[Core 1] PASS PATTERN NO.  185 | Func:   SH | Latency:  591[1;0m
[1;34m[Core 1] PASS PATTERN NO.  186 | Func:  SUB | Latency:    6[1;0m
[1;32m[Core 2] PASS PATTERN NO.  186 | Func:  SLT | Latency:  469[1;0m
[1;34m[Core 1] PASS PATTERN NO.  187 | Func:  SUB | Latency:    9[1;0m
[1;32m[Core 2] PASS PATTERN NO.  187 | Func:   SH | Latency:  311[1;0m
[1;32m[Core 2] PASS PATTERN NO.  188 | Func: ADDI | Latency:    6[1;0m
[1;34m[Core 1] PASS PATTERN NO.  188 | Func:   SH | Latency:  448[1;0m
[1;34m[Core 1] PASS PATTERN NO.  189 | Func: SUBI | Latency:    6[1;0m
[1;32m[Core 2] PASS PATTERN NO.  189 | Func:  XOR | Latency:  146[1;0m
[1;34m[Core 1] PASS PATTERN NO.  190 | Func:  SUB | Latency:    9[1;0m
[1;32m[Core 2] PASS PATTERN NO.  190 | Func:   SH | Latency:  368[1;0m
[1;34m[Core 1] PASS PATTERN NO.  191 | Func:  AND | Latency:  365[1;0m
[1;32m[Core 2] PASS PATTERN NO.  191 | Func: ADDI | Latency:    6[1;0m
[1;34m[Core 1] PASS PATTERN NO.  192 | Func: ADDI | Latency:    9[1;0m
[1;32m[Core 2] PASS PATTERN NO.  192 | Func:   LH | Latency:  439[1;0m
[1;34m[Core 1] PASS PATTERN NO.  193 | Func:  SLT | Latency:  674[1;0m
[1;32m[Core 2] PASS PATTERN NO.  193 | Func:  SUB | Latency:  244[1;0m
[1;34m[Core 1] PASS PATTERN NO.  194 | Func:   SH | Latency:  479[1;0m
[1;32m[Core 2] PASS PATTERN NO.  194 | Func:   LH | Latency:  958[1;0m
[1;34m[Core 1] PASS PATTERN NO.  195 | Func:  SLT | Latency:  485[1;0m
[1;32m[Core 2] PASS PATTERN NO.  195 | Func:  XOR | Latency:    6[1;0m
[1;34m[Core 1] PASS PATTERN NO.  196 | Func:   LH | Latency:  459[1;0m
[1;32m[Core 2] PASS PATTERN NO.  196 | Func:   LH | Latency:  752[1;0m
[1;34m[Core 1] PASS PATTERN NO.  197 | Func: ADDI | Latency:  299[1;0m
[1;32m[Core 2] PASS PATTERN NO.  197 | Func:   SH | Latency:  266[1;0m
[1;34m[Core 1] PASS PATTERN NO.  198 | Func:   OR | Latency:  266[1;0m
[1;32m[Core 2] PASS PATTERN NO.  198 | Func:   SH | Latency:  319[1;0m
[1;34m[Core 1] PASS PATTERN NO.  199 | Func:  AND | Latency:  319[1;0m
[1;32m[Core 2] PASS PATTERN NO.  199 | Func:  ADD | Latency:    6[1;0m
[1;33m[Info] Global Memory Check Passed at IC 50-boundary (Snapshot 3)[1;0m
[1;34m[Core 1] PASS PATTERN NO.  200 | Func:  SLT | Latency:    9[1;0m
[1;32m[Core 2] PASS PATTERN NO.  200 | Func:   SH | Latency:  261[1;0m
[1;34m[Core 1] PASS PATTERN NO.  201 | Func: ADDI | Latency:  258[1;0m
[1;32m[Core 2] PASS PATTERN NO.  201 | Func: ADDI | Latency:    6[1;0m
[1;34m[Core 1] PASS PATTERN NO.  202 | Func: SUBI | Latency:    9[1;0m
[1;32m[Core 2] PASS PATTERN NO.  202 | Func: SUBI | Latency:    9[1;0m
[1;34m[Core 1] PASS PATTERN NO.  203 | Func:  BEQ | Latency:    8[1;0m
[1;32m[Core 2] PASS PATTERN NO.  203 | Func:  BEQ | Latency:    8[1;0m
[1;34m[Core 1] PASS PATTERN NO.  204 | Func:    J | Latency:    8[1;0m
[1;32m[Core 2] PASS PATTERN NO.  204 | Func:    J | Latency:    8[1;0m
[1;34m[Core 1] PASS PATTERN NO.  205 | Func: SUBI | Latency:    9[1;0m
[1;32m[Core 2] PASS PATTERN NO.  205 | Func: SUBI | Latency:    9[1;0m
[1;34m[Core 1] PASS PATTERN NO.  206 | Func:  BEQ | Latency:    8[1;0m
[1;32m[Core 2] PASS PATTERN NO.  206 | Func:  BEQ | Latency:    8[1;0m
[1;34m[Core 1] PASS PATTERN NO.  207 | Func:  XOR | Latency:    9[1;0m
[1;32m[Core 2] PASS PATTERN NO.  207 | Func:  XOR | Latency:    9[1;0m
[1;34m[Core 1] PASS PATTERN NO.  208 | Func: SUBI | Latency:    9[1;0m
[1;32m[Core 2] PASS PATTERN NO.  208 | Func:   LH | Latency:  348[1;0m
[1;32m[Core 2] PASS PATTERN NO.  209 | Func:  SUB | Latency:    6[1;0m
[1;34m[Core 1] PASS PATTERN NO.  209 | Func:   LH | Latency:  741[1;0m
[1;32m[Core 2] PASS PATTERN NO.  210 | Func: SUBI | Latency:  402[1;0m
[1;34m[Core 1] PASS PATTERN NO.  210 | Func:   LH | Latency:  164[1;0m
[1;34m[Core 1] PASS PATTERN NO.  211 | Func:   SH | Latency:  419[1;0m
[1;32m[Core 2] PASS PATTERN NO.  211 | Func:   LH | Latency:  767[1;0m
[1;32m[Core 2] PASS PATTERN NO.  212 | Func:  SLT | Latency:    6[1;0m
[1;34m[Core 1] PASS PATTERN NO.  212 | Func:   LH | Latency:  522[1;0m
[1;34m[Core 1] PASS PATTERN NO.  213 | Func:  AND | Latency:    6[1;0m
[1;32m[Core 2] PASS PATTERN NO.  213 | Func:  MUL | Latency:  335[1;0m
[1;34m[Core 1] PASS PATTERN NO.  214 | Func:  SLT | Latency:    9[1;0m
[1;32m[Core 2] PASS PATTERN NO.  214 | Func:  XOR | Latency:    6[1;0m
[1;34m[Core 1] PASS PATTERN NO.  215 | Func:  XOR | Latency:    9[1;0m
[1;32m[Core 2] PASS PATTERN NO.  215 | Func:   SH | Latency:  298[1;0m
[1;34m[Core 1] PASS PATTERN NO.  216 | Func:   OR | Latency:  295[1;0m
[1;32m[Core 2] PASS PATTERN NO.  216 | Func:  SUB | Latency:    6[1;0m
[1;34m[Core 1] PASS PATTERN NO.  217 | Func: NAND | Latency:    9[1;0m
[1;32m[Core 2] PASS PATTERN NO.  217 | Func:  ADD | Latency:    9[1;0m
[1;34m[Core 1] PASS PATTERN NO.  218 | Func: ADDI | Latency:    9[1;0m
[1;32m[Core 2] PASS PATTERN NO.  218 | Func:   SH | Latency:  313[1;0m
[1;32m[Core 2] PASS PATTERN NO.  219 | Func:  MUL | Latency:    9[1;0m
[1;34m[Core 1] PASS PATTERN NO.  219 | Func:   LH | Latency:  499[1;0m
[1;34m[Core 1] PASS PATTERN NO.  220 | Func:  NOR | Latency:    6[1;0m
[1;32m[Core 2] PASS PATTERN NO.  220 | Func:  MUL | Latency:  195[1;0m
[1;34m[Core 1] PASS PATTERN NO.  221 | Func:   LH | Latency:  368[1;0m
[1;32m[Core 2] PASS PATTERN NO.  221 | Func:   LH | Latency:  653[1;0m
[1;32m[Core 2] PASS PATTERN NO.  222 | Func: ADDI | Latency:    6[1;0m
[1;34m[Core 1] PASS PATTERN NO.  222 | Func:  MUL | Latency:  297[1;0m
[1;34m[Core 1] PASS PATTERN NO.  223 | Func: ADDI | Latency:    6[1;0m
[1;32m[Core 2] PASS PATTERN NO.  223 | Func:  SLT | Latency:    9[1;0m
[1;34m[Core 1] PASS PATTERN NO.  224 | Func:  SUB | Latency:    9[1;0m
[1;32m[Core 2] PASS PATTERN NO.  224 | Func:   SH | Latency:  298[1;0m
[1;34m[Core 1] PASS PATTERN NO.  225 | Func:   SH | Latency:  676[1;0m
[1;32m[Core 2] PASS PATTERN NO.  225 | Func:   LH | Latency:  644[1;0m
[1;34m[Core 1] PASS PATTERN NO.  226 | Func:  SLT | Latency:  263[1;0m
[1;32m[Core 2] PASS PATTERN NO.  226 | Func:   LH | Latency:  313[1;0m
[1;34m[Core 1] PASS PATTERN NO.  227 | Func:  BEQ | Latency: 1002[1;0m
[1;32m[Core 2] PASS PATTERN NO.  227 | Func:  BEQ | Latency:  695[1;0m
[1;34m[Core 1] PASS PATTERN NO.  228 | Func: ADDI | Latency:    9[1;0m
[1;32m[Core 2] PASS PATTERN NO.  228 | Func:  SLT | Latency:    9[1;0m
[1;32m[Core 2] PASS PATTERN NO.  229 | Func:   SH | Latency:  482[1;0m
[1;34m[Core 1] PASS PATTERN NO.  229 | Func:   LH | Latency:  592[1;0m
[1;34m[Core 1] PASS PATTERN NO.  230 | Func:  MUL | Latency:    9[1;0m
[1;32m[Core 2] PASS PATTERN NO.  230 | Func:   SH | Latency:  481[1;0m
[1;34m[Core 1] PASS PATTERN NO.  231 | Func:  XOR | Latency:  368[1;0m
[1;32m[Core 2] PASS PATTERN NO.  231 | Func: ADDI | Latency:    6[1;0m
[1;34m[Core 1] PASS PATTERN NO.  232 | Func: SUBI | Latency:    9[1;0m
[1;32m[Core 2] PASS PATTERN NO.  232 | Func:  ADD | Latency:    9[1;0m
[1;34m[Core 1] PASS PATTERN NO.  233 | Func:  XOR | Latency:    9[1;0m
[1;32m[Core 2] PASS PATTERN NO.  233 | Func:  MUL | Latency:   12[1;0m
[1;34m[Core 1] PASS PATTERN NO.  234 | Func:  SUB | Latency:    9[1;0m
[1;32m[Core 2] PASS PATTERN NO.  234 | Func:  SUB | Latency:    6[1;0m
[1;34m[Core 1] PASS PATTERN NO.  235 | Func:  MUL | Latency:   12[1;0m
[1;32m[Core 2] PASS PATTERN NO.  235 | Func:   SH | Latency:  225[1;0m
[1;34m[Core 1] PASS PATTERN NO.  236 | Func:  AND | Latency:  219[1;0m
[1;32m[Core 2] PASS PATTERN NO.  236 | Func:  MUL | Latency:    9[1;0m
[1;32m[Core 2] PASS PATTERN NO.  237 | Func:  SUB | Latency:    6[1;0m
[1;34m[Core 1] PASS PATTERN NO.  237 | Func:   SH | Latency:  121[1;0m
[1;34m[Core 1] PASS PATTERN NO.  238 | Func:  SLT | Latency:    6[1;0m
[1;32m[Core 2] PASS PATTERN NO.  238 | Func: NAND | Latency:  118[1;0m
[1;34m[Core 1] PASS PATTERN NO.  239 | Func:  ADD | Latency:    9[1;0m
[1;32m[Core 2] PASS PATTERN NO.  239 | Func:  ADD | Latency:    9[1;0m
[1;34m[Core 1] PASS PATTERN NO.  240 | Func: SUBI | Latency:    9[1;0m
[1;32m[Core 2] PASS PATTERN NO.  240 | Func:  SLT | Latency:    9[1;0m
[1;34m[Core 1] PASS PATTERN NO.  241 | Func: SUBI | Latency:    9[1;0m
[1;32m[Core 2] PASS PATTERN NO.  241 | Func:   LH | Latency:  152[1;0m
[1;34m[Core 1] PASS PATTERN NO.  242 | Func:  NOR | Latency:  149[1;0m
[1;32m[Core 2] PASS PATTERN NO.  242 | Func:  SUB | Latency:    6[1;0m
[1;34m[Core 1] PASS PATTERN NO.  243 | Func:  NOR | Latency:    9[1;0m
[1;32m[Core 2] PASS PATTERN NO.  243 | Func:   SH | Latency:  255[1;0m
[1;34m[Core 1] PASS PATTERN NO.  244 | Func:    J | Latency:  251[1;0m
[1;32m[Core 2] PASS PATTERN NO.  244 | Func:    J | Latency:    5[1;0m
[1;34m[Core 1] PASS PATTERN NO.  245 | Func:  AND | Latency:  327[1;0m
[1;32m[Core 2] PASS PATTERN NO.  245 | Func:   LH | Latency:  659[1;0m
[1;34m[Core 1] PASS PATTERN NO.  246 | Func:  SLT | Latency:  338[1;0m
[1;32m[Core 2] PASS PATTERN NO.  246 | Func:   LH | Latency:  217[1;0m
[1;32m[Core 2] PASS PATTERN NO.  247 | Func:  SUB | Latency:    6[1;0m
[1;34m[Core 1] PASS PATTERN NO.  247 | Func:  MUL | Latency:  220[1;0m
[1;34m[Core 1] PASS PATTERN NO.  248 | Func: NAND | Latency:    6[1;0m
[1;32m[Core 2] PASS PATTERN NO.  248 | Func:  SUB | Latency:    9[1;0m
[1;34m[Core 1] PASS PATTERN NO.  249 | Func:  SLT | Latency:    9[1;0m
[1;32m[Core 2] PASS PATTERN NO.  249 | Func:  XOR | Latency:    9[1;0m
[1;33m[Info] Global Memory Check Passed at IC 50-boundary (Snapshot 4)[1;0m
[1;34m[Core 1] PASS PATTERN NO.  250 | Func: ADDI | Latency:    9[1;0m
[1;32m[Core 2] PASS PATTERN NO.  250 | Func:  MUL | Latency:   12[1;0m
[1;32m[Core 2] PASS PATTERN NO.  251 | Func:  ADD | Latency:    6[1;0m
[1;34m[Core 1] PASS PATTERN NO.  251 | Func:  MUL | Latency:   12[1;0m
[1;34m[Core 1] PASS PATTERN NO.  252 | Func:  SUB | Latency:    6[1;0m
[1;32m[Core 2] PASS PATTERN NO.  252 | Func:  SLT | Latency:    9[1;0m
[1;34m[Core 1] PASS PATTERN NO.  253 | Func:   OR | Latency:    9[1;0m
[1;32m[Core 2] PASS PATTERN NO.  253 | Func:   LH | Latency:  222[1;0m
[1;34m[Core 1] PASS PATTERN NO.  254 | Func: NAND | Latency:  219[1;0m
[1;32m[Core 2] PASS PATTERN NO.  254 | Func:  SLT | Latency:    6[1;0m
[1;34m[Core 1] PASS PATTERN NO.  255 | Func:  BEQ | Latency:    8[1;0m
[1;32m[Core 2] PASS PATTERN NO.  255 | Func:  BEQ | Latency:    8[1;0m
[1;34m[Core 1] PASS PATTERN NO.  256 | Func: ADDI | Latency:    9[1;0m
[1;32m[Core 2] PASS PATTERN NO.  256 | Func: ADDI | Latency:    9[1;0m
[1;34m[Core 1] PASS PATTERN NO.  257 | Func: ADDI | Latency:    9[1;0m
[1;32m[Core 2] PASS PATTERN NO.  257 | Func:   SH | Latency:  462[1;0m
[1;32m[Core 2] PASS PATTERN NO.  258 | Func:  MUL | Latency:    9[1;0m
[1;34m[Core 1] PASS PATTERN NO.  258 | Func:   SH | Latency:  881[1;0m
[1;34m[Core 1] PASS PATTERN NO.  259 | Func:  SUB | Latency:    6[1;0m
[1;32m[Core 2] PASS PATTERN NO.  259 | Func:  SUB | Latency:  425[1;0m
[1;32m[Core 2] PASS PATTERN NO.  260 | Func: SUBI | Latency:    9[1;0m
[1;34m[Core 1] PASS PATTERN NO.  260 | Func:   SH | Latency:  242[1;0m
[1;34m[Core 1] PASS PATTERN NO.  261 | Func:   SH | Latency:  153[1;0m
[1;32m[Core 2] PASS PATTERN NO.  261 | Func:   LH | Latency:  833[1;0m
[1;34m[Core 1] PASS PATTERN NO.  262 | Func:   SH | Latency:  828[1;0m
[1;32m[Core 2] PASS PATTERN NO.  262 | Func:   LH | Latency:  841[1;0m
[1;34m[Core 1] PASS PATTERN NO.  263 | Func:   SH | Latency:  967[1;0m
[1;32m[Core 2] PASS PATTERN NO.  263 | Func:   LH | Latency:  785[1;0m
[1;34m[Core 1] PASS PATTERN NO.  264 | Func: ADDI | Latency:  284[1;0m
[1;32m[Core 2] PASS PATTERN NO.  264 | Func:   LH | Latency:  127[1;0m
[1;32m[Core 2] PASS PATTERN NO.  265 | Func:   SH | Latency: 1198[1;0m
[1;34m[Core 1] PASS PATTERN NO.  265 | Func:   LH | Latency: 1500[1;0m
[1;34m[Core 1] PASS PATTERN NO.  266 | Func:  SLT | Latency:    6[1;0m
[1;32m[Core 2] PASS PATTERN NO.  266 | Func:  ADD | Latency:  187[1;0m
[1;34m[Core 1] PASS PATTERN NO.  267 | Func:  NOR | Latency:    9[1;0m
[1;32m[Core 2] PASS PATTERN NO.  267 | Func:   LH | Latency:  158[1;0m
[1;32m[Core 2] PASS PATTERN NO.  268 | Func:  SLT | Latency:    6[1;0m
[1;34m[Core 1] PASS PATTERN NO.  268 | Func:  MUL | Latency:  158[1;0m
[1;34m[Core 1] PASS PATTERN NO.  269 | Func:  AND | Latency:    6[1;0m
[1;32m[Core 2] PASS PATTERN NO.  269 | Func:   LH | Latency:  509[1;0m
[1;34m[Core 1] PASS PATTERN NO.  270 | Func:   SH | Latency:  977[1;0m
[1;32m[Core 2] PASS PATTERN NO.  270 | Func:   LH | Latency:  731[1;0m
[1;34m[Core 1] PASS PATTERN NO.  271 | Func:   LH | Latency:  562[1;0m
[1;32m[Core 2] PASS PATTERN NO.  271 | Func:   LH | Latency:  637[1;0m
[1;34m[Core 1] PASS PATTERN NO.  272 | Func:  SLT | Latency:  335[1;0m
[1;32m[Core 2] PASS PATTERN NO.  272 | Func:  SUB | Latency:    6[1;0m
[1;32m[Core 2] PASS PATTERN NO.  273 | Func:  NOR | Latency:    9[1;0m
[1;34m[Core 1] PASS PATTERN NO.  273 | Func:   SH | Latency:  204[1;0m
[1;34m[Core 1] PASS PATTERN NO.  274 | Func:   SH | Latency:  322[1;0m
[1;32m[Core 2] PASS PATTERN NO.  274 | Func:   LH | Latency:  660[1;0m
[1;34m[Core 1] PASS PATTERN NO.  275 | Func:  XOR | Latency:  149[1;0m
[1;32m[Core 2] PASS PATTERN NO.  275 | Func:  SLT | Latency:    6[1;0m
[1;34m[Core 1] PASS PATTERN NO.  276 | Func:  ADD | Latency:    9[1;0m
[1;32m[Core 2] PASS PATTERN NO.  276 | Func: NAND | Latency:    9[1;0m
[1;32m[Core 2] PASS PATTERN NO.  277 | Func: NAND | Latency:    9[1;0m
[1;34m[Core 1] PASS PATTERN NO.  277 | Func:   LH | Latency:  351[1;0m
[1;32m[Core 2] PASS PATTERN NO.  278 | Func: SUBI | Latency:  348[1;0m
[1;34m[Core 1] PASS PATTERN NO.  278 | Func:   SH | Latency:  341[1;0m
[1;34m[Core 1] PASS PATTERN NO.  279 | Func:  BEQ | Latency:    5[1;0m
[1;32m[Core 2] PASS PATTERN NO.  279 | Func:  BEQ | Latency:  340[1;0m
[1;32m[Core 2] PASS PATTERN NO.  280 | Func: SUBI | Latency:    9[1;0m
[1;34m[Core 1] PASS PATTERN NO.  280 | Func:   SH | Latency:  476[1;0m
[1;34m[Core 1] PASS PATTERN NO.  281 | Func:  SUB | Latency:    6[1;0m
[1;32m[Core 2] PASS PATTERN NO.  281 | Func:  MUL | Latency:  476[1;0m
[1;32m[Core 2] PASS PATTERN NO.  282 | Func:  MUL | Latency:    9[1;0m
[1;34m[Core 1] PASS PATTERN NO.  282 | Func:   LH | Latency:  212[1;0m
[1;34m[Core 1] PASS PATTERN NO.  283 | Func:  XOR | Latency:    6[1;0m
[1;32m[Core 2] PASS PATTERN NO.  283 | Func:  MUL | Latency:  209[1;0m
[1;34m[Core 1] PASS PATTERN NO.  284 | Func:   OR | Latency:    9[1;0m
[1;32m[Core 2] PASS PATTERN NO.  284 | Func:  MUL | Latency:    9[1;0m
[1;34m[Core 1] PASS PATTERN NO.  285 | Func:  MUL | Latency:   12[1;0m
[1;32m[Core 2] PASS PATTERN NO.  285 | Func:   SH | Latency:  336[1;0m
[1;32m[Core 2] PASS PATTERN NO.  286 | Func: SUBI | Latency:    6[1;0m
[1;34m[Core 1] PASS PATTERN NO.  286 | Func:   SH | Latency:  669[1;0m
[1;34m[Core 1] PASS PATTERN NO.  287 | Func:    J | Latency:    5[1;0m
[1;32m[Core 2] PASS PATTERN NO.  287 | Func:    J | Latency:  341[1;0m
[1;32m[Core 2] PASS PATTERN NO.  288 | Func:  SUB | Latency:  861[1;0m
[1;34m[Core 1] PASS PATTERN NO.  288 | Func:   LH | Latency: 1307[1;0m
[1;34m[Core 1] PASS PATTERN NO.  289 | Func:   LH | Latency:  157[1;0m
[1;32m[Core 2] PASS PATTERN NO.  289 | Func:   LH | Latency:  895[1;0m
[1;34m[Core 1] PASS PATTERN NO.  290 | Func:  ADD | Latency:  298[1;0m
[1;32m[Core 2] PASS PATTERN NO.  290 | Func:  AND | Latency:    6[1;0m
[1;34m[Core 1] PASS PATTERN NO.  291 | Func:  AND | Latency:    9[1;0m
[1;32m[Core 2] PASS PATTERN NO.  291 | Func: SUBI | Latency:    9[1;0m
[1;32m[Core 2] PASS PATTERN NO.  292 | Func:   SH | Latency:  350[1;0m
[1;34m[Core 1] PASS PATTERN NO.  292 | Func:   LH | Latency:  638[1;0m
[1;34m[Core 1] PASS PATTERN NO.  293 | Func:   LH | Latency:  394[1;0m
[1;32m[Core 2] PASS PATTERN NO.  293 | Func:   LH | Latency: 1048[1;0m
[1;32m[Core 2] PASS PATTERN NO.  294 | Func:  SUB | Latency:    6[1;0m
[1;34m[Core 1] PASS PATTERN NO.  294 | Func:   LH | Latency:  676[1;0m
[1;34m[Core 1] PASS PATTERN NO.  295 | Func:  AND | Latency:    6[1;0m
[1;32m[Core 2] PASS PATTERN NO.  295 | Func: SUBI | Latency:  310[1;0m
[1;34m[Core 1] PASS PATTERN NO.  296 | Func:   SH | Latency:  442[1;0m
[1;32m[Core 2] PASS PATTERN NO.  296 | Func:   LH | Latency:  802[1;0m
[1;34m[Core 1] PASS PATTERN NO.  297 | Func:  SUB | Latency:  366[1;0m
[1;32m[Core 2] PASS PATTERN NO.  297 | Func:   LH | Latency:  201[1;0m
[1;34m[Core 1] PASS PATTERN NO.  298 | Func:  SLT | Latency:  201[1;0m
[1;32m[Core 2] PASS PATTERN NO.  298 | Func:  MUL | Latency:    9[1;0m
[1;32m[Core 2] PASS PATTERN NO.  299 | Func: ADDI | Latency:    6[1;0m
[1;34m[Core 1] PASS PATTERN NO.  299 | Func:  MUL | Latency:   12[1;0m
[1;33m[Info] Global Memory Check Passed at IC 50-boundary (Snapshot 5)[1;0m
[1;34m[Core 1] PASS PATTERN NO.  300 | Func:  XOR | Latency:    6[1;0m
[1;32m[Core 2] PASS PATTERN NO.  300 | Func:   LH | Latency:  153[1;0m
[1;34m[Core 1] PASS PATTERN NO.  301 | Func:  AND | Latency:  150[1;0m
[1;32m[Core 2] PASS PATTERN NO.  301 | Func:  AND | Latency:    6[1;0m
[1;34m[Core 1] PASS PATTERN NO.  302 | Func:   SH | Latency:  256[1;0m
[1;32m[Core 2] PASS PATTERN NO.  302 | Func:   LH | Latency:  667[1;0m
[1;34m[Core 1] PASS PATTERN NO.  303 | Func:   OR | Latency:  417[1;0m
[1;32m[Core 2] PASS PATTERN NO.  303 | Func:   SH | Latency:  377[1;0m
[1;32m[Core 2] PASS PATTERN NO.  304 | Func:  NOR | Latency:    6[1;0m
[1;34m[Core 1] PASS PATTERN NO.  304 | Func:   LH | Latency:  878[1;0m
[1;34m[Core 1] PASS PATTERN NO.  305 | Func:  XOR | Latency:    6[1;0m
[1;32m[Core 2] PASS PATTERN NO.  305 | Func:   SH | Latency:  997[1;0m
[1;34m[Core 1] PASS PATTERN NO.  306 | Func:  AND | Latency:  496[1;0m
[1;32m[Core 2] PASS PATTERN NO.  306 | Func: SUBI | Latency:    6[1;0m
[1;34m[Core 1] PASS PATTERN NO.  307 | Func:  NOR | Latency:    9[1;0m
[1;32m[Core 2] PASS PATTERN NO.  307 | Func: ADDI | Latency:    9[1;0m
[1;34m[Core 1] PASS PATTERN NO.  308 | Func: NAND | Latency:    9[1;0m
[1;32m[Core 2] PASS PATTERN NO.  308 | Func:   LH | Latency:  190[1;0m
[1;34m[Core 1] PASS PATTERN NO.  309 | Func:  NOR | Latency:  187[1;0m
[1;32m[Core 2] PASS PATTERN NO.  309 | Func:   LH | Latency:  245[1;0m
[1;32m[Core 2] PASS PATTERN NO.  310 | Func:  SUB | Latency:    6[1;0m
[1;34m[Core 1] PASS PATTERN NO.  310 | Func:   LH | Latency:  691[1;0m
[1;34m[Core 1] PASS PATTERN NO.  311 | Func: SUBI | Latency:    6[1;0m
[1;32m[Core 2] PASS PATTERN NO.  311 | Func:   SH | Latency:  805[1;0m
[1;32m[Core 2] PASS PATTERN NO.  312 | Func:   SH | Latency:  142[1;0m
[1;34m[Core 1] PASS PATTERN NO.  312 | Func:   LH | Latency:  806[1;0m
[1;34m[Core 1] PASS PATTERN NO.  313 | Func:   OR | Latency:    6[1;0m
[1;32m[Core 2] PASS PATTERN NO.  313 | Func:  SUB | Latency:  317[1;0m
[1;32m[Core 2] PASS PATTERN NO.  314 | Func: SUBI | Latency:    9[1;0m
[1;34m[Core 1] PASS PATTERN NO.  314 | Func:  MUL | Latency:   12[1;0m
[1;34m[Core 1] PASS PATTERN NO.  315 | Func:   SH | Latency:  349[1;0m
[1;32m[Core 2] PASS PATTERN NO.  315 | Func:   LH | Latency:  743[1;0m
[1;32m[Core 2] PASS PATTERN NO.  316 | Func:   SH | Latency:  510[1;0m
[1;34m[Core 1] PASS PATTERN NO.  316 | Func:   LH | Latency: 1287[1;0m
[1;32m[Core 2] PASS PATTERN NO.  317 | Func:  AND | Latency:  392[1;0m
[1;34m[Core 1] PASS PATTERN NO.  317 | Func:   LH | Latency:  313[1;0m
[1;34m[Core 1] PASS PATTERN NO.  318 | Func:   LH | Latency:  266[1;0m
[1;32m[Core 2] PASS PATTERN NO.  318 | Func:   LH | Latency:  972[1;0m
[1;32m[Core 2] PASS PATTERN NO.  319 | Func:  XOR | Latency:    6[1;0m
[1;34m[Core 1] PASS PATTERN NO.  319 | Func:   SH | Latency:  555[1;0m
[1;34m[Core 1] PASS PATTERN NO.  320 | Func:  NOR | Latency:    6[1;0m
[1;32m[Core 2] PASS PATTERN NO.  320 | Func:   SH | Latency:  521[1;0m
[1;32m[Core 2] PASS PATTERN NO.  321 | Func:  SUB | Latency:    6[1;0m
[1;34m[Core 1] PASS PATTERN NO.  321 | Func:   LH | Latency:  691[1;0m
[1;34m[Core 1] PASS PATTERN NO.  322 | Func:   SH | Latency:  331[1;0m
[1;32m[Core 2] PASS PATTERN NO.  322 | Func:   LH | Latency: 1093[1;0m
[1;32m[Core 2] PASS PATTERN NO.  323 | Func:  SLT | Latency:    6[1;0m
[1;34m[Core 1] PASS PATTERN NO.  323 | Func:   LH | Latency:  694[1;0m
[1;34m[Core 1] PASS PATTERN NO.  324 | Func:  NOR | Latency:    6[1;0m
[1;32m[Core 2] PASS PATTERN NO.  324 | Func:  MUL | Latency:  255[1;0m
[1;32m[Core 2] PASS PATTERN NO.  325 | Func:  SLT | Latency: 1030[1;0m
[1;34m[Core 1] PASS PATTERN NO.  325 | Func:  MUL | Latency: 1036[1;0m
[1;34m[Core 1] PASS PATTERN NO.  326 | Func:   SH | Latency:  371[1;0m
[1;32m[Core 2] PASS PATTERN NO.  326 | Func:   LH | Latency:  787[1;0m
[1;34m[Core 1] PASS PATTERN NO.  327 | Func:  AND | Latency:  419[1;0m
[1;32m[Core 2] PASS PATTERN NO.  327 | Func: SUBI | Latency:    6[1;0m
[1;32m[Core 2] PASS PATTERN NO.  328 | Func: ADDI | Latency:    9[1;0m
[1;34m[Core 1] PASS PATTERN NO.  328 | Func:   SH | Latency:  261[1;0m
[1;32m[Core 2] PASS PATTERN NO.  329 | Func:  NOR | Latency:  258[1;0m
[1;34m[Core 1] PASS PATTERN NO.  329 | Func:   LH | Latency:  176[1;0m
[1;32m[Core 2] PASS PATTERN NO.  330 | Func:  XOR | Latency:  176[1;0m
[1;34m[Core 1] PASS PATTERN NO.  330 | Func:  MUL | Latency:    9[1;0m
[1;32m[Core 2] PASS PATTERN NO.  331 | Func: SUBI | Latency:    9[1;0m
[1;34m[Core 1] PASS PATTERN NO.  331 | Func:   SH | Latency:  327[1;0m
[1;34m[Core 1] PASS PATTERN NO.  332 | Func:  NOR | Latency:    6[1;0m
[1;32m[Core 2] PASS PATTERN NO.  332 | Func: SUBI | Latency:  327[1;0m
[1;34m[Core 1] PASS PATTERN NO.  333 | Func: NAND | Latency:    9[1;0m
[1;32m[Core 2] PASS PATTERN NO.  333 | Func:   LH | Latency:  211[1;0m
[1;34m[Core 1] PASS PATTERN NO.  334 | Func:   LH | Latency:  332[1;0m
[1;32m[Core 2] PASS PATTERN NO.  334 | Func:   LH | Latency:  535[1;0m
[1;34m[Core 1] PASS PATTERN NO.  335 | Func: SUBI | Latency:  411[1;0m
[1;32m[Core 2] PASS PATTERN NO.  335 | Func: NAND | Latency:    6[1;0m
[1;34m[Core 1] PASS PATTERN NO.  336 | Func:  AND | Latency:    9[1;0m
[1;32m[Core 2] PASS PATTERN NO.  336 | Func:  NOR | Latency:    9[1;0m
[1;34m[Core 1] PASS PATTERN NO.  337 | Func: SUBI | Latency:    9[1;0m
[1;32m[Core 2] PASS PATTERN NO.  337 | Func:   OR | Latency:    9[1;0m
[1;34m[Core 1] PASS PATTERN NO.  338 | Func:  AND | Latency:    9[1;0m
[1;32m[Core 2] PASS PATTERN NO.  338 | Func:  XOR | Latency:    9[1;0m
[1;32m[Core 2] PASS PATTERN NO.  339 | Func:  XOR | Latency:    9[1;0m
[1;34m[Core 1] PASS PATTERN NO.  339 | Func:   SH | Latency:  354[1;0m
[1;32m[Core 2] PASS PATTERN NO.  340 | Func:  XOR | Latency:  351[1;0m
[1;34m[Core 1] PASS PATTERN NO.  340 | Func:   LH | Latency:  504[1;0m
[1;34m[Core 1] PASS PATTERN NO.  341 | Func:  SUB | Latency:    6[1;0m
[1;32m[Core 2] PASS PATTERN NO.  341 | Func:  NOR | Latency:  504[1;0m
[1;32m[Core 2] PASS PATTERN NO.  342 | Func: SUBI | Latency:    9[1;0m
[1;34m[Core 1] PASS PATTERN NO.  342 | Func:   SH | Latency:  316[1;0m
[1;34m[Core 1] PASS PATTERN NO.  343 | Func: ADDI | Latency:    6[1;0m
[1;32m[Core 2] PASS PATTERN NO.  343 | Func:  AND | Latency:  313[1;0m
[1;32m[Core 2] PASS PATTERN NO.  344 | Func:  SLT | Latency:    9[1;0m
[1;34m[Core 1] PASS PATTERN NO.  344 | Func:   LH | Latency:  303[1;0m
[1;34m[Core 1] PASS PATTERN NO.  345 | Func: NAND | Latency:    6[1;0m
[1;32m[Core 2] PASS PATTERN NO.  345 | Func:   SH | Latency:  677[1;0m
[1;34m[Core 1] PASS PATTERN NO.  346 | Func:  ADD | Latency:  383[1;0m
[1;32m[Core 2] PASS PATTERN NO.  346 | Func:   SH | Latency:  202[1;0m
[1;34m[Core 1] PASS PATTERN NO.  347 | Func:  NOR | Latency:  202[1;0m
[1;32m[Core 2] PASS PATTERN NO.  347 | Func:   LH | Latency:  208[1;0m
[1;32m[Core 2] PASS PATTERN NO.  348 | Func:  NOR | Latency:    6[1;0m
[1;34m[Core 1] PASS PATTERN NO.  348 | Func:   LH | Latency:  671[1;0m
[1;34m[Core 1] PASS PATTERN NO.  349 | Func:  SLT | Latency:    6[1;0m
[1;32m[Core 2] PASS PATTERN NO.  349 | Func:  AND | Latency:  469[1;0m
[1;33m[Info] Global Memory Check Passed at IC 50-boundary (Snapshot 6)[1;0m
[1;34m[Core 1] PASS PATTERN NO.  350 | Func:  AND | Latency:    9[1;0m
[1;32m[Core 2] PASS PATTERN NO.  350 | Func:   LH | Latency:  265[1;0m
[1;34m[Core 1] PASS PATTERN NO.  351 | Func:  SUB | Latency:  262[1;0m
[1;32m[Core 2] PASS PATTERN NO.  351 | Func:  AND | Latency:    6[1;0m
[1;34m[Core 1] PASS PATTERN NO.  352 | Func:  SUB | Latency:    9[1;0m
[1;32m[Core 2] PASS PATTERN NO.  352 | Func:   SH | Latency:  469[1;0m
[1;34m[Core 1] PASS PATTERN NO.  353 | Func:  MUL | Latency:  469[1;0m
[1;32m[Core 2] PASS PATTERN NO.  353 | Func:   LH | Latency:  405[1;0m
[1;34m[Core 1] PASS PATTERN NO.  354 | Func:  SLT | Latency:  402[1;0m
[1;32m[Core 2] PASS PATTERN NO.  354 | Func:  AND | Latency:    6[1;0m
[1;34m[Core 1] PASS PATTERN NO.  355 | Func:   SH | Latency:  272[1;0m
[1;32m[Core 2] PASS PATTERN NO.  355 | Func:   LH | Latency:  483[1;0m
[1;32m[Core 2] PASS PATTERN NO.  356 | Func: SUBI | Latency:    6[1;0m
[1;34m[Core 1] PASS PATTERN NO.  356 | Func:   LH | Latency:  364[1;0m
[1;34m[Core 1] PASS PATTERN NO.  357 | Func:  AND | Latency:  664[1;0m
[1;32m[Core 2] PASS PATTERN NO.  357 | Func:   LH | Latency:  929[1;0m
[1;34m[Core 1] PASS PATTERN NO.  358 | Func:  XOR | Latency:  124[1;0m
[1;32m[Core 2] PASS PATTERN NO.  358 | Func:   LH | Latency:  484[1;0m
[1;34m[Core 1] PASS PATTERN NO.  359 | Func:  AND | Latency:  484[1;0m
[1;32m[Core 2] PASS PATTERN NO.  359 | Func:  XOR | Latency:    6[1;0m
[1;34m[Core 1] PASS PATTERN NO.  360 | Func: NAND | Latency:    9[1;0m
[1;32m[Core 2] PASS PATTERN NO.  360 | Func:  ADD | Latency:    9[1;0m
[1;34m[Core 1] PASS PATTERN NO.  361 | Func: SUBI | Latency:    9[1;0m
[1;32m[Core 2] PASS PATTERN NO.  361 | Func:  ADD | Latency:    9[1;0m
[1;34m[Core 1] PASS PATTERN NO.  362 | Func:   OR | Latency:    9[1;0m
[1;32m[Core 2] PASS PATTERN NO.  362 | Func:   SH | Latency:  280[1;0m
[1;32m[Core 2] PASS PATTERN NO.  363 | Func: NAND | Latency:    6[1;0m
[1;34m[Core 1] PASS PATTERN NO.  363 | Func:   LH | Latency:  421[1;0m
[1;34m[Core 1] PASS PATTERN NO.  364 | Func:  NOR | Latency:    6[1;0m
[1;32m[Core 2] PASS PATTERN NO.  364 | Func:   OR | Latency:  150[1;0m
[1;34m[Core 1] PASS PATTERN NO.  365 | Func:  MUL | Latency:   12[1;0m
[1;32m[Core 2] PASS PATTERN NO.  365 | Func:  MUL | Latency:   13[1;0m
[1;32m[Core 2] PASS PATTERN NO.  366 | Func:  AND | Latency:    8[1;0m
[1;34m[Core 1] PASS PATTERN NO.  366 | Func:   SH | Latency:  426[1;0m
[1;34m[Core 1] PASS PATTERN NO.  367 | Func:  NOR | Latency:    6[1;0m
[1;32m[Core 2] PASS PATTERN NO.  367 | Func:   LH | Latency:  580[1;0m
[1;34m[Core 1] PASS PATTERN NO.  368 | Func:  NOR | Latency:  163[1;0m
[1;32m[Core 2] PASS PATTERN NO.  368 | Func:  SLT | Latency:    6[1;0m
[1;34m[Core 1] PASS PATTERN NO.  369 | Func:   SH | Latency:  239[1;0m
[1;32m[Core 2] PASS PATTERN NO.  369 | Func:   LH | Latency:  350[1;0m
[1;34m[Core 1] PASS PATTERN NO.  370 | Func: ADDI | Latency:  117[1;0m
[1;32m[Core 2] PASS PATTERN NO.  370 | Func:   SH | Latency:  495[1;0m
[1;34m[Core 1] PASS PATTERN NO.  371 | Func: NAND | Latency:  495[1;0m
[1;32m[Core 2] PASS PATTERN NO.  371 | Func:   LH | Latency:  282[1;0m
[1;34m[Core 1] PASS PATTERN NO.  372 | Func:  ADD | Latency:  282[1;0m
[1;32m[Core 2] PASS PATTERN NO.  372 | Func:  XOR | Latency:    6[1;0m
[1;34m[Core 1] PASS PATTERN NO.  373 | Func:  MUL | Latency:   12[1;0m
[1;32m[Core 2] PASS PATTERN NO.  373 | Func:   SH | Latency:  216[1;0m
[1;34m[Core 1] PASS PATTERN NO.  374 | Func:  SUB | Latency:  210[1;0m
[1;32m[Core 2] PASS PATTERN NO.  374 | Func: SUBI | Latency:    6[1;0m
[1;34m[Core 1] PASS PATTERN NO.  375 | Func: SUBI | Latency:    9[1;0m
[1;32m[Core 2] PASS PATTERN NO.  375 | Func:   SH | Latency:  413[1;0m
[1;34m[Core 1] PASS PATTERN NO.  376 | Func:  ADD | Latency:  410[1;0m
[1;32m[Core 2] PASS PATTERN NO.  376 | Func:  XOR | Latency:    6[1;0m
[1;32m[Core 2] PASS PATTERN NO.  377 | Func:  SLT | Latency:    9[1;0m
[1;34m[Core 1] PASS PATTERN NO.  377 | Func:  MUL | Latency:   12[1;0m
[1;32m[Core 2] PASS PATTERN NO.  378 | Func:   SH | Latency:  138[1;0m
[1;34m[Core 1] PASS PATTERN NO.  378 | Func:   LH | Latency:  316[1;0m
[1;34m[Core 1] PASS PATTERN NO.  379 | Func:   SH | Latency:  313[1;0m
[1;32m[Core 2] PASS PATTERN NO.  379 | Func:   LH | Latency:  941[1;0m
[1;32m[Core 2] PASS PATTERN NO.  380 | Func: ADDI | Latency:    6[1;0m
[1;34m[Core 1] PASS PATTERN NO.  380 | Func:   LH | Latency:  739[1;0m
[1;34m[Core 1] PASS PATTERN NO.  381 | Func:   SH | Latency:  404[1;0m
[1;32m[Core 2] PASS PATTERN NO.  381 | Func:   LH | Latency: 1089[1;0m
[1;32m[Core 2] PASS PATTERN NO.  382 | Func:  SUB | Latency:    6[1;0m
[1;34m[Core 1] PASS PATTERN NO.  382 | Func:   LH | Latency:  689[1;0m
[1;34m[Core 1] PASS PATTERN NO.  383 | Func:  NOR | Latency:    6[1;0m
[1;32m[Core 2] PASS PATTERN NO.  383 | Func:   OR | Latency:  290[1;0m
[1;32m[Core 2] PASS PATTERN NO.  384 | Func:  ADD | Latency:    9[1;0m
[1;34m[Core 1] PASS PATTERN NO.  384 | Func:   SH | Latency:  240[1;0m
[1;34m[Core 1] PASS PATTERN NO.  385 | Func: NAND | Latency:    6[1;0m
[1;32m[Core 2] PASS PATTERN NO.  385 | Func:   LH | Latency:  643[1;0m
[1;34m[Core 1] PASS PATTERN NO.  386 | Func:  NOR | Latency:  412[1;0m
[1;32m[Core 2] PASS PATTERN NO.  386 | Func:  NOR | Latency:    6[1;0m
[1;34m[Core 1] PASS PATTERN NO.  387 | Func:  AND | Latency:    9[1;0m
[1;32m[Core 2] PASS PATTERN NO.  387 | Func:  XOR | Latency:    9[1;0m
[1;32m[Core 2] PASS PATTERN NO.  388 | Func: SUBI | Latency:    9[1;0m
[1;34m[Core 1] PASS PATTERN NO.  388 | Func:  MUL | Latency:   12[1;0m
[1;34m[Core 1] PASS PATTERN NO.  389 | Func: NAND | Latency:  912[1;0m
[1;32m[Core 2] PASS PATTERN NO.  389 | Func:  MUL | Latency:  918[1;0m
[1;32m[Core 2] PASS PATTERN NO.  390 | Func:   SH | Latency:  229[1;0m
[1;34m[Core 1] PASS PATTERN NO.  390 | Func:   LH | Latency:  672[1;0m
[1;32m[Core 2] PASS PATTERN NO.  391 | Func:   SH | Latency:  802[1;0m
[1;34m[Core 1] PASS PATTERN NO.  391 | Func:   LH | Latency:  487[1;0m
[1;34m[Core 1] PASS PATTERN NO.  392 | Func:   OR | Latency:    6[1;0m
[1;32m[Core 2] PASS PATTERN NO.  392 | Func:  SLT | Latency:  131[1;0m
[1;32m[Core 2] PASS PATTERN NO.  393 | Func: SUBI | Latency:    9[1;0m
[1;34m[Core 1] PASS PATTERN NO.  393 | Func:   SH | Latency:  142[1;0m
[1;34m[Core 1] PASS PATTERN NO.  394 | Func:   OR | Latency:    6[1;0m
[1;32m[Core 2] PASS PATTERN NO.  394 | Func:  SLT | Latency:  139[1;0m
[1;32m[Core 2] PASS PATTERN NO.  395 | Func: ADDI | Latency:    9[1;0m
[1;34m[Core 1] PASS PATTERN NO.  395 | Func:   LH | Latency:  433[1;0m
[1;34m[Core 1] PASS PATTERN NO.  396 | Func:  ADD | Latency:    6[1;0m
[1;32m[Core 2] PASS PATTERN NO.  396 | Func:   SH | Latency:  565[1;0m
[1;32m[Core 2] PASS PATTERN NO.  397 | Func:   SH | Latency:  256[1;0m
[1;34m[Core 1] PASS PATTERN NO.  397 | Func:   LH | Latency:  519[1;0m
[1;34m[Core 1] PASS PATTERN NO.  398 | Func:  SLT | Latency:    6[1;0m
[1;32m[Core 2] PASS PATTERN NO.  398 | Func:   LH | Latency:  396[1;0m
[1;34m[Core 1] PASS PATTERN NO.  399 | Func: NAND | Latency:  268[1;0m
[1;32m[Core 2] PASS PATTERN NO.  399 | Func:   LH | Latency:  231[1;0m
[1;33m[Info] Global Memory Check Passed at IC 50-boundary (Snapshot 7)[1;0m
[1;34m[Core 1] PASS PATTERN NO.  400 | Func: ADDI | Latency:  231[1;0m
[1;32m[Core 2] PASS PATTERN NO.  400 | Func:  NOR | Latency:    6[1;0m
[1;32m[Core 2] PASS PATTERN NO.  401 | Func: ADDI | Latency:    9[1;0m
[1;34m[Core 1] PASS PATTERN NO.  401 | Func:   LH | Latency:  401[1;0m
[1;34m[Core 1] PASS PATTERN NO.  402 | Func:   OR | Latency:    6[1;0m
[1;32m[Core 2] PASS PATTERN NO.  402 | Func:   LH | Latency:  873[1;0m
[1;32m[Core 2] PASS PATTERN NO.  403 | Func: ADDI | Latency:    6[1;0m
[1;34m[Core 1] PASS PATTERN NO.  403 | Func:   LH | Latency:  855[1;0m
[1;32m[Core 2] PASS PATTERN NO.  404 | Func:   SH | Latency:  750[1;0m
[1;34m[Core 1] PASS PATTERN NO.  404 | Func:   LH | Latency:  653[1;0m
[1;34m[Core 1] PASS PATTERN NO.  405 | Func:  SUB | Latency:    6[1;0m
[1;32m[Core 2] PASS PATTERN NO.  405 | Func: SUBI | Latency:  283[1;0m
[1;34m[Core 1] PASS PATTERN NO.  406 | Func:  SLT | Latency:    9[1;0m
[1;32m[Core 2] PASS PATTERN NO.  406 | Func:  AND | Latency:    9[1;0m
[1;34m[Core 1] PASS PATTERN NO.  407 | Func:  XOR | Latency:    9[1;0m
[1;32m[Core 2] PASS PATTERN NO.  407 | Func:   LH | Latency:  267[1;0m
[1;34m[Core 1] PASS PATTERN NO.  408 | Func: NAND | Latency:  264[1;0m
[1;32m[Core 2] PASS PATTERN NO.  408 | Func:  ADD | Latency:    6[1;0m
[1;34m[Core 1] PASS PATTERN NO.  409 | Func: SUBI | Latency:    9[1;0m
[1;32m[Core 2] PASS PATTERN NO.  409 | Func:  MUL | Latency:   12[1;0m
[1;34m[Core 1] PASS PATTERN NO.  410 | Func: SUBI | Latency:    9[1;0m
[1;32m[Core 2] PASS PATTERN NO.  410 | Func:   LH | Latency:  243[1;0m
[1;34m[Core 1] PASS PATTERN NO.  411 | Func: SUBI | Latency:  243[1;0m
[1;32m[Core 2] PASS PATTERN NO.  411 | Func:   SH | Latency:  420[1;0m
[1;34m[Core 1] PASS PATTERN NO.  412 | Func:  SLT | Latency:  420[1;0m
[1;32m[Core 2] PASS PATTERN NO.  412 | Func: NAND | Latency:    6[1;0m
[1;34m[Core 1] PASS PATTERN NO.  413 | Func:  AND | Latency:    9[1;0m
[1;32m[Core 2] PASS PATTERN NO.  413 | Func: ADDI | Latency:    9[1;0m
[1;34m[Core 1] PASS PATTERN NO.  414 | Func:   OR | Latency:    9[1;0m
[1;32m[Core 2] PASS PATTERN NO.  414 | Func:   LH | Latency:  403[1;0m
[1;34m[Core 1] PASS PATTERN NO.  415 | Func: SUBI | Latency:  400[1;0m
[1;32m[Core 2] PASS PATTERN NO.  415 | Func:   LH | Latency:  186[1;0m
[1;34m[Core 1] PASS PATTERN NO.  416 | Func: ADDI | Latency:  186[1;0m
[1;32m[Core 2] PASS PATTERN NO.  416 | Func:  XOR | Latency:    6[1;0m
[1;34m[Core 1] PASS PATTERN NO.  417 | Func: ADDI | Latency:    9[1;0m
[1;32m[Core 2] PASS PATTERN NO.  417 | Func:   SH | Latency:  119[1;0m
[1;34m[Core 1] PASS PATTERN NO.  418 | Func:  SLT | Latency:  116[1;0m
[1;32m[Core 2] PASS PATTERN NO.  418 | Func:  MUL | Latency:    9[1;0m
[1;34m[Core 1] PASS PATTERN NO.  419 | Func: SUBI | Latency:    9[1;0m
[1;32m[Core 2] PASS PATTERN NO.  419 | Func: SUBI | Latency:    6[1;0m
[1;34m[Core 1] PASS PATTERN NO.  420 | Func:  SUB | Latency:    9[1;0m
[1;32m[Core 2] PASS PATTERN NO.  420 | Func:  MUL | Latency:   12[1;0m
[1;34m[Core 1] PASS PATTERN NO.  421 | Func:  ADD | Latency:  839[1;0m
[1;32m[Core 2] PASS PATTERN NO.  421 | Func:   SH | Latency:  981[1;0m
[1;34m[Core 1] PASS PATTERN NO.  422 | Func:  SUB | Latency:  151[1;0m
[1;32m[Core 2] PASS PATTERN NO.  422 | Func:  NOR | Latency:    6[1;0m
[1;32m[Core 2] PASS PATTERN NO.  423 | Func:   OR | Latency:    9[1;0m
[1;34m[Core 1] PASS PATTERN NO.  423 | Func:   SH | Latency:  499[1;0m
[1;34m[Core 1] PASS PATTERN NO.  424 | Func: ADDI | Latency:    6[1;0m
[1;32m[Core 2] PASS PATTERN NO.  424 | Func:   SH | Latency:  987[1;0m
[1;34m[Core 1] PASS PATTERN NO.  425 | Func:   OR | Latency:  497[1;0m
[1;32m[Core 2] PASS PATTERN NO.  425 | Func:   SH | Latency:  289[1;0m
[1;32m[Core 2] PASS PATTERN NO.  426 | Func:  MUL | Latency:    9[1;0m
[1;34m[Core 1] PASS PATTERN NO.  426 | Func:   LH | Latency:  751[1;0m
[1;32m[Core 2] PASS PATTERN NO.  427 | Func:  ADD | Latency:  465[1;0m
[1;34m[Core 1] PASS PATTERN NO.  427 | Func:   SH | Latency:  384[1;0m
[1;34m[Core 1] PASS PATTERN NO.  428 | Func: NAND | Latency:    6[1;0m
[1;32m[Core 2] PASS PATTERN NO.  428 | Func:  SUB | Latency:  384[1;0m
[1;32m[Core 2] PASS PATTERN NO.  429 | Func: NAND | Latency:    9[1;0m
[1;34m[Core 1] PASS PATTERN NO.  429 | Func:   SH | Latency:  379[1;0m
[1;34m[Core 1] PASS PATTERN NO.  430 | Func:   SH | Latency:  423[1;0m
[1;32m[Core 2] PASS PATTERN NO.  430 | Func:   LH | Latency: 1153[1;0m
[1;34m[Core 1] PASS PATTERN NO.  431 | Func:  MUL | Latency:  369[1;0m
[1;32m[Core 2] PASS PATTERN NO.  431 | Func:   SH | Latency:  339[1;0m
[1;32m[Core 2] PASS PATTERN NO.  432 | Func: ADDI | Latency:    6[1;0m
[1;34m[Core 1] PASS PATTERN NO.  432 | Func:   LH | Latency:  656[1;0m
[1;34m[Core 1] PASS PATTERN NO.  433 | Func:  MUL | Latency:    9[1;0m
[1;32m[Core 2] PASS PATTERN NO.  433 | Func:   SH | Latency:  471[1;0m
[1;34m[Core 1] PASS PATTERN NO.  434 | Func:  SUB | Latency:  148[1;0m
[1;32m[Core 2] PASS PATTERN NO.  434 | Func:  SUB | Latency:    6[1;0m
[1;32m[Core 2] PASS PATTERN NO.  435 | Func:  SLT | Latency:    9[1;0m
[1;34m[Core 1] PASS PATTERN NO.  435 | Func:   LH | Latency:  242[1;0m
[1;32m[Core 2] PASS PATTERN NO.  436 | Func:  SLT | Latency:  239[1;0m
[1;34m[Core 1] PASS PATTERN NO.  436 | Func:   SH | Latency:  298[1;0m
[1;34m[Core 1] PASS PATTERN NO.  437 | Func: SUBI | Latency:    6[1;0m
[1;32m[Core 2] PASS PATTERN NO.  437 | Func:   LH | Latency:  434[1;0m
[1;34m[Core 1] PASS PATTERN NO.  438 | Func:  AND | Latency:  142[1;0m
[1;32m[Core 2] PASS PATTERN NO.  438 | Func:   LH | Latency:  391[1;0m
[1;32m[Core 2] PASS PATTERN NO.  439 | Func: ADDI | Latency:    6[1;0m
[1;34m[Core 1] PASS PATTERN NO.  439 | Func:   SH | Latency:  796[1;0m
[1;32m[Core 2] PASS PATTERN NO.  440 | Func:  SUB | Latency:  411[1;0m
[1;34m[Core 1] PASS PATTERN NO.  440 | Func:   SH | Latency:  313[1;0m
[1;34m[Core 1] PASS PATTERN NO.  441 | Func:  ADD | Latency:    6[1;0m
[1;32m[Core 2] PASS PATTERN NO.  441 | Func:   LH | Latency:  690[1;0m
[1;32m[Core 2] PASS PATTERN NO.  442 | Func:   SH | Latency:  438[1;0m
[1;34m[Core 1] PASS PATTERN NO.  442 | Func:   LH | Latency:  975[1;0m
[1;34m[Core 1] PASS PATTERN NO.  443 | Func:  NOR | Latency:    6[1;0m
[1;32m[Core 2] PASS PATTERN NO.  443 | Func:   SH | Latency:  286[1;0m
[1;34m[Core 1] PASS PATTERN NO.  444 | Func: NAND | Latency:  126[1;0m
[1;32m[Core 2] PASS PATTERN NO.  444 | Func:   SH | Latency:  393[1;0m
[1;34m[Core 1] PASS PATTERN NO.  445 | Func:   SH | Latency:  752[1;0m
[1;32m[Core 2] PASS PATTERN NO.  445 | Func:   LH | Latency:  827[1;0m
[1;34m[Core 1] PASS PATTERN NO.  446 | Func:   SH | Latency:  614[1;0m
[1;32m[Core 2] PASS PATTERN NO.  446 | Func:   LH | Latency:  468[1;0m
[1;34m[Core 1] PASS PATTERN NO.  447 | Func:  ADD | Latency:  322[1;0m
[1;32m[Core 2] PASS PATTERN NO.  447 | Func:  MUL | Latency:    9[1;0m
[1;32m[Core 2] PASS PATTERN NO.  448 | Func:   OR | Latency:    6[1;0m
[1;34m[Core 1] PASS PATTERN NO.  448 | Func:   LH | Latency:  370[1;0m
[1;34m[Core 1] PASS PATTERN NO.  449 | Func:  ADD | Latency:    6[1;0m
[1;32m[Core 2] PASS PATTERN NO.  449 | Func:   SH | Latency:  658[1;0m
[1;33m[Info] Global Memory Check Passed at IC 50-boundary (Snapshot 8)[1;0m
[1;34m[Core 1] PASS PATTERN NO.  450 | Func: NAND | Latency:  297[1;0m
[1;32m[Core 2] PASS PATTERN NO.  450 | Func:  XOR | Latency:    6[1;0m
[1;34m[Core 1] PASS PATTERN NO.  451 | Func:  SUB | Latency:    9[1;0m
[1;32m[Core 2] PASS PATTERN NO.  451 | Func:  NOR | Latency:    9[1;0m
[1;34m[Core 1] PASS PATTERN NO.  452 | Func: ADDI | Latency:    9[1;0m
[1;32m[Core 2] PASS PATTERN NO.  452 | Func:   SH | Latency:  348[1;0m
[1;34m[Core 1] PASS PATTERN NO.  453 | Func:  ADD | Latency: 1013[1;0m
[1;32m[Core 2] PASS PATTERN NO.  453 | Func:  SUB | Latency:  674[1;0m
[1;34m[Core 1] PASS PATTERN NO.  454 | Func:  NOR | Latency:    9[1;0m
[1;32m[Core 2] PASS PATTERN NO.  454 | Func:  AND | Latency:    9[1;0m
[1;34m[Core 1] PASS PATTERN NO.  455 | Func:  XOR | Latency:    9[1;0m
[1;32m[Core 2] PASS PATTERN NO.  455 | Func:  AND | Latency:    9[1;0m
[1;34m[Core 1] PASS PATTERN NO.  456 | Func:   SH | Latency:  454[1;0m
[1;32m[Core 2] PASS PATTERN NO.  456 | Func:   LH | Latency:  820[1;0m
[1;34m[Core 1] PASS PATTERN NO.  457 | Func: NAND | Latency:  372[1;0m
[1;32m[Core 2] PASS PATTERN NO.  457 | Func:  MUL | Latency:    9[1;0m
[1;32m[Core 2] PASS PATTERN NO.  458 | Func:  MUL | Latency:    9[1;0m
[1;34m[Core 1] PASS PATTERN NO.  458 | Func:   LH | Latency:  497[1;0m
[1;34m[Core 1] PASS PATTERN NO.  459 | Func:  SUB | Latency:    6[1;0m
[1;32m[Core 2] PASS PATTERN NO.  459 | Func:  AND | Latency:  491[1;0m
[1;34m[Core 1] PASS PATTERN NO.  460 | Func:   OR | Latency:    9[1;0m
[1;32m[Core 2] PASS PATTERN NO.  460 | Func:  SUB | Latency:    9[1;0m
[1;34m[Core 1] PASS PATTERN NO.  461 | Func:  SLT | Latency:    9[1;0m
[1;32m[Core 2] PASS PATTERN NO.  461 | Func:   LH | Latency:  382[1;0m
[1;34m[Core 1] PASS PATTERN NO.  462 | Func: SUBI | Latency:  379[1;0m
[1;32m[Core 2] PASS PATTERN NO.  462 | Func:   LH | Latency:  430[1;0m
[1;34m[Core 1] PASS PATTERN NO.  463 | Func:  XOR | Latency:  430[1;0m
[1;32m[Core 2] PASS PATTERN NO.  463 | Func:  AND | Latency:    6[1;0m
[1;32m[Core 2] PASS PATTERN NO.  464 | Func:  AND | Latency:    9[1;0m
[1;34m[Core 1] PASS PATTERN NO.  464 | Func:   LH | Latency:  293[1;0m
[1;32m[Core 2] PASS PATTERN NO.  465 | Func:  AND | Latency:  290[1;0m
[1;34m[Core 1] PASS PATTERN NO.  465 | Func:  MUL | Latency:    9[1;0m
[1;32m[Core 2] PASS PATTERN NO.  466 | Func: SUBI | Latency:    9[1;0m
[1;34m[Core 1] PASS PATTERN NO.  466 | Func:  MUL | Latency:    9[1;0m
[1;34m[Core 1] PASS PATTERN NO.  467 | Func:   SH | Latency:  449[1;0m
[1;32m[Core 2] PASS PATTERN NO.  467 | Func:   LH | Latency:  773[1;0m
[1;34m[Core 1] PASS PATTERN NO.  468 | Func:  NOR | Latency:  327[1;0m
[1;32m[Core 2] PASS PATTERN NO.  468 | Func:  ADD | Latency:    6[1;0m
[1;34m[Core 1] PASS PATTERN NO.  469 | Func:  BEQ | Latency:    8[1;0m
[1;32m[Core 2] PASS PATTERN NO.  469 | Func:  BEQ | Latency:    8[1;0m
[1;34m[Core 1] PASS PATTERN NO.  470 | Func: ADDI | Latency:    9[1;0m
[1;32m[Core 2] PASS PATTERN NO.  470 | Func:   LH | Latency:  512[1;0m
[1;32m[Core 2] PASS PATTERN NO.  471 | Func: SUBI | Latency:    6[1;0m
[1;34m[Core 1] PASS PATTERN NO.  471 | Func:   SH | Latency:  824[1;0m
[1;32m[Core 2] PASS PATTERN NO.  472 | Func:   OR | Latency:  321[1;0m
[1;34m[Core 1] PASS PATTERN NO.  472 | Func:   LH | Latency:  353[1;0m
[1;34m[Core 1] PASS PATTERN NO.  473 | Func:   OR | Latency:    6[1;0m
[1;32m[Core 2] PASS PATTERN NO.  473 | Func:  SLT | Latency:  353[1;0m
[1;34m[Core 1] PASS PATTERN NO.  474 | Func: SUBI | Latency:    9[1;0m
[1;32m[Core 2] PASS PATTERN NO.  474 | Func:   LH | Latency:  387[1;0m
[1;34m[Core 1] PASS PATTERN NO.  475 | Func:   SH | Latency:  715[1;0m
[1;32m[Core 2] PASS PATTERN NO.  475 | Func:   LH | Latency:  672[1;0m
[1;34m[Core 1] PASS PATTERN NO.  476 | Func:  XOR | Latency:  341[1;0m
[1;32m[Core 2] PASS PATTERN NO.  476 | Func:  SLT | Latency:    6[1;0m
[1;34m[Core 1] PASS PATTERN NO.  477 | Func: SUBI | Latency:  587[1;0m
[1;32m[Core 2] PASS PATTERN NO.  477 | Func:  SLT | Latency:  587[1;0m
[1;34m[Core 1] PASS PATTERN NO.  478 | Func: SUBI | Latency:    9[1;0m
[1;32m[Core 2] PASS PATTERN NO.  478 | Func:   LH | Latency:  473[1;0m
[1;34m[Core 1] PASS PATTERN NO.  479 | Func: SUBI | Latency:  470[1;0m
[1;32m[Core 2] PASS PATTERN NO.  479 | Func: NAND | Latency:    6[1;0m
[1;34m[Core 1] PASS PATTERN NO.  480 | Func:   OR | Latency:    9[1;0m
[1;32m[Core 2] PASS PATTERN NO.  480 | Func:  ADD | Latency:    9[1;0m
[1;32m[Core 2] PASS PATTERN NO.  481 | Func:  SLT | Latency:    9[1;0m
[1;34m[Core 1] PASS PATTERN NO.  481 | Func:   LH | Latency:  512[1;0m
[1;34m[Core 1] PASS PATTERN NO.  482 | Func: ADDI | Latency:    6[1;0m
[1;32m[Core 2] PASS PATTERN NO.  482 | Func:  MUL | Latency:  512[1;0m
[1;32m[Core 2] PASS PATTERN NO.  483 | Func:  NOR | Latency:    6[1;0m
[1;34m[Core 1] PASS PATTERN NO.  483 | Func:   LH | Latency:  238[1;0m
[1;34m[Core 1] PASS PATTERN NO.  484 | Func:  SLT | Latency:    6[1;0m
[1;32m[Core 2] PASS PATTERN NO.  484 | Func:  MUL | Latency:  238[1;0m
[1;32m[Core 2] PASS PATTERN NO.  485 | Func:  NOR | Latency:    6[1;0m
[1;34m[Core 1] PASS PATTERN NO.  485 | Func:  MUL | Latency:   12[1;0m
[1;32m[Core 2] PASS PATTERN NO.  486 | Func: NAND | Latency:    9[1;0m
[1;34m[Core 1] PASS PATTERN NO.  486 | Func:   SH | Latency:  243[1;0m
[1;34m[Core 1] PASS PATTERN NO.  487 | Func:  AND | Latency:    6[1;0m
[1;32m[Core 2] PASS PATTERN NO.  487 | Func:   SH | Latency:  519[1;0m
[1;32m[Core 2] PASS PATTERN NO.  488 | Func: NAND | Latency:    6[1;0m
[1;34m[Core 1] PASS PATTERN NO.  488 | Func:  MUL | Latency:  285[1;0m
[1;32m[Core 2] PASS PATTERN NO.  489 | Func:  AND | Latency:    9[1;0m
[1;34m[Core 1] PASS PATTERN NO.  489 | Func:   LH | Latency:  377[1;0m
[1;34m[Core 1] PASS PATTERN NO.  490 | Func: SUBI | Latency:    6[1;0m
[1;32m[Core 2] PASS PATTERN NO.  490 | Func:   OR | Latency:  377[1;0m
[1;34m[Core 1] PASS PATTERN NO.  491 | Func: SUBI | Latency:    9[1;0m
[1;32m[Core 2] PASS PATTERN NO.  491 | Func: SUBI | Latency:    9[1;0m
[1;34m[Core 1] PASS PATTERN NO.  492 | Func:   LH | Latency:  494[1;0m
[1;32m[Core 2] PASS PATTERN NO.  492 | Func:   LH | Latency:  997[1;0m
[1;34m[Core 1] PASS PATTERN NO.  493 | Func: SUBI | Latency:  509[1;0m
[1;32m[Core 2] PASS PATTERN NO.  493 | Func: SUBI | Latency:    6[1;0m
[1;34m[Core 1] PASS PATTERN NO.  494 | Func: SUBI | Latency:    9[1;0m
[1;32m[Core 2] PASS PATTERN NO.  494 | Func:  MUL | Latency:   12[1;0m
[1;34m[Core 1] PASS PATTERN NO.  495 | Func:   LH | Latency:  244[1;0m
[1;32m[Core 2] PASS PATTERN NO.  495 | Func:   LH | Latency:  433[1;0m
[1;34m[Core 1] PASS PATTERN NO.  496 | Func: NAND | Latency:  198[1;0m
[1;32m[Core 2] PASS PATTERN NO.  496 | Func:   LH | Latency:  251[1;0m
[1;34m[Core 1] PASS PATTERN NO.  497 | Func:   SH | Latency:  464[1;0m
[1;32m[Core 2] PASS PATTERN NO.  497 | Func:   LH | Latency:  386[1;0m
[1;32m[Core 2] PASS PATTERN NO.  498 | Func: ADDI | Latency:    6[1;0m
[1;34m[Core 1] PASS PATTERN NO.  498 | Func:   SH | Latency:  284[1;0m
[1;34m[Core 1] PASS PATTERN NO.  499 | Func:  NOR | Latency:    6[1;0m
[1;32m[Core 2] PASS PATTERN NO.  499 | Func:   LH | Latency:  252[1;0m
[1;33m[Info] Global Memory Check Passed at IC 50-boundary (Snapshot 9)[1;0m
[1;34m[Core 1] PASS PATTERN NO.  500 | Func: SUBI | Latency:  141[1;0m
[1;32m[Core 2] PASS PATTERN NO.  500 | Func:  XOR | Latency:    6[1;0m
[1;32m[Core 2] PASS PATTERN NO.  501 | Func: NAND | Latency:    9[1;0m
[1;34m[Core 1] PASS PATTERN NO.  501 | Func:  MUL | Latency:   12[1;0m
[1;32m[Core 2] PASS PATTERN NO.  502 | Func:   SH | Latency:  498[1;0m
[1;34m[Core 1] PASS PATTERN NO.  502 | Func:   LH | Latency:  682[1;0m
[1;32m[Core 2] PASS PATTERN NO.  503 | Func:  XOR | Latency:  193[1;0m
[1;34m[Core 1] PASS PATTERN NO.  503 | Func:   SH | Latency:  418[1;0m
[1;34m[Core 1] PASS PATTERN NO.  504 | Func: ADDI | Latency:    6[1;0m
[1;32m[Core 2] PASS PATTERN NO.  504 | Func:  AND | Latency:  418[1;0m
[1;34m[Core 1] PASS PATTERN NO.  505 | Func:  NOR | Latency:    9[1;0m
[1;32m[Core 2] PASS PATTERN NO.  505 | Func:   SH | Latency:  209[1;0m
[1;32m[Core 2] PASS PATTERN NO.  506 | Func: SUBI | Latency:    6[1;0m
[1;34m[Core 1] PASS PATTERN NO.  506 | Func:   LH | Latency:  677[1;0m
[1;34m[Core 1] PASS PATTERN NO.  507 | Func:  XOR | Latency:    6[1;0m
[1;32m[Core 2] PASS PATTERN NO.  507 | Func:   LH | Latency:  603[1;0m
[1;34m[Core 1] PASS PATTERN NO.  508 | Func:  SUB | Latency:  132[1;0m
[1;32m[Core 2] PASS PATTERN NO.  508 | Func:  MUL | Latency:    9[1;0m
[1;34m[Core 1] PASS PATTERN NO.  509 | Func:  MUL | Latency:  784[1;0m
[1;32m[Core 2] PASS PATTERN NO.  509 | Func:   SH | Latency: 1266[1;0m
[1;34m[Core 1] PASS PATTERN NO.  510 | Func:  SLT | Latency:  491[1;0m
[1;32m[Core 2] PASS PATTERN NO.  510 | Func:   LH | Latency:  152[1;0m
[1;34m[Core 1] PASS PATTERN NO.  511 | Func: SUBI | Latency:  152[1;0m
[1;32m[Core 2] PASS PATTERN NO.  511 | Func:   LH | Latency:  462[1;0m
[1;34m[Core 1] PASS PATTERN NO.  512 | Func: NAND | Latency:  462[1;0m
[1;32m[Core 2] PASS PATTERN NO.  512 | Func:  SUB | Latency:    6[1;0m
[1;32m[Core 2] PASS PATTERN NO.  513 | Func: ADDI | Latency:    9[1;0m
[1;34m[Core 1] PASS PATTERN NO.  513 | Func:  MUL | Latency:   12[1;0m
[1;34m[Core 1] PASS PATTERN NO.  514 | Func:  SLT | Latency:    6[1;0m
[1;32m[Core 2] PASS PATTERN NO.  514 | Func:   SH | Latency:  237[1;0m
[1;32m[Core 2] PASS PATTERN NO.  515 | Func:  NOR | Latency:    6[1;0m
[1;34m[Core 1] PASS PATTERN NO.  515 | Func:   LH | Latency:  494[1;0m
[1;34m[Core 1] PASS PATTERN NO.  516 | Func:  SUB | Latency:    6[1;0m
[1;32m[Core 2] PASS PATTERN NO.  516 | Func:   SH | Latency:  381[1;0m
[1;34m[Core 1] PASS PATTERN NO.  517 | Func:  XOR | Latency:  121[1;0m
[1;32m[Core 2] PASS PATTERN NO.  517 | Func:   LH | Latency:  370[1;0m
[1;32m[Core 2] PASS PATTERN NO.  518 | Func:  MUL | Latency:    9[1;0m
[1;34m[Core 1] PASS PATTERN NO.  518 | Func:   SH | Latency:  509[1;0m
[1;32m[Core 2] PASS PATTERN NO.  519 | Func:  MUL | Latency:  145[1;0m
[1;34m[Core 1] PASS PATTERN NO.  519 | Func:   LH | Latency:  291[1;0m
[1;34m[Core 1] PASS PATTERN NO.  520 | Func:   SH | Latency:  231[1;0m
[1;32m[Core 2] PASS PATTERN NO.  520 | Func:   LH | Latency: 1018[1;0m
[1;32m[Core 2] PASS PATTERN NO.  521 | Func:   SH | Latency:  322[1;0m
[1;34m[Core 1] PASS PATTERN NO.  521 | Func:   LH | Latency: 1096[1;0m
[1;34m[Core 1] PASS PATTERN NO.  522 | Func:  NOR | Latency:    6[1;0m
[1;32m[Core 2] PASS PATTERN NO.  522 | Func:   SH | Latency:  520[1;0m
[1;32m[Core 2] PASS PATTERN NO.  523 | Func:  SLT | Latency:    6[1;0m
[1;34m[Core 1] PASS PATTERN NO.  523 | Func:   LH | Latency:  441[1;0m
[1;32m[Core 2] PASS PATTERN NO.  524 | Func:   SH | Latency:  661[1;0m
[1;34m[Core 1] PASS PATTERN NO.  524 | Func:   LH | Latency:  665[1;0m
[1;32m[Core 2] PASS PATTERN NO.  525 | Func:  MUL | Latency:  203[1;0m
[1;34m[Core 1] PASS PATTERN NO.  525 | Func:   SH | Latency:  398[1;0m
[1;34m[Core 1] PASS PATTERN NO.  526 | Func:  SUB | Latency:    6[1;0m
[1;32m[Core 2] PASS PATTERN NO.  526 | Func: ADDI | Latency:  395[1;0m
[1;34m[Core 1] PASS PATTERN NO.  527 | Func:  SUB | Latency:    9[1;0m
[1;32m[Core 2] PASS PATTERN NO.  527 | Func: ADDI | Latency:    9[1;0m
[1;32m[Core 2] PASS PATTERN NO.  528 | Func:  XOR | Latency:    9[1;0m
[1;34m[Core 1] PASS PATTERN NO.  528 | Func:   SH | Latency:  313[1;0m
[1;34m[Core 1] PASS PATTERN NO.  529 | Func: ADDI | Latency:    6[1;0m
[1;32m[Core 2] PASS PATTERN NO.  529 | Func: ADDI | Latency:  310[1;0m
[1;34m[Core 1] PASS PATTERN NO.  530 | Func:   LH | Latency:  415[1;0m
[1;32m[Core 2] PASS PATTERN NO.  530 | Func:   LH | Latency:  548[1;0m
[1;32m[Core 2] PASS PATTERN NO.  531 | Func: NAND | Latency:    6[1;0m
[1;34m[Core 1] PASS PATTERN NO.  531 | Func:   LH | Latency:  263[1;0m
[1;34m[Core 1] PASS PATTERN NO.  532 | Func:  SUB | Latency:    6[1;0m
[1;32m[Core 2] PASS PATTERN NO.  532 | Func:   LH | Latency:  372[1;0m
[1;34m[Core 1] PASS PATTERN NO.  533 | Func:  ADD | Latency:  248[1;0m
[1;32m[Core 2] PASS PATTERN NO.  533 | Func:  NOR | Latency:    6[1;0m
[1;32m[Core 2] PASS PATTERN NO.  534 | Func: ADDI | Latency:    9[1;0m
[1;34m[Core 1] PASS PATTERN NO.  534 | Func:   LH | Latency:  427[1;0m
[1;32m[Core 2] PASS PATTERN NO.  535 | Func:   SH | Latency:  833[1;0m
[1;34m[Core 1] PASS PATTERN NO.  535 | Func:   LH | Latency:  589[1;0m
[1;34m[Core 1] PASS PATTERN NO.  536 | Func: ADDI | Latency:    6[1;0m
[1;32m[Core 2] PASS PATTERN NO.  536 | Func: ADDI | Latency:  180[1;0m
[1;32m[Core 2] PASS PATTERN NO.  537 | Func: NAND | Latency:    9[1;0m
[1;34m[Core 1] PASS PATTERN NO.  537 | Func:   LH | Latency:  297[1;0m
[1;32m[Core 2] PASS PATTERN NO.  538 | Func: ADDI | Latency:  294[1;0m
[1;34m[Core 1] PASS PATTERN NO.  538 | Func:  MUL | Latency:    9[1;0m
[1;34m[Core 1] PASS PATTERN NO.  539 | Func:   OR | Latency:    6[1;0m
[1;32m[Core 2] PASS PATTERN NO.  539 | Func: NAND | Latency:    9[1;0m
[1;34m[Core 1] PASS PATTERN NO.  540 | Func:  MUL | Latency:   12[1;0m
[1;32m[Core 2] PASS PATTERN NO.  540 | Func:   SH | Latency:  257[1;0m
[1;34m[Core 1] PASS PATTERN NO.  541 | Func:   SH | Latency:  931[1;0m
[1;32m[Core 2] PASS PATTERN NO.  541 | Func:   LH | Latency: 1068[1;0m
[1;34m[Core 1] PASS PATTERN NO.  542 | Func:  AND | Latency:  388[1;0m
[1;32m[Core 2] PASS PATTERN NO.  542 | Func:   LH | Latency:  485[1;0m
[1;34m[Core 1] PASS PATTERN NO.  543 | Func: ADDI | Latency:  485[1;0m
[1;32m[Core 2] PASS PATTERN NO.  543 | Func:   LH | Latency:  368[1;0m
[1;34m[Core 1] PASS PATTERN NO.  544 | Func:  AND | Latency:  368[1;0m
[1;32m[Core 2] PASS PATTERN NO.  544 | Func:   LH | Latency:  262[1;0m
[1;32m[Core 2] PASS PATTERN NO.  545 | Func:  AND | Latency:    6[1;0m
[1;34m[Core 1] PASS PATTERN NO.  545 | Func:   LH | Latency:  379[1;0m
[1;34m[Core 1] PASS PATTERN NO.  546 | Func:  NOR | Latency:    6[1;0m
[1;32m[Core 2] PASS PATTERN NO.  546 | Func: NAND | Latency:  123[1;0m
[1;32m[Core 2] PASS PATTERN NO.  547 | Func: ADDI | Latency:    9[1;0m
[1;34m[Core 1] PASS PATTERN NO.  547 | Func:   SH | Latency:  281[1;0m
[1;32m[Core 2] PASS PATTERN NO.  548 | Func: SUBI | Latency:  278[1;0m
[1;34m[Core 1] PASS PATTERN NO.  548 | Func:   SH | Latency:  267[1;0m
[1;34m[Core 1] PASS PATTERN NO.  549 | Func:  SUB | Latency:    6[1;0m
[1;32m[Core 2] PASS PATTERN NO.  549 | Func:   LH | Latency:  595[1;0m
[1;33m[Info] Global Memory Check Passed at IC 50-boundary (Snapshot 10)[1;0m
[1;34m[Core 1] PASS PATTERN NO.  550 | Func:   OR | Latency:  334[1;0m
[1;32m[Core 2] PASS PATTERN NO.  550 | Func:   SH | Latency:  461[1;0m
[1;34m[Core 1] PASS PATTERN NO.  551 | Func:  MUL | Latency:  464[1;0m
[1;32m[Core 2] PASS PATTERN NO.  551 | Func:  MUL | Latency:   10[1;0m
[1;34m[Core 1] PASS PATTERN NO.  552 | Func: ADDI | Latency:    9[1;0m
[1;32m[Core 2] PASS PATTERN NO.  552 | Func:   SH | Latency:  137[1;0m
[1;34m[Core 1] PASS PATTERN NO.  553 | Func:  SUB | Latency:  135[1;0m
[1;32m[Core 2] PASS PATTERN NO.  553 | Func:   SH | Latency:  402[1;0m
[1;34m[Core 1] PASS PATTERN NO.  554 | Func:  XOR | Latency:  402[1;0m
[1;32m[Core 2] PASS PATTERN NO.  554 | Func:  AND | Latency:    6[1;0m
[1;32m[Core 2] PASS PATTERN NO.  555 | Func:   SH | Latency:  394[1;0m
[1;34m[Core 1] PASS PATTERN NO.  555 | Func:   LH | Latency:  519[1;0m
[1;34m[Core 1] PASS PATTERN NO.  556 | Func:  ADD | Latency:    6[1;0m
[1;32m[Core 2] PASS PATTERN NO.  556 | Func: ADDI | Latency:  131[1;0m
[1;34m[Core 1] PASS PATTERN NO.  557 | Func:  SLT | Latency:    9[1;0m
[1;32m[Core 2] PASS PATTERN NO.  557 | Func:   SH | Latency:  209[1;0m
[1;34m[Core 1] PASS PATTERN NO.  558 | Func: NAND | Latency:  206[1;0m
[1;32m[Core 2] PASS PATTERN NO.  558 | Func:   LH | Latency:  350[1;0m
[1;34m[Core 1] PASS PATTERN NO.  559 | Func:  MUL | Latency:  353[1;0m
[1;32m[Core 2] PASS PATTERN NO.  559 | Func:   SH | Latency:  204[1;0m
[1;32m[Core 2] PASS PATTERN NO.  560 | Func:  XOR | Latency:    6[1;0m
[1;34m[Core 1] PASS PATTERN NO.  560 | Func:   LH | Latency:  582[1;0m
[1;32m[Core 2] PASS PATTERN NO.  561 | Func: ADDI | Latency:  387[1;0m
[1;34m[Core 1] PASS PATTERN NO.  561 | Func:   LH | Latency:  252[1;0m
[1;32m[Core 2] PASS PATTERN NO.  562 | Func:  SLT | Latency:  252[1;0m
[1;34m[Core 1] PASS PATTERN NO.  562 | Func:   SH | Latency:  277[1;0m
[1;34m[Core 1] PASS PATTERN NO.  563 | Func:  AND | Latency:    6[1;0m
[1;32m[Core 2] PASS PATTERN NO.  563 | Func:  SLT | Latency:  277[1;0m
[1;34m[Core 1] PASS PATTERN NO.  564 | Func:  XOR | Latency:    9[1;0m
[1;32m[Core 2] PASS PATTERN NO.  564 | Func: NAND | Latency:    9[1;0m
[1;34m[Core 1] PASS PATTERN NO.  565 | Func: ADDI | Latency:    9[1;0m
[1;32m[Core 2] PASS PATTERN NO.  565 | Func:  NOR | Latency:    9[1;0m
[1;34m[Core 1] PASS PATTERN NO.  566 | Func:  ADD | Latency:    9[1;0m
[1;32m[Core 2] PASS PATTERN NO.  566 | Func:  AND | Latency:    9[1;0m
[1;34m[Core 1] PASS PATTERN NO.  567 | Func: ADDI | Latency:    9[1;0m
[1;32m[Core 2] PASS PATTERN NO.  567 | Func:  SLT | Latency:    9[1;0m
[1;32m[Core 2] PASS PATTERN NO.  568 | Func: ADDI | Latency:    9[1;0m
[1;34m[Core 1] PASS PATTERN NO.  568 | Func:   SH | Latency:  419[1;0m
[1;32m[Core 2] PASS PATTERN NO.  569 | Func:   OR | Latency:  416[1;0m
[1;34m[Core 1] PASS PATTERN NO.  569 | Func:   SH | Latency:  181[1;0m
[1;32m[Core 2] PASS PATTERN NO.  570 | Func: ADDI | Latency:  181[1;0m
[1;34m[Core 1] PASS PATTERN NO.  570 | Func:  MUL | Latency:    9[1;0m
[1;34m[Core 1] PASS PATTERN NO.  571 | Func:   LH | Latency:  332[1;0m
[1;32m[Core 2] PASS PATTERN NO.  571 | Func:   LH | Latency:  827[1;0m
[1;34m[Core 1] PASS PATTERN NO.  572 | Func:   SH | Latency:  898[1;0m
[1;32m[Core 2] PASS PATTERN NO.  572 | Func:   LH | Latency:  542[1;0m
[1;34m[Core 1] PASS PATTERN NO.  573 | Func: ADDI | Latency:  289[1;0m
[1;32m[Core 2] PASS PATTERN NO.  573 | Func:   LH | Latency:  469[1;0m
[1;34m[Core 1] PASS PATTERN NO.  574 | Func:  SUB | Latency:  322[1;0m
[1;32m[Core 2] PASS PATTERN NO.  574 | Func:  ADD | Latency:    6[1;0m
[1;34m[Core 1] PASS PATTERN NO.  575 | Func:  AND | Latency:    9[1;0m
[1;32m[Core 2] PASS PATTERN NO.  575 | Func:   LH | Latency:  358[1;0m
[1;34m[Core 1] PASS PATTERN NO.  576 | Func: SUBI | Latency:  355[1;0m
[1;32m[Core 2] PASS PATTERN NO.  576 | Func:   OR | Latency:    6[1;0m
[1;34m[Core 1] PASS PATTERN NO.  577 | Func:   OR | Latency:    9[1;0m
[1;32m[Core 2] PASS PATTERN NO.  577 | Func:  XOR | Latency:    9[1;0m
[1;34m[Core 1] PASS PATTERN NO.  578 | Func:  SLT | Latency:    9[1;0m
[1;32m[Core 2] PASS PATTERN NO.  578 | Func:  ADD | Latency:    9[1;0m
[1;34m[Core 1] PASS PATTERN NO.  579 | Func:  MUL | Latency:   12[1;0m
[1;32m[Core 2] PASS PATTERN NO.  579 | Func:  MUL | Latency:   13[1;0m
[1;34m[Core 1] PASS PATTERN NO.  580 | Func: ADDI | Latency:    9[1;0m
[1;32m[Core 2] PASS PATTERN NO.  580 | Func:   SH | Latency:  362[1;0m
[1;34m[Core 1] PASS PATTERN NO.  581 | Func:  ADD | Latency:  360[1;0m
[1;32m[Core 2] PASS PATTERN NO.  581 | Func:   SH | Latency:  234[1;0m
[1;34m[Core 1] PASS PATTERN NO.  582 | Func:   LH | Latency:  347[1;0m
[1;32m[Core 2] PASS PATTERN NO.  582 | Func:   LH | Latency:  446[1;0m
[1;34m[Core 1] PASS PATTERN NO.  583 | Func:   SH | Latency:  724[1;0m
[1;32m[Core 2] PASS PATTERN NO.  583 | Func:   LH | Latency:  570[1;0m
[1;32m[Core 2] PASS PATTERN NO.  584 | Func:  SLT | Latency:    6[1;0m
[1;34m[Core 1] PASS PATTERN NO.  584 | Func:  MUL | Latency:  182[1;0m
[1;34m[Core 1] PASS PATTERN NO.  585 | Func:  MUL | Latency:    9[1;0m
[1;32m[Core 2] PASS PATTERN NO.  585 | Func:   SH | Latency:  413[1;0m
[1;32m[Core 2] PASS PATTERN NO.  586 | Func:   SH | Latency:  237[1;0m
[1;34m[Core 1] PASS PATTERN NO.  586 | Func:   LH | Latency:  922[1;0m
[1;34m[Core 1] PASS PATTERN NO.  587 | Func:   SH | Latency:  141[1;0m
[1;32m[Core 2] PASS PATTERN NO.  587 | Func:   LH | Latency:  707[1;0m
[1;34m[Core 1] PASS PATTERN NO.  588 | Func:   SH | Latency:  718[1;0m
[1;32m[Core 2] PASS PATTERN NO.  588 | Func:   LH | Latency:  853[1;0m
[1;34m[Core 1] PASS PATTERN NO.  589 | Func: ADDI | Latency:  423[1;0m
[1;32m[Core 2] PASS PATTERN NO.  589 | Func:  NOR | Latency:    6[1;0m
[1;34m[Core 1] PASS PATTERN NO.  590 | Func:  NOR | Latency:    9[1;0m
[1;32m[Core 2] PASS PATTERN NO.  590 | Func:   SH | Latency:  277[1;0m
[1;34m[Core 1] PASS PATTERN NO.  591 | Func:  NOR | Latency:  274[1;0m
[1;32m[Core 2] PASS PATTERN NO.  591 | Func:  SLT | Latency:    6[1;0m
[1;34m[Core 1] PASS PATTERN NO.  592 | Func: SUBI | Latency:    9[1;0m
[1;32m[Core 2] PASS PATTERN NO.  592 | Func:  ADD | Latency:    9[1;0m
[1;34m[Core 1] PASS PATTERN NO.  593 | Func:  MUL | Latency:   12[1;0m
[1;32m[Core 2] PASS PATTERN NO.  593 | Func:  MUL | Latency:   13[1;0m
[1;32m[Core 2] PASS PATTERN NO.  594 | Func:  MUL | Latency:   11[1;0m
[1;34m[Core 1] PASS PATTERN NO.  594 | Func:   SH | Latency:  356[1;0m
[1;32m[Core 2] PASS PATTERN NO.  595 | Func:   SH | Latency:  522[1;0m
[1;34m[Core 1] PASS PATTERN NO.  595 | Func:   LH | Latency:  408[1;0m
[1;32m[Core 2] PASS PATTERN NO.  596 | Func:  XOR | Latency:  236[1;0m
[1;34m[Core 1] PASS PATTERN NO.  596 | Func:   SH | Latency:  179[1;0m
[1;34m[Core 1] PASS PATTERN NO.  597 | Func: NAND | Latency:    6[1;0m
[1;32m[Core 2] PASS PATTERN NO.  597 | Func:  SLT | Latency:  179[1;0m
[1;34m[Core 1] PASS PATTERN NO.  598 | Func:  NOR | Latency:    9[1;0m
[1;32m[Core 2] PASS PATTERN NO.  598 | Func:  MUL | Latency:   12[1;0m
[1;34m[Core 1] PASS PATTERN NO.  599 | Func:   OR | Latency:    9[1;0m
[1;32m[Core 2] PASS PATTERN NO.  599 | Func:  XOR | Latency:    6[1;0m
[1;33m[Info] Global Memory Check Passed at IC 50-boundary (Snapshot 11)[1;0m
[1;34m[Core 1] PASS PATTERN NO.  600 | Func:  MUL | Latency:   12[1;0m
[1;32m[Core 2] PASS PATTERN NO.  600 | Func:   SH | Latency:  473[1;0m
[1;34m[Core 1] PASS PATTERN NO.  601 | Func:  SUB | Latency:  467[1;0m
[1;32m[Core 2] PASS PATTERN NO.  601 | Func:  SLT | Latency:    6[1;0m
[1;34m[Core 1] PASS PATTERN NO.  602 | Func:  XOR | Latency:    9[1;0m
[1;32m[Core 2] PASS PATTERN NO.  602 | Func: NAND | Latency:    9[1;0m
[1;32m[Core 2] PASS PATTERN NO.  603 | Func:  MUL | Latency:   12[1;0m
[1;34m[Core 1] PASS PATTERN NO.  603 | Func:   LH | Latency:  294[1;0m
[1;34m[Core 1] PASS PATTERN NO.  604 | Func:  SUB | Latency:    6[1;0m
[1;32m[Core 2] PASS PATTERN NO.  604 | Func:   LH | Latency:  709[1;0m
[1;32m[Core 2] PASS PATTERN NO.  605 | Func:   OR | Latency:  283[1;0m
[1;34m[Core 1] PASS PATTERN NO.  605 | Func:  MUL | Latency:  707[1;0m
[1;32m[Core 2] PASS PATTERN NO.  606 | Func: ADDI | Latency:    9[1;0m
[1;34m[Core 1] PASS PATTERN NO.  606 | Func:   SH | Latency:  350[1;0m
[1;34m[Core 1] PASS PATTERN NO.  607 | Func:  NOR | Latency:    6[1;0m
[1;32m[Core 2] PASS PATTERN NO.  607 | Func:   LH | Latency:  472[1;0m
[1;34m[Core 1] PASS PATTERN NO.  608 | Func:   SH | Latency:  323[1;0m
[1;32m[Core 2] PASS PATTERN NO.  608 | Func:   LH | Latency:  497[1;0m
[1;32m[Core 2] PASS PATTERN NO.  609 | Func:   SH | Latency:  225[1;0m
[1;34m[Core 1] PASS PATTERN NO.  609 | Func:   LH | Latency:  997[1;0m
[1;34m[Core 1] PASS PATTERN NO.  610 | Func:   LH | Latency:  265[1;0m
[1;32m[Core 2] PASS PATTERN NO.  610 | Func:   LH | Latency: 1015[1;0m
[1;34m[Core 1] PASS PATTERN NO.  611 | Func: SUBI | Latency:  280[1;0m
[1;32m[Core 2] PASS PATTERN NO.  611 | Func:   LH | Latency:  229[1;0m
[1;32m[Core 2] PASS PATTERN NO.  612 | Func:  SUB | Latency:    6[1;0m
[1;34m[Core 1] PASS PATTERN NO.  612 | Func:   SH | Latency:  530[1;0m
[1;34m[Core 1] PASS PATTERN NO.  613 | Func: ADDI | Latency:    6[1;0m
[1;32m[Core 2] PASS PATTERN NO.  613 | Func:  NOR | Latency:  307[1;0m
[1;34m[Core 1] PASS PATTERN NO.  614 | Func:  SLT | Latency:    9[1;0m
[1;32m[Core 2] PASS PATTERN NO.  614 | Func:   SH | Latency:  457[1;0m
[1;34m[Core 1] PASS PATTERN NO.  615 | Func:   SH | Latency:  626[1;0m
[1;32m[Core 2] PASS PATTERN NO.  615 | Func:   LH | Latency:  598[1;0m
[1;34m[Core 1] PASS PATTERN NO.  616 | Func:  SLT | Latency:  426[1;0m
[1;32m[Core 2] PASS PATTERN NO.  616 | Func:   SH | Latency:  296[1;0m
[1;32m[Core 2] PASS PATTERN NO.  617 | Func:  MUL | Latency:    9[1;0m
[1;34m[Core 1] PASS PATTERN NO.  617 | Func:   LH | Latency:  764[1;0m
[1;32m[Core 2] PASS PATTERN NO.  618 | Func:   OR | Latency:  471[1;0m
[1;34m[Core 1] PASS PATTERN NO.  618 | Func:   SH | Latency:  437[1;0m
[1;32m[Core 2] PASS PATTERN NO.  619 | Func:  XOR | Latency:  437[1;0m
[1;34m[Core 1] PASS PATTERN NO.  619 | Func:   LH | Latency:  472[1;0m
[1;34m[Core 1] PASS PATTERN NO.  620 | Func: ADDI | Latency:    6[1;0m
[1;32m[Core 2] PASS PATTERN NO.  620 | Func:  MUL | Latency:  475[1;0m
[1;34m[Core 1] PASS PATTERN NO.  621 | Func:  SUB | Latency:    9[1;0m
[1;32m[Core 2] PASS PATTERN NO.  621 | Func:   SH | Latency:  472[1;0m
[1;32m[Core 2] PASS PATTERN NO.  622 | Func:  XOR | Latency:    6[1;0m
[1;34m[Core 1] PASS PATTERN NO.  622 | Func:   LH | Latency:  731[1;0m
[1;34m[Core 1] PASS PATTERN NO.  623 | Func: SUBI | Latency:    6[1;0m
[1;32m[Core 2] PASS PATTERN NO.  623 | Func:  SLT | Latency:  265[1;0m
[1;34m[Core 1] PASS PATTERN NO.  624 | Func:  ADD | Latency:    9[1;0m
[1;32m[Core 2] PASS PATTERN NO.  624 | Func:   SH | Latency:  331[1;0m
[1;34m[Core 1] PASS PATTERN NO.  625 | Func:  BEQ | Latency:  327[1;0m
[1;32m[Core 2] PASS PATTERN NO.  625 | Func:  BEQ | Latency:    5[1;0m
[1;32m[Core 2] PASS PATTERN NO.  626 | Func:  AND | Latency:    9[1;0m
[1;34m[Core 1] PASS PATTERN NO.  626 | Func:   SH | Latency:  198[1;0m
[1;34m[Core 1] PASS PATTERN NO.  627 | Func:  SLT | Latency:    6[1;0m
[1;32m[Core 2] PASS PATTERN NO.  627 | Func: NAND | Latency:  195[1;0m
[1;34m[Core 1] PASS PATTERN NO.  628 | Func:  NOR | Latency:    9[1;0m
[1;32m[Core 2] PASS PATTERN NO.  628 | Func:  SUB | Latency:    9[1;0m
[1;32m[Core 2] PASS PATTERN NO.  629 | Func:   OR | Latency:  671[1;0m
[1;34m[Core 1] PASS PATTERN NO.  629 | Func:  MUL | Latency:  674[1;0m
[1;34m[Core 1] PASS PATTERN NO.  630 | Func:   SH | Latency:  145[1;0m
[1;32m[Core 2] PASS PATTERN NO.  630 | Func:   LH | Latency:  427[1;0m
[1;32m[Core 2] PASS PATTERN NO.  631 | Func:  NOR | Latency:    6[1;0m
[1;34m[Core 1] PASS PATTERN NO.  631 | Func:   SH | Latency:  551[1;0m
[1;32m[Core 2] PASS PATTERN NO.  632 | Func:  AND | Latency:  272[1;0m
[1;34m[Core 1] PASS PATTERN NO.  632 | Func:   LH | Latency:  304[1;0m
[1;34m[Core 1] PASS PATTERN NO.  633 | Func:  XOR | Latency:    6[1;0m
[1;32m[Core 2] PASS PATTERN NO.  633 | Func: SUBI | Latency:  304[1;0m
[1;32m[Core 2] PASS PATTERN NO.  634 | Func:  ADD | Latency:    9[1;0m
[1;34m[Core 1] PASS PATTERN NO.  634 | Func:   LH | Latency:  274[1;0m
[1;32m[Core 2] PASS PATTERN NO.  635 | Func:   OR | Latency:  271[1;0m
[1;34m[Core 1] PASS PATTERN NO.  635 | Func:   SH | Latency:  440[1;0m
[1;34m[Core 1] PASS PATTERN NO.  636 | Func:   LH | Latency:  487[1;0m
[1;32m[Core 2] PASS PATTERN NO.  636 | Func:   LH | Latency: 1280[1;0m
[1;34m[Core 1] PASS PATTERN NO.  637 | Func: NAND | Latency:  365[1;0m
[1;32m[Core 2] PASS PATTERN NO.  637 | Func:  MUL | Latency:    9[1;0m
[1;32m[Core 2] PASS PATTERN NO.  638 | Func:  SLT | Latency:    6[1;0m
[1;34m[Core 1] PASS PATTERN NO.  638 | Func:   LH | Latency:  149[1;0m
[1;34m[Core 1] PASS PATTERN NO.  639 | Func:  SUB | Latency:    6[1;0m
[1;32m[Core 2] PASS PATTERN NO.  639 | Func:  NOR | Latency:  146[1;0m
[1;34m[Core 1] PASS PATTERN NO.  640 | Func: ADDI | Latency:    9[1;0m
[1;32m[Core 2] PASS PATTERN NO.  640 | Func:   SH | Latency:  287[1;0m
[1;34m[Core 1] PASS PATTERN NO.  641 | Func: SUBI | Latency:  284[1;0m
[1;32m[Core 2] PASS PATTERN NO.  641 | Func:  MUL | Latency:    9[1;0m
[1;32m[Core 2] PASS PATTERN NO.  642 | Func:  XOR | Latency:    6[1;0m
[1;34m[Core 1] PASS PATTERN NO.  642 | Func:  MUL | Latency:   12[1;0m
[1;32m[Core 2] PASS PATTERN NO.  643 | Func: SUBI | Latency:    9[1;0m
[1;34m[Core 1] PASS PATTERN NO.  643 | Func:  MUL | Latency:    9[1;0m
[1;32m[Core 2] PASS PATTERN NO.  644 | Func:  NOR | Latency:    9[1;0m
[1;34m[Core 1] PASS PATTERN NO.  644 | Func:   LH | Latency:  472[1;0m
[1;32m[Core 2] PASS PATTERN NO.  645 | Func:  SUB | Latency:  472[1;0m
[1;34m[Core 1] PASS PATTERN NO.  645 | Func:   LH | Latency:  328[1;0m
[1;34m[Core 1] PASS PATTERN NO.  646 | Func:  ADD | Latency:    6[1;0m
[1;32m[Core 2] PASS PATTERN NO.  646 | Func:  AND | Latency:  328[1;0m
[1;34m[Core 1] PASS PATTERN NO.  647 | Func:  ADD | Latency:    9[1;0m
[1;32m[Core 2] PASS PATTERN NO.  647 | Func:  MUL | Latency:   12[1;0m
[1;34m[Core 1] PASS PATTERN NO.  648 | Func:   SH | Latency:  232[1;0m
[1;32m[Core 2] PASS PATTERN NO.  648 | Func:   LH | Latency:  464[1;0m
[1;34m[Core 1] PASS PATTERN NO.  649 | Func:  XOR | Latency:  241[1;0m
[1;32m[Core 2] PASS PATTERN NO.  649 | Func: ADDI | Latency:    6[1;0m
[1;33m[Info] Global Memory Check Passed at IC 50-boundary (Snapshot 12)[1;0m
[1;34m[Core 1] PASS PATTERN NO.  650 | Func:  XOR | Latency:    9[1;0m
[1;32m[Core 2] PASS PATTERN NO.  650 | Func:  XOR | Latency:    9[1;0m
[1;34m[Core 1] PASS PATTERN NO.  651 | Func:  NOR | Latency:    9[1;0m
[1;32m[Core 2] PASS PATTERN NO.  651 | Func:  SUB | Latency:    9[1;0m
[1;32m[Core 2] PASS PATTERN NO.  652 | Func:  MUL | Latency:   12[1;0m
[1;34m[Core 1] PASS PATTERN NO.  652 | Func:   LH | Latency:  444[1;0m
[1;34m[Core 1] PASS PATTERN NO.  653 | Func:  NOR | Latency:    6[1;0m
[1;32m[Core 2] PASS PATTERN NO.  653 | Func:  SLT | Latency:  438[1;0m
[1;34m[Core 1] PASS PATTERN NO.  654 | Func: ADDI | Latency:    9[1;0m
[1;32m[Core 2] PASS PATTERN NO.  654 | Func:  MUL | Latency:   12[1;0m
[1;34m[Core 1] PASS PATTERN NO.  655 | Func:  SLT | Latency:    9[1;0m
[1;32m[Core 2] PASS PATTERN NO.  655 | Func:   SH | Latency:  126[1;0m
[1;34m[Core 1] PASS PATTERN NO.  656 | Func: ADDI | Latency:  126[1;0m
[1;32m[Core 2] PASS PATTERN NO.  656 | Func:  XOR | Latency:    6[1;0m
[1;32m[Core 2] PASS PATTERN NO.  657 | Func:  MUL | Latency:   12[1;0m
[1;34m[Core 1] PASS PATTERN NO.  657 | Func:   LH | Latency:  483[1;0m
[1;34m[Core 1] PASS PATTERN NO.  658 | Func:  SLT | Latency:    6[1;0m
[1;32m[Core 2] PASS PATTERN NO.  658 | Func:   LH | Latency:  882[1;0m
[1;34m[Core 1] PASS PATTERN NO.  659 | Func:   OR | Latency:  411[1;0m
[1;32m[Core 2] PASS PATTERN NO.  659 | Func:  ADD | Latency:    6[1;0m
[1;32m[Core 2] PASS PATTERN NO.  660 | Func: SUBI | Latency:    9[1;0m
[1;34m[Core 1] PASS PATTERN NO.  660 | Func:   LH | Latency:  332[1;0m
[1;34m[Core 1] PASS PATTERN NO.  661 | Func:  ADD | Latency:  450[1;0m
[1;32m[Core 2] PASS PATTERN NO.  661 | Func:   LH | Latency: 1077[1;0m
[1;32m[Core 2] PASS PATTERN NO.  662 | Func:  SUB | Latency:    6[1;0m
[1;34m[Core 1] PASS PATTERN NO.  662 | Func:   SH | Latency:  520[1;0m
[1;32m[Core 2] PASS PATTERN NO.  663 | Func:  SUB | Latency:  216[1;0m
[1;34m[Core 1] PASS PATTERN NO.  663 | Func:   SH | Latency:  236[1;0m
[1;32m[Core 2] PASS PATTERN NO.  664 | Func:   OR | Latency:  236[1;0m
[1;34m[Core 1] PASS PATTERN NO.  664 | Func:   SH | Latency:  357[1;0m
[1;34m[Core 1] PASS PATTERN NO.  665 | Func:  XOR | Latency:    6[1;0m
[1;32m[Core 2] PASS PATTERN NO.  665 | Func:  AND | Latency:  357[1;0m
[1;32m[Core 2] PASS PATTERN NO.  666 | Func:   SH | Latency:  338[1;0m
[1;34m[Core 1] PASS PATTERN NO.  666 | Func:   LH | Latency:  767[1;0m
[1;34m[Core 1] PASS PATTERN NO.  667 | Func:  ADD | Latency:    6[1;0m
[1;32m[Core 2] PASS PATTERN NO.  667 | Func:   SH | Latency:  623[1;0m
[1;34m[Core 1] PASS PATTERN NO.  668 | Func:  XOR | Latency:  194[1;0m
[1;32m[Core 2] PASS PATTERN NO.  668 | Func:  MUL | Latency:    9[1;0m
[1;34m[Core 1] PASS PATTERN NO.  669 | Func:   SH | Latency:  248[1;0m
[1;32m[Core 2] PASS PATTERN NO.  669 | Func:   LH | Latency:  611[1;0m
[1;34m[Core 1] PASS PATTERN NO.  670 | Func: SUBI | Latency:  372[1;0m
[1;32m[Core 2] PASS PATTERN NO.  670 | Func:  XOR | Latency:    6[1;0m
[1;34m[Core 1] PASS PATTERN NO.  671 | Func:  SUB | Latency:    9[1;0m
[1;32m[Core 2] PASS PATTERN NO.  671 | Func: SUBI | Latency:    9[1;0m
[1;34m[Core 1] PASS PATTERN NO.  672 | Func:  MUL | Latency:   12[1;0m
[1;32m[Core 2] PASS PATTERN NO.  672 | Func:   LH | Latency:  452[1;0m
[1;34m[Core 1] PASS PATTERN NO.  673 | Func:   SH | Latency:  952[1;0m
[1;32m[Core 2] PASS PATTERN NO.  673 | Func:   LH | Latency:  619[1;0m
[1;34m[Core 1] PASS PATTERN NO.  674 | Func:   SH | Latency:  606[1;0m
[1;32m[Core 2] PASS PATTERN NO.  674 | Func:   LH | Latency:  719[1;0m
[1;34m[Core 1] PASS PATTERN NO.  675 | Func:   SH | Latency:  354[1;0m
[1;32m[Core 2] PASS PATTERN NO.  675 | Func:   LH | Latency:  337[1;0m
[1;34m[Core 1] PASS PATTERN NO.  676 | Func: SUBI | Latency:  209[1;0m
[1;32m[Core 2] PASS PATTERN NO.  676 | Func:   OR | Latency:    6[1;0m
[1;32m[Core 2] PASS PATTERN NO.  677 | Func:  SUB | Latency:    9[1;0m
[1;34m[Core 1] PASS PATTERN NO.  677 | Func:   LH | Latency:  420[1;0m
[1;34m[Core 1] PASS PATTERN NO.  678 | Func:  SLT | Latency:    6[1;0m
[1;32m[Core 2] PASS PATTERN NO.  678 | Func:  AND | Latency:  417[1;0m
[1;34m[Core 1] PASS PATTERN NO.  679 | Func:  XOR | Latency:    9[1;0m
[1;32m[Core 2] PASS PATTERN NO.  679 | Func:  SUB | Latency:    9[1;0m
[1;34m[Core 1] PASS PATTERN NO.  680 | Func:  SLT | Latency:    9[1;0m
[1;32m[Core 2] PASS PATTERN NO.  680 | Func: NAND | Latency:    9[1;0m
[1;32m[Core 2] PASS PATTERN NO.  681 | Func:  MUL | Latency:   12[1;0m
[1;34m[Core 1] PASS PATTERN NO.  681 | Func:   LH | Latency:  303[1;0m
[1;34m[Core 1] PASS PATTERN NO.  682 | Func:  SLT | Latency:    6[1;0m
[1;32m[Core 2] PASS PATTERN NO.  682 | Func: ADDI | Latency:  297[1;0m
[1;34m[Core 1] PASS PATTERN NO.  683 | Func:  SUB | Latency:    9[1;0m
[1;32m[Core 2] PASS PATTERN NO.  683 | Func: NAND | Latency:    9[1;0m
[1;32m[Core 2] PASS PATTERN NO.  684 | Func:  MUL | Latency:   12[1;0m
[1;34m[Core 1] PASS PATTERN NO.  684 | Func:   LH | Latency:  244[1;0m
[1;34m[Core 1] PASS PATTERN NO.  685 | Func:  ADD | Latency:    6[1;0m
[1;32m[Core 2] PASS PATTERN NO.  685 | Func:  AND | Latency:  238[1;0m
[1;34m[Core 1] PASS PATTERN NO.  686 | Func: NAND | Latency:    9[1;0m
[1;32m[Core 2] PASS PATTERN NO.  686 | Func: NAND | Latency:    9[1;0m
[1;32m[Core 2] PASS PATTERN NO.  687 | Func: SUBI | Latency:    9[1;0m
[1;34m[Core 1] PASS PATTERN NO.  687 | Func:   LH | Latency:  167[1;0m
[1;34m[Core 1] PASS PATTERN NO.  688 | Func:  AND | Latency:    6[1;0m
[1;32m[Core 2] PASS PATTERN NO.  688 | Func: SUBI | Latency:  164[1;0m
[1;34m[Core 1] PASS PATTERN NO.  689 | Func:  SLT | Latency:    9[1;0m
[1;32m[Core 2] PASS PATTERN NO.  689 | Func: ADDI | Latency:    9[1;0m
[1;32m[Core 2] PASS PATTERN NO.  690 | Func:  AND | Latency:    9[1;0m
[1;34m[Core 1] PASS PATTERN NO.  690 | Func:   LH | Latency:  127[1;0m
[1;32m[Core 2] PASS PATTERN NO.  691 | Func:  NOR | Latency:  124[1;0m
[1;34m[Core 1] PASS PATTERN NO.  691 | Func:   SH | Latency:  349[1;0m
[1;34m[Core 1] PASS PATTERN NO.  692 | Func:  MUL | Latency:    9[1;0m
[1;32m[Core 2] PASS PATTERN NO.  692 | Func:  MUL | Latency:  353[1;0m
[1;34m[Core 1] PASS PATTERN NO.  693 | Func: SUBI | Latency:  545[1;0m
[1;32m[Core 2] PASS PATTERN NO.  693 | Func:   LH | Latency:  705[1;0m
[1;34m[Core 1] PASS PATTERN NO.  694 | Func:   SH | Latency:  636[1;0m
[1;32m[Core 2] PASS PATTERN NO.  694 | Func:   LH | Latency:  860[1;0m
[1;34m[Core 1] PASS PATTERN NO.  695 | Func:   LH | Latency:  513[1;0m
[1;32m[Core 2] PASS PATTERN NO.  695 | Func:   LH | Latency:  572[1;0m
[1;32m[Core 2] PASS PATTERN NO.  696 | Func: NAND | Latency:    6[1;0m
[1;34m[Core 1] PASS PATTERN NO.  696 | Func:   LH | Latency:  663[1;0m
[1;34m[Core 1] PASS PATTERN NO.  697 | Func:  ADD | Latency:    6[1;0m
[1;32m[Core 2] PASS PATTERN NO.  697 | Func:  AND | Latency:  219[1;0m
[1;34m[Core 1] PASS PATTERN NO.  698 | Func: SUBI | Latency:    9[1;0m
[1;32m[Core 2] PASS PATTERN NO.  698 | Func: NAND | Latency:    9[1;0m
[1;34m[Core 1] PASS PATTERN NO.  699 | Func:    J | Latency:    8[1;0m
[1;32m[Core 2] PASS PATTERN NO.  699 | Func:    J | Latency:    8[1;0m
[1;33m[Info] Global Memory Check Passed at IC 50-boundary (Snapshot 13)[1;0m
[1;34m[Core 1] PASS PATTERN NO.  700 | Func: ADDI | Latency: 1061[1;0m
[1;32m[Core 2] PASS PATTERN NO.  700 | Func:  ADD | Latency: 1061[1;0m
[1;34m[Core 1] PASS PATTERN NO.  701 | Func: SUBI | Latency:    9[1;0m
[1;32m[Core 2] PASS PATTERN NO.  701 | Func:   OR | Latency:    9[1;0m
[1;34m[Core 1] PASS PATTERN NO.  702 | Func:   OR | Latency:    9[1;0m
[1;32m[Core 2] PASS PATTERN NO.  702 | Func:  XOR | Latency:    9[1;0m
[1;32m[Core 2] PASS PATTERN NO.  703 | Func:   SH | Latency:  417[1;0m
[1;34m[Core 1] PASS PATTERN NO.  703 | Func:   LH | Latency:  741[1;0m
[1;34m[Core 1] PASS PATTERN NO.  704 | Func: SUBI | Latency:    6[1;0m
[1;32m[Core 2] PASS PATTERN NO.  704 | Func:  XOR | Latency:  330[1;0m
[1;32m[Core 2] PASS PATTERN NO.  705 | Func:  NOR | Latency:    9[1;0m
[1;34m[Core 1] PASS PATTERN NO.  705 | Func:   LH | Latency:  315[1;0m
[1;34m[Core 1] PASS PATTERN NO.  706 | Func: SUBI | Latency:    6[1;0m
[1;32m[Core 2] PASS PATTERN NO.  706 | Func:   SH | Latency:  597[1;0m
[1;34m[Core 1] PASS PATTERN NO.  707 | Func:  ADD | Latency:  291[1;0m
[1;32m[Core 2] PASS PATTERN NO.  707 | Func:   SH | Latency:  295[1;0m
[1;32m[Core 2] PASS PATTERN NO.  708 | Func:  XOR | Latency:    6[1;0m
[1;34m[Core 1] PASS PATTERN NO.  708 | Func:   SH | Latency:  685[1;0m
[1;34m[Core 1] PASS PATTERN NO.  709 | Func:  ADD | Latency:    6[1;0m
[1;32m[Core 2] PASS PATTERN NO.  709 | Func:  NOR | Latency:  396[1;0m
[1;34m[Core 1] PASS PATTERN NO.  710 | Func:  XOR | Latency:    9[1;0m
[1;32m[Core 2] PASS PATTERN NO.  710 | Func:   LH | Latency:  180[1;0m
[1;34m[Core 1] PASS PATTERN NO.  711 | Func:  SUB | Latency:  177[1;0m
[1;32m[Core 2] PASS PATTERN NO.  711 | Func:  XOR | Latency:    6[1;0m
[1;32m[Core 2] PASS PATTERN NO.  712 | Func:   OR | Latency:    9[1;0m
[1;34m[Core 1] PASS PATTERN NO.  712 | Func:   LH | Latency:  293[1;0m
[1;34m[Core 1] PASS PATTERN NO.  713 | Func:   SH | Latency:  184[1;0m
[1;32m[Core 2] PASS PATTERN NO.  713 | Func:   LH | Latency:  770[1;0m
[1;34m[Core 1] PASS PATTERN NO.  714 | Func:  SLT | Latency:  308[1;0m
[1;32m[Core 2] PASS PATTERN NO.  714 | Func:   LH | Latency:  189[1;0m
[1;34m[Core 1] PASS PATTERN NO.  715 | Func: SUBI | Latency:  189[1;0m
[1;32m[Core 2] PASS PATTERN NO.  715 | Func:   SH | Latency:  362[1;0m
[1;34m[Core 1] PASS PATTERN NO.  716 | Func:  SLT | Latency:  362[1;0m
[1;32m[Core 2] PASS PATTERN NO.  716 | Func:  MUL | Latency:    9[1;0m
[1;34m[Core 1] PASS PATTERN NO.  717 | Func:  NOR | Latency:    9[1;0m
[1;32m[Core 2] PASS PATTERN NO.  717 | Func:  SUB | Latency:    6[1;0m
[1;34m[Core 1] PASS PATTERN NO.  718 | Func:  ADD | Latency:    9[1;0m
[1;32m[Core 2] PASS PATTERN NO.  718 | Func:   SH | Latency:  144[1;0m
[1;34m[Core 1] PASS PATTERN NO.  719 | Func:  SLT | Latency:  931[1;0m
[1;32m[Core 2] PASS PATTERN NO.  719 | Func:   OR | Latency:  796[1;0m
[1;34m[Core 1] PASS PATTERN NO.  720 | Func:  MUL | Latency:   12[1;0m
[1;32m[Core 2] PASS PATTERN NO.  720 | Func:   LH | Latency:  221[1;0m
[1;32m[Core 2] PASS PATTERN NO.  721 | Func:  XOR | Latency:    6[1;0m
[1;34m[Core 1] PASS PATTERN NO.  721 | Func:  MUL | Latency:  218[1;0m
[1;34m[Core 1] PASS PATTERN NO.  722 | Func:  XOR | Latency:    6[1;0m
[1;32m[Core 2] PASS PATTERN NO.  722 | Func:   SH | Latency:  193[1;0m
[1;32m[Core 2] PASS PATTERN NO.  723 | Func:  MUL | Latency:    9[1;0m
[1;34m[Core 1] PASS PATTERN NO.  723 | Func:   LH | Latency:  396[1;0m
[1;32m[Core 2] PASS PATTERN NO.  724 | Func:  MUL | Latency:  212[1;0m
[1;34m[Core 1] PASS PATTERN NO.  724 | Func:   LH | Latency:  444[1;0m
[1;34m[Core 1] PASS PATTERN NO.  725 | Func: SUBI | Latency:    6[1;0m
[1;32m[Core 2] PASS PATTERN NO.  725 | Func:   SH | Latency:  681[1;0m
[1;32m[Core 2] PASS PATTERN NO.  726 | Func: SUBI | Latency:    6[1;0m
[1;34m[Core 1] PASS PATTERN NO.  726 | Func:   SH | Latency:  612[1;0m
[1;32m[Core 2] PASS PATTERN NO.  727 | Func:  MUL | Latency:  375[1;0m
[1;34m[Core 1] PASS PATTERN NO.  727 | Func:   LH | Latency:  352[1;0m
[1;32m[Core 2] PASS PATTERN NO.  728 | Func:  SUB | Latency:  349[1;0m
[1;34m[Core 1] PASS PATTERN NO.  728 | Func:   SH | Latency:  424[1;0m
[1;34m[Core 1] PASS PATTERN NO.  729 | Func:  SLT | Latency:    6[1;0m
[1;32m[Core 2] PASS PATTERN NO.  729 | Func:  MUL | Latency:  427[1;0m
[1;34m[Core 1] PASS PATTERN NO.  730 | Func:  XOR | Latency:    9[1;0m
[1;32m[Core 2] PASS PATTERN NO.  730 | Func:  SLT | Latency:    6[1;0m
[1;34m[Core 1] PASS PATTERN NO.  731 | Func:   OR | Latency:    9[1;0m
[1;32m[Core 2] PASS PATTERN NO.  731 | Func:  SLT | Latency:    9[1;0m
[1;32m[Core 2] PASS PATTERN NO.  732 | Func:  SLT | Latency:    9[1;0m
[1;34m[Core 1] PASS PATTERN NO.  732 | Func:   LH | Latency:  413[1;0m
[1;32m[Core 2] PASS PATTERN NO.  733 | Func:  SUB | Latency:  410[1;0m
[1;34m[Core 1] PASS PATTERN NO.  733 | Func:   LH | Latency:  283[1;0m
[1;32m[Core 2] PASS PATTERN NO.  734 | Func:  XOR | Latency:  283[1;0m
[1;34m[Core 1] PASS PATTERN NO.  734 | Func:   LH | Latency:  282[1;0m
[1;34m[Core 1] PASS PATTERN NO.  735 | Func:   SH | Latency:  248[1;0m
[1;32m[Core 2] PASS PATTERN NO.  735 | Func:   LH | Latency:  750[1;0m
[1;32m[Core 2] PASS PATTERN NO.  736 | Func:   OR | Latency:    6[1;0m
[1;34m[Core 1] PASS PATTERN NO.  736 | Func:   LH | Latency:  482[1;0m
[1;34m[Core 1] PASS PATTERN NO.  737 | Func:   OR | Latency:    6[1;0m
[1;32m[Core 2] PASS PATTERN NO.  737 | Func: NAND | Latency:  256[1;0m
[1;34m[Core 1] PASS PATTERN NO.  738 | Func: SUBI | Latency:    9[1;0m
[1;32m[Core 2] PASS PATTERN NO.  738 | Func:  SLT | Latency:    9[1;0m
[1;34m[Core 1] PASS PATTERN NO.  739 | Func:   SH | Latency:  191[1;0m
[1;32m[Core 2] PASS PATTERN NO.  739 | Func:   LH | Latency:  603[1;0m
[1;34m[Core 1] PASS PATTERN NO.  740 | Func: NAND | Latency:  418[1;0m
[1;32m[Core 2] PASS PATTERN NO.  740 | Func:   OR | Latency:    6[1;0m
[1;32m[Core 2] PASS PATTERN NO.  741 | Func:  NOR | Latency:    9[1;0m
[1;34m[Core 1] PASS PATTERN NO.  741 | Func:   SH | Latency:  254[1;0m
[1;34m[Core 1] PASS PATTERN NO.  742 | Func:   OR | Latency:    6[1;0m
[1;32m[Core 2] PASS PATTERN NO.  742 | Func:  MUL | Latency:  254[1;0m
[1;32m[Core 2] PASS PATTERN NO.  743 | Func:   SH | Latency:  348[1;0m
[1;34m[Core 1] PASS PATTERN NO.  743 | Func:   LH | Latency:  770[1;0m
[1;34m[Core 1] PASS PATTERN NO.  744 | Func:  XOR | Latency:    6[1;0m
[1;32m[Core 2] PASS PATTERN NO.  744 | Func: ADDI | Latency:  425[1;0m
[1;34m[Core 1] PASS PATTERN NO.  745 | Func:  SUB | Latency:    9[1;0m
[1;32m[Core 2] PASS PATTERN NO.  745 | Func:   SH | Latency:  383[1;0m
[1;32m[Core 2] PASS PATTERN NO.  746 | Func:  MUL | Latency:    9[1;0m
[1;34m[Core 1] PASS PATTERN NO.  746 | Func:   LH | Latency:  658[1;0m
[1;32m[Core 2] PASS PATTERN NO.  747 | Func: ADDI | Latency:  281[1;0m
[1;34m[Core 1] PASS PATTERN NO.  747 | Func:   SH | Latency:  305[1;0m
[1;32m[Core 2] PASS PATTERN NO.  748 | Func:  SUB | Latency:  305[1;0m
[1;34m[Core 1] PASS PATTERN NO.  748 | Func:  MUL | Latency:    9[1;0m
[1;34m[Core 1] PASS PATTERN NO.  749 | Func:  ADD | Latency:    6[1;0m
[1;32m[Core 2] PASS PATTERN NO.  749 | Func:  AND | Latency:    9[1;0m
[1;33m[Info] Global Memory Check Passed at IC 50-boundary (Snapshot 14)[1;0m
[1;34m[Core 1] PASS PATTERN NO.  750 | Func:   LH | Latency:  494[1;0m
[1;32m[Core 2] PASS PATTERN NO.  750 | Func:   LH | Latency:  727[1;0m
[1;34m[Core 1] PASS PATTERN NO.  751 | Func:   SH | Latency:  877[1;0m
[1;32m[Core 2] PASS PATTERN NO.  751 | Func:   LH | Latency:  846[1;0m
[1;34m[Core 1] PASS PATTERN NO.  752 | Func: NAND | Latency:  208[1;0m
[1;32m[Core 2] PASS PATTERN NO.  752 | Func:  XOR | Latency:    6[1;0m
[1;32m[Core 2] PASS PATTERN NO.  753 | Func: ADDI | Latency:    9[1;0m
[1;34m[Core 1] PASS PATTERN NO.  753 | Func:  MUL | Latency:   12[1;0m
[1;34m[Core 1] PASS PATTERN NO.  754 | Func:   OR | Latency:    6[1;0m
[1;32m[Core 2] PASS PATTERN NO.  754 | Func:  AND | Latency:    9[1;0m
[1;32m[Core 2] PASS PATTERN NO.  755 | Func:  AND | Latency:    9[1;0m
[1;34m[Core 1] PASS PATTERN NO.  755 | Func:   LH | Latency:  370[1;0m
[1;34m[Core 1] PASS PATTERN NO.  756 | Func:  MUL | Latency:    9[1;0m
[1;32m[Core 2] PASS PATTERN NO.  756 | Func:   LH | Latency:  789[1;0m
[1;32m[Core 2] PASS PATTERN NO.  757 | Func: SUBI | Latency:    6[1;0m
[1;34m[Core 1] PASS PATTERN NO.  757 | Func:   LH | Latency:  592[1;0m
[1;34m[Core 1] PASS PATTERN NO.  758 | Func:   SH | Latency:  212[1;0m
[1;32m[Core 2] PASS PATTERN NO.  758 | Func:   LH | Latency:  546[1;0m
[1;34m[Core 1] PASS PATTERN NO.  759 | Func: ADDI | Latency:  173[1;0m
[1;32m[Core 2] PASS PATTERN NO.  759 | Func: SUBI | Latency:    6[1;0m
[1;34m[Core 1] PASS PATTERN NO.  760 | Func:  BEQ | Latency:    8[1;0m
[1;32m[Core 2] PASS PATTERN NO.  760 | Func:  BEQ | Latency:    8[1;0m
[1;34m[Core 1] PASS PATTERN NO.  761 | Func:  ADD | Latency:    9[1;0m
[1;32m[Core 2] PASS PATTERN NO.  761 | Func:  SLT | Latency:    9[1;0m
[1;32m[Core 2] PASS PATTERN NO.  762 | Func:  ADD | Latency:    9[1;0m
[1;34m[Core 1] PASS PATTERN NO.  762 | Func:   SH | Latency:  470[1;0m
[1;34m[Core 1] PASS PATTERN NO.  763 | Func: SUBI | Latency:    6[1;0m
[1;32m[Core 2] PASS PATTERN NO.  763 | Func: SUBI | Latency:  467[1;0m
[1;32m[Core 2] PASS PATTERN NO.  764 | Func: SUBI | Latency:    9[1;0m
[1;34m[Core 1] PASS PATTERN NO.  764 | Func:   SH | Latency:  507[1;0m
[1;34m[Core 1] PASS PATTERN NO.  765 | Func: NAND | Latency:    6[1;0m
[1;32m[Core 2] PASS PATTERN NO.  765 | Func: ADDI | Latency:  504[1;0m
[1;34m[Core 1] PASS PATTERN NO.  766 | Func:    J | Latency:    8[1;0m
[1;32m[Core 2] PASS PATTERN NO.  766 | Func:    J | Latency:    8[1;0m
[1;34m[Core 1] PASS PATTERN NO.  767 | Func: NAND | Latency:  573[1;0m
[1;32m[Core 2] PASS PATTERN NO.  767 | Func: SUBI | Latency:  573[1;0m
[1;34m[Core 1] PASS PATTERN NO.  768 | Func:  AND | Latency:    9[1;0m
[1;32m[Core 2] PASS PATTERN NO.  768 | Func:   SH | Latency:  344[1;0m
[1;32m[Core 2] PASS PATTERN NO.  769 | Func:  XOR | Latency:    6[1;0m
[1;34m[Core 1] PASS PATTERN NO.  769 | Func:   LH | Latency:  461[1;0m
[1;32m[Core 2] PASS PATTERN NO.  770 | Func: NAND | Latency:  126[1;0m
[1;34m[Core 1] PASS PATTERN NO.  770 | Func:   SH | Latency:  304[1;0m
[1;34m[Core 1] PASS PATTERN NO.  771 | Func:  XOR | Latency:    6[1;0m
[1;32m[Core 2] PASS PATTERN NO.  771 | Func:   SH | Latency:  562[1;0m
[1;34m[Core 1] PASS PATTERN NO.  772 | Func:   OR | Latency:  264[1;0m
[1;32m[Core 2] PASS PATTERN NO.  772 | Func:  AND | Latency:    6[1;0m
[1;32m[Core 2] PASS PATTERN NO.  773 | Func:  MUL | Latency:   12[1;0m
[1;34m[Core 1] PASS PATTERN NO.  773 | Func:   SH | Latency:  396[1;0m
[1;34m[Core 1] PASS PATTERN NO.  774 | Func: SUBI | Latency:  262[1;0m
[1;32m[Core 2] PASS PATTERN NO.  774 | Func:   OR | Latency:  646[1;0m
[1;32m[Core 2] PASS PATTERN NO.  775 | Func: NAND | Latency:    9[1;0m
[1;34m[Core 1] PASS PATTERN NO.  775 | Func:   LH | Latency:  376[1;0m
[1;34m[Core 1] PASS PATTERN NO.  776 | Func:  MUL | Latency:    9[1;0m
[1;32m[Core 2] PASS PATTERN NO.  776 | Func:   LH | Latency:  864[1;0m
[1;34m[Core 1] PASS PATTERN NO.  777 | Func:   SH | Latency:  684[1;0m
[1;32m[Core 2] PASS PATTERN NO.  777 | Func:   LH | Latency:  481[1;0m
[1;34m[Core 1] PASS PATTERN NO.  778 | Func:   OR | Latency:  291[1;0m
[1;32m[Core 2] PASS PATTERN NO.  778 | Func:   OR | Latency:    6[1;0m
[1;34m[Core 1] PASS PATTERN NO.  779 | Func: SUBI | Latency:    9[1;0m
[1;32m[Core 2] PASS PATTERN NO.  779 | Func:   OR | Latency:    9[1;0m
[1;34m[Core 1] PASS PATTERN NO.  780 | Func:  ADD | Latency:    9[1;0m
[1;32m[Core 2] PASS PATTERN NO.  780 | Func:  XOR | Latency:    9[1;0m
[1;32m[Core 2] PASS PATTERN NO.  781 | Func:  MUL | Latency:   12[1;0m
[1;34m[Core 1] PASS PATTERN NO.  781 | Func:   SH | Latency:  322[1;0m
[1;34m[Core 1] PASS PATTERN NO.  782 | Func:   SH | Latency:  415[1;0m
[1;32m[Core 2] PASS PATTERN NO.  782 | Func:   LH | Latency: 1042[1;0m
[1;34m[Core 1] PASS PATTERN NO.  783 | Func:  MUL | Latency:  326[1;0m
[1;32m[Core 2] PASS PATTERN NO.  783 | Func:   SH | Latency:  283[1;0m
[1;32m[Core 2] PASS PATTERN NO.  784 | Func:  NOR | Latency:    6[1;0m
[1;34m[Core 1] PASS PATTERN NO.  784 | Func:  MUL | Latency:  283[1;0m
[1;34m[Core 1] PASS PATTERN NO.  785 | Func: ADDI | Latency:    6[1;0m
[1;32m[Core 2] PASS PATTERN NO.  785 | Func:  MUL | Latency:   12[1;0m
[1;34m[Core 1] PASS PATTERN NO.  786 | Func: SUBI | Latency:    9[1;0m
[1;32m[Core 2] PASS PATTERN NO.  786 | Func:   LH | Latency:  509[1;0m
[1;32m[Core 2] PASS PATTERN NO.  787 | Func:  MUL | Latency:    9[1;0m
[1;34m[Core 1] PASS PATTERN NO.  787 | Func:   LH | Latency:  894[1;0m
[1;34m[Core 1] PASS PATTERN NO.  788 | Func:   LH | Latency:  506[1;0m
[1;32m[Core 2] PASS PATTERN NO.  788 | Func:   LH | Latency: 1064[1;0m
[1;34m[Core 1] PASS PATTERN NO.  789 | Func:  SLT | Latency:  182[1;0m
[1;32m[Core 2] PASS PATTERN NO.  789 | Func: ADDI | Latency:    6[1;0m
[1;32m[Core 2] PASS PATTERN NO.  790 | Func:   SH | Latency:  116[1;0m
[1;34m[Core 1] PASS PATTERN NO.  790 | Func:   LH | Latency:  263[1;0m
[1;34m[Core 1] PASS PATTERN NO.  791 | Func:  SUB | Latency:    6[1;0m
[1;32m[Core 2] PASS PATTERN NO.  791 | Func:  SUB | Latency:  153[1;0m
[1;34m[Core 1] PASS PATTERN NO.  792 | Func: SUBI | Latency:    9[1;0m
[1;32m[Core 2] PASS PATTERN NO.  792 | Func:  AND | Latency:    9[1;0m
[1;34m[Core 1] PASS PATTERN NO.  793 | Func: ADDI | Latency:    9[1;0m
[1;32m[Core 2] PASS PATTERN NO.  793 | Func:   SH | Latency:  220[1;0m
[1;34m[Core 1] PASS PATTERN NO.  794 | Func:  MUL | Latency:  220[1;0m
[1;32m[Core 2] PASS PATTERN NO.  794 | Func:   LH | Latency:  286[1;0m
[1;34m[Core 1] PASS PATTERN NO.  795 | Func:  ADD | Latency:  283[1;0m
[1;32m[Core 2] PASS PATTERN NO.  795 | Func:   LH | Latency:  417[1;0m
[1;34m[Core 1] PASS PATTERN NO.  796 | Func:  SLT | Latency:  417[1;0m
[1;32m[Core 2] PASS PATTERN NO.  796 | Func:   SH | Latency:  293[1;0m
[1;34m[Core 1] PASS PATTERN NO.  797 | Func:  XOR | Latency:  293[1;0m
[1;32m[Core 2] PASS PATTERN NO.  797 | Func:  AND | Latency:    6[1;0m
[1;32m[Core 2] PASS PATTERN NO.  798 | Func:  SUB | Latency:    9[1;0m
[1;34m[Core 1] PASS PATTERN NO.  798 | Func:   SH | Latency:  391[1;0m
[1;32m[Core 2] PASS PATTERN NO.  799 | Func: SUBI | Latency:  388[1;0m
[1;34m[Core 1] PASS PATTERN NO.  799 | Func:   SH | Latency:  134[1;0m
[1;33m[Info] Global Memory Check Passed at IC 50-boundary (Snapshot 15)[1;0m
[1;34m[Core 1] PASS PATTERN NO.  800 | Func: ADDI | Latency:    6[1;0m
[1;32m[Core 2] PASS PATTERN NO.  800 | Func:   LH | Latency:  501[1;0m
[1;32m[Core 2] PASS PATTERN NO.  801 | Func:  SLT | Latency:    6[1;0m
[1;34m[Core 1] PASS PATTERN NO.  801 | Func:  MUL | Latency:  376[1;0m
[1;32m[Core 2] PASS PATTERN NO.  802 | Func:   SH | Latency:  514[1;0m
[1;34m[Core 1] PASS PATTERN NO.  802 | Func:   LH | Latency:  656[1;0m
[1;32m[Core 2] PASS PATTERN NO.  803 | Func:   SH | Latency:  408[1;0m
[1;34m[Core 1] PASS PATTERN NO.  803 | Func:   LH | Latency:  615[1;0m
[1;34m[Core 1] PASS PATTERN NO.  804 | Func:  SLT | Latency:    6[1;0m
[1;32m[Core 2] PASS PATTERN NO.  804 | Func: SUBI | Latency:  358[1;0m
[1;34m[Core 1] PASS PATTERN NO.  805 | Func: SUBI | Latency:    9[1;0m
[1;32m[Core 2] PASS PATTERN NO.  805 | Func:  SLT | Latency:    9[1;0m
[1;32m[Core 2] PASS PATTERN NO.  806 | Func:  AND | Latency:  775[1;0m
[1;34m[Core 1] PASS PATTERN NO.  806 | Func:  MUL | Latency:  778[1;0m
[1;32m[Core 2] PASS PATTERN NO.  807 | Func: SUBI | Latency:    9[1;0m
[1;34m[Core 1] PASS PATTERN NO.  807 | Func:  MUL | Latency:    9[1;0m
[1;32m[Core 2] PASS PATTERN NO.  808 | Func: ADDI | Latency:    9[1;0m
[1;34m[Core 1] PASS PATTERN NO.  808 | Func:  MUL | Latency:    9[1;0m
[1;32m[Core 2] PASS PATTERN NO.  809 | Func: NAND | Latency:    9[1;0m
[1;34m[Core 1] PASS PATTERN NO.  809 | Func:  MUL | Latency:    9[1;0m
[1;34m[Core 1] PASS PATTERN NO.  810 | Func: NAND | Latency:    6[1;0m
[1;32m[Core 2] PASS PATTERN NO.  810 | Func:  SUB | Latency:    9[1;0m
[1;34m[Core 1] PASS PATTERN NO.  811 | Func:  XOR | Latency:    9[1;0m
[1;32m[Core 2] PASS PATTERN NO.  811 | Func:  XOR | Latency:    9[1;0m
[1;32m[Core 2] PASS PATTERN NO.  812 | Func:  NOR | Latency:    9[1;0m
[1;34m[Core 1] PASS PATTERN NO.  812 | Func:   SH | Latency:  327[1;0m
[1;32m[Core 2] PASS PATTERN NO.  813 | Func:  AND | Latency:  324[1;0m
[1;34m[Core 1] PASS PATTERN NO.  813 | Func:   LH | Latency:  327[1;0m
[1;34m[Core 1] PASS PATTERN NO.  814 | Func:  AND | Latency:    6[1;0m
[1;32m[Core 2] PASS PATTERN NO.  814 | Func:   SH | Latency:  705[1;0m
[1;34m[Core 1] PASS PATTERN NO.  815 | Func: SUBI | Latency:  384[1;0m
[1;32m[Core 2] PASS PATTERN NO.  815 | Func:  SLT | Latency:    6[1;0m
[1;34m[Core 1] PASS PATTERN NO.  816 | Func:  XOR | Latency:    9[1;0m
[1;32m[Core 2] PASS PATTERN NO.  816 | Func: NAND | Latency:    9[1;0m
[1;32m[Core 2] PASS PATTERN NO.  817 | Func: ADDI | Latency:    9[1;0m
[1;34m[Core 1] PASS PATTERN NO.  817 | Func:   SH | Latency:  301[1;0m
[1;34m[Core 1] PASS PATTERN NO.  818 | Func: ADDI | Latency:    6[1;0m
[1;32m[Core 2] PASS PATTERN NO.  818 | Func:   SH | Latency:  470[1;0m
[1;34m[Core 1] PASS PATTERN NO.  819 | Func:  NOR | Latency:  178[1;0m
[1;32m[Core 2] PASS PATTERN NO.  819 | Func:   SH | Latency:  223[1;0m
[1;32m[Core 2] PASS PATTERN NO.  820 | Func:  ADD | Latency:    6[1;0m
[1;34m[Core 1] PASS PATTERN NO.  820 | Func:   SH | Latency:  660[1;0m
[1;32m[Core 2] PASS PATTERN NO.  821 | Func: SUBI | Latency:  443[1;0m
[1;34m[Core 1] PASS PATTERN NO.  821 | Func:   SH | Latency:  149[1;0m
[1;34m[Core 1] PASS PATTERN NO.  822 | Func:  AND | Latency:    6[1;0m
[1;32m[Core 2] PASS PATTERN NO.  822 | Func:  AND | Latency:  149[1;0m
[1;32m[Core 2] PASS PATTERN NO.  823 | Func: SUBI | Latency:    9[1;0m
[1;34m[Core 1] PASS PATTERN NO.  823 | Func:   LH | Latency:  269[1;0m
[1;34m[Core 1] PASS PATTERN NO.  824 | Func:  MUL | Latency:    9[1;0m
[1;32m[Core 2] PASS PATTERN NO.  824 | Func:  MUL | Latency:  270[1;0m
[1;34m[Core 1] PASS PATTERN NO.  825 | Func:  NOR | Latency:    9[1;0m
[1;32m[Core 2] PASS PATTERN NO.  825 | Func:   LH | Latency:  396[1;0m
[1;34m[Core 1] PASS PATTERN NO.  826 | Func:  MUL | Latency:  397[1;0m
[1;32m[Core 2] PASS PATTERN NO.  826 | Func:   LH | Latency:  352[1;0m
[1;34m[Core 1] PASS PATTERN NO.  827 | Func: NAND | Latency:  349[1;0m
[1;32m[Core 2] PASS PATTERN NO.  827 | Func:   SH | Latency:  247[1;0m
[1;32m[Core 2] PASS PATTERN NO.  828 | Func:  SUB | Latency:    6[1;0m
[1;34m[Core 1] PASS PATTERN NO.  828 | Func:   LH | Latency:  680[1;0m
[1;32m[Core 2] PASS PATTERN NO.  829 | Func:  MUL | Latency:  442[1;0m
[1;34m[Core 1] PASS PATTERN NO.  829 | Func:   SH | Latency:  188[1;0m
[1;32m[Core 2] PASS PATTERN NO.  830 | Func:  AND | Latency:  185[1;0m
[1;34m[Core 1] PASS PATTERN NO.  830 | Func:   LH | Latency:  223[1;0m
[1;32m[Core 2] PASS PATTERN NO.  831 | Func:  SLT | Latency:  223[1;0m
[1;34m[Core 1] PASS PATTERN NO.  831 | Func:   LH | Latency:  231[1;0m
[1;34m[Core 1] PASS PATTERN NO.  832 | Func:   SH | Latency:  245[1;0m
[1;32m[Core 2] PASS PATTERN NO.  832 | Func:   LH | Latency:  822[1;0m
[1;32m[Core 2] PASS PATTERN NO.  833 | Func:  AND | Latency:    6[1;0m
[1;34m[Core 1] PASS PATTERN NO.  833 | Func:   SH | Latency:  642[1;0m
[1;32m[Core 2] PASS PATTERN NO.  834 | Func:  MUL | Latency:  293[1;0m
[1;34m[Core 1] PASS PATTERN NO.  834 | Func:   SH | Latency:  411[1;0m
[1;32m[Core 2] PASS PATTERN NO.  835 | Func:   SH | Latency:  525[1;0m
[1;34m[Core 1] PASS PATTERN NO.  835 | Func:   LH | Latency:  435[1;0m
[1;32m[Core 2] PASS PATTERN NO.  836 | Func:  SLT | Latency:  318[1;0m
[1;34m[Core 1] PASS PATTERN NO.  836 | Func:   LH | Latency:  253[1;0m
[1;34m[Core 1] PASS PATTERN NO.  837 | Func: SUBI | Latency:    6[1;0m
[1;32m[Core 2] PASS PATTERN NO.  837 | Func: NAND | Latency:  253[1;0m
[1;34m[Core 1] PASS PATTERN NO.  838 | Func:  SLT | Latency:  863[1;0m
[1;32m[Core 2] PASS PATTERN NO.  838 | Func:  MUL | Latency:  866[1;0m
[1;34m[Core 1] PASS PATTERN NO.  839 | Func: ADDI | Latency:    9[1;0m
[1;32m[Core 2] PASS PATTERN NO.  839 | Func:   LH | Latency:  339[1;0m
[1;32m[Core 2] PASS PATTERN NO.  840 | Func: ADDI | Latency:    6[1;0m
[1;34m[Core 1] PASS PATTERN NO.  840 | Func:  MUL | Latency:  342[1;0m
[1;34m[Core 1] PASS PATTERN NO.  841 | Func:  NOR | Latency:    6[1;0m
[1;32m[Core 2] PASS PATTERN NO.  841 | Func:  SUB | Latency:    9[1;0m
[1;34m[Core 1] PASS PATTERN NO.  842 | Func:   LH | Latency:  467[1;0m
[1;32m[Core 2] PASS PATTERN NO.  842 | Func:   LH | Latency:  905[1;0m
[1;32m[Core 2] PASS PATTERN NO.  843 | Func: ADDI | Latency:    6[1;0m
[1;34m[Core 1] PASS PATTERN NO.  843 | Func:   LH | Latency:  697[1;0m
[1;34m[Core 1] PASS PATTERN NO.  844 | Func:  MUL | Latency:    9[1;0m
[1;32m[Core 2] PASS PATTERN NO.  844 | Func:  MUL | Latency:  263[1;0m
[1;34m[Core 1] PASS PATTERN NO.  845 | Func: SUBI | Latency:    9[1;0m
[1;32m[Core 2] PASS PATTERN NO.  845 | Func: ADDI | Latency:    8[1;0m
[1;32m[Core 2] PASS PATTERN NO.  846 | Func:  MUL | Latency:   12[1;0m
[1;34m[Core 1] PASS PATTERN NO.  846 | Func:   LH | Latency:  366[1;0m
[1;34m[Core 1] PASS PATTERN NO.  847 | Func:   OR | Latency:    6[1;0m
[1;32m[Core 2] PASS PATTERN NO.  847 | Func:  ADD | Latency:  360[1;0m
[1;34m[Core 1] PASS PATTERN NO.  848 | Func:   SH | Latency:  347[1;0m
[1;32m[Core 2] PASS PATTERN NO.  848 | Func:   LH | Latency:  623[1;0m
[1;34m[Core 1] PASS PATTERN NO.  849 | Func:  AND | Latency:  282[1;0m
[1;32m[Core 2] PASS PATTERN NO.  849 | Func: NAND | Latency:    6[1;0m
[1;33m[Info] Global Memory Check Passed at IC 50-boundary (Snapshot 16)[1;0m
[1;32m[Core 2] PASS PATTERN NO.  850 | Func: ADDI | Latency:    9[1;0m
[1;34m[Core 1] PASS PATTERN NO.  850 | Func:   SH | Latency:  445[1;0m
[1;32m[Core 2] PASS PATTERN NO.  851 | Func: NAND | Latency:  442[1;0m
[1;34m[Core 1] PASS PATTERN NO.  851 | Func:   LH | Latency:  474[1;0m
[1;34m[Core 1] PASS PATTERN NO.  852 | Func:  SLT | Latency:    6[1;0m
[1;32m[Core 2] PASS PATTERN NO.  852 | Func:   SH | Latency:  913[1;0m
[1;34m[Core 1] PASS PATTERN NO.  853 | Func:  SLT | Latency:  445[1;0m
[1;32m[Core 2] PASS PATTERN NO.  853 | Func:   SH | Latency:  281[1;0m
[1;34m[Core 1] PASS PATTERN NO.  854 | Func:  SUB | Latency:  281[1;0m
[1;32m[Core 2] PASS PATTERN NO.  854 | Func:  SLT | Latency:    6[1;0m
[1;34m[Core 1] PASS PATTERN NO.  855 | Func: SUBI | Latency:    9[1;0m
[1;32m[Core 2] PASS PATTERN NO.  855 | Func:  XOR | Latency:    9[1;0m
[1;34m[Core 1] PASS PATTERN NO.  856 | Func:  AND | Latency:    9[1;0m
[1;32m[Core 2] PASS PATTERN NO.  856 | Func:  AND | Latency:    9[1;0m
[1;34m[Core 1] PASS PATTERN NO.  857 | Func: NAND | Latency:    9[1;0m
[1;32m[Core 2] PASS PATTERN NO.  857 | Func: ADDI | Latency:    9[1;0m
[1;34m[Core 1] PASS PATTERN NO.  858 | Func:  ADD | Latency:    9[1;0m
[1;32m[Core 2] PASS PATTERN NO.  858 | Func:   OR | Latency:    9[1;0m
[1;32m[Core 2] PASS PATTERN NO.  859 | Func: NAND | Latency:    9[1;0m
[1;34m[Core 1] PASS PATTERN NO.  859 | Func:   SH | Latency:  334[1;0m
[1;34m[Core 1] PASS PATTERN NO.  860 | Func: SUBI | Latency:    6[1;0m
[1;32m[Core 2] PASS PATTERN NO.  860 | Func: SUBI | Latency:  331[1;0m
[1;34m[Core 1] PASS PATTERN NO.  861 | Func:  ADD | Latency:    9[1;0m
[1;32m[Core 2] PASS PATTERN NO.  861 | Func:   SH | Latency:  175[1;0m
[1;34m[Core 1] PASS PATTERN NO.  862 | Func:  MUL | Latency:  175[1;0m
[1;32m[Core 2] PASS PATTERN NO.  862 | Func:   SH | Latency:  385[1;0m
[1;32m[Core 2] PASS PATTERN NO.  863 | Func:  XOR | Latency:    6[1;0m
[1;34m[Core 1] PASS PATTERN NO.  863 | Func:   SH | Latency:  620[1;0m
[1;34m[Core 1] PASS PATTERN NO.  864 | Func: SUBI | Latency:    6[1;0m
[1;32m[Core 2] PASS PATTERN NO.  864 | Func:   LH | Latency:  710[1;0m
[1;34m[Core 1] PASS PATTERN NO.  865 | Func: SUBI | Latency:  472[1;0m
[1;32m[Core 2] PASS PATTERN NO.  865 | Func:  XOR | Latency:    6[1;0m
[1;34m[Core 1] PASS PATTERN NO.  866 | Func:  BEQ | Latency:    8[1;0m
[1;32m[Core 2] PASS PATTERN NO.  866 | Func:  BEQ | Latency:    8[1;0m
[1;32m[Core 2] PASS PATTERN NO.  867 | Func:  XOR | Latency:  819[1;0m
[1;34m[Core 1] PASS PATTERN NO.  867 | Func:   SH | Latency: 1036[1;0m
[1;34m[Core 1] PASS PATTERN NO.  868 | Func: ADDI | Latency:    6[1;0m
[1;32m[Core 2] PASS PATTERN NO.  868 | Func:  MUL | Latency:  226[1;0m
[1;34m[Core 1] PASS PATTERN NO.  869 | Func: ADDI | Latency:    9[1;0m
[1;32m[Core 2] PASS PATTERN NO.  869 | Func:   LH | Latency:  391[1;0m
[1;32m[Core 2] PASS PATTERN NO.  870 | Func:  XOR | Latency:    6[1;0m
[1;34m[Core 1] PASS PATTERN NO.  870 | Func:   SH | Latency:  551[1;0m
[1;34m[Core 1] PASS PATTERN NO.  871 | Func:   LH | Latency:  432[1;0m
[1;32m[Core 2] PASS PATTERN NO.  871 | Func:   LH | Latency:  822[1;0m
[1;34m[Core 1] PASS PATTERN NO.  872 | Func: SUBI | Latency:  236[1;0m
[1;32m[Core 2] PASS PATTERN NO.  872 | Func:   LH | Latency:  479[1;0m
[1;34m[Core 1] PASS PATTERN NO.  873 | Func:   SH | Latency:  947[1;0m
[1;32m[Core 2] PASS PATTERN NO.  873 | Func:   LH | Latency:  717[1;0m
[1;34m[Core 1] PASS PATTERN NO.  874 | Func:   OR | Latency:  249[1;0m
[1;32m[Core 2] PASS PATTERN NO.  874 | Func:   LH | Latency:  348[1;0m
[1;34m[Core 1] PASS PATTERN NO.  875 | Func: ADDI | Latency:  348[1;0m
[1;32m[Core 2] PASS PATTERN NO.  875 | Func:   OR | Latency:    6[1;0m
[1;34m[Core 1] PASS PATTERN NO.  876 | Func:  SUB | Latency:    9[1;0m
[1;32m[Core 2] PASS PATTERN NO.  876 | Func:   LH | Latency:  269[1;0m
[1;34m[Core 1] PASS PATTERN NO.  877 | Func:  NOR | Latency:  266[1;0m
[1;32m[Core 2] PASS PATTERN NO.  877 | Func:  SLT | Latency:    6[1;0m
[1;34m[Core 1] PASS PATTERN NO.  878 | Func:  ADD | Latency:    9[1;0m
[1;32m[Core 2] PASS PATTERN NO.  878 | Func:   SH | Latency:  356[1;0m
[1;34m[Core 1] PASS PATTERN NO.  879 | Func:   SH | Latency:  635[1;0m
[1;32m[Core 2] PASS PATTERN NO.  879 | Func:   LH | Latency:  472[1;0m
[1;34m[Core 1] PASS PATTERN NO.  880 | Func:   OR | Latency:  190[1;0m
[1;32m[Core 2] PASS PATTERN NO.  880 | Func:  ADD | Latency:    6[1;0m
[1;34m[Core 1] PASS PATTERN NO.  881 | Func:  ADD | Latency:    9[1;0m
[1;32m[Core 2] PASS PATTERN NO.  881 | Func:   SH | Latency:  262[1;0m
[1;34m[Core 1] PASS PATTERN NO.  882 | Func:  MUL | Latency:  262[1;0m
[1;32m[Core 2] PASS PATTERN NO.  882 | Func:   LH | Latency:  283[1;0m
[1;32m[Core 2] PASS PATTERN NO.  883 | Func:  SUB | Latency:    6[1;0m
[1;34m[Core 1] PASS PATTERN NO.  883 | Func:   LH | Latency:  532[1;0m
[1;34m[Core 1] PASS PATTERN NO.  884 | Func:  MUL | Latency:    9[1;0m
[1;32m[Core 2] PASS PATTERN NO.  884 | Func:   SH | Latency:  614[1;0m
[1;34m[Core 1] PASS PATTERN NO.  885 | Func:  XOR | Latency:  359[1;0m
[1;32m[Core 2] PASS PATTERN NO.  885 | Func:  AND | Latency:    6[1;0m
[1;32m[Core 2] PASS PATTERN NO.  886 | Func:  XOR | Latency:    9[1;0m
[1;34m[Core 1] PASS PATTERN NO.  886 | Func:   SH | Latency:  346[1;0m
[1;34m[Core 1] PASS PATTERN NO.  887 | Func:  SLT | Latency:    6[1;0m
[1;32m[Core 2] PASS PATTERN NO.  887 | Func:  AND | Latency:  343[1;0m
[1;32m[Core 2] PASS PATTERN NO.  888 | Func:  ADD | Latency:    9[1;0m
[1;34m[Core 1] PASS PATTERN NO.  888 | Func:   SH | Latency:  384[1;0m
[1;34m[Core 1] PASS PATTERN NO.  889 | Func:  ADD | Latency:    6[1;0m
[1;32m[Core 2] PASS PATTERN NO.  889 | Func:   LH | Latency:  700[1;0m
[1;34m[Core 1] PASS PATTERN NO.  890 | Func: SUBI | Latency:  325[1;0m
[1;32m[Core 2] PASS PATTERN NO.  890 | Func:   OR | Latency:    6[1;0m
[1;34m[Core 1] PASS PATTERN NO.  891 | Func:  AND | Latency:    9[1;0m
[1;32m[Core 2] PASS PATTERN NO.  891 | Func:   LH | Latency:  278[1;0m
[1;34m[Core 1] PASS PATTERN NO.  892 | Func:  XOR | Latency:  275[1;0m
[1;32m[Core 2] PASS PATTERN NO.  892 | Func:   SH | Latency:  284[1;0m
[1;34m[Core 1] PASS PATTERN NO.  893 | Func:  NOR | Latency:  547[1;0m
[1;32m[Core 2] PASS PATTERN NO.  893 | Func:   SH | Latency:  743[1;0m
[1;32m[Core 2] PASS PATTERN NO.  894 | Func:   OR | Latency:    6[1;0m
[1;34m[Core 1] PASS PATTERN NO.  894 | Func:   LH | Latency:  701[1;0m
[1;32m[Core 2] PASS PATTERN NO.  895 | Func: SUBI | Latency:  227[1;0m
[1;34m[Core 1] PASS PATTERN NO.  895 | Func:  MUL | Latency:    9[1;0m
[1;32m[Core 2] PASS PATTERN NO.  896 | Func:  NOR | Latency:    9[1;0m
[1;34m[Core 1] PASS PATTERN NO.  896 | Func:   SH | Latency:  145[1;0m
[1;34m[Core 1] PASS PATTERN NO.  897 | Func: SUBI | Latency:    6[1;0m
[1;32m[Core 2] PASS PATTERN NO.  897 | Func:  XOR | Latency:  145[1;0m
[1;34m[Core 1] PASS PATTERN NO.  898 | Func: ADDI | Latency:    9[1;0m
[1;32m[Core 2] PASS PATTERN NO.  898 | Func:   LH | Latency:  366[1;0m
[1;34m[Core 1] PASS PATTERN NO.  899 | Func: NAND | Latency:  363[1;0m
[1;32m[Core 2] PASS PATTERN NO.  899 | Func:  ADD | Latency:    6[1;0m
[1;33m[Info] Global Memory Check Passed at IC 50-boundary (Snapshot 17)[1;0m
[1;34m[Core 1] PASS PATTERN NO.  900 | Func:   OR | Latency:    9[1;0m
[1;32m[Core 2] PASS PATTERN NO.  900 | Func:  XOR | Latency:    9[1;0m
[1;34m[Core 1] PASS PATTERN NO.  901 | Func: SUBI | Latency:    9[1;0m
[1;32m[Core 2] PASS PATTERN NO.  901 | Func:  SLT | Latency:    9[1;0m
[1;32m[Core 2] PASS PATTERN NO.  902 | Func:  MUL | Latency:   12[1;0m
[1;34m[Core 1] PASS PATTERN NO.  902 | Func:   LH | Latency:  358[1;0m
[1;32m[Core 2] PASS PATTERN NO.  903 | Func:  XOR | Latency:  352[1;0m
[1;34m[Core 1] PASS PATTERN NO.  903 | Func:   LH | Latency:  253[1;0m
[1;34m[Core 1] PASS PATTERN NO.  904 | Func: SUBI | Latency:    6[1;0m
[1;32m[Core 2] PASS PATTERN NO.  904 | Func: SUBI | Latency:  253[1;0m
[1;32m[Core 2] PASS PATTERN NO.  905 | Func:  XOR | Latency:    9[1;0m
[1;34m[Core 1] PASS PATTERN NO.  905 | Func:   LH | Latency:  350[1;0m
[1;34m[Core 1] PASS PATTERN NO.  906 | Func: NAND | Latency:    6[1;0m
[1;32m[Core 2] PASS PATTERN NO.  906 | Func: NAND | Latency:  347[1;0m
[1;34m[Core 1] PASS PATTERN NO.  907 | Func:  SLT | Latency:    9[1;0m
[1;32m[Core 2] PASS PATTERN NO.  907 | Func:   SH | Latency:  404[1;0m
[1;34m[Core 1] PASS PATTERN NO.  908 | Func: SUBI | Latency:  401[1;0m
[1;32m[Core 2] PASS PATTERN NO.  908 | Func:  MUL | Latency:    9[1;0m
[1;34m[Core 1] PASS PATTERN NO.  909 | Func:   SH | Latency:  160[1;0m
[1;32m[Core 2] PASS PATTERN NO.  909 | Func:   LH | Latency:  294[1;0m
[1;34m[Core 1] PASS PATTERN NO.  910 | Func:  XOR | Latency:  143[1;0m
[1;32m[Core 2] PASS PATTERN NO.  910 | Func:  NOR | Latency:    6[1;0m
[1;34m[Core 1] PASS PATTERN NO.  911 | Func: ADDI | Latency:    9[1;0m
[1;32m[Core 2] PASS PATTERN NO.  911 | Func:  AND | Latency:    9[1;0m
[1;32m[Core 2] PASS PATTERN NO.  912 | Func: ADDI | Latency:    9[1;0m
[1;34m[Core 1] PASS PATTERN NO.  912 | Func:   SH | Latency:  159[1;0m
[1;34m[Core 1] PASS PATTERN NO.  913 | Func:  SLT | Latency:    6[1;0m
[1;32m[Core 2] PASS PATTERN NO.  913 | Func:  NOR | Latency:  156[1;0m
[1;32m[Core 2] PASS PATTERN NO.  914 | Func:  ADD | Latency:    9[1;0m
[1;34m[Core 1] PASS PATTERN NO.  914 | Func:   LH | Latency:  507[1;0m
[1;34m[Core 1] PASS PATTERN NO.  915 | Func:  ADD | Latency:    6[1;0m
[1;32m[Core 2] PASS PATTERN NO.  915 | Func:   LH | Latency:  683[1;0m
[1;34m[Core 1] PASS PATTERN NO.  916 | Func:   OR | Latency:  185[1;0m
[1;32m[Core 2] PASS PATTERN NO.  916 | Func: SUBI | Latency:    6[1;0m
[1;34m[Core 1] PASS PATTERN NO.  917 | Func:   LH | Latency:  332[1;0m
[1;32m[Core 2] PASS PATTERN NO.  917 | Func:   LH | Latency:  668[1;0m
[1;32m[Core 2] PASS PATTERN NO.  918 | Func:  NOR | Latency:    6[1;0m
[1;34m[Core 1] PASS PATTERN NO.  918 | Func:   SH | Latency:  524[1;0m
[1;34m[Core 1] PASS PATTERN NO.  919 | Func:  XOR | Latency:    6[1;0m
[1;32m[Core 2] PASS PATTERN NO.  919 | Func:  SUB | Latency:  188[1;0m
[1;32m[Core 2] PASS PATTERN NO.  920 | Func: NAND | Latency:    9[1;0m
[1;34m[Core 1] PASS PATTERN NO.  920 | Func:   LH | Latency:  238[1;0m
[1;32m[Core 2] PASS PATTERN NO.  921 | Func:  SUB | Latency:  235[1;0m
[1;34m[Core 1] PASS PATTERN NO.  921 | Func:   SH | Latency:  240[1;0m
[1;34m[Core 1] PASS PATTERN NO.  922 | Func:   OR | Latency:    6[1;0m
[1;32m[Core 2] PASS PATTERN NO.  922 | Func: SUBI | Latency:  240[1;0m
[1;34m[Core 1] PASS PATTERN NO.  923 | Func:  SUB | Latency:    9[1;0m
[1;32m[Core 2] PASS PATTERN NO.  923 | Func:  NOR | Latency:    9[1;0m
[1;34m[Core 1] PASS PATTERN NO.  924 | Func:  ADD | Latency:    9[1;0m
[1;32m[Core 2] PASS PATTERN NO.  924 | Func:   LH | Latency:  252[1;0m
[1;32m[Core 2] PASS PATTERN NO.  925 | Func:  MUL | Latency:  737[1;0m
[1;34m[Core 1] PASS PATTERN NO.  925 | Func:   SH | Latency: 1437[1;0m
[1;34m[Core 1] PASS PATTERN NO.  926 | Func: ADDI | Latency:    6[1;0m
[1;32m[Core 2] PASS PATTERN NO.  926 | Func:  AND | Latency:  463[1;0m
[1;34m[Core 1] PASS PATTERN NO.  927 | Func: ADDI | Latency:    9[1;0m
[1;32m[Core 2] PASS PATTERN NO.  927 | Func:  AND | Latency:    9[1;0m
[1;34m[Core 1] PASS PATTERN NO.  928 | Func: SUBI | Latency:    9[1;0m
[1;32m[Core 2] PASS PATTERN NO.  928 | Func:  AND | Latency:    9[1;0m
[1;34m[Core 1] PASS PATTERN NO.  929 | Func:  NOR | Latency:    9[1;0m
[1;32m[Core 2] PASS PATTERN NO.  929 | Func:  ADD | Latency:    9[1;0m
[1;34m[Core 1] PASS PATTERN NO.  930 | Func: ADDI | Latency:    9[1;0m
[1;32m[Core 2] PASS PATTERN NO.  930 | Func:  AND | Latency:    9[1;0m
[1;34m[Core 1] PASS PATTERN NO.  931 | Func:   SH | Latency:  179[1;0m
[1;32m[Core 2] PASS PATTERN NO.  931 | Func:   LH | Latency:  619[1;0m
[1;34m[Core 1] PASS PATTERN NO.  932 | Func:  ADD | Latency:  446[1;0m
[1;32m[Core 2] PASS PATTERN NO.  932 | Func:   LH | Latency:  280[1;0m
[1;34m[Core 1] PASS PATTERN NO.  933 | Func:  ADD | Latency:  280[1;0m
[1;32m[Core 2] PASS PATTERN NO.  933 | Func:  MUL | Latency:    9[1;0m
[1;34m[Core 1] PASS PATTERN NO.  934 | Func:  NOR | Latency:    9[1;0m
[1;32m[Core 2] PASS PATTERN NO.  934 | Func: NAND | Latency:    6[1;0m
[1;32m[Core 2] PASS PATTERN NO.  935 | Func:  NOR | Latency:    9[1;0m
[1;34m[Core 1] PASS PATTERN NO.  935 | Func:   SH | Latency:  255[1;0m
[1;34m[Core 1] PASS PATTERN NO.  936 | Func:  NOR | Latency:    6[1;0m
[1;32m[Core 2] PASS PATTERN NO.  936 | Func: ADDI | Latency:  252[1;0m
[1;32m[Core 2] PASS PATTERN NO.  937 | Func: SUBI | Latency:    9[1;0m
[1;34m[Core 1] PASS PATTERN NO.  937 | Func:  MUL | Latency:   12[1;0m
[1;34m[Core 1] PASS PATTERN NO.  938 | Func: SUBI | Latency:    6[1;0m
[1;32m[Core 2] PASS PATTERN NO.  938 | Func:  XOR | Latency:    9[1;0m
[1;32m[Core 2] PASS PATTERN NO.  939 | Func: ADDI | Latency:    9[1;0m
[1;34m[Core 1] PASS PATTERN NO.  939 | Func:   LH | Latency:  318[1;0m
[1;34m[Core 1] PASS PATTERN NO.  940 | Func:  SUB | Latency:    6[1;0m
[1;32m[Core 2] PASS PATTERN NO.  940 | Func:   SH | Latency:  595[1;0m
[1;34m[Core 1] PASS PATTERN NO.  941 | Func:  SLT | Latency:  286[1;0m
[1;32m[Core 2] PASS PATTERN NO.  941 | Func:   SH | Latency:  295[1;0m
[1;34m[Core 1] PASS PATTERN NO.  942 | Func:  SLT | Latency:  295[1;0m
[1;32m[Core 2] PASS PATTERN NO.  942 | Func:  SUB | Latency:    6[1;0m
[1;34m[Core 1] PASS PATTERN NO.  943 | Func: SUBI | Latency:    9[1;0m
[1;32m[Core 2] PASS PATTERN NO.  943 | Func:  SLT | Latency:    9[1;0m
[1;34m[Core 1] PASS PATTERN NO.  944 | Func:  NOR | Latency:    9[1;0m
[1;32m[Core 2] PASS PATTERN NO.  944 | Func:  XOR | Latency:    9[1;0m
[1;34m[Core 1] PASS PATTERN NO.  945 | Func:  MUL | Latency:   12[1;0m
[1;32m[Core 2] PASS PATTERN NO.  945 | Func:   LH | Latency:  472[1;0m
[1;32m[Core 2] PASS PATTERN NO.  946 | Func:  AND | Latency:    6[1;0m
[1;34m[Core 1] PASS PATTERN NO.  946 | Func:   LH | Latency:  894[1;0m
[1;32m[Core 2] PASS PATTERN NO.  947 | Func:  ADD | Latency:  434[1;0m
[1;34m[Core 1] PASS PATTERN NO.  947 | Func:   LH | Latency:  176[1;0m
[1;34m[Core 1] PASS PATTERN NO.  948 | Func:  AND | Latency:    6[1;0m
[1;32m[Core 2] PASS PATTERN NO.  948 | Func: ADDI | Latency:  176[1;0m
[1;34m[Core 1] PASS PATTERN NO.  949 | Func:  AND | Latency:    9[1;0m
[1;32m[Core 2] PASS PATTERN NO.  949 | Func:   SH | Latency:  447[1;0m
[1;33m[Info] Global Memory Check Passed at IC 50-boundary (Snapshot 18)[1;0m
[1;32m[Core 2] PASS PATTERN NO.  950 | Func:  NOR | Latency:    6[1;0m
[1;34m[Core 1] PASS PATTERN NO.  950 | Func:   LH | Latency:  662[1;0m
[1;32m[Core 2] PASS PATTERN NO.  951 | Func:  SLT | Latency:  224[1;0m
[1;34m[Core 1] PASS PATTERN NO.  951 | Func:   SH | Latency:  199[1;0m
[1;34m[Core 1] PASS PATTERN NO.  952 | Func:  SLT | Latency:    6[1;0m
[1;32m[Core 2] PASS PATTERN NO.  952 | Func:   LH | Latency:  416[1;0m
[1;34m[Core 1] PASS PATTERN NO.  953 | Func:  MUL | Latency:  226[1;0m
[1;32m[Core 2] PASS PATTERN NO.  953 | Func:   SH | Latency:  212[1;0m
[1;34m[Core 1] PASS PATTERN NO.  954 | Func: NAND | Latency:  209[1;0m
[1;32m[Core 2] PASS PATTERN NO.  954 | Func:  NOR | Latency:    6[1;0m
[1;32m[Core 2] PASS PATTERN NO.  955 | Func:  MUL | Latency:   12[1;0m
[1;34m[Core 1] PASS PATTERN NO.  955 | Func:   SH | Latency:  367[1;0m
[1;34m[Core 1] PASS PATTERN NO.  956 | Func:  AND | Latency:    6[1;0m
[1;32m[Core 2] PASS PATTERN NO.  956 | Func:  SUB | Latency:  361[1;0m
[1;34m[Core 1] PASS PATTERN NO.  957 | Func:  SUB | Latency:  549[1;0m
[1;32m[Core 2] PASS PATTERN NO.  957 | Func:   LH | Latency:  888[1;0m
[1;34m[Core 1] PASS PATTERN NO.  958 | Func:   OR | Latency:  345[1;0m
[1;32m[Core 2] PASS PATTERN NO.  958 | Func:   LH | Latency:  136[1;0m
[1;34m[Core 1] PASS PATTERN NO.  959 | Func:  SUB | Latency:  136[1;0m
[1;32m[Core 2] PASS PATTERN NO.  959 | Func: ADDI | Latency:    6[1;0m
[1;34m[Core 1] PASS PATTERN NO.  960 | Func:   OR | Latency:    9[1;0m
[1;32m[Core 2] PASS PATTERN NO.  960 | Func:  SLT | Latency:    9[1;0m
[1;32m[Core 2] PASS PATTERN NO.  961 | Func:  ADD | Latency:    9[1;0m
[1;34m[Core 1] PASS PATTERN NO.  961 | Func:   LH | Latency:  186[1;0m
[1;32m[Core 2] PASS PATTERN NO.  962 | Func:  NOR | Latency:  183[1;0m
[1;34m[Core 1] PASS PATTERN NO.  962 | Func:   SH | Latency:  266[1;0m
[1;34m[Core 1] PASS PATTERN NO.  963 | Func:  MUL | Latency:    9[1;0m
[1;32m[Core 2] PASS PATTERN NO.  963 | Func:   LH | Latency:  483[1;0m
[1;34m[Core 1] PASS PATTERN NO.  964 | Func: SUBI | Latency:  220[1;0m
[1;32m[Core 2] PASS PATTERN NO.  964 | Func: ADDI | Latency:    6[1;0m
[1;32m[Core 2] PASS PATTERN NO.  965 | Func:  XOR | Latency:    9[1;0m
[1;34m[Core 1] PASS PATTERN NO.  965 | Func:  MUL | Latency:   12[1;0m
[1;32m[Core 2] PASS PATTERN NO.  966 | Func:  SUB | Latency:    9[1;0m
[1;34m[Core 1] PASS PATTERN NO.  966 | Func:  MUL | Latency:    9[1;0m
[1;32m[Core 2] PASS PATTERN NO.  967 | Func: NAND | Latency:    9[1;0m
[1;34m[Core 1] PASS PATTERN NO.  967 | Func:   SH | Latency:  163[1;0m
[1;34m[Core 1] PASS PATTERN NO.  968 | Func:   OR | Latency:    6[1;0m
[1;32m[Core 2] PASS PATTERN NO.  968 | Func:   SH | Latency:  321[1;0m
[1;34m[Core 1] PASS PATTERN NO.  969 | Func:   SH | Latency:  320[1;0m
[1;32m[Core 2] PASS PATTERN NO.  969 | Func:   LH | Latency:  598[1;0m
[1;34m[Core 1] PASS PATTERN NO.  970 | Func:  NOR | Latency:  442[1;0m
[1;32m[Core 2] PASS PATTERN NO.  970 | Func: SUBI | Latency:    6[1;0m
[1;32m[Core 2] PASS PATTERN NO.  971 | Func:  XOR | Latency:    9[1;0m
[1;34m[Core 1] PASS PATTERN NO.  971 | Func:   LH | Latency:  360[1;0m
[1;34m[Core 1] PASS PATTERN NO.  972 | Func:  NOR | Latency:    6[1;0m
[1;32m[Core 2] PASS PATTERN NO.  972 | Func:  AND | Latency:  357[1;0m
[1;34m[Core 1] PASS PATTERN NO.  973 | Func:   OR | Latency:    9[1;0m
[1;32m[Core 2] PASS PATTERN NO.  973 | Func: NAND | Latency:    9[1;0m
[1;32m[Core 2] PASS PATTERN NO.  974 | Func:  ADD | Latency:    9[1;0m
[1;34m[Core 1] PASS PATTERN NO.  974 | Func:  MUL | Latency:   12[1;0m
[1;34m[Core 1] PASS PATTERN NO.  975 | Func: SUBI | Latency:    6[1;0m
[1;32m[Core 2] PASS PATTERN NO.  975 | Func:   OR | Latency:    9[1;0m
[1;34m[Core 1] PASS PATTERN NO.  976 | Func: NAND | Latency:    9[1;0m
[1;32m[Core 2] PASS PATTERN NO.  976 | Func:   LH | Latency:  200[1;0m
[1;32m[Core 2] PASS PATTERN NO.  977 | Func:  SLT | Latency:    6[1;0m
[1;34m[Core 1] PASS PATTERN NO.  977 | Func:   LH | Latency:  646[1;0m
[1;34m[Core 1] PASS PATTERN NO.  978 | Func:  SLT | Latency:    6[1;0m
[1;32m[Core 2] PASS PATTERN NO.  978 | Func:   SH | Latency:  799[1;0m
[1;32m[Core 2] PASS PATTERN NO.  979 | Func:  ADD | Latency:    6[1;0m
[1;34m[Core 1] PASS PATTERN NO.  979 | Func:   SH | Latency:  520[1;0m
[1;34m[Core 1] PASS PATTERN NO.  980 | Func: NAND | Latency:    6[1;0m
[1;32m[Core 2] PASS PATTERN NO.  980 | Func: NAND | Latency:  176[1;0m
[1;34m[Core 1] PASS PATTERN NO.  981 | Func: ADDI | Latency:    9[1;0m
[1;32m[Core 2] PASS PATTERN NO.  981 | Func:   OR | Latency:    9[1;0m
[1;32m[Core 2] PASS PATTERN NO.  982 | Func:  NOR | Latency:    9[1;0m
[1;34m[Core 1] PASS PATTERN NO.  982 | Func:   LH | Latency:  121[1;0m
[1;34m[Core 1] PASS PATTERN NO.  983 | Func: SUBI | Latency:    6[1;0m
[1;32m[Core 2] PASS PATTERN NO.  983 | Func: ADDI | Latency:  118[1;0m
[1;34m[Core 1] PASS PATTERN NO.  984 | Func:  MUL | Latency:   12[1;0m
[1;32m[Core 2] PASS PATTERN NO.  984 | Func:  MUL | Latency:   13[1;0m
[1;34m[Core 1] PASS PATTERN NO.  985 | Func:  XOR | Latency:    9[1;0m
[1;32m[Core 2] PASS PATTERN NO.  985 | Func:  MUL | Latency:   11[1;0m
[1;34m[Core 1] PASS PATTERN NO.  986 | Func: NAND | Latency:    9[1;0m
[1;32m[Core 2] PASS PATTERN NO.  986 | Func:   LH | Latency:  300[1;0m
[1;34m[Core 1] PASS PATTERN NO.  987 | Func: ADDI | Latency:  300[1;0m
[1;32m[Core 2] PASS PATTERN NO.  987 | Func:   SH | Latency:  176[1;0m
[1;34m[Core 1] PASS PATTERN NO.  988 | Func: ADDI | Latency:  176[1;0m
[1;32m[Core 2] PASS PATTERN NO.  988 | Func: SUBI | Latency:    6[1;0m
[1;32m[Core 2] PASS PATTERN NO.  989 | Func:  XOR | Latency:  423[1;0m
[1;34m[Core 1] PASS PATTERN NO.  989 | Func:  MUL | Latency:  426[1;0m
[1;32m[Core 2] PASS PATTERN NO.  990 | Func:  XOR | Latency:    9[1;0m
[1;34m[Core 1] PASS PATTERN NO.  990 | Func:   LH | Latency:  315[1;0m
[1;34m[Core 1] PASS PATTERN NO.  991 | Func:   SH | Latency:  379[1;0m
[1;32m[Core 2] PASS PATTERN NO.  991 | Func:   LH | Latency:  874[1;0m
[1;34m[Core 1] PASS PATTERN NO.  992 | Func: ADDI | Latency:  192[1;0m
[1;32m[Core 2] PASS PATTERN NO.  992 | Func:   SH | Latency:  207[1;0m
[1;34m[Core 1] PASS PATTERN NO.  993 | Func:  SUB | Latency:  207[1;0m
[1;32m[Core 2] PASS PATTERN NO.  993 | Func:  SUB | Latency:    6[1;0m
[1;34m[Core 1] PASS PATTERN NO.  994 | Func:  SLT | Latency:    9[1;0m
[1;32m[Core 2] PASS PATTERN NO.  994 | Func: ADDI | Latency:    9[1;0m
[1;34m[Core 1] PASS PATTERN NO.  995 | Func:   OR | Latency:    9[1;0m
[1;32m[Core 2] PASS PATTERN NO.  995 | Func:  MUL | Latency:   12[1;0m
[1;34m[Core 1] PASS PATTERN NO.  996 | Func:  NOR | Latency:    9[1;0m
[1;32m[Core 2] PASS PATTERN NO.  996 | Func: SUBI | Latency:    6[1;0m
[1;32m[Core 2] PASS PATTERN NO.  997 | Func:  SLT | Latency:    9[1;0m
[1;34m[Core 1] PASS PATTERN NO.  997 | Func:   LH | Latency:  269[1;0m
[1;34m[Core 1] PASS PATTERN NO.  998 | Func:  SLT | Latency:    6[1;0m
[1;32m[Core 2] PASS PATTERN NO.  998 | Func:  AND | Latency:  266[1;0m
[1;34m[Core 1] PASS PATTERN NO.  999 | Func:  SUB | Latency:    9[1;0m
[1;32m[Core 2] PASS PATTERN NO.  999 | Func:  XOR | Latency:    9[1;0m
[1;33m[Info] Global Memory Check Passed at IC 50-boundary (Snapshot 19)[1;0m
[1;32m[Core 2] PASS PATTERN NO. 1000 | Func:  ADD | Latency:    9[1;0m
[1;34m[Core 1] PASS PATTERN NO. 1000 | Func:   LH | Latency:  305[1;0m
[1;34m[Core 1] PASS PATTERN NO. 1001 | Func:  MUL | Latency:    9[1;0m
[1;32m[Core 2] PASS PATTERN NO. 1001 | Func:   LH | Latency:  546[1;0m
[1;34m[Core 1] PASS PATTERN NO. 1002 | Func:  SLT | Latency:  247[1;0m
[1;32m[Core 2] PASS PATTERN NO. 1002 | Func:  AND | Latency:    6[1;0m
[1;34m[Core 1] PASS PATTERN NO. 1003 | Func:   SH | Latency:  413[1;0m
[1;32m[Core 2] PASS PATTERN NO. 1003 | Func:   LH | Latency:  578[1;0m
[1;32m[Core 2] PASS PATTERN NO. 1004 | Func:   SH | Latency:  486[1;0m
[1;34m[Core 1] PASS PATTERN NO. 1004 | Func:   LH | Latency:  841[1;0m
[1;34m[Core 1] PASS PATTERN NO. 1005 | Func:  NOR | Latency:    6[1;0m
[1;32m[Core 2] PASS PATTERN NO. 1005 | Func:   SH | Latency:  405[1;0m
[1;34m[Core 1] PASS PATTERN NO. 1006 | Func:  XOR | Latency:  215[1;0m
[1;32m[Core 2] PASS PATTERN NO. 1006 | Func:   SH | Latency:  235[1;0m
[1;34m[Core 1] PASS PATTERN NO. 1007 | Func:  XOR | Latency:  235[1;0m
[1;32m[Core 2] PASS PATTERN NO. 1007 | Func:  ADD | Latency:    6[1;0m
[1;32m[Core 2] PASS PATTERN NO. 1008 | Func:  MUL | Latency:   12[1;0m
[1;34m[Core 1] PASS PATTERN NO. 1008 | Func:   SH | Latency:  117[1;0m
[1;34m[Core 1] PASS PATTERN NO. 1009 | Func:   OR | Latency:    6[1;0m
[1;32m[Core 2] PASS PATTERN NO. 1009 | Func:  XOR | Latency:  111[1;0m
[1;34m[Core 1] PASS PATTERN NO. 1010 | Func:   SH | Latency:  185[1;0m
[1;32m[Core 2] PASS PATTERN NO. 1010 | Func:   LH | Latency:  583[1;0m
[1;34m[Core 1] PASS PATTERN NO. 1011 | Func:   LH | Latency:  720[1;0m
[1;32m[Core 2] PASS PATTERN NO. 1011 | Func:   LH | Latency:  658[1;0m
[1;34m[Core 1] PASS PATTERN NO. 1012 | Func: SUBI | Latency:  342[1;0m
[1;32m[Core 2] PASS PATTERN NO. 1012 | Func:  XOR | Latency:    6[1;0m
[1;32m[Core 2] PASS PATTERN NO. 1013 | Func: SUBI | Latency:    9[1;0m
[1;34m[Core 1] PASS PATTERN NO. 1013 | Func:   SH | Latency:  309[1;0m
[1;34m[Core 1] PASS PATTERN NO. 1014 | Func:   SH | Latency:  152[1;0m
[1;32m[Core 2] PASS PATTERN NO. 1014 | Func:   LH | Latency:  619[1;0m
[1;34m[Core 1] PASS PATTERN NO. 1015 | Func:   SH | Latency:  658[1;0m
[1;32m[Core 2] PASS PATTERN NO. 1015 | Func:   LH | Latency:  844[1;0m
[1;32m[Core 2] PASS PATTERN NO. 1016 | Func:   OR | Latency:    6[1;0m
[1;34m[Core 1] PASS PATTERN NO. 1016 | Func:  MUL | Latency:  362[1;0m
[1;32m[Core 2] PASS PATTERN NO. 1017 | Func: ADDI | Latency:    9[1;0m
[1;34m[Core 1] PASS PATTERN NO. 1017 | Func:   LH | Latency:  232[1;0m
[1;34m[Core 1] PASS PATTERN NO. 1018 | Func:   SH | Latency:  327[1;0m
[1;32m[Core 2] PASS PATTERN NO. 1018 | Func:   LH | Latency:  814[1;0m
[1;34m[Core 1] PASS PATTERN NO. 1019 | Func:  NOR | Latency:  267[1;0m
[1;32m[Core 2] PASS PATTERN NO. 1019 | Func:  MUL | Latency:    9[1;0m
[1;34m[Core 1] PASS PATTERN NO. 1020 | Func:   SH | Latency:  273[1;0m
[1;32m[Core 2] PASS PATTERN NO. 1020 | Func:   LH | Latency:  402[1;0m
[1;34m[Core 1] PASS PATTERN NO. 1021 | Func:   SH | Latency: 1079[1;0m
[1;32m[Core 2] PASS PATTERN NO. 1021 | Func:   LH | Latency: 1288[1;0m
[1;34m[Core 1] PASS PATTERN NO. 1022 | Func:  MUL | Latency:  350[1;0m
[1;32m[Core 2] PASS PATTERN NO. 1022 | Func:   LH | Latency:  303[1;0m
[1;34m[Core 1] PASS PATTERN NO. 1023 | Func:  XOR | Latency:  300[1;0m
[1;32m[Core 2] PASS PATTERN NO. 1023 | Func: NAND | Latency:    6[1;0m
[1;32m[Core 2] PASS PATTERN NO. 1024 | Func: ADDI | Latency:    9[1;0m
[1;34m[Core 1] PASS PATTERN NO. 1024 | Func:   LH | Latency:  190[1;0m
[1;34m[Core 1] PASS PATTERN NO. 1025 | Func:  XOR | Latency:    6[1;0m
[1;32m[Core 2] PASS PATTERN NO. 1025 | Func:  MUL | Latency:  190[1;0m
[1;34m[Core 1] PASS PATTERN NO. 1026 | Func: ADDI | Latency:    9[1;0m
[1;32m[Core 2] PASS PATTERN NO. 1026 | Func:  ADD | Latency:    6[1;0m
[1;34m[Core 1] PASS PATTERN NO. 1027 | Func: SUBI | Latency:    9[1;0m
[1;32m[Core 2] PASS PATTERN NO. 1027 | Func:   SH | Latency:  275[1;0m
[1;34m[Core 1] PASS PATTERN NO. 1028 | Func: ADDI | Latency:  272[1;0m
[1;32m[Core 2] PASS PATTERN NO. 1028 | Func:   SH | Latency:  285[1;0m
[1;34m[Core 1] PASS PATTERN NO. 1029 | Func:  SUB | Latency:  285[1;0m
[1;32m[Core 2] PASS PATTERN NO. 1029 | Func:   LH | Latency:  407[1;0m
[1;34m[Core 1] PASS PATTERN NO. 1030 | Func:  ADD | Latency:  407[1;0m
[1;32m[Core 2] PASS PATTERN NO. 1030 | Func:  SLT | Latency:    6[1;0m
[1;34m[Core 1] PASS PATTERN NO. 1031 | Func:  XOR | Latency:    9[1;0m
[1;32m[Core 2] PASS PATTERN NO. 1031 | Func:  MUL | Latency:   12[1;0m
[1;34m[Core 1] PASS PATTERN NO. 1032 | Func: ADDI | Latency:    9[1;0m
[1;32m[Core 2] PASS PATTERN NO. 1032 | Func:   SH | Latency:  137[1;0m
[1;34m[Core 1] PASS PATTERN NO. 1033 | Func: SUBI | Latency:  137[1;0m
[1;32m[Core 2] PASS PATTERN NO. 1033 | Func:  ADD | Latency:    6[1;0m
[1;34m[Core 1] PASS PATTERN NO. 1034 | Func:  ADD | Latency:    9[1;0m
[1;32m[Core 2] PASS PATTERN NO. 1034 | Func:  XOR | Latency:    9[1;0m
[1;34m[Core 1] PASS PATTERN NO. 1035 | Func: NAND | Latency:    9[1;0m
[1;32m[Core 2] PASS PATTERN NO. 1035 | Func:   LH | Latency:  226[1;0m
[1;34m[Core 1] PASS PATTERN NO. 1036 | Func:   OR | Latency:  223[1;0m
[1;32m[Core 2] PASS PATTERN NO. 1036 | Func:  MUL | Latency:    9[1;0m
[1;32m[Core 2] PASS PATTERN NO. 1037 | Func:  SLT | Latency:    6[1;0m
[1;34m[Core 1] PASS PATTERN NO. 1037 | Func:   SH | Latency:  348[1;0m
[1;34m[Core 1] PASS PATTERN NO. 1038 | Func:  AND | Latency:    6[1;0m
[1;32m[Core 2] PASS PATTERN NO. 1038 | Func:  XOR | Latency:  345[1;0m
[1;34m[Core 1] PASS PATTERN NO. 1039 | Func:  AND | Latency:    9[1;0m
[1;32m[Core 2] PASS PATTERN NO. 1039 | Func:  SUB | Latency:    9[1;0m
[1;34m[Core 1] PASS PATTERN NO. 1040 | Func:   OR | Latency:    9[1;0m
[1;32m[Core 2] PASS PATTERN NO. 1040 | Func: SUBI | Latency:    9[1;0m
[1;32m[Core 2] PASS PATTERN NO. 1041 | Func:  XOR | Latency:    9[1;0m
[1;34m[Core 1] PASS PATTERN NO. 1041 | Func:   LH | Latency:  360[1;0m
[1;34m[Core 1] PASS PATTERN NO. 1042 | Func:  AND | Latency:    6[1;0m
[1;32m[Core 2] PASS PATTERN NO. 1042 | Func:  XOR | Latency:  357[1;0m
[1;32m[Core 2] PASS PATTERN NO. 1043 | Func: ADDI | Latency:    9[1;0m
[1;34m[Core 1] PASS PATTERN NO. 1043 | Func:  MUL | Latency:   12[1;0m
[1;34m[Core 1] PASS PATTERN NO. 1044 | Func:  MUL | Latency:    9[1;0m
[1;32m[Core 2] PASS PATTERN NO. 1044 | Func:   SH | Latency:  153[1;0m
[1;34m[Core 1] PASS PATTERN NO. 1045 | Func: SUBI | Latency:  147[1;0m
[1;32m[Core 2] PASS PATTERN NO. 1045 | Func: SUBI | Latency:    6[1;0m
[1;32m[Core 2] PASS PATTERN NO. 1046 | Func:  AND | Latency:    9[1;0m
[1;34m[Core 1] PASS PATTERN NO. 1046 | Func:   SH | Latency:  425[1;0m
[1;34m[Core 1] PASS PATTERN NO. 1047 | Func: ADDI | Latency:    6[1;0m
[1;32m[Core 2] PASS PATTERN NO. 1047 | Func:  AND | Latency:  422[1;0m
[1;34m[Core 1] PASS PATTERN NO. 1048 | Func:   SH | Latency:  268[1;0m
[1;32m[Core 2] PASS PATTERN NO. 1048 | Func:   LH | Latency:  408[1;0m
[1;34m[Core 1] PASS PATTERN NO. 1049 | Func:  MUL | Latency:  149[1;0m
[1;32m[Core 2] PASS PATTERN NO. 1049 | Func:  MUL | Latency:   10[1;0m
[1;33m[Info] Global Memory Check Passed at IC 50-boundary (Snapshot 20)[1;0m
[1;34m[Core 1] PASS PATTERN NO. 1050 | Func:   SH | Latency:  369[1;0m
[1;32m[Core 2] PASS PATTERN NO. 1050 | Func:   LH | Latency:  649[1;0m
[1;32m[Core 2] PASS PATTERN NO. 1051 | Func: SUBI | Latency:    6[1;0m
[1;34m[Core 1] PASS PATTERN NO. 1051 | Func:   SH | Latency:  509[1;0m
[1;32m[Core 2] PASS PATTERN NO. 1052 | Func:  ADD | Latency:  228[1;0m
[1;34m[Core 1] PASS PATTERN NO. 1052 | Func:   SH | Latency:  201[1;0m
[1;32m[Core 2] PASS PATTERN NO. 1053 | Func: NAND | Latency:  359[1;0m
[1;34m[Core 1] PASS PATTERN NO. 1053 | Func:   LH | Latency:  273[1;0m
[1;34m[Core 1] PASS PATTERN NO. 1054 | Func: SUBI | Latency:    6[1;0m
[1;32m[Core 2] PASS PATTERN NO. 1054 | Func:  AND | Latency:  115[1;0m
[1;32m[Core 2] PASS PATTERN NO. 1055 | Func:   SH | Latency:  414[1;0m
[1;34m[Core 1] PASS PATTERN NO. 1055 | Func:   LH | Latency:  886[1;0m
[1;32m[Core 2] PASS PATTERN NO. 1056 | Func: ADDI | Latency:  478[1;0m
[1;34m[Core 1] PASS PATTERN NO. 1056 | Func:   LH | Latency:  231[1;0m
[1;34m[Core 1] PASS PATTERN NO. 1057 | Func:  XOR | Latency:    6[1;0m
[1;32m[Core 2] PASS PATTERN NO. 1057 | Func:   SH | Latency:  615[1;0m
[1;32m[Core 2] PASS PATTERN NO. 1058 | Func:  NOR | Latency:    6[1;0m
[1;34m[Core 1] PASS PATTERN NO. 1058 | Func:   LH | Latency:  677[1;0m
[1;34m[Core 1] PASS PATTERN NO. 1059 | Func:   OR | Latency:    6[1;0m
[1;32m[Core 2] PASS PATTERN NO. 1059 | Func: ADDI | Latency:  293[1;0m
[1;32m[Core 2] PASS PATTERN NO. 1060 | Func:   OR | Latency:    9[1;0m
[1;34m[Core 1] PASS PATTERN NO. 1060 | Func:  MUL | Latency:   12[1;0m
[1;34m[Core 1] PASS PATTERN NO. 1061 | Func:  NOR | Latency:    6[1;0m
[1;32m[Core 2] PASS PATTERN NO. 1061 | Func: NAND | Latency:    9[1;0m
[1;32m[Core 2] PASS PATTERN NO. 1062 | Func: ADDI | Latency:    9[1;0m
[1;34m[Core 1] PASS PATTERN NO. 1062 | Func:   LH | Latency:  164[1;0m
[1;32m[Core 2] PASS PATTERN NO. 1063 | Func: SUBI | Latency:  161[1;0m
[1;34m[Core 1] PASS PATTERN NO. 1063 | Func:   SH | Latency:  176[1;0m
[1;32m[Core 2] PASS PATTERN NO. 1064 | Func: ADDI | Latency:  176[1;0m
[1;34m[Core 1] PASS PATTERN NO. 1064 | Func:   SH | Latency:  379[1;0m
[1;32m[Core 2] PASS PATTERN NO. 1065 | Func:  AND | Latency:  379[1;0m
[1;34m[Core 1] PASS PATTERN NO. 1065 | Func:  MUL | Latency:    9[1;0m
[1;32m[Core 2] PASS PATTERN NO. 1066 | Func:   OR | Latency:    9[1;0m
[1;34m[Core 1] PASS PATTERN NO. 1066 | Func:   SH | Latency:  379[1;0m
[1;34m[Core 1] PASS PATTERN NO. 1067 | Func: SUBI | Latency:    6[1;0m
[1;32m[Core 2] PASS PATTERN NO. 1067 | Func: ADDI | Latency:  379[1;0m
[1;34m[Core 1] PASS PATTERN NO. 1068 | Func:   SH | Latency:  284[1;0m
[1;32m[Core 2] PASS PATTERN NO. 1068 | Func:   LH | Latency:  457[1;0m
[1;34m[Core 1] PASS PATTERN NO. 1069 | Func:   OR | Latency:  179[1;0m
[1;32m[Core 2] PASS PATTERN NO. 1069 | Func:  ADD | Latency:    6[1;0m
[1;34m[Core 1] PASS PATTERN NO. 1070 | Func: SUBI | Latency:    9[1;0m
[1;32m[Core 2] PASS PATTERN NO. 1070 | Func:  ADD | Latency:    9[1;0m
[1;34m[Core 1] PASS PATTERN NO. 1071 | Func:  NOR | Latency:    9[1;0m
[1;32m[Core 2] PASS PATTERN NO. 1071 | Func:  SLT | Latency:    9[1;0m
[1;34m[Core 1] PASS PATTERN NO. 1072 | Func:  ADD | Latency:    9[1;0m
[1;32m[Core 2] PASS PATTERN NO. 1072 | Func:   LH | Latency:  369[1;0m
[1;34m[Core 1] PASS PATTERN NO. 1073 | Func:   LH | Latency:  766[1;0m
[1;32m[Core 2] PASS PATTERN NO. 1073 | Func:   LH | Latency:  807[1;0m
[1;32m[Core 2] PASS PATTERN NO. 1074 | Func: SUBI | Latency:    6[1;0m
[1;34m[Core 1] PASS PATTERN NO. 1074 | Func:   LH | Latency:  678[1;0m
[1;34m[Core 1] PASS PATTERN NO. 1075 | Func:   OR | Latency:    6[1;0m
[1;32m[Core 2] PASS PATTERN NO. 1075 | Func: SUBI | Latency:  277[1;0m
[1;34m[Core 1] PASS PATTERN NO. 1076 | Func: NAND | Latency:    9[1;0m
[1;32m[Core 2] PASS PATTERN NO. 1076 | Func:  MUL | Latency:   12[1;0m
[1;34m[Core 1] PASS PATTERN NO. 1077 | Func:  AND | Latency:    9[1;0m
[1;32m[Core 2] PASS PATTERN NO. 1077 | Func: SUBI | Latency:    6[1;0m
[1;34m[Core 1] PASS PATTERN NO. 1078 | Func:  AND | Latency:    9[1;0m
[1;32m[Core 2] PASS PATTERN NO. 1078 | Func: SUBI | Latency:    9[1;0m
[1;32m[Core 2] PASS PATTERN NO. 1079 | Func:  AND | Latency:    9[1;0m
[1;34m[Core 1] PASS PATTERN NO. 1079 | Func:   SH | Latency:  402[1;0m
[1;32m[Core 2] PASS PATTERN NO. 1080 | Func: NAND | Latency:  399[1;0m
[1;34m[Core 1] PASS PATTERN NO. 1080 | Func:   SH | Latency:  284[1;0m
[1;34m[Core 1] PASS PATTERN NO. 1081 | Func: NAND | Latency:    6[1;0m
[1;32m[Core 2] PASS PATTERN NO. 1081 | Func:   SH | Latency:  447[1;0m
[1;34m[Core 1] PASS PATTERN NO. 1082 | Func: SUBI | Latency:  169[1;0m
[1;32m[Core 2] PASS PATTERN NO. 1082 | Func:   LH | Latency:  328[1;0m
[1;34m[Core 1] PASS PATTERN NO. 1083 | Func:  ADD | Latency:  328[1;0m
[1;32m[Core 2] PASS PATTERN NO. 1083 | Func: SUBI | Latency:    6[1;0m
[1;34m[Core 1] PASS PATTERN NO. 1084 | Func:   SH | Latency:  463[1;0m
[1;32m[Core 2] PASS PATTERN NO. 1084 | Func:   LH | Latency:  678[1;0m
[1;32m[Core 2] PASS PATTERN NO. 1085 | Func: SUBI | Latency:  215[1;0m
[1;34m[Core 1] PASS PATTERN NO. 1085 | Func:   LH | Latency:  565[1;0m
[1;34m[Core 1] PASS PATTERN NO. 1086 | Func:  SLT | Latency:    6[1;0m
[1;32m[Core 2] PASS PATTERN NO. 1086 | Func:   SH | Latency:  413[1;0m
[1;34m[Core 1] PASS PATTERN NO. 1087 | Func:  SLT | Latency:  278[1;0m
[1;32m[Core 2] PASS PATTERN NO. 1087 | Func:  MUL | Latency:    9[1;0m
[1;34m[Core 1] PASS PATTERN NO. 1088 | Func:   OR | Latency:    9[1;0m
[1;32m[Core 2] PASS PATTERN NO. 1088 | Func:  AND | Latency:    6[1;0m
[1;32m[Core 2] PASS PATTERN NO. 1089 | Func:  ADD | Latency:    9[1;0m
[1;34m[Core 1] PASS PATTERN NO. 1089 | Func:   LH | Latency:  434[1;0m
[1;34m[Core 1] PASS PATTERN NO. 1090 | Func: NAND | Latency:    6[1;0m
[1;32m[Core 2] PASS PATTERN NO. 1090 | Func:  ADD | Latency:  431[1;0m
[1;34m[Core 1] PASS PATTERN NO. 1091 | Func:   LH | Latency:  399[1;0m
[1;32m[Core 2] PASS PATTERN NO. 1091 | Func:   LH | Latency:  572[1;0m
[1;34m[Core 1] PASS PATTERN NO. 1092 | Func:   SH | Latency:  646[1;0m
[1;32m[Core 2] PASS PATTERN NO. 1092 | Func:   LH | Latency:  914[1;0m
[1;34m[Core 1] PASS PATTERN NO. 1093 | Func:   LH | Latency:  580[1;0m
[1;32m[Core 2] PASS PATTERN NO. 1093 | Func:   LH | Latency:  267[1;0m
[1;34m[Core 1] PASS PATTERN NO. 1094 | Func: SUBI | Latency:  134[1;0m
[1;32m[Core 2] PASS PATTERN NO. 1094 | Func:   LH | Latency:  126[1;0m
[1;34m[Core 1] PASS PATTERN NO. 1095 | Func:   OR | Latency:  126[1;0m
[1;32m[Core 2] PASS PATTERN NO. 1095 | Func:   OR | Latency:    6[1;0m
[1;34m[Core 1] PASS PATTERN NO. 1096 | Func: SUBI | Latency:    9[1;0m
[1;32m[Core 2] PASS PATTERN NO. 1096 | Func:  SUB | Latency:    9[1;0m
[1;34m[Core 1] PASS PATTERN NO. 1097 | Func:  SUB | Latency:    9[1;0m
[1;32m[Core 2] PASS PATTERN NO. 1097 | Func:   SH | Latency:  304[1;0m
[1;34m[Core 1] PASS PATTERN NO. 1098 | Func:  ADD | Latency:  301[1;0m
[1;32m[Core 2] PASS PATTERN NO. 1098 | Func:  SUB | Latency:    6[1;0m
[1;32m[Core 2] PASS PATTERN NO. 1099 | Func:  AND | Latency:    9[1;0m
[1;34m[Core 1] PASS PATTERN NO. 1099 | Func:   LH | Latency:  344[1;0m
[1;33m[Info] Global Memory Check Passed at IC 50-boundary (Snapshot 21)[1;0m
[1;34m[Core 1] PASS PATTERN NO. 1100 | Func:  NOR | Latency:    6[1;0m
[1;32m[Core 2] PASS PATTERN NO. 1100 | Func:  AND | Latency:  341[1;0m
[1;32m[Core 2] PASS PATTERN NO. 1101 | Func:   SH | Latency:  334[1;0m
[1;34m[Core 1] PASS PATTERN NO. 1101 | Func:   LH | Latency:  470[1;0m
[1;34m[Core 1] PASS PATTERN NO. 1102 | Func:   OR | Latency:    6[1;0m
[1;32m[Core 2] PASS PATTERN NO. 1102 | Func:   LH | Latency:  390[1;0m
[1;32m[Core 2] PASS PATTERN NO. 1103 | Func: SUBI | Latency:    6[1;0m
[1;34m[Core 1] PASS PATTERN NO. 1103 | Func:   SH | Latency:  534[1;0m
[1;34m[Core 1] PASS PATTERN NO. 1104 | Func:   SH | Latency:  350[1;0m
[1;32m[Core 2] PASS PATTERN NO. 1104 | Func:   LH | Latency:  766[1;0m
[1;32m[Core 2] PASS PATTERN NO. 1105 | Func: ADDI | Latency:    6[1;0m
[1;34m[Core 1] PASS PATTERN NO. 1105 | Func:  MUL | Latency:  145[1;0m
[1;34m[Core 1] PASS PATTERN NO. 1106 | Func:  NOR | Latency:    6[1;0m
[1;32m[Core 2] PASS PATTERN NO. 1106 | Func:  SUB | Latency:    9[1;0m
[1;34m[Core 1] PASS PATTERN NO. 1107 | Func: ADDI | Latency:    9[1;0m
[1;32m[Core 2] PASS PATTERN NO. 1107 | Func:  ADD | Latency:    9[1;0m
[1;34m[Core 1] PASS PATTERN NO. 1108 | Func: NAND | Latency:    9[1;0m
[1;32m[Core 2] PASS PATTERN NO. 1108 | Func:   SH | Latency:  421[1;0m
[1;34m[Core 1] PASS PATTERN NO. 1109 | Func: ADDI | Latency:  418[1;0m
[1;32m[Core 2] PASS PATTERN NO. 1109 | Func:   SH | Latency:  390[1;0m
[1;34m[Core 1] PASS PATTERN NO. 1110 | Func: ADDI | Latency:  390[1;0m
[1;32m[Core 2] PASS PATTERN NO. 1110 | Func:   LH | Latency:  154[1;0m
[1;34m[Core 1] PASS PATTERN NO. 1111 | Func:  NOR | Latency:  154[1;0m
[1;32m[Core 2] PASS PATTERN NO. 1111 | Func: SUBI | Latency:    6[1;0m
[1;34m[Core 1] PASS PATTERN NO. 1112 | Func:   LH | Latency:  508[1;0m
[1;32m[Core 2] PASS PATTERN NO. 1112 | Func:   LH | Latency:  745[1;0m
[1;32m[Core 2] PASS PATTERN NO. 1113 | Func:  SUB | Latency:    6[1;0m
[1;34m[Core 1] PASS PATTERN NO. 1113 | Func:  MUL | Latency:  246[1;0m
[1;34m[Core 1] PASS PATTERN NO. 1114 | Func:  XOR | Latency:    6[1;0m
[1;32m[Core 2] PASS PATTERN NO. 1114 | Func:   SH | Latency:  283[1;0m
[1;32m[Core 2] PASS PATTERN NO. 1115 | Func: ADDI | Latency:    6[1;0m
[1;34m[Core 1] PASS PATTERN NO. 1115 | Func:   SH | Latency:  649[1;0m
[1;34m[Core 1] PASS PATTERN NO. 1116 | Func: SUBI | Latency:    6[1;0m
[1;32m[Core 2] PASS PATTERN NO. 1116 | Func: SUBI | Latency:  375[1;0m
[1;32m[Core 2] PASS PATTERN NO. 1117 | Func:   SH | Latency: 1006[1;0m
[1;34m[Core 1] PASS PATTERN NO. 1117 | Func:   LH | Latency: 1241[1;0m
[1;34m[Core 1] PASS PATTERN NO. 1118 | Func:   SH | Latency:  178[1;0m
[1;32m[Core 2] PASS PATTERN NO. 1118 | Func:   LH | Latency:  636[1;0m
[1;34m[Core 1] PASS PATTERN NO. 1119 | Func:   SH | Latency:  637[1;0m
[1;32m[Core 2] PASS PATTERN NO. 1119 | Func:   LH | Latency:  670[1;0m
[1;34m[Core 1] PASS PATTERN NO. 1120 | Func: SUBI | Latency:  262[1;0m
[1;32m[Core 2] PASS PATTERN NO. 1120 | Func:   LH | Latency:  327[1;0m
[1;34m[Core 1] PASS PATTERN NO. 1121 | Func:   SH | Latency:  617[1;0m
[1;32m[Core 2] PASS PATTERN NO. 1121 | Func:   LH | Latency:  609[1;0m
[1;34m[Core 1] PASS PATTERN NO. 1122 | Func:   OR | Latency:  319[1;0m
[1;32m[Core 2] PASS PATTERN NO. 1122 | Func:   SH | Latency:  442[1;0m
[1;34m[Core 1] PASS PATTERN NO. 1123 | Func:   SH | Latency:  572[1;0m
[1;32m[Core 2] PASS PATTERN NO. 1123 | Func:   LH | Latency:  358[1;0m
[1;34m[Core 1] PASS PATTERN NO. 1124 | Func:  SLT | Latency:  228[1;0m
[1;32m[Core 2] PASS PATTERN NO. 1124 | Func: NAND | Latency:    6[1;0m
[1;34m[Core 1] PASS PATTERN NO. 1125 | Func:  AND | Latency:    9[1;0m
[1;32m[Core 2] PASS PATTERN NO. 1125 | Func:  SUB | Latency:    9[1;0m
[1;34m[Core 1] PASS PATTERN NO. 1126 | Func:  MUL | Latency:   12[1;0m
[1;32m[Core 2] PASS PATTERN NO. 1126 | Func:   LH | Latency:  163[1;0m
[1;34m[Core 1] PASS PATTERN NO. 1127 | Func:  AND | Latency:  157[1;0m
[1;32m[Core 2] PASS PATTERN NO. 1127 | Func:   LH | Latency:  453[1;0m
[1;34m[Core 1] PASS PATTERN NO. 1128 | Func:  XOR | Latency:  453[1;0m
[1;32m[Core 2] PASS PATTERN NO. 1128 | Func:  XOR | Latency:    6[1;0m
[1;34m[Core 1] PASS PATTERN NO. 1129 | Func: ADDI | Latency:    9[1;0m
[1;32m[Core 2] PASS PATTERN NO. 1129 | Func:   SH | Latency:  116[1;0m
[1;32m[Core 2] PASS PATTERN NO. 1130 | Func:   SH | Latency:  310[1;0m
[1;34m[Core 1] PASS PATTERN NO. 1130 | Func:   LH | Latency:  795[1;0m
[1;32m[Core 2] PASS PATTERN NO. 1131 | Func:  XOR | Latency:  384[1;0m
[1;34m[Core 1] PASS PATTERN NO. 1131 | Func:   LH | Latency:  504[1;0m
[1;34m[Core 1] PASS PATTERN NO. 1132 | Func: ADDI | Latency:    6[1;0m
[1;32m[Core 2] PASS PATTERN NO. 1132 | Func: SUBI | Latency:  504[1;0m
[1;34m[Core 1] PASS PATTERN NO. 1133 | Func:   LH | Latency:  208[1;0m
[1;32m[Core 2] PASS PATTERN NO. 1133 | Func:   LH | Latency:  519[1;0m
[1;34m[Core 1] PASS PATTERN NO. 1134 | Func: NAND | Latency:  317[1;0m
[1;32m[Core 2] PASS PATTERN NO. 1134 | Func:  NOR | Latency:    6[1;0m
[1;34m[Core 1] PASS PATTERN NO. 1135 | Func:  XOR | Latency:    9[1;0m
[1;32m[Core 2] PASS PATTERN NO. 1135 | Func:  MUL | Latency:   12[1;0m
[1;34m[Core 1] PASS PATTERN NO. 1136 | Func:  ADD | Latency:    9[1;0m
[1;32m[Core 2] PASS PATTERN NO. 1136 | Func: NAND | Latency:    6[1;0m
[1;34m[Core 1] PASS PATTERN NO. 1137 | Func: ADDI | Latency:    9[1;0m
[1;32m[Core 2] PASS PATTERN NO. 1137 | Func:   SH | Latency:  327[1;0m
[1;34m[Core 1] PASS PATTERN NO. 1138 | Func:  XOR | Latency:  324[1;0m
[1;32m[Core 2] PASS PATTERN NO. 1138 | Func: SUBI | Latency:    6[1;0m
[1;34m[Core 1] PASS PATTERN NO. 1139 | Func:    J | Latency:    8[1;0m
[1;32m[Core 2] PASS PATTERN NO. 1139 | Func:    J | Latency:    8[1;0m
[1;34m[Core 1] PASS PATTERN NO. 1140 | Func:   OR | Latency:  675[1;0m
[1;32m[Core 2] PASS PATTERN NO. 1140 | Func:   SH | Latency: 1159[1;0m
[1;32m[Core 2] PASS PATTERN NO. 1141 | Func:  MUL | Latency:    9[1;0m
[1;34m[Core 1] PASS PATTERN NO. 1141 | Func:   LH | Latency:  782[1;0m
[1;32m[Core 2] PASS PATTERN NO. 1142 | Func:  SLT | Latency:  295[1;0m
[1;34m[Core 1] PASS PATTERN NO. 1142 | Func:   LH | Latency:  116[1;0m
[1;34m[Core 1] PASS PATTERN NO. 1143 | Func:  SUB | Latency:    6[1;0m
[1;32m[Core 2] PASS PATTERN NO. 1143 | Func:  ADD | Latency:  116[1;0m
[1;34m[Core 1] PASS PATTERN NO. 1144 | Func:   OR | Latency:    9[1;0m
[1;32m[Core 2] PASS PATTERN NO. 1144 | Func: NAND | Latency:    9[1;0m
[1;34m[Core 1] PASS PATTERN NO. 1145 | Func:  NOR | Latency:    9[1;0m
[1;32m[Core 2] PASS PATTERN NO. 1145 | Func:   LH | Latency:  168[1;0m
[1;34m[Core 1] PASS PATTERN NO. 1146 | Func:   OR | Latency:  165[1;0m
[1;32m[Core 2] PASS PATTERN NO. 1146 | Func:   SH | Latency:  341[1;0m
[1;32m[Core 2] PASS PATTERN NO. 1147 | Func:  XOR | Latency:    6[1;0m
[1;34m[Core 1] PASS PATTERN NO. 1147 | Func:   SH | Latency:  654[1;0m
[1;34m[Core 1] PASS PATTERN NO. 1148 | Func:  ADD | Latency:    6[1;0m
[1;32m[Core 2] PASS PATTERN NO. 1148 | Func:  XOR | Latency:  319[1;0m
[1;34m[Core 1] PASS PATTERN NO. 1149 | Func:  MUL | Latency:   12[1;0m
[1;32m[Core 2] PASS PATTERN NO. 1149 | Func:   LH | Latency:  299[1;0m
[1;33m[Info] Global Memory Check Passed at IC 50-boundary (Snapshot 22)[1;0m
[1;34m[Core 1] PASS PATTERN NO. 1150 | Func:   SH | Latency:  745[1;0m
[1;32m[Core 2] PASS PATTERN NO. 1150 | Func:   LH | Latency:  577[1;0m
[1;34m[Core 1] PASS PATTERN NO. 1151 | Func:  SLT | Latency:  125[1;0m
[1;32m[Core 2] PASS PATTERN NO. 1151 | Func:   OR | Latency:    6[1;0m
[1;34m[Core 1] PASS PATTERN NO. 1152 | Func:  MUL | Latency:  446[1;0m
[1;32m[Core 2] PASS PATTERN NO. 1152 | Func:   LH | Latency:  658[1;0m
[1;34m[Core 1] PASS PATTERN NO. 1153 | Func: NAND | Latency:  218[1;0m
[1;32m[Core 2] PASS PATTERN NO. 1153 | Func:   SH | Latency:  246[1;0m
[1;34m[Core 1] PASS PATTERN NO. 1154 | Func:  SUB | Latency:  246[1;0m
[1;32m[Core 2] PASS PATTERN NO. 1154 | Func:   LH | Latency:  353[1;0m
[1;34m[Core 1] PASS PATTERN NO. 1155 | Func: ADDI | Latency:  353[1;0m
[1;32m[Core 2] PASS PATTERN NO. 1155 | Func:  SUB | Latency:    6[1;0m
[1;32m[Core 2] PASS PATTERN NO. 1156 | Func: NAND | Latency:    9[1;0m
[1;34m[Core 1] PASS PATTERN NO. 1156 | Func:   LH | Latency:  265[1;0m
[1;32m[Core 2] PASS PATTERN NO. 1157 | Func:  XOR | Latency:  262[1;0m
[1;34m[Core 1] PASS PATTERN NO. 1157 | Func:   SH | Latency:  430[1;0m
[1;34m[Core 1] PASS PATTERN NO. 1158 | Func: ADDI | Latency:    6[1;0m
[1;32m[Core 2] PASS PATTERN NO. 1158 | Func: SUBI | Latency:  430[1;0m
[1;34m[Core 1] PASS PATTERN NO. 1159 | Func:  ADD | Latency:    9[1;0m
[1;32m[Core 2] PASS PATTERN NO. 1159 | Func:  ADD | Latency:    9[1;0m
[1;32m[Core 2] PASS PATTERN NO. 1160 | Func: SUBI | Latency:    9[1;0m
[1;34m[Core 1] PASS PATTERN NO. 1160 | Func:   LH | Latency:  413[1;0m
[1;34m[Core 1] PASS PATTERN NO. 1161 | Func:  MUL | Latency:    9[1;0m
[1;32m[Core 2] PASS PATTERN NO. 1161 | Func:   SH | Latency:  791[1;0m
[1;34m[Core 1] PASS PATTERN NO. 1162 | Func: ADDI | Latency:  384[1;0m
[1;32m[Core 2] PASS PATTERN NO. 1162 | Func:  XOR | Latency:    6[1;0m
[1;32m[Core 2] PASS PATTERN NO. 1163 | Func:  XOR | Latency:    9[1;0m
[1;34m[Core 1] PASS PATTERN NO. 1163 | Func:  MUL | Latency:   12[1;0m
[1;34m[Core 1] PASS PATTERN NO. 1164 | Func:  NOR | Latency:    6[1;0m
[1;32m[Core 2] PASS PATTERN NO. 1164 | Func:  NOR | Latency:    9[1;0m
[1;34m[Core 1] PASS PATTERN NO. 1165 | Func:  ADD | Latency:    9[1;0m
[1;32m[Core 2] PASS PATTERN NO. 1165 | Func: ADDI | Latency:    9[1;0m
[1;32m[Core 2] PASS PATTERN NO. 1166 | Func:  SLT | Latency:    9[1;0m
[1;34m[Core 1] PASS PATTERN NO. 1166 | Func:   SH | Latency:  325[1;0m
[1;34m[Core 1] PASS PATTERN NO. 1167 | Func:   SH | Latency:  345[1;0m
[1;32m[Core 2] PASS PATTERN NO. 1167 | Func:   LH | Latency:  893[1;0m
[1;34m[Core 1] PASS PATTERN NO. 1168 | Func:   SH | Latency:  699[1;0m
[1;32m[Core 2] PASS PATTERN NO. 1168 | Func:   LH | Latency:  616[1;0m
[1;34m[Core 1] PASS PATTERN NO. 1169 | Func:  MUL | Latency:  158[1;0m
[1;32m[Core 2] PASS PATTERN NO. 1169 | Func:   LH | Latency:  207[1;0m
[1;32m[Core 2] PASS PATTERN NO. 1170 | Func:  MUL | Latency:    9[1;0m
[1;34m[Core 1] PASS PATTERN NO. 1170 | Func:   SH | Latency:  653[1;0m
[1;32m[Core 2] PASS PATTERN NO. 1171 | Func:   SH | Latency:  805[1;0m
[1;34m[Core 1] PASS PATTERN NO. 1171 | Func:   LH | Latency:  587[1;0m
[1;32m[Core 2] PASS PATTERN NO. 1172 | Func:  AND | Latency:  234[1;0m
[1;34m[Core 1] PASS PATTERN NO. 1172 | Func:  MUL | Latency:    9[1;0m
[1;34m[Core 1] PASS PATTERN NO. 1173 | Func:  XOR | Latency:    6[1;0m
[1;32m[Core 2] PASS PATTERN NO. 1173 | Func:  MUL | Latency:   12[1;0m
[1;34m[Core 1] PASS PATTERN NO. 1174 | Func:  XOR | Latency:    9[1;0m
[1;32m[Core 2] PASS PATTERN NO. 1174 | Func:  XOR | Latency:    6[1;0m
[1;34m[Core 1] PASS PATTERN NO. 1175 | Func:  MUL | Latency:   12[1;0m
[1;32m[Core 2] PASS PATTERN NO. 1175 | Func:   SH | Latency:  484[1;0m
[1;32m[Core 2] PASS PATTERN NO. 1176 | Func:  MUL | Latency:    9[1;0m
[1;34m[Core 1] PASS PATTERN NO. 1176 | Func:   LH | Latency:  952[1;0m
[1;34m[Core 1] PASS PATTERN NO. 1177 | Func: NAND | Latency:    6[1;0m
[1;32m[Core 2] PASS PATTERN NO. 1177 | Func:  MUL | Latency:  480[1;0m
[1;34m[Core 1] PASS PATTERN NO. 1178 | Func:  AND | Latency:    9[1;0m
[1;32m[Core 2] PASS PATTERN NO. 1178 | Func:   SH | Latency:  158[1;0m
[1;34m[Core 1] PASS PATTERN NO. 1179 | Func:   SH | Latency:  651[1;0m
[1;32m[Core 2] PASS PATTERN NO. 1179 | Func:   LH | Latency:  908[1;0m
[1;34m[Core 1] PASS PATTERN NO. 1180 | Func:  MUL | Latency:  418[1;0m
[1;32m[Core 2] PASS PATTERN NO. 1180 | Func:   SH | Latency:  331[1;0m
[1;32m[Core 2] PASS PATTERN NO. 1181 | Func:  NOR | Latency:    6[1;0m
[1;34m[Core 1] PASS PATTERN NO. 1181 | Func:   LH | Latency:  829[1;0m
[1;34m[Core 1] PASS PATTERN NO. 1182 | Func:  MUL | Latency:    9[1;0m
[1;32m[Core 2] PASS PATTERN NO. 1182 | Func:   LH | Latency:  632[1;0m
[1;34m[Core 1] PASS PATTERN NO. 1183 | Func:  SUB | Latency:  128[1;0m
[1;32m[Core 2] PASS PATTERN NO. 1183 | Func:  SUB | Latency:    6[1;0m
[1;34m[Core 1] PASS PATTERN NO. 1184 | Func:  SLT | Latency:  859[1;0m
[1;32m[Core 2] PASS PATTERN NO. 1184 | Func:  AND | Latency:  859[1;0m
[1;32m[Core 2] PASS PATTERN NO. 1185 | Func: ADDI | Latency:    9[1;0m
[1;34m[Core 1] PASS PATTERN NO. 1185 | Func:   SH | Latency:  470[1;0m
[1;34m[Core 1] PASS PATTERN NO. 1186 | Func:  XOR | Latency:    6[1;0m
[1;32m[Core 2] PASS PATTERN NO. 1186 | Func:  AND | Latency:  467[1;0m
[1;32m[Core 2] PASS PATTERN NO. 1187 | Func:  MUL | Latency:   12[1;0m
[1;34m[Core 1] PASS PATTERN NO. 1187 | Func:   LH | Latency:  302[1;0m
[1;34m[Core 1] PASS PATTERN NO. 1188 | Func:  AND | Latency:    6[1;0m
[1;32m[Core 2] PASS PATTERN NO. 1188 | Func:  XOR | Latency:  296[1;0m
[1;34m[Core 1] PASS PATTERN NO. 1189 | Func: SUBI | Latency:    9[1;0m
[1;32m[Core 2] PASS PATTERN NO. 1189 | Func:   LH | Latency:  113[1;0m
[1;34m[Core 1] PASS PATTERN NO. 1190 | Func:  SUB | Latency:  110[1;0m
[1;32m[Core 2] PASS PATTERN NO. 1190 | Func:  XOR | Latency:    6[1;0m
[1;34m[Core 1] PASS PATTERN NO. 1191 | Func:   OR | Latency:    9[1;0m
[1;32m[Core 2] PASS PATTERN NO. 1191 | Func:  NOR | Latency:    9[1;0m
[1;34m[Core 1] PASS PATTERN NO. 1192 | Func: ADDI | Latency:    9[1;0m
[1;32m[Core 2] PASS PATTERN NO. 1192 | Func:  XOR | Latency:    9[1;0m
[1;34m[Core 1] PASS PATTERN NO. 1193 | Func:  ADD | Latency:    9[1;0m
[1;32m[Core 2] PASS PATTERN NO. 1193 | Func:   SH | Latency:  406[1;0m
[1;32m[Core 2] PASS PATTERN NO. 1194 | Func:  MUL | Latency:    9[1;0m
[1;34m[Core 1] PASS PATTERN NO. 1194 | Func:   LH | Latency:  716[1;0m
[1;32m[Core 2] PASS PATTERN NO. 1195 | Func:  XOR | Latency:  316[1;0m
[1;34m[Core 1] PASS PATTERN NO. 1195 | Func:   LH | Latency:  328[1;0m
[1;32m[Core 2] PASS PATTERN NO. 1196 | Func:  SUB | Latency:  328[1;0m
[1;34m[Core 1] PASS PATTERN NO. 1196 | Func:   LH | Latency:  205[1;0m
[1;34m[Core 1] PASS PATTERN NO. 1197 | Func:  SUB | Latency:    6[1;0m
[1;32m[Core 2] PASS PATTERN NO. 1197 | Func:   SH | Latency:  576[1;0m
[1;34m[Core 1] PASS PATTERN NO. 1198 | Func: ADDI | Latency:  377[1;0m
[1;32m[Core 2] PASS PATTERN NO. 1198 | Func:  MUL | Latency:    9[1;0m
[1;34m[Core 1] PASS PATTERN NO. 1199 | Func:  SUB | Latency:    9[1;0m
[1;32m[Core 2] PASS PATTERN NO. 1199 | Func:  SLT | Latency:    6[1;0m
[1;33m[Info] Global Memory Check Passed at IC 50-boundary (Snapshot 23)[1;0m
[1;32m[Core 2] PASS PATTERN NO. 1200 | Func:   OR | Latency:    9[1;0m
[1;34m[Core 1] PASS PATTERN NO. 1200 | Func:   LH | Latency:  210[1;0m
[1;32m[Core 2] PASS PATTERN NO. 1201 | Func: NAND | Latency:  207[1;0m
[1;34m[Core 1] PASS PATTERN NO. 1201 | Func:   LH | Latency:  448[1;0m
[1;34m[Core 1] PASS PATTERN NO. 1202 | Func:  SUB | Latency:    6[1;0m
[1;32m[Core 2] PASS PATTERN NO. 1202 | Func: NAND | Latency:  448[1;0m
[1;34m[Core 1] PASS PATTERN NO. 1203 | Func:  ADD | Latency:    9[1;0m
[1;32m[Core 2] PASS PATTERN NO. 1203 | Func:  AND | Latency:    9[1;0m
[1;32m[Core 2] PASS PATTERN NO. 1204 | Func:   OR | Latency:    9[1;0m
[1;34m[Core 1] PASS PATTERN NO. 1204 | Func:   LH | Latency:  283[1;0m
[1;34m[Core 1] PASS PATTERN NO. 1205 | Func: SUBI | Latency:    6[1;0m
[1;32m[Core 2] PASS PATTERN NO. 1205 | Func: SUBI | Latency:  280[1;0m
[1;34m[Core 1] PASS PATTERN NO. 1206 | Func:   SH | Latency:  379[1;0m
[1;32m[Core 2] PASS PATTERN NO. 1206 | Func:   LH | Latency:  495[1;0m
[1;32m[Core 2] PASS PATTERN NO. 1207 | Func:  SUB | Latency:    6[1;0m
[1;34m[Core 1] PASS PATTERN NO. 1207 | Func:   LH | Latency:  309[1;0m
[1;34m[Core 1] PASS PATTERN NO. 1208 | Func: NAND | Latency:    6[1;0m
[1;32m[Core 2] PASS PATTERN NO. 1208 | Func:  AND | Latency:  193[1;0m
[1;32m[Core 2] PASS PATTERN NO. 1209 | Func:  MUL | Latency:   12[1;0m
[1;34m[Core 1] PASS PATTERN NO. 1209 | Func:   LH | Latency:  251[1;0m
[1;34m[Core 1] PASS PATTERN NO. 1210 | Func:   SH | Latency:  346[1;0m
[1;32m[Core 2] PASS PATTERN NO. 1210 | Func:   LH | Latency: 1055[1;0m
[1;34m[Core 1] PASS PATTERN NO. 1211 | Func:  ADD | Latency:  476[1;0m
[1;32m[Core 2] PASS PATTERN NO. 1211 | Func:  ADD | Latency:    6[1;0m
[1;34m[Core 1] PASS PATTERN NO. 1212 | Func: SUBI | Latency:    9[1;0m
[1;32m[Core 2] PASS PATTERN NO. 1212 | Func:   LH | Latency:  397[1;0m
[1;32m[Core 2] PASS PATTERN NO. 1213 | Func:  AND | Latency:    6[1;0m
[1;34m[Core 1] PASS PATTERN NO. 1213 | Func:   LH | Latency:  793[1;0m
[1;32m[Core 2] PASS PATTERN NO. 1214 | Func: SUBI | Latency:  405[1;0m
[1;34m[Core 1] PASS PATTERN NO. 1214 | Func:   LH | Latency:  331[1;0m
[1;34m[Core 1] PASS PATTERN NO. 1215 | Func:  AND | Latency:    6[1;0m
[1;32m[Core 2] PASS PATTERN NO. 1215 | Func:  MUL | Latency:  334[1;0m
[1;32m[Core 2] PASS PATTERN NO. 1216 | Func:   SH | Latency: 1245[1;0m
[1;34m[Core 1] PASS PATTERN NO. 1216 | Func:   LH | Latency: 1616[1;0m
[1;34m[Core 1] PASS PATTERN NO. 1217 | Func:   LH | Latency:  143[1;0m
[1;32m[Core 2] PASS PATTERN NO. 1217 | Func:   LH | Latency:  671[1;0m
[1;34m[Core 1] PASS PATTERN NO. 1218 | Func: NAND | Latency:  166[1;0m
[1;32m[Core 2] PASS PATTERN NO. 1218 | Func:  SLT | Latency:    6[1;0m
[1;34m[Core 1] PASS PATTERN NO. 1219 | Func: NAND | Latency:    9[1;0m
[1;32m[Core 2] PASS PATTERN NO. 1219 | Func:  SUB | Latency:    9[1;0m
[1;34m[Core 1] PASS PATTERN NO. 1220 | Func:  ADD | Latency:    9[1;0m
[1;32m[Core 2] PASS PATTERN NO. 1220 | Func:  MUL | Latency:   12[1;0m
[1;34m[Core 1] PASS PATTERN NO. 1221 | Func:  ADD | Latency:    9[1;0m
[1;32m[Core 2] PASS PATTERN NO. 1221 | Func:  AND | Latency:    6[1;0m
[1;34m[Core 1] PASS PATTERN NO. 1222 | Func:  AND | Latency:    9[1;0m
[1;32m[Core 2] PASS PATTERN NO. 1222 | Func:  SLT | Latency:    9[1;0m
[1;34m[Core 1] PASS PATTERN NO. 1223 | Func: ADDI | Latency:    9[1;0m
[1;32m[Core 2] PASS PATTERN NO. 1223 | Func:  XOR | Latency:    9[1;0m
[1;34m[Core 1] PASS PATTERN NO. 1224 | Func:   SH | Latency:  168[1;0m
[1;32m[Core 2] PASS PATTERN NO. 1224 | Func:   LH | Latency:  574[1;0m
[1;34m[Core 1] PASS PATTERN NO. 1225 | Func:  MUL | Latency:  415[1;0m
[1;32m[Core 2] PASS PATTERN NO. 1225 | Func:  MUL | Latency:   10[1;0m
[1;34m[Core 1] PASS PATTERN NO. 1226 | Func: SUBI | Latency:    9[1;0m
[1;32m[Core 2] PASS PATTERN NO. 1226 | Func:   LH | Latency:  151[1;0m
[1;32m[Core 2] PASS PATTERN NO. 1227 | Func:  ADD | Latency:    6[1;0m
[1;34m[Core 1] PASS PATTERN NO. 1227 | Func:  MUL | Latency:  152[1;0m
[1;34m[Core 1] PASS PATTERN NO. 1228 | Func:  ADD | Latency:    6[1;0m
[1;32m[Core 2] PASS PATTERN NO. 1228 | Func:   LH | Latency:  462[1;0m
[1;32m[Core 2] PASS PATTERN NO. 1229 | Func:  SUB | Latency:    6[1;0m
[1;34m[Core 1] PASS PATTERN NO. 1229 | Func:   LH | Latency:  827[1;0m
[1;34m[Core 1] PASS PATTERN NO. 1230 | Func:   OR | Latency:    6[1;0m
[1;32m[Core 2] PASS PATTERN NO. 1230 | Func:   SH | Latency:  798[1;0m
[1;34m[Core 1] PASS PATTERN NO. 1231 | Func: NAND | Latency:  430[1;0m
[1;32m[Core 2] PASS PATTERN NO. 1231 | Func:   SH | Latency:  352[1;0m
[1;32m[Core 2] PASS PATTERN NO. 1232 | Func: NAND | Latency:    6[1;0m
[1;34m[Core 1] PASS PATTERN NO. 1232 | Func:   SH | Latency:  476[1;0m
[1;34m[Core 1] PASS PATTERN NO. 1233 | Func:  AND | Latency:    6[1;0m
[1;32m[Core 2] PASS PATTERN NO. 1233 | Func:  NOR | Latency:  130[1;0m
[1;34m[Core 1] PASS PATTERN NO. 1234 | Func:  NOR | Latency:    9[1;0m
[1;32m[Core 2] PASS PATTERN NO. 1234 | Func:   LH | Latency:  320[1;0m
[1;34m[Core 1] PASS PATTERN NO. 1235 | Func:  SLT | Latency:  317[1;0m
[1;32m[Core 2] PASS PATTERN NO. 1235 | Func:  XOR | Latency:    6[1;0m
[1;32m[Core 2] PASS PATTERN NO. 1236 | Func:  AND | Latency:    9[1;0m
[1;34m[Core 1] PASS PATTERN NO. 1236 | Func:  MUL | Latency:   12[1;0m
[1;34m[Core 1] PASS PATTERN NO. 1237 | Func:  ADD | Latency:    6[1;0m
[1;32m[Core 2] PASS PATTERN NO. 1237 | Func:   LH | Latency:  440[1;0m
[1;32m[Core 2] PASS PATTERN NO. 1238 | Func: ADDI | Latency:    6[1;0m
[1;34m[Core 1] PASS PATTERN NO. 1238 | Func:   LH | Latency:  557[1;0m
[1;34m[Core 1] PASS PATTERN NO. 1239 | Func:   OR | Latency:    6[1;0m
[1;32m[Core 2] PASS PATTERN NO. 1239 | Func:  AND | Latency:  126[1;0m
[1;34m[Core 1] PASS PATTERN NO. 1240 | Func:  ADD | Latency:    9[1;0m
[1;32m[Core 2] PASS PATTERN NO. 1240 | Func:  SLT | Latency:    9[1;0m
[1;34m[Core 1] PASS PATTERN NO. 1241 | Func:  NOR | Latency:    9[1;0m
[1;32m[Core 2] PASS PATTERN NO. 1241 | Func:  XOR | Latency:    9[1;0m
[1;34m[Core 1] PASS PATTERN NO. 1242 | Func:  SUB | Latency:    9[1;0m
[1;32m[Core 2] PASS PATTERN NO. 1242 | Func:  XOR | Latency:    9[1;0m
[1;32m[Core 2] PASS PATTERN NO. 1243 | Func: ADDI | Latency:    9[1;0m
[1;34m[Core 1] PASS PATTERN NO. 1243 | Func:   LH | Latency:  260[1;0m
[1;34m[Core 1] PASS PATTERN NO. 1244 | Func:  SUB | Latency:    6[1;0m
[1;32m[Core 2] PASS PATTERN NO. 1244 | Func:   LH | Latency:  736[1;0m
[1;34m[Core 1] PASS PATTERN NO. 1245 | Func:  XOR | Latency:  485[1;0m
[1;32m[Core 2] PASS PATTERN NO. 1245 | Func:  SUB | Latency:    6[1;0m
[1;34m[Core 1] PASS PATTERN NO. 1246 | Func:   OR | Latency:    9[1;0m
[1;32m[Core 2] PASS PATTERN NO. 1246 | Func:  ADD | Latency:    9[1;0m
[1;32m[Core 2] PASS PATTERN NO. 1247 | Func:   OR | Latency:    9[1;0m
[1;34m[Core 1] PASS PATTERN NO. 1247 | Func:  MUL | Latency:   12[1;0m
[1;34m[Core 1] PASS PATTERN NO. 1248 | Func:  MUL | Latency:  893[1;0m
[1;32m[Core 2] PASS PATTERN NO. 1248 | Func:  MUL | Latency:  897[1;0m
[1;32m[Core 2] PASS PATTERN NO. 1249 | Func:  SUB | Latency:    8[1;0m
[1;34m[Core 1] PASS PATTERN NO. 1249 | Func:   LH | Latency:  214[1;0m
[1;33m[Info] Global Memory Check Passed at IC 50-boundary (Snapshot 24)[1;0m
[1;34m[Core 1] PASS PATTERN NO. 1250 | Func: SUBI | Latency:    6[1;0m
[1;32m[Core 2] PASS PATTERN NO. 1250 | Func:  MUL | Latency:  214[1;0m
[1;34m[Core 1] PASS PATTERN NO. 1251 | Func:  SUB | Latency:    9[1;0m
[1;32m[Core 2] PASS PATTERN NO. 1251 | Func:  XOR | Latency:    6[1;0m
[1;34m[Core 1] PASS PATTERN NO. 1252 | Func:   SH | Latency:  419[1;0m
[1;32m[Core 2] PASS PATTERN NO. 1252 | Func:   LH | Latency:  679[1;0m
[1;32m[Core 2] PASS PATTERN NO. 1253 | Func: ADDI | Latency:    6[1;0m
[1;34m[Core 1] PASS PATTERN NO. 1253 | Func:   SH | Latency:  604[1;0m
[1;32m[Core 2] PASS PATTERN NO. 1254 | Func: NAND | Latency:  344[1;0m
[1;34m[Core 1] PASS PATTERN NO. 1254 | Func:  MUL | Latency:    9[1;0m
[1;34m[Core 1] PASS PATTERN NO. 1255 | Func:   OR | Latency:    6[1;0m
[1;32m[Core 2] PASS PATTERN NO. 1255 | Func:   SH | Latency:  149[1;0m
[1;34m[Core 1] PASS PATTERN NO. 1256 | Func: SUBI | Latency:  146[1;0m
[1;32m[Core 2] PASS PATTERN NO. 1256 | Func:   OR | Latency:    6[1;0m
[1;34m[Core 1] PASS PATTERN NO. 1257 | Func:  NOR | Latency:    9[1;0m
[1;32m[Core 2] PASS PATTERN NO. 1257 | Func:   LH | Latency:  255[1;0m
[1;32m[Core 2] PASS PATTERN NO. 1258 | Func:   SH | Latency:  150[1;0m
[1;34m[Core 1] PASS PATTERN NO. 1258 | Func:   LH | Latency:  662[1;0m
[1;32m[Core 2] PASS PATTERN NO. 1259 | Func:  AND | Latency:  272[1;0m
[1;34m[Core 1] PASS PATTERN NO. 1259 | Func:  MUL | Latency:    9[1;0m
[1;32m[Core 2] PASS PATTERN NO. 1260 | Func:  XOR | Latency:    9[1;0m
[1;34m[Core 1] PASS PATTERN NO. 1260 | Func:   LH | Latency:  432[1;0m
[1;34m[Core 1] PASS PATTERN NO. 1261 | Func:  SUB | Latency:    6[1;0m
[1;32m[Core 2] PASS PATTERN NO. 1261 | Func: SUBI | Latency:  432[1;0m
[1;32m[Core 2] PASS PATTERN NO. 1262 | Func: NAND | Latency:    9[1;0m
[1;34m[Core 1] PASS PATTERN NO. 1262 | Func:   LH | Latency:  149[1;0m
[1;34m[Core 1] PASS PATTERN NO. 1263 | Func: ADDI | Latency:    6[1;0m
[1;32m[Core 2] PASS PATTERN NO. 1263 | Func:  SUB | Latency:  146[1;0m
[1;32m[Core 2] PASS PATTERN NO. 1264 | Func:  SUB | Latency:    9[1;0m
[1;34m[Core 1] PASS PATTERN NO. 1264 | Func:   SH | Latency:  427[1;0m
[1;34m[Core 1] PASS PATTERN NO. 1265 | Func:   SH | Latency:  437[1;0m
[1;32m[Core 2] PASS PATTERN NO. 1265 | Func:   LH | Latency: 1304[1;0m
[1;34m[Core 1] PASS PATTERN NO. 1266 | Func:  SUB | Latency:  455[1;0m
[1;32m[Core 2] PASS PATTERN NO. 1266 | Func:  XOR | Latency:    6[1;0m
[1;34m[Core 1] PASS PATTERN NO. 1267 | Func:  ADD | Latency:    9[1;0m
[1;32m[Core 2] PASS PATTERN NO. 1267 | Func: NAND | Latency:    9[1;0m
[1;34m[Core 1] PASS PATTERN NO. 1268 | Func:  AND | Latency:    9[1;0m
[1;32m[Core 2] PASS PATTERN NO. 1268 | Func:  MUL | Latency:   12[1;0m
[1;34m[Core 1] PASS PATTERN NO. 1269 | Func: ADDI | Latency:    9[1;0m
[1;32m[Core 2] PASS PATTERN NO. 1269 | Func: SUBI | Latency:    6[1;0m
[1;34m[Core 1] PASS PATTERN NO. 1270 | Func:  XOR | Latency:    9[1;0m
[1;32m[Core 2] PASS PATTERN NO. 1270 | Func:  XOR | Latency:    9[1;0m
[1;34m[Core 1] PASS PATTERN NO. 1271 | Func:  SUB | Latency:    9[1;0m
[1;32m[Core 2] PASS PATTERN NO. 1271 | Func:  NOR | Latency:    9[1;0m
[1;34m[Core 1] PASS PATTERN NO. 1272 | Func:   LH | Latency:  364[1;0m
[1;32m[Core 2] PASS PATTERN NO. 1272 | Func:   LH | Latency:  580[1;0m
[1;34m[Core 1] PASS PATTERN NO. 1273 | Func:  MUL | Latency:  225[1;0m
[1;32m[Core 2] PASS PATTERN NO. 1273 | Func:  MUL | Latency:   10[1;0m
[1;34m[Core 1] PASS PATTERN NO. 1274 | Func:   LH | Latency:  188[1;0m
[1;32m[Core 2] PASS PATTERN NO. 1274 | Func:   LH | Latency:  371[1;0m
[1;34m[Core 1] PASS PATTERN NO. 1275 | Func:   LH | Latency:  639[1;0m
[1;32m[Core 2] PASS PATTERN NO. 1275 | Func:   LH | Latency:  630[1;0m
[1;32m[Core 2] PASS PATTERN NO. 1276 | Func: ADDI | Latency:    6[1;0m
[1;34m[Core 1] PASS PATTERN NO. 1276 | Func:   SH | Latency:  617[1;0m
[1;34m[Core 1] PASS PATTERN NO. 1277 | Func:   LH | Latency:  136[1;0m
[1;32m[Core 2] PASS PATTERN NO. 1277 | Func:   LH | Latency:  975[1;0m
[1;34m[Core 1] PASS PATTERN NO. 1278 | Func:  XOR | Latency:  409[1;0m
[1;32m[Core 2] PASS PATTERN NO. 1278 | Func:  NOR | Latency:    6[1;0m
[1;32m[Core 2] PASS PATTERN NO. 1279 | Func: SUBI | Latency:    9[1;0m
[1;34m[Core 1] PASS PATTERN NO. 1279 | Func:  MUL | Latency:   12[1;0m
[1;34m[Core 1] PASS PATTERN NO. 1280 | Func: SUBI | Latency:  906[1;0m
[1;32m[Core 2] PASS PATTERN NO. 1280 | Func:   SH | Latency: 1066[1;0m
[1;34m[Core 1] PASS PATTERN NO. 1281 | Func: NAND | Latency:  163[1;0m
[1;32m[Core 2] PASS PATTERN NO. 1281 | Func:   SH | Latency:  229[1;0m
[1;34m[Core 1] PASS PATTERN NO. 1282 | Func: NAND | Latency:  229[1;0m
[1;32m[Core 2] PASS PATTERN NO. 1282 | Func:   SH | Latency:  208[1;0m
[1;34m[Core 1] PASS PATTERN NO. 1283 | Func:  SLT | Latency:  208[1;0m
[1;32m[Core 2] PASS PATTERN NO. 1283 | Func: NAND | Latency:    6[1;0m
[1;34m[Core 1] PASS PATTERN NO. 1284 | Func: ADDI | Latency:    9[1;0m
[1;32m[Core 2] PASS PATTERN NO. 1284 | Func:   SH | Latency:  168[1;0m
[1;34m[Core 1] PASS PATTERN NO. 1285 | Func: ADDI | Latency:  165[1;0m
[1;32m[Core 2] PASS PATTERN NO. 1285 | Func:  XOR | Latency:    6[1;0m
[1;34m[Core 1] PASS PATTERN NO. 1286 | Func: NAND | Latency:    9[1;0m
[1;32m[Core 2] PASS PATTERN NO. 1286 | Func:  SLT | Latency:    9[1;0m
[1;34m[Core 1] PASS PATTERN NO. 1287 | Func:   OR | Latency:    9[1;0m
[1;32m[Core 2] PASS PATTERN NO. 1287 | Func: ADDI | Latency:    9[1;0m
[1;34m[Core 1] PASS PATTERN NO. 1288 | Func:  ADD | Latency:    9[1;0m
[1;32m[Core 2] PASS PATTERN NO. 1288 | Func:   OR | Latency:    9[1;0m
[1;34m[Core 1] PASS PATTERN NO. 1289 | Func:  AND | Latency:    9[1;0m
[1;32m[Core 2] PASS PATTERN NO. 1289 | Func:   LH | Latency:  429[1;0m
[1;32m[Core 2] PASS PATTERN NO. 1290 | Func: SUBI | Latency:    6[1;0m
[1;34m[Core 1] PASS PATTERN NO. 1290 | Func:   SH | Latency:  877[1;0m
[1;34m[Core 1] PASS PATTERN NO. 1291 | Func: SUBI | Latency:    6[1;0m
[1;32m[Core 2] PASS PATTERN NO. 1291 | Func:  SUB | Latency:  457[1;0m
[1;34m[Core 1] PASS PATTERN NO. 1292 | Func: NAND | Latency:    9[1;0m
[1;32m[Core 2] PASS PATTERN NO. 1292 | Func:  MUL | Latency:   12[1;0m
[1;34m[Core 1] PASS PATTERN NO. 1293 | Func: SUBI | Latency:    9[1;0m
[1;32m[Core 2] PASS PATTERN NO. 1293 | Func:   SH | Latency:  164[1;0m
[1;34m[Core 1] PASS PATTERN NO. 1294 | Func: NAND | Latency:  164[1;0m
[1;32m[Core 2] PASS PATTERN NO. 1294 | Func:   LH | Latency:  231[1;0m
[1;34m[Core 1] PASS PATTERN NO. 1295 | Func:  SUB | Latency:  231[1;0m
[1;32m[Core 2] PASS PATTERN NO. 1295 | Func:  MUL | Latency:    9[1;0m
[1;34m[Core 1] PASS PATTERN NO. 1296 | Func: SUBI | Latency:    9[1;0m
[1;32m[Core 2] PASS PATTERN NO. 1296 | Func:   SH | Latency:  229[1;0m
[1;32m[Core 2] PASS PATTERN NO. 1297 | Func: SUBI | Latency:    6[1;0m
[1;34m[Core 1] PASS PATTERN NO. 1297 | Func:   SH | Latency:  658[1;0m
[1;34m[Core 1] PASS PATTERN NO. 1298 | Func: ADDI | Latency:    6[1;0m
[1;32m[Core 2] PASS PATTERN NO. 1298 | Func:   LH | Latency:  763[1;0m
[1;34m[Core 1] PASS PATTERN NO. 1299 | Func:   OR | Latency:  334[1;0m
[1;32m[Core 2] PASS PATTERN NO. 1299 | Func:  MUL | Latency:    9[1;0m
[1;33m[Info] Global Memory Check Passed at IC 50-boundary (Snapshot 25)[1;0m
[1;32m[Core 2] PASS PATTERN NO. 1300 | Func:  SLT | Latency:    6[1;0m
[1;34m[Core 1] PASS PATTERN NO. 1300 | Func:   SH | Latency:  381[1;0m
[1;34m[Core 1] PASS PATTERN NO. 1301 | Func: SUBI | Latency:    6[1;0m
[1;32m[Core 2] PASS PATTERN NO. 1301 | Func: SUBI | Latency:  378[1;0m
[1;34m[Core 1] PASS PATTERN NO. 1302 | Func: ADDI | Latency:    9[1;0m
[1;32m[Core 2] PASS PATTERN NO. 1302 | Func:  NOR | Latency:    9[1;0m
[1;34m[Core 1] PASS PATTERN NO. 1303 | Func:  NOR | Latency:    9[1;0m
[1;32m[Core 2] PASS PATTERN NO. 1303 | Func:   SH | Latency:  219[1;0m
[1;32m[Core 2] PASS PATTERN NO. 1304 | Func:  AND | Latency:    6[1;0m
[1;34m[Core 1] PASS PATTERN NO. 1304 | Func:   SH | Latency:  325[1;0m
[1;34m[Core 1] PASS PATTERN NO. 1305 | Func:  SUB | Latency:    6[1;0m
[1;32m[Core 2] PASS PATTERN NO. 1305 | Func:   OR | Latency:  115[1;0m
[1;32m[Core 2] PASS PATTERN NO. 1306 | Func: ADDI | Latency:    9[1;0m
[1;34m[Core 1] PASS PATTERN NO. 1306 | Func:   SH | Latency:  274[1;0m
[1;34m[Core 1] PASS PATTERN NO. 1307 | Func:  XOR | Latency:    6[1;0m
[1;32m[Core 2] PASS PATTERN NO. 1307 | Func:  XOR | Latency:  271[1;0m
[1;34m[Core 1] PASS PATTERN NO. 1308 | Func: ADDI | Latency:    9[1;0m
[1;32m[Core 2] PASS PATTERN NO. 1308 | Func: NAND | Latency:    9[1;0m
[1;34m[Core 1] PASS PATTERN NO. 1309 | Func: ADDI | Latency:    9[1;0m
[1;32m[Core 2] PASS PATTERN NO. 1309 | Func:  NOR | Latency:    9[1;0m
[1;34m[Core 1] PASS PATTERN NO. 1310 | Func: ADDI | Latency:    9[1;0m
[1;32m[Core 2] PASS PATTERN NO. 1310 | Func: SUBI | Latency:    9[1;0m
[1;34m[Core 1] PASS PATTERN NO. 1311 | Func:  ADD | Latency:    9[1;0m
[1;32m[Core 2] PASS PATTERN NO. 1311 | Func: NAND | Latency:    9[1;0m
[1;34m[Core 1] PASS PATTERN NO. 1312 | Func:   SH | Latency: 1068[1;0m
[1;32m[Core 2] PASS PATTERN NO. 1312 | Func:   LH | Latency: 1242[1;0m
[1;34m[Core 1] PASS PATTERN NO. 1313 | Func:  MUL | Latency:  183[1;0m
[1;32m[Core 2] PASS PATTERN NO. 1313 | Func:   SH | Latency:  261[1;0m
[1;34m[Core 1] PASS PATTERN NO. 1314 | Func:  MUL | Latency:  261[1;0m
[1;32m[Core 2] PASS PATTERN NO. 1314 | Func:   LH | Latency:  487[1;0m
[1;32m[Core 2] PASS PATTERN NO. 1315 | Func:  MUL | Latency:    9[1;0m
[1;34m[Core 1] PASS PATTERN NO. 1315 | Func:   LH | Latency:  897[1;0m
[1;34m[Core 1] PASS PATTERN NO. 1316 | Func: SUBI | Latency:    6[1;0m
[1;32m[Core 2] PASS PATTERN NO. 1316 | Func:  MUL | Latency:  419[1;0m
[1;34m[Core 1] PASS PATTERN NO. 1317 | Func:  XOR | Latency:    9[1;0m
[1;32m[Core 2] PASS PATTERN NO. 1317 | Func:   SH | Latency:  125[1;0m
[1;34m[Core 1] PASS PATTERN NO. 1318 | Func:  XOR | Latency:  125[1;0m
[1;32m[Core 2] PASS PATTERN NO. 1318 | Func:  SUB | Latency:    6[1;0m
[1;34m[Core 1] PASS PATTERN NO. 1319 | Func:   LH | Latency:  122[1;0m
[1;32m[Core 2] PASS PATTERN NO. 1319 | Func:   LH | Latency:  376[1;0m
[1;34m[Core 1] PASS PATTERN NO. 1320 | Func: NAND | Latency:  260[1;0m
[1;32m[Core 2] PASS PATTERN NO. 1320 | Func:  MUL | Latency:    9[1;0m
[1;32m[Core 2] PASS PATTERN NO. 1321 | Func:  SUB | Latency:    6[1;0m
[1;34m[Core 1] PASS PATTERN NO. 1321 | Func:   LH | Latency:  271[1;0m
[1;34m[Core 1] PASS PATTERN NO. 1322 | Func:  XOR | Latency:    6[1;0m
[1;32m[Core 2] PASS PATTERN NO. 1322 | Func:  SLT | Latency:  268[1;0m
[1;34m[Core 1] PASS PATTERN NO. 1323 | Func: NAND | Latency:    9[1;0m
[1;32m[Core 2] PASS PATTERN NO. 1323 | Func:  MUL | Latency:   12[1;0m
[1;34m[Core 1] PASS PATTERN NO. 1324 | Func: NAND | Latency:    9[1;0m
[1;32m[Core 2] PASS PATTERN NO. 1324 | Func: SUBI | Latency:    6[1;0m
[1;34m[Core 1] PASS PATTERN NO. 1325 | Func:  XOR | Latency:    9[1;0m
[1;32m[Core 2] PASS PATTERN NO. 1325 | Func:   LH | Latency:  210[1;0m
[1;32m[Core 2] PASS PATTERN NO. 1326 | Func:  NOR | Latency:    6[1;0m
[1;34m[Core 1] PASS PATTERN NO. 1326 | Func:   SH | Latency:  493[1;0m
[1;34m[Core 1] PASS PATTERN NO. 1327 | Func:  XOR | Latency:    6[1;0m
[1;32m[Core 2] PASS PATTERN NO. 1327 | Func:   LH | Latency:  792[1;0m
[1;34m[Core 1] PASS PATTERN NO. 1328 | Func:  MUL | Latency:  509[1;0m
[1;32m[Core 2] PASS PATTERN NO. 1328 | Func:   SH | Latency:  374[1;0m
[1;34m[Core 1] PASS PATTERN NO. 1329 | Func:  ADD | Latency:  371[1;0m
[1;32m[Core 2] PASS PATTERN NO. 1329 | Func:   LH | Latency:  478[1;0m
[1;34m[Core 1] PASS PATTERN NO. 1330 | Func:   SH | Latency:  851[1;0m
[1;32m[Core 2] PASS PATTERN NO. 1330 | Func:   LH | Latency:  759[1;0m
[1;34m[Core 1] PASS PATTERN NO. 1331 | Func:  MUL | Latency:  389[1;0m
[1;32m[Core 2] PASS PATTERN NO. 1331 | Func:   SH | Latency:  293[1;0m
[1;34m[Core 1] PASS PATTERN NO. 1332 | Func: SUBI | Latency:  290[1;0m
[1;32m[Core 2] PASS PATTERN NO. 1332 | Func:  NOR | Latency:    6[1;0m
[1;34m[Core 1] PASS PATTERN NO. 1333 | Func:  NOR | Latency:    9[1;0m
[1;32m[Core 2] PASS PATTERN NO. 1333 | Func:   LH | Latency:  361[1;0m
[1;34m[Core 1] PASS PATTERN NO. 1334 | Func: ADDI | Latency:  358[1;0m
[1;32m[Core 2] PASS PATTERN NO. 1334 | Func:   SH | Latency:  500[1;0m
[1;32m[Core 2] PASS PATTERN NO. 1335 | Func:  NOR | Latency:    6[1;0m
[1;34m[Core 1] PASS PATTERN NO. 1335 | Func:   SH | Latency:  910[1;0m
[1;34m[Core 1] PASS PATTERN NO. 1336 | Func:  SUB | Latency:    6[1;0m
[1;32m[Core 2] PASS PATTERN NO. 1336 | Func:  SLT | Latency:  416[1;0m
[1;34m[Core 1] PASS PATTERN NO. 1337 | Func: NAND | Latency:    9[1;0m
[1;32m[Core 2] PASS PATTERN NO. 1337 | Func:   LH | Latency:  190[1;0m
[1;32m[Core 2] PASS PATTERN NO. 1338 | Func:  SLT | Latency:    6[1;0m
[1;34m[Core 1] PASS PATTERN NO. 1338 | Func:   LH | Latency:  631[1;0m
[1;34m[Core 1] PASS PATTERN NO. 1339 | Func:   LH | Latency:  504[1;0m
[1;32m[Core 2] PASS PATTERN NO. 1339 | Func:   LH | Latency: 1394[1;0m
[1;34m[Core 1] PASS PATTERN NO. 1340 | Func: SUBI | Latency:  452[1;0m
[1;32m[Core 2] PASS PATTERN NO. 1340 | Func:  MUL | Latency:    9[1;0m
[1;34m[Core 1] PASS PATTERN NO. 1341 | Func:  XOR | Latency:    9[1;0m
[1;32m[Core 2] PASS PATTERN NO. 1341 | Func:  NOR | Latency:    6[1;0m
[1;34m[Core 1] PASS PATTERN NO. 1342 | Func: SUBI | Latency:    9[1;0m
[1;32m[Core 2] PASS PATTERN NO. 1342 | Func: NAND | Latency:    9[1;0m
[1;34m[Core 1] PASS PATTERN NO. 1343 | Func:   SH | Latency:  423[1;0m
[1;32m[Core 2] PASS PATTERN NO. 1343 | Func:   LH | Latency:  630[1;0m
[1;34m[Core 1] PASS PATTERN NO. 1344 | Func: SUBI | Latency:  625[1;0m
[1;32m[Core 2] PASS PATTERN NO. 1344 | Func:  ADD | Latency:  418[1;0m
[1;32m[Core 2] PASS PATTERN NO. 1345 | Func:   OR | Latency:    9[1;0m
[1;34m[Core 1] PASS PATTERN NO. 1345 | Func:   SH | Latency:  250[1;0m
[1;34m[Core 1] PASS PATTERN NO. 1346 | Func:  NOR | Latency:    6[1;0m
[1;32m[Core 2] PASS PATTERN NO. 1346 | Func:  XOR | Latency:  247[1;0m
[1;34m[Core 1] PASS PATTERN NO. 1347 | Func:  SUB | Latency:    9[1;0m
[1;32m[Core 2] PASS PATTERN NO. 1347 | Func:  SUB | Latency:    9[1;0m
[1;34m[Core 1] PASS PATTERN NO. 1348 | Func:  SUB | Latency:    9[1;0m
[1;32m[Core 2] PASS PATTERN NO. 1348 | Func: ADDI | Latency:    9[1;0m
[1;34m[Core 1] PASS PATTERN NO. 1349 | Func:  MUL | Latency:   12[1;0m
[1;32m[Core 2] PASS PATTERN NO. 1349 | Func:   SH | Latency:  449[1;0m
[1;33m[Info] Global Memory Check Passed at IC 50-boundary (Snapshot 26)[1;0m
[1;34m[Core 1] PASS PATTERN NO. 1350 | Func:   OR | Latency:  443[1;0m
[1;32m[Core 2] PASS PATTERN NO. 1350 | Func:  MUL | Latency:    9[1;0m
[1;34m[Core 1] PASS PATTERN NO. 1351 | Func:   LH | Latency:  208[1;0m
[1;32m[Core 2] PASS PATTERN NO. 1351 | Func:   LH | Latency:  663[1;0m
[1;34m[Core 1] PASS PATTERN NO. 1352 | Func:  XOR | Latency:  464[1;0m
[1;32m[Core 2] PASS PATTERN NO. 1352 | Func:   SH | Latency:  174[1;0m
[1;34m[Core 1] PASS PATTERN NO. 1353 | Func:  SUB | Latency:  174[1;0m
[1;32m[Core 2] PASS PATTERN NO. 1353 | Func:   SH | Latency:  333[1;0m
[1;32m[Core 2] PASS PATTERN NO. 1354 | Func: ADDI | Latency:    6[1;0m
[1;34m[Core 1] PASS PATTERN NO. 1354 | Func:   SH | Latency:  629[1;0m
[1;32m[Core 2] PASS PATTERN NO. 1355 | Func:  AND | Latency:  302[1;0m
[1;34m[Core 1] PASS PATTERN NO. 1355 | Func:   SH | Latency:  319[1;0m
[1;34m[Core 1] PASS PATTERN NO. 1356 | Func:  XOR | Latency:    6[1;0m
[1;32m[Core 2] PASS PATTERN NO. 1356 | Func:  SLT | Latency:  319[1;0m
[1;32m[Core 2] PASS PATTERN NO. 1357 | Func:  ADD | Latency:    9[1;0m
[1;34m[Core 1] PASS PATTERN NO. 1357 | Func:  MUL | Latency:   12[1;0m
[1;34m[Core 1] PASS PATTERN NO. 1358 | Func: SUBI | Latency:    6[1;0m
[1;32m[Core 2] PASS PATTERN NO. 1358 | Func:  NOR | Latency:    9[1;0m
[1;34m[Core 1] PASS PATTERN NO. 1359 | Func:   OR | Latency:    9[1;0m
[1;32m[Core 2] PASS PATTERN NO. 1359 | Func:   OR | Latency:    9[1;0m
[1;34m[Core 1] PASS PATTERN NO. 1360 | Func: SUBI | Latency:    9[1;0m
[1;32m[Core 2] PASS PATTERN NO. 1360 | Func:  XOR | Latency:    9[1;0m
[1;34m[Core 1] PASS PATTERN NO. 1361 | Func:  AND | Latency:    9[1;0m
[1;32m[Core 2] PASS PATTERN NO. 1361 | Func:   LH | Latency:  141[1;0m
[1;34m[Core 1] PASS PATTERN NO. 1362 | Func:  XOR | Latency:  138[1;0m
[1;32m[Core 2] PASS PATTERN NO. 1362 | Func:   SH | Latency:  353[1;0m
[1;34m[Core 1] PASS PATTERN NO. 1363 | Func:  AND | Latency:  353[1;0m
[1;32m[Core 2] PASS PATTERN NO. 1363 | Func: NAND | Latency:    6[1;0m
[1;34m[Core 1] PASS PATTERN NO. 1364 | Func:   LH | Latency:  337[1;0m
[1;32m[Core 2] PASS PATTERN NO. 1364 | Func:   LH | Latency:  834[1;0m
[1;34m[Core 1] PASS PATTERN NO. 1365 | Func:  NOR | Latency:  503[1;0m
[1;32m[Core 2] PASS PATTERN NO. 1365 | Func:   SH | Latency:  263[1;0m
[1;32m[Core 2] PASS PATTERN NO. 1366 | Func: ADDI | Latency:    6[1;0m
[1;34m[Core 1] PASS PATTERN NO. 1366 | Func:  MUL | Latency:  266[1;0m
[1;34m[Core 1] PASS PATTERN NO. 1367 | Func: SUBI | Latency:    6[1;0m
[1;32m[Core 2] PASS PATTERN NO. 1367 | Func: SUBI | Latency:    9[1;0m
[1;32m[Core 2] PASS PATTERN NO. 1368 | Func: ADDI | Latency:    9[1;0m
[1;34m[Core 1] PASS PATTERN NO. 1368 | Func:   SH | Latency:  121[1;0m
[1;34m[Core 1] PASS PATTERN NO. 1369 | Func:  SUB | Latency:    6[1;0m
[1;32m[Core 2] PASS PATTERN NO. 1369 | Func:   LH | Latency:  243[1;0m
[1;34m[Core 1] PASS PATTERN NO. 1370 | Func:  AND | Latency:  131[1;0m
[1;32m[Core 2] PASS PATTERN NO. 1370 | Func:   SH | Latency:  457[1;0m
[1;34m[Core 1] PASS PATTERN NO. 1371 | Func:   LH | Latency:  778[1;0m
[1;32m[Core 2] PASS PATTERN NO. 1371 | Func:   LH | Latency:  806[1;0m
[1;34m[Core 1] PASS PATTERN NO. 1372 | Func:   LH | Latency:  837[1;0m
[1;32m[Core 2] PASS PATTERN NO. 1372 | Func:   LH | Latency:  658[1;0m
[1;34m[Core 1] PASS PATTERN NO. 1373 | Func: SUBI | Latency:  306[1;0m
[1;32m[Core 2] PASS PATTERN NO. 1373 | Func: SUBI | Latency:    6[1;0m
[1;34m[Core 1] PASS PATTERN NO. 1374 | Func:  MUL | Latency:   12[1;0m
[1;32m[Core 2] PASS PATTERN NO. 1374 | Func:   SH | Latency:  423[1;0m
[1;34m[Core 1] PASS PATTERN NO. 1375 | Func: SUBI | Latency:  417[1;0m
[1;32m[Core 2] PASS PATTERN NO. 1375 | Func: NAND | Latency:    6[1;0m
[1;34m[Core 1] PASS PATTERN NO. 1376 | Func:   SH | Latency: 1154[1;0m
[1;32m[Core 2] PASS PATTERN NO. 1376 | Func:   LH | Latency: 1378[1;0m
[1;34m[Core 1] PASS PATTERN NO. 1377 | Func:   OR | Latency:  230[1;0m
[1;32m[Core 2] PASS PATTERN NO. 1377 | Func: SUBI | Latency:    6[1;0m
[1;34m[Core 1] PASS PATTERN NO. 1378 | Func:  AND | Latency:    9[1;0m
[1;32m[Core 2] PASS PATTERN NO. 1378 | Func:  SUB | Latency:    9[1;0m
[1;32m[Core 2] PASS PATTERN NO. 1379 | Func:  NOR | Latency:    9[1;0m
[1;34m[Core 1] PASS PATTERN NO. 1379 | Func:   SH | Latency:  367[1;0m
[1;34m[Core 1] PASS PATTERN NO. 1380 | Func: SUBI | Latency:    6[1;0m
[1;32m[Core 2] PASS PATTERN NO. 1380 | Func:  XOR | Latency:  364[1;0m
[1;34m[Core 1] PASS PATTERN NO. 1381 | Func: NAND | Latency:    9[1;0m
[1;32m[Core 2] PASS PATTERN NO. 1381 | Func: ADDI | Latency:    9[1;0m
[1;32m[Core 2] PASS PATTERN NO. 1382 | Func:   SH | Latency:  385[1;0m
[1;34m[Core 1] PASS PATTERN NO. 1382 | Func:   LH | Latency:  544[1;0m
[1;34m[Core 1] PASS PATTERN NO. 1383 | Func: ADDI | Latency:    6[1;0m
[1;32m[Core 2] PASS PATTERN NO. 1383 | Func:   LH | Latency:  594[1;0m
[1;34m[Core 1] PASS PATTERN NO. 1384 | Func:   SH | Latency:  643[1;0m
[1;32m[Core 2] PASS PATTERN NO. 1384 | Func:   LH | Latency:  635[1;0m
[1;34m[Core 1] PASS PATTERN NO. 1385 | Func:  AND | Latency:  427[1;0m
[1;32m[Core 2] PASS PATTERN NO. 1385 | Func:   SH | Latency:  421[1;0m
[1;34m[Core 1] PASS PATTERN NO. 1386 | Func:  XOR | Latency:  421[1;0m
[1;32m[Core 2] PASS PATTERN NO. 1386 | Func:  NOR | Latency:    6[1;0m
[1;32m[Core 2] PASS PATTERN NO. 1387 | Func:   SH | Latency:  419[1;0m
[1;34m[Core 1] PASS PATTERN NO. 1387 | Func:   LH | Latency:  850[1;0m
[1;34m[Core 1] PASS PATTERN NO. 1388 | Func: NAND | Latency:    6[1;0m
[1;32m[Core 2] PASS PATTERN NO. 1388 | Func:  MUL | Latency:  440[1;0m
[1;34m[Core 1] PASS PATTERN NO. 1389 | Func:  XOR | Latency:    9[1;0m
[1;32m[Core 2] PASS PATTERN NO. 1389 | Func:  XOR | Latency:    6[1;0m
[1;32m[Core 2] PASS PATTERN NO. 1390 | Func:  SUB | Latency:    9[1;0m
[1;34m[Core 1] PASS PATTERN NO. 1390 | Func:   LH | Latency:  388[1;0m
[1;32m[Core 2] PASS PATTERN NO. 1391 | Func:  ADD | Latency:  385[1;0m
[1;34m[Core 1] PASS PATTERN NO. 1391 | Func:  MUL | Latency:    9[1;0m
[1;34m[Core 1] PASS PATTERN NO. 1392 | Func: NAND | Latency:    6[1;0m
[1;32m[Core 2] PASS PATTERN NO. 1392 | Func:   OR | Latency:    9[1;0m
[1;34m[Core 1] PASS PATTERN NO. 1393 | Func:   SH | Latency:  409[1;0m
[1;32m[Core 2] PASS PATTERN NO. 1393 | Func:   LH | Latency:  823[1;0m
[1;34m[Core 1] PASS PATTERN NO. 1394 | Func: NAND | Latency:  420[1;0m
[1;32m[Core 2] PASS PATTERN NO. 1394 | Func:  SUB | Latency:    6[1;0m
[1;34m[Core 1] PASS PATTERN NO. 1395 | Func: SUBI | Latency:    9[1;0m
[1;32m[Core 2] PASS PATTERN NO. 1395 | Func:  AND | Latency:    9[1;0m
[1;34m[Core 1] PASS PATTERN NO. 1396 | Func:  AND | Latency:    9[1;0m
[1;32m[Core 2] PASS PATTERN NO. 1396 | Func:   LH | Latency:  248[1;0m
[1;32m[Core 2] PASS PATTERN NO. 1397 | Func:  XOR | Latency:    6[1;0m
[1;34m[Core 1] PASS PATTERN NO. 1397 | Func:  MUL | Latency:  248[1;0m
[1;32m[Core 2] PASS PATTERN NO. 1398 | Func: NAND | Latency:    9[1;0m
[1;34m[Core 1] PASS PATTERN NO. 1398 | Func:   LH | Latency:  451[1;0m
[1;34m[Core 1] PASS PATTERN NO. 1399 | Func:  XOR | Latency:    6[1;0m
[1;32m[Core 2] PASS PATTERN NO. 1399 | Func:  SUB | Latency:  451[1;0m
[1;33m[Info] Global Memory Check Passed at IC 50-boundary (Snapshot 27)[1;0m
[1;32m[Core 2] PASS PATTERN NO. 1400 | Func: ADDI | Latency:    9[1;0m
[1;34m[Core 1] PASS PATTERN NO. 1400 | Func:   SH | Latency:  197[1;0m
[1;32m[Core 2] PASS PATTERN NO. 1401 | Func:  SUB | Latency:  194[1;0m
[1;34m[Core 1] PASS PATTERN NO. 1401 | Func:   SH | Latency:  480[1;0m
[1;34m[Core 1] PASS PATTERN NO. 1402 | Func:  NOR | Latency:    6[1;0m
[1;32m[Core 2] PASS PATTERN NO. 1402 | Func: ADDI | Latency:  480[1;0m
[1;32m[Core 2] PASS PATTERN NO. 1403 | Func:  SUB | Latency:    9[1;0m
[1;34m[Core 1] PASS PATTERN NO. 1403 | Func:   LH | Latency:  216[1;0m
[1;34m[Core 1] PASS PATTERN NO. 1404 | Func:    J | Latency:    5[1;0m
[1;32m[Core 2] PASS PATTERN NO. 1404 | Func:    J | Latency:  212[1;0m
[1;34m[Core 1] PASS PATTERN NO. 1405 | Func:  MUL | Latency:  486[1;0m
[1;32m[Core 2] PASS PATTERN NO. 1405 | Func:   SH | Latency:  945[1;0m
[1;32m[Core 2] PASS PATTERN NO. 1406 | Func: NAND | Latency:    6[1;0m
[1;34m[Core 1] PASS PATTERN NO. 1406 | Func:   LH | Latency:  927[1;0m
[1;34m[Core 1] PASS PATTERN NO. 1407 | Func:  XOR | Latency:    6[1;0m
[1;32m[Core 2] PASS PATTERN NO. 1407 | Func: ADDI | Latency:  468[1;0m
[1;32m[Core 2] PASS PATTERN NO. 1408 | Func:  ADD | Latency:    9[1;0m
[1;34m[Core 1] PASS PATTERN NO. 1408 | Func:  MUL | Latency:   12[1;0m
[1;34m[Core 1] PASS PATTERN NO. 1409 | Func:  SLT | Latency:    6[1;0m
[1;32m[Core 2] PASS PATTERN NO. 1409 | Func:   LH | Latency:  150[1;0m
[1;34m[Core 1] PASS PATTERN NO. 1410 | Func: SUBI | Latency:  147[1;0m
[1;32m[Core 2] PASS PATTERN NO. 1410 | Func: ADDI | Latency:    6[1;0m
[1;32m[Core 2] PASS PATTERN NO. 1411 | Func:   OR | Latency:    9[1;0m
[1;34m[Core 1] PASS PATTERN NO. 1411 | Func:   LH | Latency:  468[1;0m
[1;32m[Core 2] PASS PATTERN NO. 1412 | Func:  AND | Latency:  465[1;0m
[1;34m[Core 1] PASS PATTERN NO. 1412 | Func:  MUL | Latency:    9[1;0m
[1;34m[Core 1] PASS PATTERN NO. 1413 | Func:  MUL | Latency:    9[1;0m
[1;32m[Core 2] PASS PATTERN NO. 1413 | Func:   SH | Latency:  241[1;0m
[1;34m[Core 1] PASS PATTERN NO. 1414 | Func: SUBI | Latency:  235[1;0m
[1;32m[Core 2] PASS PATTERN NO. 1414 | Func:   LH | Latency:  471[1;0m
[1;32m[Core 2] PASS PATTERN NO. 1415 | Func:  ADD | Latency:    6[1;0m
[1;34m[Core 1] PASS PATTERN NO. 1415 | Func:   LH | Latency:  854[1;0m
[1;34m[Core 1] PASS PATTERN NO. 1416 | Func: ADDI | Latency:    6[1;0m
[1;32m[Core 2] PASS PATTERN NO. 1416 | Func:  XOR | Latency:  389[1;0m
[1;34m[Core 1] PASS PATTERN NO. 1417 | Func:   OR | Latency:    9[1;0m
[1;32m[Core 2] PASS PATTERN NO. 1417 | Func:   OR | Latency:    9[1;0m
[1;32m[Core 2] PASS PATTERN NO. 1418 | Func:  XOR | Latency:    9[1;0m
[1;34m[Core 1] PASS PATTERN NO. 1418 | Func:   LH | Latency:  360[1;0m
[1;34m[Core 1] PASS PATTERN NO. 1419 | Func:    J | Latency:    5[1;0m
[1;32m[Core 2] PASS PATTERN NO. 1419 | Func:    J | Latency:  356[1;0m
[1;34m[Core 1] PASS PATTERN NO. 1420 | Func:   SH | Latency:  579[1;0m
[1;32m[Core 2] PASS PATTERN NO. 1420 | Func:   LH | Latency:  809[1;0m
[1;32m[Core 2] PASS PATTERN NO. 1421 | Func:  MUL | Latency:    9[1;0m
[1;34m[Core 1] PASS PATTERN NO. 1421 | Func:   LH | Latency:  720[1;0m
[1;34m[Core 1] PASS PATTERN NO. 1422 | Func:  MUL | Latency:    9[1;0m
[1;32m[Core 2] PASS PATTERN NO. 1422 | Func:   LH | Latency:  947[1;0m
[1;34m[Core 1] PASS PATTERN NO. 1423 | Func:  AND | Latency:  463[1;0m
[1;32m[Core 2] PASS PATTERN NO. 1423 | Func:   LH | Latency:  281[1;0m
[1;32m[Core 2] PASS PATTERN NO. 1424 | Func:   SH | Latency:  179[1;0m
[1;34m[Core 1] PASS PATTERN NO. 1424 | Func:   LH | Latency:  773[1;0m
[1;34m[Core 1] PASS PATTERN NO. 1425 | Func:   OR | Latency:  700[1;0m
[1;32m[Core 2] PASS PATTERN NO. 1425 | Func:   LH | Latency: 1224[1;0m
[1;34m[Core 1] PASS PATTERN NO. 1426 | Func:  XOR | Latency:  211[1;0m
[1;32m[Core 2] PASS PATTERN NO. 1426 | Func:   SH | Latency:  500[1;0m
[1;34m[Core 1] PASS PATTERN NO. 1427 | Func:  AND | Latency:  500[1;0m
[1;32m[Core 2] PASS PATTERN NO. 1427 | Func:   SH | Latency:  470[1;0m
[1;34m[Core 1] PASS PATTERN NO. 1428 | Func:  NOR | Latency:  470[1;0m
[1;32m[Core 2] PASS PATTERN NO. 1428 | Func:  MUL | Latency:    9[1;0m
[1;32m[Core 2] PASS PATTERN NO. 1429 | Func: ADDI | Latency:    6[1;0m
[1;34m[Core 1] PASS PATTERN NO. 1429 | Func:   LH | Latency:  174[1;0m
[1;34m[Core 1] PASS PATTERN NO. 1430 | Func: ADDI | Latency:    6[1;0m
[1;32m[Core 2] PASS PATTERN NO. 1430 | Func:  SLT | Latency:  171[1;0m
[1;34m[Core 1] PASS PATTERN NO. 1431 | Func:   SH | Latency:  343[1;0m
[1;32m[Core 2] PASS PATTERN NO. 1431 | Func:   LH | Latency:  629[1;0m
[1;34m[Core 1] PASS PATTERN NO. 1432 | Func:  NOR | Latency:  292[1;0m
[1;32m[Core 2] PASS PATTERN NO. 1432 | Func:  SLT | Latency:    6[1;0m
[1;34m[Core 1] PASS PATTERN NO. 1433 | Func: ADDI | Latency:    9[1;0m
[1;32m[Core 2] PASS PATTERN NO. 1433 | Func:  ADD | Latency:    9[1;0m
[1;32m[Core 2] PASS PATTERN NO. 1434 | Func:  ADD | Latency:    9[1;0m
[1;34m[Core 1] PASS PATTERN NO. 1434 | Func:   SH | Latency:  516[1;0m
[1;34m[Core 1] PASS PATTERN NO. 1435 | Func:   LH | Latency:  241[1;0m
[1;32m[Core 2] PASS PATTERN NO. 1435 | Func:   LH | Latency: 1155[1;0m
[1;34m[Core 1] PASS PATTERN NO. 1436 | Func:  MUL | Latency:  416[1;0m
[1;32m[Core 2] PASS PATTERN NO. 1436 | Func:  MUL | Latency:   10[1;0m
[1;34m[Core 1] PASS PATTERN NO. 1437 | Func: SUBI | Latency:    9[1;0m
[1;32m[Core 2] PASS PATTERN NO. 1437 | Func:   LH | Latency:  215[1;0m
[1;32m[Core 2] PASS PATTERN NO. 1438 | Func:   OR | Latency:    6[1;0m
[1;34m[Core 1] PASS PATTERN NO. 1438 | Func:   LH | Latency:  690[1;0m
[1;32m[Core 2] PASS PATTERN NO. 1439 | Func:  SUB | Latency:  483[1;0m
[1;34m[Core 1] PASS PATTERN NO. 1439 | Func:   LH | Latency:  114[1;0m
[1;34m[Core 1] PASS PATTERN NO. 1440 | Func:  SLT | Latency:    6[1;0m
[1;32m[Core 2] PASS PATTERN NO. 1440 | Func:  AND | Latency:  114[1;0m
[1;32m[Core 2] PASS PATTERN NO. 1441 | Func: SUBI | Latency:    9[1;0m
[1;34m[Core 1] PASS PATTERN NO. 1441 | Func:   SH | Latency:  420[1;0m
[1;34m[Core 1] PASS PATTERN NO. 1442 | Func: ADDI | Latency:    6[1;0m
[1;32m[Core 2] PASS PATTERN NO. 1442 | Func:   LH | Latency:  913[1;0m
[1;34m[Core 1] PASS PATTERN NO. 1443 | Func:  MUL | Latency:  505[1;0m
[1;32m[Core 2] PASS PATTERN NO. 1443 | Func:   LH | Latency:  371[1;0m
[1;34m[Core 1] PASS PATTERN NO. 1444 | Func:  SLT | Latency:  368[1;0m
[1;32m[Core 2] PASS PATTERN NO. 1444 | Func:  MUL | Latency:    9[1;0m
[1;32m[Core 2] PASS PATTERN NO. 1445 | Func: ADDI | Latency:    6[1;0m
[1;34m[Core 1] PASS PATTERN NO. 1445 | Func:   LH | Latency:  455[1;0m
[1;32m[Core 2] PASS PATTERN NO. 1446 | Func: ADDI | Latency:  452[1;0m
[1;34m[Core 1] PASS PATTERN NO. 1446 | Func:  MUL | Latency:    9[1;0m
[1;34m[Core 1] PASS PATTERN NO. 1447 | Func: NAND | Latency:    6[1;0m
[1;32m[Core 2] PASS PATTERN NO. 1447 | Func: NAND | Latency:    9[1;0m
[1;32m[Core 2] PASS PATTERN NO. 1448 | Func:   OR | Latency:    9[1;0m
[1;34m[Core 1] PASS PATTERN NO. 1448 | Func:   LH | Latency:  421[1;0m
[1;34m[Core 1] PASS PATTERN NO. 1449 | Func:  ADD | Latency:    6[1;0m
[1;32m[Core 2] PASS PATTERN NO. 1449 | Func:   OR | Latency:  418[1;0m
[1;33m[Info] Global Memory Check Passed at IC 50-boundary (Snapshot 28)[1;0m
[1;34m[Core 1] PASS PATTERN NO. 1450 | Func:  AND | Latency:    9[1;0m
[1;32m[Core 2] PASS PATTERN NO. 1450 | Func:   SH | Latency:  413[1;0m
[1;34m[Core 1] PASS PATTERN NO. 1451 | Func: ADDI | Latency:  410[1;0m
[1;32m[Core 2] PASS PATTERN NO. 1451 | Func:  NOR | Latency:    6[1;0m
[1;32m[Core 2] PASS PATTERN NO. 1452 | Func: SUBI | Latency:    9[1;0m
[1;34m[Core 1] PASS PATTERN NO. 1452 | Func:   SH | Latency:  489[1;0m
[1;34m[Core 1] PASS PATTERN NO. 1453 | Func:  AND | Latency:    6[1;0m
[1;32m[Core 2] PASS PATTERN NO. 1453 | Func: ADDI | Latency:  486[1;0m
[1;34m[Core 1] PASS PATTERN NO. 1454 | Func:  MUL | Latency:   12[1;0m
[1;32m[Core 2] PASS PATTERN NO. 1454 | Func:  MUL | Latency:   13[1;0m
[1;34m[Core 1] PASS PATTERN NO. 1455 | Func: NAND | Latency:    9[1;0m
[1;32m[Core 2] PASS PATTERN NO. 1455 | Func:  AND | Latency:    8[1;0m
[1;32m[Core 2] PASS PATTERN NO. 1456 | Func:  AND | Latency:    9[1;0m
[1;34m[Core 1] PASS PATTERN NO. 1456 | Func:   SH | Latency:  333[1;0m
[1;34m[Core 1] PASS PATTERN NO. 1457 | Func:  MUL | Latency:  297[1;0m
[1;32m[Core 2] PASS PATTERN NO. 1457 | Func:   SH | Latency:  843[1;0m
[1;32m[Core 2] PASS PATTERN NO. 1458 | Func:  ADD | Latency:    6[1;0m
[1;34m[Core 1] PASS PATTERN NO. 1458 | Func:   LH | Latency:  364[1;0m
[1;34m[Core 1] PASS PATTERN NO. 1459 | Func:   SH | Latency:  413[1;0m
[1;32m[Core 2] PASS PATTERN NO. 1459 | Func:   LH | Latency: 1043[1;0m
[1;34m[Core 1] PASS PATTERN NO. 1460 | Func: NAND | Latency:  500[1;0m
[1;32m[Core 2] PASS PATTERN NO. 1460 | Func:  ADD | Latency:    6[1;0m
[1;32m[Core 2] PASS PATTERN NO. 1461 | Func:  AND | Latency:    9[1;0m
[1;34m[Core 1] PASS PATTERN NO. 1461 | Func:  MUL | Latency:   12[1;0m
[1;34m[Core 1] PASS PATTERN NO. 1462 | Func:  SUB | Latency:    6[1;0m
[1;32m[Core 2] PASS PATTERN NO. 1462 | Func:   LH | Latency:  267[1;0m
[1;34m[Core 1] PASS PATTERN NO. 1463 | Func:   SH | Latency:  673[1;0m
[1;32m[Core 2] PASS PATTERN NO. 1463 | Func:   LH | Latency:  888[1;0m
[1;34m[Core 1] PASS PATTERN NO. 1464 | Func:   LH | Latency:  870[1;0m
[1;32m[Core 2] PASS PATTERN NO. 1464 | Func:   LH | Latency:  554[1;0m
[1;34m[Core 1] PASS PATTERN NO. 1465 | Func:   OR | Latency:  163[1;0m
[1;32m[Core 2] PASS PATTERN NO. 1465 | Func:  ADD | Latency:    6[1;0m
[1;34m[Core 1] PASS PATTERN NO. 1466 | Func:  ADD | Latency:    9[1;0m
[1;32m[Core 2] PASS PATTERN NO. 1466 | Func: ADDI | Latency:    9[1;0m
[1;34m[Core 1] PASS PATTERN NO. 1467 | Func:   SH | Latency:  434[1;0m
[1;32m[Core 2] PASS PATTERN NO. 1467 | Func:   LH | Latency:  813[1;0m
[1;32m[Core 2] PASS PATTERN NO. 1468 | Func:  MUL | Latency:    9[1;0m
[1;34m[Core 1] PASS PATTERN NO. 1468 | Func:   LH | Latency:  518[1;0m
[1;32m[Core 2] PASS PATTERN NO. 1469 | Func: SUBI | Latency:  136[1;0m
[1;34m[Core 1] PASS PATTERN NO. 1469 | Func:   LH | Latency:  272[1;0m
[1;34m[Core 1] PASS PATTERN NO. 1470 | Func: ADDI | Latency:    6[1;0m
[1;32m[Core 2] PASS PATTERN NO. 1470 | Func:   SH | Latency:  678[1;0m
[1;34m[Core 1] PASS PATTERN NO. 1471 | Func:   OR | Latency:  412[1;0m
[1;32m[Core 2] PASS PATTERN NO. 1471 | Func:  NOR | Latency:    6[1;0m
[1;34m[Core 1] PASS PATTERN NO. 1472 | Func:   OR | Latency:    9[1;0m
[1;32m[Core 2] PASS PATTERN NO. 1472 | Func:   LH | Latency:  201[1;0m
[1;34m[Core 1] PASS PATTERN NO. 1473 | Func: ADDI | Latency:  198[1;0m
[1;32m[Core 2] PASS PATTERN NO. 1473 | Func:  AND | Latency:    6[1;0m
[1;34m[Core 1] PASS PATTERN NO. 1474 | Func: SUBI | Latency:    9[1;0m
[1;32m[Core 2] PASS PATTERN NO. 1474 | Func:  SLT | Latency:    9[1;0m
[1;32m[Core 2] PASS PATTERN NO. 1475 | Func:  SUB | Latency:    9[1;0m
[1;34m[Core 1] PASS PATTERN NO. 1475 | Func:   LH | Latency:  216[1;0m
[1;34m[Core 1] PASS PATTERN NO. 1476 | Func:   OR | Latency:    6[1;0m
[1;32m[Core 2] PASS PATTERN NO. 1476 | Func:   LH | Latency:  601[1;0m
[1;32m[Core 2] PASS PATTERN NO. 1477 | Func:  ADD | Latency:    6[1;0m
[1;34m[Core 1] PASS PATTERN NO. 1477 | Func:  MUL | Latency:  397[1;0m
[1;34m[Core 1] PASS PATTERN NO. 1478 | Func:  SLT | Latency:    6[1;0m
[1;32m[Core 2] PASS PATTERN NO. 1478 | Func:  XOR | Latency:    9[1;0m
[1;34m[Core 1] PASS PATTERN NO. 1479 | Func: NAND | Latency:    9[1;0m
[1;32m[Core 2] PASS PATTERN NO. 1479 | Func:  SUB | Latency:    9[1;0m
[1;34m[Core 1] PASS PATTERN NO. 1480 | Func: ADDI | Latency:    9[1;0m
[1;32m[Core 2] PASS PATTERN NO. 1480 | Func:  XOR | Latency:    9[1;0m
[1;34m[Core 1] PASS PATTERN NO. 1481 | Func:  NOR | Latency:    9[1;0m
[1;32m[Core 2] PASS PATTERN NO. 1481 | Func: SUBI | Latency:    9[1;0m
[1;32m[Core 2] PASS PATTERN NO. 1482 | Func:  NOR | Latency:    9[1;0m
[1;34m[Core 1] PASS PATTERN NO. 1482 | Func:   SH | Latency:  328[1;0m
[1;34m[Core 1] PASS PATTERN NO. 1483 | Func:   OR | Latency:    6[1;0m
[1;32m[Core 2] PASS PATTERN NO. 1483 | Func:   LH | Latency:  431[1;0m
[1;34m[Core 1] PASS PATTERN NO. 1484 | Func: SUBI | Latency:  112[1;0m
[1;32m[Core 2] PASS PATTERN NO. 1484 | Func:  SLT | Latency:    6[1;0m
[1;34m[Core 1] PASS PATTERN NO. 1485 | Func:  NOR | Latency:    9[1;0m
[1;32m[Core 2] PASS PATTERN NO. 1485 | Func:   SH | Latency:  419[1;0m
[1;34m[Core 1] PASS PATTERN NO. 1486 | Func:  MUL | Latency:  419[1;0m
[1;32m[Core 2] PASS PATTERN NO. 1486 | Func:   LH | Latency:  138[1;0m
[1;34m[Core 1] PASS PATTERN NO. 1487 | Func: SUBI | Latency:  135[1;0m
[1;32m[Core 2] PASS PATTERN NO. 1487 | Func:   SH | Latency:  459[1;0m
[1;32m[Core 2] PASS PATTERN NO. 1488 | Func:  SLT | Latency:    6[1;0m
[1;34m[Core 1] PASS PATTERN NO. 1488 | Func:   LH | Latency:  670[1;0m
[1;32m[Core 2] PASS PATTERN NO. 1489 | Func:  SLT | Latency:  378[1;0m
[1;34m[Core 1] PASS PATTERN NO. 1489 | Func:   SH | Latency:  663[1;0m
[1;34m[Core 1] PASS PATTERN NO. 1490 | Func:  BEQ | Latency:    5[1;0m
[1;32m[Core 2] PASS PATTERN NO. 1490 | Func:  BEQ | Latency:  501[1;0m
[1;32m[Core 2] PASS PATTERN NO. 1491 | Func:  SLT | Latency:    9[1;0m
[1;34m[Core 1] PASS PATTERN NO. 1491 | Func:   SH | Latency:  154[1;0m
[1;32m[Core 2] PASS PATTERN NO. 1492 | Func:   SH | Latency:  654[1;0m
[1;34m[Core 1] PASS PATTERN NO. 1492 | Func:   LH | Latency:  675[1;0m
[1;34m[Core 1] PASS PATTERN NO. 1493 | Func:  NOR | Latency:    6[1;0m
[1;32m[Core 2] PASS PATTERN NO. 1493 | Func:   SH | Latency:  378[1;0m
[1;34m[Core 1] PASS PATTERN NO. 1494 | Func:  XOR | Latency:  212[1;0m
[1;32m[Core 2] PASS PATTERN NO. 1494 | Func:  SLT | Latency:    6[1;0m
[1;32m[Core 2] PASS PATTERN NO. 1495 | Func:  MUL | Latency:   12[1;0m
[1;34m[Core 1] PASS PATTERN NO. 1495 | Func:   SH | Latency:  475[1;0m
[1;32m[Core 2] PASS PATTERN NO. 1496 | Func:  SLT | Latency:  469[1;0m
[1;34m[Core 1] PASS PATTERN NO. 1496 | Func:   SH | Latency:  178[1;0m
[1;34m[Core 1] PASS PATTERN NO. 1497 | Func:   OR | Latency:    6[1;0m
[1;32m[Core 2] PASS PATTERN NO. 1497 | Func:   LH | Latency:  590[1;0m
[1;34m[Core 1] PASS PATTERN NO. 1498 | Func:  XOR | Latency:  418[1;0m
[1;32m[Core 2] PASS PATTERN NO. 1498 | Func: NAND | Latency:    6[1;0m
[1;34m[Core 1] PASS PATTERN NO. 1499 | Func:  NOR | Latency:    9[1;0m
[1;32m[Core 2] PASS PATTERN NO. 1499 | Func:   LH | Latency:  433[1;0m
[1;33m[Info] Global Memory Check Passed at IC 50-boundary (Snapshot 29)[1;0m
[1;32m[Core 2] PASS PATTERN NO. 1500 | Func:  MUL | Latency:    9[1;0m
[1;34m[Core 1] PASS PATTERN NO. 1500 | Func:   SH | Latency:  622[1;0m
[1;34m[Core 1] PASS PATTERN NO. 1501 | Func:  AND | Latency:    6[1;0m
[1;32m[Core 2] PASS PATTERN NO. 1501 | Func: SUBI | Latency:  195[1;0m
[1;34m[Core 1] PASS PATTERN NO. 1502 | Func:  ADD | Latency:    9[1;0m
[1;32m[Core 2] PASS PATTERN NO. 1502 | Func:   LH | Latency:  311[1;0m
[1;34m[Core 1] PASS PATTERN NO. 1503 | Func: SUBI | Latency:  308[1;0m
[1;32m[Core 2] PASS PATTERN NO. 1503 | Func: SUBI | Latency:    6[1;0m
[1;34m[Core 1] PASS PATTERN NO. 1504 | Func:  NOR | Latency:    9[1;0m
[1;32m[Core 2] PASS PATTERN NO. 1504 | Func: NAND | Latency:    9[1;0m
[1;34m[Core 1] PASS PATTERN NO. 1505 | Func:  XOR | Latency:    9[1;0m
[1;32m[Core 2] PASS PATTERN NO. 1505 | Func:  NOR | Latency:    9[1;0m
[1;34m[Core 1] PASS PATTERN NO. 1506 | Func: NAND | Latency:    9[1;0m
[1;32m[Core 2] PASS PATTERN NO. 1506 | Func:  XOR | Latency:    9[1;0m
[1;34m[Core 1] PASS PATTERN NO. 1507 | Func: NAND | Latency:    9[1;0m
[1;32m[Core 2] PASS PATTERN NO. 1507 | Func:  NOR | Latency:    9[1;0m
[1;32m[Core 2] PASS PATTERN NO. 1508 | Func:  AND | Latency:    9[1;0m
[1;34m[Core 1] PASS PATTERN NO. 1508 | Func:  MUL | Latency:   12[1;0m
[1;34m[Core 1] PASS PATTERN NO. 1509 | Func:   OR | Latency:    6[1;0m
[1;32m[Core 2] PASS PATTERN NO. 1509 | Func: SUBI | Latency:    9[1;0m
[1;34m[Core 1] PASS PATTERN NO. 1510 | Func:   LH | Latency:  191[1;0m
[1;32m[Core 2] PASS PATTERN NO. 1510 | Func:   LH | Latency:  355[1;0m
[1;32m[Core 2] PASS PATTERN NO. 1511 | Func:  NOR | Latency:    6[1;0m
[1;34m[Core 1] PASS PATTERN NO. 1511 | Func:   SH | Latency:  625[1;0m
[1;34m[Core 1] PASS PATTERN NO. 1512 | Func: ADDI | Latency:    6[1;0m
[1;32m[Core 2] PASS PATTERN NO. 1512 | Func:   LH | Latency:  810[1;0m
[1;32m[Core 2] PASS PATTERN NO. 1513 | Func:  MUL | Latency:    9[1;0m
[1;34m[Core 1] PASS PATTERN NO. 1513 | Func:   LH | Latency:  622[1;0m
[1;34m[Core 1] PASS PATTERN NO. 1514 | Func:  AND | Latency:    6[1;0m
[1;32m[Core 2] PASS PATTERN NO. 1514 | Func:   LH | Latency:  688[1;0m
[1;34m[Core 1] PASS PATTERN NO. 1515 | Func:  AND | Latency:  424[1;0m
[1;32m[Core 2] PASS PATTERN NO. 1515 | Func:   SH | Latency:  503[1;0m
[1;34m[Core 1] PASS PATTERN NO. 1516 | Func:  AND | Latency:  503[1;0m
[1;32m[Core 2] PASS PATTERN NO. 1516 | Func:  XOR | Latency:    6[1;0m
[1;34m[Core 1] PASS PATTERN NO. 1517 | Func: SUBI | Latency:  421[1;0m
[1;32m[Core 2] PASS PATTERN NO. 1517 | Func: SUBI | Latency:  421[1;0m
[1;34m[Core 1] PASS PATTERN NO. 1518 | Func:  NOR | Latency:    9[1;0m
[1;32m[Core 2] PASS PATTERN NO. 1518 | Func:   LH | Latency:  307[1;0m
[1;34m[Core 1] PASS PATTERN NO. 1519 | Func:  XOR | Latency:  304[1;0m
[1;32m[Core 2] PASS PATTERN NO. 1519 | Func:   OR | Latency:    6[1;0m
[1;34m[Core 1] PASS PATTERN NO. 1520 | Func:  XOR | Latency:    9[1;0m
[1;32m[Core 2] PASS PATTERN NO. 1520 | Func:  ADD | Latency:    9[1;0m
[1;34m[Core 1] PASS PATTERN NO. 1521 | Func:   LH | Latency:  178[1;0m
[1;32m[Core 2] PASS PATTERN NO. 1521 | Func:   LH | Latency:  616[1;0m
[1;32m[Core 2] PASS PATTERN NO. 1522 | Func:  MUL | Latency:    9[1;0m
[1;34m[Core 1] PASS PATTERN NO. 1522 | Func:   LH | Latency:  939[1;0m
[1;32m[Core 2] PASS PATTERN NO. 1523 | Func:  MUL | Latency:  501[1;0m
[1;34m[Core 1] PASS PATTERN NO. 1523 | Func:   LH | Latency:  288[1;0m
[1;34m[Core 1] PASS PATTERN NO. 1524 | Func: ADDI | Latency:    6[1;0m
[1;32m[Core 2] PASS PATTERN NO. 1524 | Func:  SUB | Latency:  285[1;0m
[1;34m[Core 1] PASS PATTERN NO. 1525 | Func:   OR | Latency:    9[1;0m
[1;32m[Core 2] PASS PATTERN NO. 1525 | Func:   LH | Latency:  281[1;0m
[1;34m[Core 1] PASS PATTERN NO. 1526 | Func: SUBI | Latency:  278[1;0m
[1;32m[Core 2] PASS PATTERN NO. 1526 | Func:   SH | Latency:  179[1;0m
[1;32m[Core 2] PASS PATTERN NO. 1527 | Func:  NOR | Latency:    6[1;0m
[1;34m[Core 1] PASS PATTERN NO. 1527 | Func:   SH | Latency:  496[1;0m
[1;32m[Core 2] PASS PATTERN NO. 1528 | Func:  MUL | Latency:  326[1;0m
[1;34m[Core 1] PASS PATTERN NO. 1528 | Func:   LH | Latency:  393[1;0m
[1;34m[Core 1] PASS PATTERN NO. 1529 | Func:   SH | Latency:  118[1;0m
[1;32m[Core 2] PASS PATTERN NO. 1529 | Func:   LH | Latency:  836[1;0m
[1;34m[Core 1] PASS PATTERN NO. 1530 | Func: SUBI | Latency:  340[1;0m
[1;32m[Core 2] PASS PATTERN NO. 1530 | Func:   SH | Latency:  431[1;0m
[1;32m[Core 2] PASS PATTERN NO. 1531 | Func:  MUL | Latency:    9[1;0m
[1;34m[Core 1] PASS PATTERN NO. 1531 | Func:   SH | Latency:  668[1;0m
[1;34m[Core 1] PASS PATTERN NO. 1532 | Func: SUBI | Latency:    6[1;0m
[1;32m[Core 2] PASS PATTERN NO. 1532 | Func: SUBI | Latency:  240[1;0m
[1;34m[Core 1] PASS PATTERN NO. 1533 | Func: ADDI | Latency:    9[1;0m
[1;32m[Core 2] PASS PATTERN NO. 1533 | Func:  MUL | Latency:   12[1;0m
[1;34m[Core 1] PASS PATTERN NO. 1534 | Func:  MUL | Latency:   12[1;0m
[1;32m[Core 2] PASS PATTERN NO. 1534 | Func:   LH | Latency:  172[1;0m
[1;34m[Core 1] PASS PATTERN NO. 1535 | Func:   OR | Latency:  169[1;0m
[1;32m[Core 2] PASS PATTERN NO. 1535 | Func:   SH | Latency:  305[1;0m
[1;34m[Core 1] PASS PATTERN NO. 1536 | Func:  ADD | Latency:  305[1;0m
[1;32m[Core 2] PASS PATTERN NO. 1536 | Func:   SH | Latency:  131[1;0m
[1;32m[Core 2] PASS PATTERN NO. 1537 | Func:  ADD | Latency:    6[1;0m
[1;34m[Core 1] PASS PATTERN NO. 1537 | Func:   LH | Latency:  509[1;0m
[1;32m[Core 2] PASS PATTERN NO. 1538 | Func: ADDI | Latency:  384[1;0m
[1;34m[Core 1] PASS PATTERN NO. 1538 | Func:   LH | Latency:  217[1;0m
[1;34m[Core 1] PASS PATTERN NO. 1539 | Func: ADDI | Latency:    6[1;0m
[1;32m[Core 2] PASS PATTERN NO. 1539 | Func:  NOR | Latency:  217[1;0m
[1;34m[Core 1] PASS PATTERN NO. 1540 | Func:  AND | Latency:    9[1;0m
[1;32m[Core 2] PASS PATTERN NO. 1540 | Func:   SH | Latency:  511[1;0m
[1;34m[Core 1] PASS PATTERN NO. 1541 | Func: SUBI | Latency:  508[1;0m
[1;32m[Core 2] PASS PATTERN NO. 1541 | Func:   LH | Latency:  501[1;0m
[1;32m[Core 2] PASS PATTERN NO. 1542 | Func: NAND | Latency:    6[1;0m
[1;34m[Core 1] PASS PATTERN NO. 1542 | Func:  MUL | Latency:  504[1;0m
[1;34m[Core 1] PASS PATTERN NO. 1543 | Func: ADDI | Latency:    6[1;0m
[1;32m[Core 2] PASS PATTERN NO. 1543 | Func: NAND | Latency:    9[1;0m
[1;34m[Core 1] PASS PATTERN NO. 1544 | Func:  SUB | Latency:    9[1;0m
[1;32m[Core 2] PASS PATTERN NO. 1544 | Func:  MUL | Latency:   12[1;0m
[1;34m[Core 1] PASS PATTERN NO. 1545 | Func:  MUL | Latency:   12[1;0m
[1;32m[Core 2] PASS PATTERN NO. 1545 | Func:   SH | Latency:  466[1;0m
[1;34m[Core 1] PASS PATTERN NO. 1546 | Func:  ADD | Latency:  463[1;0m
[1;32m[Core 2] PASS PATTERN NO. 1546 | Func:  ADD | Latency:    6[1;0m
[1;32m[Core 2] PASS PATTERN NO. 1547 | Func: SUBI | Latency:    9[1;0m
[1;34m[Core 1] PASS PATTERN NO. 1547 | Func:   SH | Latency:  187[1;0m
[1;32m[Core 2] PASS PATTERN NO. 1548 | Func:  SLT | Latency:  184[1;0m
[1;34m[Core 1] PASS PATTERN NO. 1548 | Func:  MUL | Latency:    9[1;0m
[1;34m[Core 1] PASS PATTERN NO. 1549 | Func:   SH | Latency: 1221[1;0m
[1;32m[Core 2] PASS PATTERN NO. 1549 | Func:   LH | Latency: 1640[1;0m
[1;33m[Info] Global Memory Check Passed at IC 50-boundary (Snapshot 30)[1;0m
[1;34m[Core 1] PASS PATTERN NO. 1550 | Func:  SUB | Latency:  422[1;0m
[1;32m[Core 2] PASS PATTERN NO. 1550 | Func:  ADD | Latency:    6[1;0m
[1;34m[Core 1] PASS PATTERN NO. 1551 | Func:  XOR | Latency:    9[1;0m
[1;32m[Core 2] PASS PATTERN NO. 1551 | Func:   LH | Latency:  399[1;0m
[1;34m[Core 1] PASS PATTERN NO. 1552 | Func:  MUL | Latency:  399[1;0m
[1;32m[Core 2] PASS PATTERN NO. 1552 | Func:   SH | Latency:  140[1;0m
[1;32m[Core 2] PASS PATTERN NO. 1553 | Func:  MUL | Latency:    9[1;0m
[1;34m[Core 1] PASS PATTERN NO. 1553 | Func:   LH | Latency:  405[1;0m
[1;32m[Core 2] PASS PATTERN NO. 1554 | Func: NAND | Latency:  271[1;0m
[1;34m[Core 1] PASS PATTERN NO. 1554 | Func:   SH | Latency:  423[1;0m
[1;34m[Core 1] PASS PATTERN NO. 1555 | Func:  SLT | Latency:    6[1;0m
[1;32m[Core 2] PASS PATTERN NO. 1555 | Func:  MUL | Latency:  426[1;0m
[1;34m[Core 1] PASS PATTERN NO. 1556 | Func: NAND | Latency:    9[1;0m
[1;32m[Core 2] PASS PATTERN NO. 1556 | Func:   LH | Latency:  321[1;0m
[1;34m[Core 1] PASS PATTERN NO. 1557 | Func: NAND | Latency:  321[1;0m
[1;32m[Core 2] PASS PATTERN NO. 1557 | Func: SUBI | Latency:    6[1;0m
[1;32m[Core 2] PASS PATTERN NO. 1558 | Func:  SUB | Latency:    9[1;0m
[1;34m[Core 1] PASS PATTERN NO. 1558 | Func:   LH | Latency:  302[1;0m
[1;34m[Core 1] PASS PATTERN NO. 1559 | Func:  XOR | Latency:    6[1;0m
[1;32m[Core 2] PASS PATTERN NO. 1559 | Func:  SLT | Latency:  299[1;0m
[1;34m[Core 1] PASS PATTERN NO. 1560 | Func: ADDI | Latency:    9[1;0m
[1;32m[Core 2] PASS PATTERN NO. 1560 | Func: NAND | Latency:    9[1;0m
[1;32m[Core 2] PASS PATTERN NO. 1561 | Func: ADDI | Latency:    9[1;0m
[1;34m[Core 1] PASS PATTERN NO. 1561 | Func:   LH | Latency:  358[1;0m
[1;34m[Core 1] PASS PATTERN NO. 1562 | Func:  SUB | Latency:    6[1;0m
[1;32m[Core 2] PASS PATTERN NO. 1562 | Func: ADDI | Latency:  355[1;0m
[1;34m[Core 1] PASS PATTERN NO. 1563 | Func:  SUB | Latency:    9[1;0m
[1;32m[Core 2] PASS PATTERN NO. 1563 | Func:  XOR | Latency:    9[1;0m
[1;34m[Core 1] PASS PATTERN NO. 1564 | Func:  SLT | Latency:    9[1;0m
[1;32m[Core 2] PASS PATTERN NO. 1564 | Func:   SH | Latency:  453[1;0m
[1;34m[Core 1] PASS PATTERN NO. 1565 | Func:   SH | Latency:  572[1;0m
[1;32m[Core 2] PASS PATTERN NO. 1565 | Func:   LH | Latency:  444[1;0m
[1;34m[Core 1] PASS PATTERN NO. 1566 | Func:  AND | Latency:  322[1;0m
[1;32m[Core 2] PASS PATTERN NO. 1566 | Func:   SH | Latency:  243[1;0m
[1;32m[Core 2] PASS PATTERN NO. 1567 | Func: SUBI | Latency:    6[1;0m
[1;34m[Core 1] PASS PATTERN NO. 1567 | Func:   SH | Latency:  580[1;0m
[1;32m[Core 2] PASS PATTERN NO. 1568 | Func:   SH | Latency:  600[1;0m
[1;34m[Core 1] PASS PATTERN NO. 1568 | Func:   LH | Latency:  639[1;0m
[1;34m[Core 1] PASS PATTERN NO. 1569 | Func:  ADD | Latency:    6[1;0m
[1;32m[Core 2] PASS PATTERN NO. 1569 | Func:  SUB | Latency:  382[1;0m
[1;34m[Core 1] PASS PATTERN NO. 1570 | Func:  SLT | Latency:    9[1;0m
[1;32m[Core 2] PASS PATTERN NO. 1570 | Func:  ADD | Latency:    9[1;0m
[1;34m[Core 1] PASS PATTERN NO. 1571 | Func:  SLT | Latency:    9[1;0m
[1;32m[Core 2] PASS PATTERN NO. 1571 | Func:   SH | Latency:  150[1;0m
[1;32m[Core 2] PASS PATTERN NO. 1572 | Func:  NOR | Latency:    6[1;0m
[1;34m[Core 1] PASS PATTERN NO. 1572 | Func:  MUL | Latency:  150[1;0m
[1;32m[Core 2] PASS PATTERN NO. 1573 | Func:  AND | Latency:    9[1;0m
[1;34m[Core 1] PASS PATTERN NO. 1573 | Func:   LH | Latency:  282[1;0m
[1;34m[Core 1] PASS PATTERN NO. 1574 | Func: NAND | Latency:    6[1;0m
[1;32m[Core 2] PASS PATTERN NO. 1574 | Func:  SUB | Latency:  282[1;0m
[1;32m[Core 2] PASS PATTERN NO. 1575 | Func:  SLT | Latency:    9[1;0m
[1;34m[Core 1] PASS PATTERN NO. 1575 | Func:  MUL | Latency:   12[1;0m
[1;34m[Core 1] PASS PATTERN NO. 1576 | Func: ADDI | Latency:    6[1;0m
[1;32m[Core 2] PASS PATTERN NO. 1576 | Func:  MUL | Latency:   12[1;0m
[1;34m[Core 1] PASS PATTERN NO. 1577 | Func:  XOR | Latency:    9[1;0m
[1;32m[Core 2] PASS PATTERN NO. 1577 | Func:  SUB | Latency:    6[1;0m
[1;32m[Core 2] PASS PATTERN NO. 1578 | Func: SUBI | Latency:    9[1;0m
[1;34m[Core 1] PASS PATTERN NO. 1578 | Func:   LH | Latency:  114[1;0m
[1;34m[Core 1] PASS PATTERN NO. 1579 | Func:  AND | Latency:    6[1;0m
[1;32m[Core 2] PASS PATTERN NO. 1579 | Func:   LH | Latency:  227[1;0m
[1;34m[Core 1] PASS PATTERN NO. 1580 | Func: ADDI | Latency:  122[1;0m
[1;32m[Core 2] PASS PATTERN NO. 1580 | Func:  SLT | Latency:    6[1;0m
[1;32m[Core 2] PASS PATTERN NO. 1581 | Func:   SH | Latency: 1325[1;0m
[1;34m[Core 1] PASS PATTERN NO. 1581 | Func:   LH | Latency: 1691[1;0m
[1;34m[Core 1] PASS PATTERN NO. 1582 | Func: SUBI | Latency:    6[1;0m
[1;32m[Core 2] PASS PATTERN NO. 1582 | Func:   SH | Latency:  740[1;0m
[1;32m[Core 2] PASS PATTERN NO. 1583 | Func: SUBI | Latency:    6[1;0m
[1;34m[Core 1] PASS PATTERN NO. 1583 | Func:   LH | Latency:  661[1;0m
[1;34m[Core 1] PASS PATTERN NO. 1584 | Func:   OR | Latency:    6[1;0m
[1;32m[Core 2] PASS PATTERN NO. 1584 | Func: SUBI | Latency:  293[1;0m
[1;34m[Core 1] PASS PATTERN NO. 1585 | Func: ADDI | Latency:    9[1;0m
[1;32m[Core 2] PASS PATTERN NO. 1585 | Func:   SH | Latency:  144[1;0m
[1;32m[Core 2] PASS PATTERN NO. 1586 | Func: SUBI | Latency:    6[1;0m
[1;34m[Core 1] PASS PATTERN NO. 1586 | Func:   LH | Latency:  335[1;0m
[1;34m[Core 1] PASS PATTERN NO. 1587 | Func: ADDI | Latency:    6[1;0m
[1;32m[Core 2] PASS PATTERN NO. 1587 | Func:   SH | Latency:  343[1;0m
[1;32m[Core 2] PASS PATTERN NO. 1588 | Func:  MUL | Latency:    9[1;0m
[1;34m[Core 1] PASS PATTERN NO. 1588 | Func:   LH | Latency:  357[1;0m
[1;34m[Core 1] PASS PATTERN NO. 1589 | Func:  NOR | Latency:    6[1;0m
[1;32m[Core 2] PASS PATTERN NO. 1589 | Func:   LH | Latency:  628[1;0m
[1;32m[Core 2] PASS PATTERN NO. 1590 | Func:  NOR | Latency:    6[1;0m
[1;34m[Core 1] PASS PATTERN NO. 1590 | Func:   LH | Latency:  720[1;0m
[1;34m[Core 1] PASS PATTERN NO. 1591 | Func:  SUB | Latency:    6[1;0m
[1;32m[Core 2] PASS PATTERN NO. 1591 | Func:  NOR | Latency:  303[1;0m
[1;34m[Core 1] PASS PATTERN NO. 1592 | Func: ADDI | Latency:    9[1;0m
[1;32m[Core 2] PASS PATTERN NO. 1592 | Func: ADDI | Latency:    9[1;0m
[1;32m[Core 2] PASS PATTERN NO. 1593 | Func:  NOR | Latency:    9[1;0m
[1;34m[Core 1] PASS PATTERN NO. 1593 | Func:   LH | Latency:  280[1;0m
[1;34m[Core 1] PASS PATTERN NO. 1594 | Func: NAND | Latency:    6[1;0m
[1;32m[Core 2] PASS PATTERN NO. 1594 | Func:   SH | Latency:  486[1;0m
[1;32m[Core 2] PASS PATTERN NO. 1595 | Func:  XOR | Latency:    6[1;0m
[1;34m[Core 1] PASS PATTERN NO. 1595 | Func:   SH | Latency:  497[1;0m
[1;32m[Core 2] PASS PATTERN NO. 1596 | Func:  ADD | Latency:  288[1;0m
[1;34m[Core 1] PASS PATTERN NO. 1596 | Func:   LH | Latency:  416[1;0m
[1;34m[Core 1] PASS PATTERN NO. 1597 | Func:  NOR | Latency:    6[1;0m
[1;32m[Core 2] PASS PATTERN NO. 1597 | Func:   SH | Latency:  559[1;0m
[1;34m[Core 1] PASS PATTERN NO. 1598 | Func:  ADD | Latency:  149[1;0m
[1;32m[Core 2] PASS PATTERN NO. 1598 | Func:   LH | Latency:  269[1;0m
[1;34m[Core 1] PASS PATTERN NO. 1599 | Func:  ADD | Latency:  269[1;0m
[1;32m[Core 2] PASS PATTERN NO. 1599 | Func:   SH | Latency:  248[1;0m
[1;33m[Info] Global Memory Check Passed at IC 50-boundary (Snapshot 31)[1;0m
[1;34m[Core 1] PASS PATTERN NO. 1600 | Func:   LH | Latency:  533[1;0m
[1;32m[Core 2] PASS PATTERN NO. 1600 | Func:   LH | Latency:  794[1;0m
[1;32m[Core 2] PASS PATTERN NO. 1601 | Func: SUBI | Latency:    6[1;0m
[1;34m[Core 1] PASS PATTERN NO. 1601 | Func:   SH | Latency:  626[1;0m
[1;34m[Core 1] PASS PATTERN NO. 1602 | Func:  SLT | Latency:    6[1;0m
[1;32m[Core 2] PASS PATTERN NO. 1602 | Func: ADDI | Latency:  123[1;0m
[1;34m[Core 1] PASS PATTERN NO. 1603 | Func:  XOR | Latency:    9[1;0m
[1;32m[Core 2] PASS PATTERN NO. 1603 | Func:  AND | Latency:    9[1;0m
[1;34m[Core 1] PASS PATTERN NO. 1604 | Func:  ADD | Latency:    9[1;0m
[1;32m[Core 2] PASS PATTERN NO. 1604 | Func:  SLT | Latency:    9[1;0m
[1;34m[Core 1] PASS PATTERN NO. 1605 | Func:   SH | Latency:  117[1;0m
[1;32m[Core 2] PASS PATTERN NO. 1605 | Func:   LH | Latency:  360[1;0m
[1;32m[Core 2] PASS PATTERN NO. 1606 | Func:  SLT | Latency:    6[1;0m
[1;34m[Core 1] PASS PATTERN NO. 1606 | Func:  MUL | Latency:  252[1;0m
[1;34m[Core 1] PASS PATTERN NO. 1607 | Func:   SH | Latency:  220[1;0m
[1;32m[Core 2] PASS PATTERN NO. 1607 | Func:   LH | Latency:  617[1;0m
[1;32m[Core 2] PASS PATTERN NO. 1608 | Func:  ADD | Latency:    6[1;0m
[1;34m[Core 1] PASS PATTERN NO. 1608 | Func:   LH | Latency:  670[1;0m
[1;32m[Core 2] PASS PATTERN NO. 1609 | Func:   SH | Latency:  604[1;0m
[1;34m[Core 1] PASS PATTERN NO. 1609 | Func:   LH | Latency:  532[1;0m
[1;34m[Core 1] PASS PATTERN NO. 1610 | Func:  ADD | Latency:    6[1;0m
[1;32m[Core 2] PASS PATTERN NO. 1610 | Func:  MUL | Latency:  207[1;0m
[1;32m[Core 2] PASS PATTERN NO. 1611 | Func:  AND | Latency:    6[1;0m
[1;34m[Core 1] PASS PATTERN NO. 1611 | Func:   SH | Latency:  264[1;0m
[1;34m[Core 1] PASS PATTERN NO. 1612 | Func:  SLT | Latency:    6[1;0m
[1;32m[Core 2] PASS PATTERN NO. 1612 | Func: SUBI | Latency:  261[1;0m
[1;32m[Core 2] PASS PATTERN NO. 1613 | Func: ADDI | Latency:  367[1;0m
[1;34m[Core 1] PASS PATTERN NO. 1613 | Func:  MUL | Latency:  370[1;0m
[1;34m[Core 1] PASS PATTERN NO. 1614 | Func: NAND | Latency:    6[1;0m
[1;32m[Core 2] PASS PATTERN NO. 1614 | Func:   LH | Latency:  421[1;0m
[1;34m[Core 1] PASS PATTERN NO. 1615 | Func:  NOR | Latency:  418[1;0m
[1;32m[Core 2] PASS PATTERN NO. 1615 | Func:  NOR | Latency:    6[1;0m
[1;34m[Core 1] PASS PATTERN NO. 1616 | Func:   OR | Latency:    9[1;0m
[1;32m[Core 2] PASS PATTERN NO. 1616 | Func:  NOR | Latency:    9[1;0m
[1;34m[Core 1] PASS PATTERN NO. 1617 | Func:  XOR | Latency:    9[1;0m
[1;32m[Core 2] PASS PATTERN NO. 1617 | Func:   LH | Latency:  264[1;0m
[1;34m[Core 1] PASS PATTERN NO. 1618 | Func:   OR | Latency:  261[1;0m
[1;32m[Core 2] PASS PATTERN NO. 1618 | Func:   SH | Latency:  211[1;0m
[1;34m[Core 1] PASS PATTERN NO. 1619 | Func:  SUB | Latency:  211[1;0m
[1;32m[Core 2] PASS PATTERN NO. 1619 | Func:   SH | Latency:  130[1;0m
[1;32m[Core 2] PASS PATTERN NO. 1620 | Func: ADDI | Latency:    6[1;0m
[1;34m[Core 1] PASS PATTERN NO. 1620 | Func:   LH | Latency:  504[1;0m
[1;32m[Core 2] PASS PATTERN NO. 1621 | Func:  ADD | Latency:  380[1;0m
[1;34m[Core 1] PASS PATTERN NO. 1621 | Func:   LH | Latency:  175[1;0m
[1;34m[Core 1] PASS PATTERN NO. 1622 | Func:  MUL | Latency:    9[1;0m
[1;32m[Core 2] PASS PATTERN NO. 1622 | Func:   SH | Latency:  397[1;0m
[1;34m[Core 1] PASS PATTERN NO. 1623 | Func:  AND | Latency:  225[1;0m
[1;32m[Core 2] PASS PATTERN NO. 1623 | Func:   LH | Latency:  139[1;0m
[1;34m[Core 1] PASS PATTERN NO. 1624 | Func:   SH | Latency:  530[1;0m
[1;32m[Core 2] PASS PATTERN NO. 1624 | Func:   LH | Latency:  852[1;0m
[1;34m[Core 1] PASS PATTERN NO. 1625 | Func:  AND | Latency:  461[1;0m
[1;32m[Core 2] PASS PATTERN NO. 1625 | Func:   LH | Latency:  226[1;0m
[1;34m[Core 1] PASS PATTERN NO. 1626 | Func:  ADD | Latency:  226[1;0m
[1;32m[Core 2] PASS PATTERN NO. 1626 | Func:   SH | Latency:  359[1;0m
[1;32m[Core 2] PASS PATTERN NO. 1627 | Func:  ADD | Latency:    6[1;0m
[1;34m[Core 1] PASS PATTERN NO. 1627 | Func:   SH | Latency:  656[1;0m
[1;32m[Core 2] PASS PATTERN NO. 1628 | Func:   SH | Latency:  468[1;0m
[1;34m[Core 1] PASS PATTERN NO. 1628 | Func:   LH | Latency:  566[1;0m
[1;34m[Core 1] PASS PATTERN NO. 1629 | Func:  XOR | Latency:    6[1;0m
[1;32m[Core 2] PASS PATTERN NO. 1629 | Func:  NOR | Latency:  401[1;0m
[1;32m[Core 2] PASS PATTERN NO. 1630 | Func:  MUL | Latency:   12[1;0m
[1;34m[Core 1] PASS PATTERN NO. 1630 | Func:   LH | Latency:  204[1;0m
[1;32m[Core 2] PASS PATTERN NO. 1631 | Func:  MUL | Latency:  201[1;0m
[1;34m[Core 1] PASS PATTERN NO. 1631 | Func:   SH | Latency:  249[1;0m
[1;34m[Core 1] PASS PATTERN NO. 1632 | Func: ADDI | Latency:    6[1;0m
[1;32m[Core 2] PASS PATTERN NO. 1632 | Func:   SH | Latency:  672[1;0m
[1;34m[Core 1] PASS PATTERN NO. 1633 | Func:  SLT | Latency:  432[1;0m
[1;32m[Core 2] PASS PATTERN NO. 1633 | Func:   SH | Latency:  497[1;0m
[1;34m[Core 1] PASS PATTERN NO. 1634 | Func: SUBI | Latency:  497[1;0m
[1;32m[Core 2] PASS PATTERN NO. 1634 | Func:  AND | Latency:    6[1;0m
[1;34m[Core 1] PASS PATTERN NO. 1635 | Func:  XOR | Latency:    9[1;0m
[1;32m[Core 2] PASS PATTERN NO. 1635 | Func:  MUL | Latency:   12[1;0m
[1;32m[Core 2] PASS PATTERN NO. 1636 | Func:  SLT | Latency:    6[1;0m
[1;34m[Core 1] PASS PATTERN NO. 1636 | Func:   LH | Latency:  434[1;0m
[1;34m[Core 1] PASS PATTERN NO. 1637 | Func:  NOR | Latency:    6[1;0m
[1;32m[Core 2] PASS PATTERN NO. 1637 | Func:   LH | Latency:  663[1;0m
[1;32m[Core 2] PASS PATTERN NO. 1638 | Func: SUBI | Latency:    6[1;0m
[1;34m[Core 1] PASS PATTERN NO. 1638 | Func:  MUL | Latency:  241[1;0m
[1;34m[Core 1] PASS PATTERN NO. 1639 | Func:  NOR | Latency:    6[1;0m
[1;32m[Core 2] PASS PATTERN NO. 1639 | Func:   LH | Latency:  427[1;0m
[1;34m[Core 1] PASS PATTERN NO. 1640 | Func:  ADD | Latency:  424[1;0m
[1;32m[Core 2] PASS PATTERN NO. 1640 | Func:   SH | Latency:  291[1;0m
[1;34m[Core 1] PASS PATTERN NO. 1641 | Func:  XOR | Latency:  291[1;0m
[1;32m[Core 2] PASS PATTERN NO. 1641 | Func:   LH | Latency:  445[1;0m
[1;34m[Core 1] PASS PATTERN NO. 1642 | Func:  ADD | Latency:  445[1;0m
[1;32m[Core 2] PASS PATTERN NO. 1642 | Func:   SH | Latency:  136[1;0m
[1;34m[Core 1] PASS PATTERN NO. 1643 | Func:  ADD | Latency:  136[1;0m
[1;32m[Core 2] PASS PATTERN NO. 1643 | Func:  SLT | Latency:    6[1;0m
[1;34m[Core 1] PASS PATTERN NO. 1644 | Func:   OR | Latency:    9[1;0m
[1;32m[Core 2] PASS PATTERN NO. 1644 | Func:  NOR | Latency:    9[1;0m
[1;32m[Core 2] PASS PATTERN NO. 1645 | Func:   SH | Latency:  649[1;0m
[1;34m[Core 1] PASS PATTERN NO. 1645 | Func:   LH | Latency:  918[1;0m
[1;34m[Core 1] PASS PATTERN NO. 1646 | Func: NAND | Latency:    6[1;0m
[1;32m[Core 2] PASS PATTERN NO. 1646 | Func:   SH | Latency:  572[1;0m
[1;32m[Core 2] PASS PATTERN NO. 1647 | Func:   SH | Latency:  398[1;0m
[1;34m[Core 1] PASS PATTERN NO. 1647 | Func:   LH | Latency: 1069[1;0m
[1;32m[Core 2] PASS PATTERN NO. 1648 | Func:   SH | Latency:  580[1;0m
[1;34m[Core 1] PASS PATTERN NO. 1648 | Func:   LH | Latency:  330[1;0m
[1;34m[Core 1] PASS PATTERN NO. 1649 | Func:  NOR | Latency:    6[1;0m
[1;32m[Core 2] PASS PATTERN NO. 1649 | Func:   OR | Latency:  130[1;0m
[1;33m[Info] Global Memory Check Passed at IC 50-boundary (Snapshot 32)[1;0m
[1;32m[Core 2] PASS PATTERN NO. 1650 | Func:  XOR | Latency:    9[1;0m
[1;34m[Core 1] PASS PATTERN NO. 1650 | Func:   SH | Latency:  451[1;0m
[1;32m[Core 2] PASS PATTERN NO. 1651 | Func: SUBI | Latency:  448[1;0m
[1;34m[Core 1] PASS PATTERN NO. 1651 | Func:   LH | Latency:  147[1;0m
[1;34m[Core 1] PASS PATTERN NO. 1652 | Func:  NOR | Latency:    6[1;0m
[1;32m[Core 2] PASS PATTERN NO. 1652 | Func: SUBI | Latency:  147[1;0m
[1;34m[Core 1] PASS PATTERN NO. 1653 | Func: NAND | Latency:    9[1;0m
[1;32m[Core 2] PASS PATTERN NO. 1653 | Func: NAND | Latency:    9[1;0m
[1;34m[Core 1] PASS PATTERN NO. 1654 | Func:   OR | Latency:    9[1;0m
[1;32m[Core 2] PASS PATTERN NO. 1654 | Func: SUBI | Latency:    9[1;0m
[1;34m[Core 1] PASS PATTERN NO. 1655 | Func:  ADD | Latency:    9[1;0m
[1;32m[Core 2] PASS PATTERN NO. 1655 | Func:  MUL | Latency:   12[1;0m
[1;34m[Core 1] PASS PATTERN NO. 1656 | Func:  NOR | Latency:    9[1;0m
[1;32m[Core 2] PASS PATTERN NO. 1656 | Func: SUBI | Latency:    6[1;0m
[1;34m[Core 1] PASS PATTERN NO. 1657 | Func:  NOR | Latency:    9[1;0m
[1;32m[Core 2] PASS PATTERN NO. 1657 | Func:  AND | Latency:    9[1;0m
[1;32m[Core 2] PASS PATTERN NO. 1658 | Func: SUBI | Latency:    9[1;0m
[1;34m[Core 1] PASS PATTERN NO. 1658 | Func:   LH | Latency:  265[1;0m
[1;34m[Core 1] PASS PATTERN NO. 1659 | Func:  SUB | Latency:    6[1;0m
[1;32m[Core 2] PASS PATTERN NO. 1659 | Func:   SH | Latency:  739[1;0m
[1;32m[Core 2] PASS PATTERN NO. 1660 | Func:  MUL | Latency:    9[1;0m
[1;34m[Core 1] PASS PATTERN NO. 1660 | Func:   SH | Latency:  623[1;0m
[1;34m[Core 1] PASS PATTERN NO. 1661 | Func:  AND | Latency:    6[1;0m
[1;32m[Core 2] PASS PATTERN NO. 1661 | Func:   SH | Latency:  588[1;0m
[1;32m[Core 2] PASS PATTERN NO. 1662 | Func: ADDI | Latency:    6[1;0m
[1;34m[Core 1] PASS PATTERN NO. 1662 | Func:   LH | Latency:  709[1;0m
[1;34m[Core 1] PASS PATTERN NO. 1663 | Func:   OR | Latency:    6[1;0m
[1;32m[Core 2] PASS PATTERN NO. 1663 | Func: NAND | Latency:  264[1;0m
[1;32m[Core 2] PASS PATTERN NO. 1664 | Func:  MUL | Latency:   12[1;0m
[1;34m[Core 1] PASS PATTERN NO. 1664 | Func:   LH | Latency:  381[1;0m
[1;34m[Core 1] PASS PATTERN NO. 1665 | Func: ADDI | Latency:    6[1;0m
[1;32m[Core 2] PASS PATTERN NO. 1665 | Func:   LH | Latency:  629[1;0m
[1;34m[Core 1] PASS PATTERN NO. 1666 | Func: ADDI | Latency:  260[1;0m
[1;32m[Core 2] PASS PATTERN NO. 1666 | Func:   OR | Latency:    6[1;0m
[1;32m[Core 2] PASS PATTERN NO. 1667 | Func:  MUL | Latency:   12[1;0m
[1;34m[Core 1] PASS PATTERN NO. 1667 | Func:   LH | Latency:  481[1;0m
[1;34m[Core 1] PASS PATTERN NO. 1668 | Func:   SH | Latency:  479[1;0m
[1;32m[Core 2] PASS PATTERN NO. 1668 | Func:   LH | Latency: 1090[1;0m
[1;34m[Core 1] PASS PATTERN NO. 1669 | Func:  SUB | Latency:  148[1;0m
[1;32m[Core 2] PASS PATTERN NO. 1669 | Func:  NOR | Latency:    6[1;0m
[1;32m[Core 2] PASS PATTERN NO. 1670 | Func:  NOR | Latency:    9[1;0m
[1;34m[Core 1] PASS PATTERN NO. 1670 | Func:   LH | Latency:  508[1;0m
[1;34m[Core 1] PASS PATTERN NO. 1671 | Func:  MUL | Latency:    9[1;0m
[1;32m[Core 2] PASS PATTERN NO. 1671 | Func:  MUL | Latency:  509[1;0m
[1;34m[Core 1] PASS PATTERN NO. 1672 | Func: SUBI | Latency:    9[1;0m
[1;32m[Core 2] PASS PATTERN NO. 1672 | Func:   SH | Latency:  335[1;0m
[1;34m[Core 1] PASS PATTERN NO. 1673 | Func:  AND | Latency:  333[1;0m
[1;32m[Core 2] PASS PATTERN NO. 1673 | Func:   LH | Latency:  396[1;0m
[1;32m[Core 2] PASS PATTERN NO. 1674 | Func:  XOR | Latency:    6[1;0m
[1;34m[Core 1] PASS PATTERN NO. 1674 | Func:   LH | Latency:  669[1;0m
[1;34m[Core 1] PASS PATTERN NO. 1675 | Func:  XOR | Latency:    6[1;0m
[1;32m[Core 2] PASS PATTERN NO. 1675 | Func: SUBI | Latency:  279[1;0m
[1;34m[Core 1] PASS PATTERN NO. 1676 | Func:  ADD | Latency:    9[1;0m
[1;32m[Core 2] PASS PATTERN NO. 1676 | Func:   LH | Latency:  478[1;0m
[1;32m[Core 2] PASS PATTERN NO. 1677 | Func:   OR | Latency:  500[1;0m
[1;34m[Core 1] PASS PATTERN NO. 1677 | Func:   LH | Latency: 1152[1;0m
[1;34m[Core 1] PASS PATTERN NO. 1678 | Func:  SUB | Latency:    6[1;0m
[1;32m[Core 2] PASS PATTERN NO. 1678 | Func:  MUL | Latency:  192[1;0m
[1;32m[Core 2] PASS PATTERN NO. 1679 | Func:   OR | Latency:    6[1;0m
[1;34m[Core 1] PASS PATTERN NO. 1679 | Func:  MUL | Latency:   12[1;0m
[1;34m[Core 1] PASS PATTERN NO. 1680 | Func: ADDI | Latency:    6[1;0m
[1;32m[Core 2] PASS PATTERN NO. 1680 | Func:   SH | Latency:  135[1;0m
[1;34m[Core 1] PASS PATTERN NO. 1681 | Func:  MUL | Latency:  135[1;0m
[1;32m[Core 2] PASS PATTERN NO. 1681 | Func:  MUL | Latency:   10[1;0m
[1;32m[Core 2] PASS PATTERN NO. 1682 | Func: NAND | Latency:    8[1;0m
[1;34m[Core 1] PASS PATTERN NO. 1682 | Func:   SH | Latency:  362[1;0m
[1;32m[Core 2] PASS PATTERN NO. 1683 | Func:   OR | Latency:  359[1;0m
[1;34m[Core 1] PASS PATTERN NO. 1683 | Func:   LH | Latency:  314[1;0m
[1;32m[Core 2] PASS PATTERN NO. 1684 | Func:  NOR | Latency:  314[1;0m
[1;34m[Core 1] PASS PATTERN NO. 1684 | Func:   LH | Latency:  384[1;0m
[1;34m[Core 1] PASS PATTERN NO. 1685 | Func:  ADD | Latency:    6[1;0m
[1;32m[Core 2] PASS PATTERN NO. 1685 | Func:  SUB | Latency:  384[1;0m
[1;34m[Core 1] PASS PATTERN NO. 1686 | Func:  ADD | Latency:    9[1;0m
[1;32m[Core 2] PASS PATTERN NO. 1686 | Func:   LH | Latency:  163[1;0m
[1;32m[Core 2] PASS PATTERN NO. 1687 | Func:  NOR | Latency:    6[1;0m
[1;34m[Core 1] PASS PATTERN NO. 1687 | Func:   LH | Latency:  318[1;0m
[1;32m[Core 2] PASS PATTERN NO. 1688 | Func: SUBI | Latency:  164[1;0m
[1;34m[Core 1] PASS PATTERN NO. 1688 | Func:   LH | Latency:  396[1;0m
[1;32m[Core 2] PASS PATTERN NO. 1689 | Func:  SUB | Latency:  396[1;0m
[1;34m[Core 1] PASS PATTERN NO. 1689 | Func:   SH | Latency:  289[1;0m
[1;32m[Core 2] PASS PATTERN NO. 1690 | Func:   OR | Latency:  289[1;0m
[1;34m[Core 1] PASS PATTERN NO. 1690 | Func:   LH | Latency:  266[1;0m
[1;34m[Core 1] PASS PATTERN NO. 1691 | Func:  XOR | Latency:    6[1;0m
[1;32m[Core 2] PASS PATTERN NO. 1691 | Func:   LH | Latency:  405[1;0m
[1;32m[Core 2] PASS PATTERN NO. 1692 | Func:  ADD | Latency:    6[1;0m
[1;34m[Core 1] PASS PATTERN NO. 1692 | Func:   LH | Latency:  250[1;0m
[1;34m[Core 1] PASS PATTERN NO. 1693 | Func: SUBI | Latency:    6[1;0m
[1;32m[Core 2] PASS PATTERN NO. 1693 | Func:  SLT | Latency:  111[1;0m
[1;34m[Core 1] PASS PATTERN NO. 1694 | Func:  NOR | Latency:    9[1;0m
[1;32m[Core 2] PASS PATTERN NO. 1694 | Func:   SH | Latency:  232[1;0m
[1;34m[Core 1] PASS PATTERN NO. 1695 | Func:  SUB | Latency:  229[1;0m
[1;32m[Core 2] PASS PATTERN NO. 1695 | Func:   SH | Latency:  319[1;0m
[1;32m[Core 2] PASS PATTERN NO. 1696 | Func: ADDI | Latency:    6[1;0m
[1;34m[Core 1] PASS PATTERN NO. 1696 | Func:   LH | Latency:  647[1;0m
[1;32m[Core 2] PASS PATTERN NO. 1697 | Func:  SLT | Latency:  334[1;0m
[1;34m[Core 1] PASS PATTERN NO. 1697 | Func:   SH | Latency:  447[1;0m
[1;34m[Core 1] PASS PATTERN NO. 1698 | Func:  NOR | Latency:    6[1;0m
[1;32m[Core 2] PASS PATTERN NO. 1698 | Func:   SH | Latency:  757[1;0m
[1;34m[Core 1] PASS PATTERN NO. 1699 | Func: ADDI | Latency:  316[1;0m
[1;32m[Core 2] PASS PATTERN NO. 1699 | Func:   LH | Latency:  291[1;0m
[1;33m[Info] Global Memory Check Passed at IC 50-boundary (Snapshot 33)[1;0m
[1;34m[Core 1] PASS PATTERN NO. 1700 | Func:  XOR | Latency:  291[1;0m
[1;32m[Core 2] PASS PATTERN NO. 1700 | Func:   SH | Latency:  118[1;0m
[1;34m[Core 1] PASS PATTERN NO. 1701 | Func:  MUL | Latency:  121[1;0m
[1;32m[Core 2] PASS PATTERN NO. 1701 | Func:  MUL | Latency:   10[1;0m
[1;34m[Core 1] PASS PATTERN NO. 1702 | Func: ADDI | Latency:    9[1;0m
[1;32m[Core 2] PASS PATTERN NO. 1702 | Func:  NOR | Latency:    8[1;0m
[1;34m[Core 1] PASS PATTERN NO. 1703 | Func:  SUB | Latency:    9[1;0m
[1;32m[Core 2] PASS PATTERN NO. 1703 | Func:  SLT | Latency:    9[1;0m
[1;34m[Core 1] PASS PATTERN NO. 1704 | Func:    J | Latency:    8[1;0m
[1;32m[Core 2] PASS PATTERN NO. 1704 | Func:    J | Latency:    8[1;0m
[1;34m[Core 1] PASS PATTERN NO. 1705 | Func:  NOR | Latency:  527[1;0m
[1;32m[Core 2] PASS PATTERN NO. 1705 | Func:  XOR | Latency:  527[1;0m
[1;32m[Core 2] PASS PATTERN NO. 1706 | Func:  ADD | Latency:    9[1;0m
[1;34m[Core 1] PASS PATTERN NO. 1706 | Func:  MUL | Latency:   12[1;0m
[1;34m[Core 1] PASS PATTERN NO. 1707 | Func: NAND | Latency:    6[1;0m
[1;32m[Core 2] PASS PATTERN NO. 1707 | Func:   LH | Latency:  407[1;0m
[1;34m[Core 1] PASS PATTERN NO. 1708 | Func:   OR | Latency:  404[1;0m
[1;32m[Core 2] PASS PATTERN NO. 1708 | Func:   OR | Latency:    6[1;0m
[1;34m[Core 1] PASS PATTERN NO. 1709 | Func: SUBI | Latency:    9[1;0m
[1;32m[Core 2] PASS PATTERN NO. 1709 | Func: ADDI | Latency:    9[1;0m
[1;34m[Core 1] PASS PATTERN NO. 1710 | Func:  MUL | Latency:   12[1;0m
[1;32m[Core 2] PASS PATTERN NO. 1710 | Func:   SH | Latency:  428[1;0m
[1;32m[Core 2] PASS PATTERN NO. 1711 | Func:  XOR | Latency:    6[1;0m
[1;34m[Core 1] PASS PATTERN NO. 1711 | Func:   LH | Latency:  618[1;0m
[1;34m[Core 1] PASS PATTERN NO. 1712 | Func: ADDI | Latency:    6[1;0m
[1;32m[Core 2] PASS PATTERN NO. 1712 | Func:  SLT | Latency:  202[1;0m
[1;34m[Core 1] PASS PATTERN NO. 1713 | Func: ADDI | Latency:    9[1;0m
[1;32m[Core 2] PASS PATTERN NO. 1713 | Func: SUBI | Latency:    9[1;0m
[1;34m[Core 1] PASS PATTERN NO. 1714 | Func:  AND | Latency:    9[1;0m
[1;32m[Core 2] PASS PATTERN NO. 1714 | Func:  MUL | Latency:   12[1;0m
[1;34m[Core 1] PASS PATTERN NO. 1715 | Func:  SUB | Latency:    9[1;0m
[1;32m[Core 2] PASS PATTERN NO. 1715 | Func:  SUB | Latency:    6[1;0m
[1;34m[Core 1] PASS PATTERN NO. 1716 | Func: NAND | Latency:    9[1;0m
[1;32m[Core 2] PASS PATTERN NO. 1716 | Func:   OR | Latency:    9[1;0m
[1;32m[Core 2] PASS PATTERN NO. 1717 | Func:  ADD | Latency:    9[1;0m
[1;34m[Core 1] PASS PATTERN NO. 1717 | Func:   LH | Latency:  159[1;0m
[1;34m[Core 1] PASS PATTERN NO. 1718 | Func: ADDI | Latency:    6[1;0m
[1;32m[Core 2] PASS PATTERN NO. 1718 | Func:   SH | Latency:  511[1;0m
[1;34m[Core 1] PASS PATTERN NO. 1719 | Func:  AND | Latency:  361[1;0m
[1;32m[Core 2] PASS PATTERN NO. 1719 | Func:  ADD | Latency:    6[1;0m
[1;34m[Core 1] PASS PATTERN NO. 1720 | Func:  XOR | Latency:    9[1;0m
[1;32m[Core 2] PASS PATTERN NO. 1720 | Func:  MUL | Latency:   12[1;0m
[1;32m[Core 2] PASS PATTERN NO. 1721 | Func:   SH | Latency:  386[1;0m
[1;34m[Core 1] PASS PATTERN NO. 1721 | Func:   LH | Latency:  750[1;0m
[1;32m[Core 2] PASS PATTERN NO. 1722 | Func:   SH | Latency:  636[1;0m
[1;34m[Core 1] PASS PATTERN NO. 1722 | Func:   LH | Latency:  468[1;0m
[1;32m[Core 2] PASS PATTERN NO. 1723 | Func: SUBI | Latency:  199[1;0m
[1;34m[Core 1] PASS PATTERN NO. 1723 | Func:   SH | Latency:  344[1;0m
[1;34m[Core 1] PASS PATTERN NO. 1724 | Func: ADDI | Latency:    6[1;0m
[1;32m[Core 2] PASS PATTERN NO. 1724 | Func:   LH | Latency:  632[1;0m
[1;34m[Core 1] PASS PATTERN NO. 1725 | Func:  SLT | Latency:  294[1;0m
[1;32m[Core 2] PASS PATTERN NO. 1725 | Func:  MUL | Latency:    9[1;0m
[1;34m[Core 1] PASS PATTERN NO. 1726 | Func:  AND | Latency:    9[1;0m
[1;32m[Core 2] PASS PATTERN NO. 1726 | Func:  NOR | Latency:    6[1;0m
[1;32m[Core 2] PASS PATTERN NO. 1727 | Func:  XOR | Latency:    9[1;0m
[1;34m[Core 1] PASS PATTERN NO. 1727 | Func:   LH | Latency:  265[1;0m
[1;32m[Core 2] PASS PATTERN NO. 1728 | Func: ADDI | Latency:  262[1;0m
[1;34m[Core 1] PASS PATTERN NO. 1728 | Func:  MUL | Latency:    9[1;0m
[1;32m[Core 2] PASS PATTERN NO. 1729 | Func: ADDI | Latency:    9[1;0m
[1;34m[Core 1] PASS PATTERN NO. 1729 | Func:   LH | Latency:  256[1;0m
[1;34m[Core 1] PASS PATTERN NO. 1730 | Func:  ADD | Latency:    6[1;0m
[1;32m[Core 2] PASS PATTERN NO. 1730 | Func:  MUL | Latency:  259[1;0m
[1;34m[Core 1] PASS PATTERN NO. 1731 | Func:  AND | Latency:    9[1;0m
[1;32m[Core 2] PASS PATTERN NO. 1731 | Func: SUBI | Latency:    6[1;0m
[1;34m[Core 1] PASS PATTERN NO. 1732 | Func: SUBI | Latency:  607[1;0m
[1;32m[Core 2] PASS PATTERN NO. 1732 | Func:   SH | Latency:  727[1;0m
[1;32m[Core 2] PASS PATTERN NO. 1733 | Func: NAND | Latency:    6[1;0m
[1;34m[Core 1] PASS PATTERN NO. 1733 | Func:   LH | Latency:  525[1;0m
[1;32m[Core 2] PASS PATTERN NO. 1734 | Func:  NOR | Latency:  405[1;0m
[1;34m[Core 1] PASS PATTERN NO. 1734 | Func:   SH | Latency:  236[1;0m
[1;34m[Core 1] PASS PATTERN NO. 1735 | Func: ADDI | Latency:    6[1;0m
[1;32m[Core 2] PASS PATTERN NO. 1735 | Func:  SUB | Latency:  236[1;0m
[1;32m[Core 2] PASS PATTERN NO. 1736 | Func:  XOR | Latency:    9[1;0m
[1;34m[Core 1] PASS PATTERN NO. 1736 | Func:   LH | Latency:  480[1;0m
[1;34m[Core 1] PASS PATTERN NO. 1737 | Func:   OR | Latency:    6[1;0m
[1;32m[Core 2] PASS PATTERN NO. 1737 | Func: ADDI | Latency:  477[1;0m
[1;32m[Core 2] PASS PATTERN NO. 1738 | Func:  SLT | Latency:    9[1;0m
[1;34m[Core 1] PASS PATTERN NO. 1738 | Func:   LH | Latency:  297[1;0m
[1;32m[Core 2] PASS PATTERN NO. 1739 | Func:  AND | Latency:  294[1;0m
[1;34m[Core 1] PASS PATTERN NO. 1739 | Func:   SH | Latency:  295[1;0m
[1;32m[Core 2] PASS PATTERN NO. 1740 | Func:  SLT | Latency:  295[1;0m
[1;34m[Core 1] PASS PATTERN NO. 1740 | Func:   SH | Latency:  261[1;0m
[1;34m[Core 1] PASS PATTERN NO. 1741 | Func:  XOR | Latency:    6[1;0m
[1;32m[Core 2] PASS PATTERN NO. 1741 | Func: ADDI | Latency:  261[1;0m
[1;32m[Core 2] PASS PATTERN NO. 1742 | Func: ADDI | Latency:    9[1;0m
[1;34m[Core 1] PASS PATTERN NO. 1742 | Func:   SH | Latency:  330[1;0m
[1;32m[Core 2] PASS PATTERN NO. 1743 | Func:  SLT | Latency:  327[1;0m
[1;34m[Core 1] PASS PATTERN NO. 1743 | Func:   SH | Latency:  252[1;0m
[1;32m[Core 2] PASS PATTERN NO. 1744 | Func:  MUL | Latency:  255[1;0m
[1;34m[Core 1] PASS PATTERN NO. 1744 | Func:   SH | Latency:  404[1;0m
[1;34m[Core 1] PASS PATTERN NO. 1745 | Func:  ADD | Latency:    6[1;0m
[1;32m[Core 2] PASS PATTERN NO. 1745 | Func: NAND | Latency:  401[1;0m
[1;34m[Core 1] PASS PATTERN NO. 1746 | Func:   SH | Latency:  179[1;0m
[1;32m[Core 2] PASS PATTERN NO. 1746 | Func:   LH | Latency:  677[1;0m
[1;34m[Core 1] PASS PATTERN NO. 1747 | Func:   LH | Latency:  786[1;0m
[1;32m[Core 2] PASS PATTERN NO. 1747 | Func:   LH | Latency:  696[1;0m
[1;34m[Core 1] PASS PATTERN NO. 1748 | Func:  SUB | Latency:  414[1;0m
[1;32m[Core 2] PASS PATTERN NO. 1748 | Func:  XOR | Latency:    6[1;0m
[1;32m[Core 2] PASS PATTERN NO. 1749 | Func:   OR | Latency:    9[1;0m
[1;34m[Core 1] PASS PATTERN NO. 1749 | Func:   SH | Latency:  473[1;0m
[1;33m[Info] Global Memory Check Passed at IC 50-boundary (Snapshot 34)[1;0m
[1;34m[Core 1] PASS PATTERN NO. 1750 | Func: NAND | Latency:    6[1;0m
[1;32m[Core 2] PASS PATTERN NO. 1750 | Func:  AND | Latency:  470[1;0m
[1;34m[Core 1] PASS PATTERN NO. 1751 | Func:  XOR | Latency:    9[1;0m
[1;32m[Core 2] PASS PATTERN NO. 1751 | Func:   LH | Latency:  225[1;0m
[1;34m[Core 1] PASS PATTERN NO. 1752 | Func:  MUL | Latency:  225[1;0m
[1;32m[Core 2] PASS PATTERN NO. 1752 | Func:   SH | Latency:  482[1;0m
[1;34m[Core 1] PASS PATTERN NO. 1753 | Func: ADDI | Latency:  479[1;0m
[1;32m[Core 2] PASS PATTERN NO. 1753 | Func: NAND | Latency:    6[1;0m
[1;34m[Core 1] PASS PATTERN NO. 1754 | Func:  SLT | Latency:    9[1;0m
[1;32m[Core 2] PASS PATTERN NO. 1754 | Func:   OR | Latency:    9[1;0m
[1;32m[Core 2] PASS PATTERN NO. 1755 | Func:  SLT | Latency:    9[1;0m
[1;34m[Core 1] PASS PATTERN NO. 1755 | Func:   SH | Latency:  288[1;0m
[1;32m[Core 2] PASS PATTERN NO. 1756 | Func:  MUL | Latency:  288[1;0m
[1;34m[Core 1] PASS PATTERN NO. 1756 | Func:   LH | Latency:  171[1;0m
[1;32m[Core 2] PASS PATTERN NO. 1757 | Func:  XOR | Latency:  168[1;0m
[1;34m[Core 1] PASS PATTERN NO. 1757 | Func:  MUL | Latency:    9[1;0m
[1;34m[Core 1] PASS PATTERN NO. 1758 | Func:  MUL | Latency:    9[1;0m
[1;32m[Core 2] PASS PATTERN NO. 1758 | Func:   LH | Latency:  122[1;0m
[1;34m[Core 1] PASS PATTERN NO. 1759 | Func:   SH | Latency:  520[1;0m
[1;32m[Core 2] PASS PATTERN NO. 1759 | Func:   LH | Latency:  830[1;0m
[1;34m[Core 1] PASS PATTERN NO. 1760 | Func:   OR | Latency:  426[1;0m
[1;32m[Core 2] PASS PATTERN NO. 1760 | Func:  MUL | Latency:    9[1;0m
[1;34m[Core 1] PASS PATTERN NO. 1761 | Func:  NOR | Latency:    9[1;0m
[1;32m[Core 2] PASS PATTERN NO. 1761 | Func:  ADD | Latency:    6[1;0m
[1;34m[Core 1] PASS PATTERN NO. 1762 | Func: SUBI | Latency:    9[1;0m
[1;32m[Core 2] PASS PATTERN NO. 1762 | Func:  ADD | Latency:    9[1;0m
[1;32m[Core 2] PASS PATTERN NO. 1763 | Func:  AND | Latency:    9[1;0m
[1;34m[Core 1] PASS PATTERN NO. 1763 | Func:   LH | Latency:  225[1;0m
[1;34m[Core 1] PASS PATTERN NO. 1764 | Func:  SUB | Latency:  174[1;0m
[1;32m[Core 2] PASS PATTERN NO. 1764 | Func:   SH | Latency:  836[1;0m
[1;34m[Core 1] PASS PATTERN NO. 1765 | Func:  SLT | Latency:  452[1;0m
[1;32m[Core 2] PASS PATTERN NO. 1765 | Func:   SH | Latency:  441[1;0m
[1;34m[Core 1] PASS PATTERN NO. 1766 | Func:  NOR | Latency:  441[1;0m
[1;32m[Core 2] PASS PATTERN NO. 1766 | Func: SUBI | Latency:    6[1;0m
[1;34m[Core 1] PASS PATTERN NO. 1767 | Func: SUBI | Latency:    9[1;0m
[1;32m[Core 2] PASS PATTERN NO. 1767 | Func:   LH | Latency:  155[1;0m
[1;34m[Core 1] PASS PATTERN NO. 1768 | Func: SUBI | Latency:  152[1;0m
[1;32m[Core 2] PASS PATTERN NO. 1768 | Func:   SH | Latency:  191[1;0m
[1;34m[Core 1] PASS PATTERN NO. 1769 | Func:   SH | Latency:  619[1;0m
[1;32m[Core 2] PASS PATTERN NO. 1769 | Func:   LH | Latency:  605[1;0m
[1;34m[Core 1] PASS PATTERN NO. 1770 | Func:   OR | Latency:  177[1;0m
[1;32m[Core 2] PASS PATTERN NO. 1770 | Func:   SH | Latency:  307[1;0m
[1;34m[Core 1] PASS PATTERN NO. 1771 | Func:  NOR | Latency:  307[1;0m
[1;32m[Core 2] PASS PATTERN NO. 1771 | Func:  MUL | Latency:    9[1;0m
[1;34m[Core 1] PASS PATTERN NO. 1772 | Func:   OR | Latency:    9[1;0m
[1;32m[Core 2] PASS PATTERN NO. 1772 | Func:  AND | Latency:    6[1;0m
[1;34m[Core 1] PASS PATTERN NO. 1773 | Func:  SUB | Latency:    9[1;0m
[1;32m[Core 2] PASS PATTERN NO. 1773 | Func:  SUB | Latency:    9[1;0m
[1;34m[Core 1] PASS PATTERN NO. 1774 | Func:  ADD | Latency:    9[1;0m
[1;32m[Core 2] PASS PATTERN NO. 1774 | Func:   LH | Latency:  427[1;0m
[1;34m[Core 1] PASS PATTERN NO. 1775 | Func:  NOR | Latency:  424[1;0m
[1;32m[Core 2] PASS PATTERN NO. 1775 | Func: NAND | Latency:    6[1;0m
[1;34m[Core 1] PASS PATTERN NO. 1776 | Func:  NOR | Latency:    9[1;0m
[1;32m[Core 2] PASS PATTERN NO. 1776 | Func:  SLT | Latency:    9[1;0m
[1;32m[Core 2] PASS PATTERN NO. 1777 | Func:  SLT | Latency:    9[1;0m
[1;34m[Core 1] PASS PATTERN NO. 1777 | Func:   LH | Latency:  400[1;0m
[1;32m[Core 2] PASS PATTERN NO. 1778 | Func:  AND | Latency:  397[1;0m
[1;34m[Core 1] PASS PATTERN NO. 1778 | Func:   SH | Latency:  424[1;0m
[1;32m[Core 2] PASS PATTERN NO. 1779 | Func:  XOR | Latency:  424[1;0m
[1;34m[Core 1] PASS PATTERN NO. 1779 | Func:   SH | Latency:  375[1;0m
[1;34m[Core 1] PASS PATTERN NO. 1780 | Func: ADDI | Latency:    6[1;0m
[1;32m[Core 2] PASS PATTERN NO. 1780 | Func:  AND | Latency:  375[1;0m
[1;34m[Core 1] PASS PATTERN NO. 1781 | Func:  SUB | Latency:    9[1;0m
[1;32m[Core 2] PASS PATTERN NO. 1781 | Func: SUBI | Latency:    9[1;0m
[1;34m[Core 1] PASS PATTERN NO. 1782 | Func:  SLT | Latency:    9[1;0m
[1;32m[Core 2] PASS PATTERN NO. 1782 | Func: ADDI | Latency:    9[1;0m
[1;34m[Core 1] PASS PATTERN NO. 1783 | Func:   OR | Latency:    9[1;0m
[1;32m[Core 2] PASS PATTERN NO. 1783 | Func:  SLT | Latency:    9[1;0m
[1;34m[Core 1] PASS PATTERN NO. 1784 | Func:  NOR | Latency:    9[1;0m
[1;32m[Core 2] PASS PATTERN NO. 1784 | Func:   LH | Latency:  445[1;0m
[1;34m[Core 1] PASS PATTERN NO. 1785 | Func:  MUL | Latency:  445[1;0m
[1;32m[Core 2] PASS PATTERN NO. 1785 | Func:  MUL | Latency:   10[1;0m
[1;32m[Core 2] PASS PATTERN NO. 1786 | Func: SUBI | Latency:    8[1;0m
[1;34m[Core 1] PASS PATTERN NO. 1786 | Func:   LH | Latency:  431[1;0m
[1;34m[Core 1] PASS PATTERN NO. 1787 | Func:  AND | Latency:    6[1;0m
[1;32m[Core 2] PASS PATTERN NO. 1787 | Func:  AND | Latency:  428[1;0m
[1;34m[Core 1] PASS PATTERN NO. 1788 | Func:  XOR | Latency:    9[1;0m
[1;32m[Core 2] PASS PATTERN NO. 1788 | Func:   SH | Latency:  306[1;0m
[1;34m[Core 1] PASS PATTERN NO. 1789 | Func: NAND | Latency:  303[1;0m
[1;32m[Core 2] PASS PATTERN NO. 1789 | Func:  MUL | Latency:    9[1;0m
[1;34m[Core 1] PASS PATTERN NO. 1790 | Func: ADDI | Latency:    9[1;0m
[1;32m[Core 2] PASS PATTERN NO. 1790 | Func:  XOR | Latency:    6[1;0m
[1;32m[Core 2] PASS PATTERN NO. 1791 | Func:   OR | Latency:    9[1;0m
[1;34m[Core 1] PASS PATTERN NO. 1791 | Func:   SH | Latency:  254[1;0m
[1;34m[Core 1] PASS PATTERN NO. 1792 | Func: NAND | Latency:    6[1;0m
[1;32m[Core 2] PASS PATTERN NO. 1792 | Func:  MUL | Latency:  254[1;0m
[1;34m[Core 1] PASS PATTERN NO. 1793 | Func: SUBI | Latency:    9[1;0m
[1;32m[Core 2] PASS PATTERN NO. 1793 | Func:   LH | Latency:  384[1;0m
[1;34m[Core 1] PASS PATTERN NO. 1794 | Func:  SUB | Latency:  384[1;0m
[1;32m[Core 2] PASS PATTERN NO. 1794 | Func:  SUB | Latency:    6[1;0m
[1;34m[Core 1] PASS PATTERN NO. 1795 | Func: ADDI | Latency:    9[1;0m
[1;32m[Core 2] PASS PATTERN NO. 1795 | Func: SUBI | Latency:    9[1;0m
[1;32m[Core 2] PASS PATTERN NO. 1796 | Func:  SUB | Latency:  369[1;0m
[1;34m[Core 1] PASS PATTERN NO. 1796 | Func:   LH | Latency:  847[1;0m
[1;32m[Core 2] PASS PATTERN NO. 1797 | Func:  SUB | Latency:  484[1;0m
[1;34m[Core 1] PASS PATTERN NO. 1797 | Func:   SH | Latency:  246[1;0m
[1;34m[Core 1] PASS PATTERN NO. 1798 | Func: ADDI | Latency:    6[1;0m
[1;32m[Core 2] PASS PATTERN NO. 1798 | Func:   LH | Latency:  357[1;0m
[1;32m[Core 2] PASS PATTERN NO. 1799 | Func:  AND | Latency:    6[1;0m
[1;34m[Core 1] PASS PATTERN NO. 1799 | Func:   SH | Latency:  443[1;0m
[1;33m[Info] Global Memory Check Passed at IC 50-boundary (Snapshot 35)[1;0m
[1;34m[Core 1] PASS PATTERN NO. 1800 | Func: SUBI | Latency:    6[1;0m
[1;32m[Core 2] PASS PATTERN NO. 1800 | Func:  AND | Latency:  332[1;0m
[1;34m[Core 1] PASS PATTERN NO. 1801 | Func:  MUL | Latency:   12[1;0m
[1;32m[Core 2] PASS PATTERN NO. 1801 | Func:   SH | Latency:  208[1;0m
[1;34m[Core 1] PASS PATTERN NO. 1802 | Func:  AND | Latency:  202[1;0m
[1;32m[Core 2] PASS PATTERN NO. 1802 | Func:   SH | Latency:  235[1;0m
[1;34m[Core 1] PASS PATTERN NO. 1803 | Func:  XOR | Latency:  235[1;0m
[1;32m[Core 2] PASS PATTERN NO. 1803 | Func:  XOR | Latency:    6[1;0m
[1;32m[Core 2] PASS PATTERN NO. 1804 | Func: ADDI | Latency:    9[1;0m
[1;34m[Core 1] PASS PATTERN NO. 1804 | Func:   SH | Latency:  277[1;0m
[1;32m[Core 2] PASS PATTERN NO. 1805 | Func: ADDI | Latency:  274[1;0m
[1;34m[Core 1] PASS PATTERN NO. 1805 | Func:  MUL | Latency:    9[1;0m
[1;34m[Core 1] PASS PATTERN NO. 1806 | Func: NAND | Latency:    6[1;0m
[1;32m[Core 2] PASS PATTERN NO. 1806 | Func:  XOR | Latency:    9[1;0m
[1;34m[Core 1] PASS PATTERN NO. 1807 | Func: ADDI | Latency:    9[1;0m
[1;32m[Core 2] PASS PATTERN NO. 1807 | Func: SUBI | Latency:    9[1;0m
[1;34m[Core 1] PASS PATTERN NO. 1808 | Func: SUBI | Latency:    9[1;0m
[1;32m[Core 2] PASS PATTERN NO. 1808 | Func:  MUL | Latency:   12[1;0m
[1;34m[Core 1] PASS PATTERN NO. 1809 | Func: ADDI | Latency:    9[1;0m
[1;32m[Core 2] PASS PATTERN NO. 1809 | Func:  MUL | Latency:    9[1;0m
[1;32m[Core 2] PASS PATTERN NO. 1810 | Func:  AND | Latency:    6[1;0m
[1;34m[Core 1] PASS PATTERN NO. 1810 | Func:   SH | Latency:  490[1;0m
[1;34m[Core 1] PASS PATTERN NO. 1811 | Func:   SH | Latency:  401[1;0m
[1;32m[Core 2] PASS PATTERN NO. 1811 | Func:   LH | Latency: 1348[1;0m
[1;34m[Core 1] PASS PATTERN NO. 1812 | Func:  AND | Latency:  472[1;0m
[1;32m[Core 2] PASS PATTERN NO. 1812 | Func:   LH | Latency:  372[1;0m
[1;32m[Core 2] PASS PATTERN NO. 1813 | Func: ADDI | Latency:    6[1;0m
[1;34m[Core 1] PASS PATTERN NO. 1813 | Func:   LH | Latency:  629[1;0m
[1;32m[Core 2] PASS PATTERN NO. 1814 | Func:  MUL | Latency:  266[1;0m
[1;34m[Core 1] PASS PATTERN NO. 1814 | Func:   LH | Latency:  370[1;0m
[1;34m[Core 1] PASS PATTERN NO. 1815 | Func:  NOR | Latency:    6[1;0m
[1;32m[Core 2] PASS PATTERN NO. 1815 | Func:  MUL | Latency:  370[1;0m
[1;34m[Core 1] PASS PATTERN NO. 1816 | Func:  AND | Latency:    9[1;0m
[1;32m[Core 2] PASS PATTERN NO. 1816 | Func:   SH | Latency:  221[1;0m
[1;34m[Core 1] PASS PATTERN NO. 1817 | Func:  XOR | Latency:  221[1;0m
[1;32m[Core 2] PASS PATTERN NO. 1817 | Func:  NOR | Latency:    6[1;0m
[1;32m[Core 2] PASS PATTERN NO. 1818 | Func:   SH | Latency:  156[1;0m
[1;34m[Core 1] PASS PATTERN NO. 1818 | Func:   LH | Latency:  291[1;0m
[1;32m[Core 2] PASS PATTERN NO. 1819 | Func: NAND | Latency:  141[1;0m
[1;34m[Core 1] PASS PATTERN NO. 1819 | Func:  MUL | Latency:    9[1;0m
[1;32m[Core 2] PASS PATTERN NO. 1820 | Func:  MUL | Latency:   12[1;0m
[1;34m[Core 1] PASS PATTERN NO. 1820 | Func:   LH | Latency:  206[1;0m
[1;34m[Core 1] PASS PATTERN NO. 1821 | Func:  SUB | Latency:    6[1;0m
[1;32m[Core 2] PASS PATTERN NO. 1821 | Func: SUBI | Latency:  203[1;0m
[1;34m[Core 1] PASS PATTERN NO. 1822 | Func: NAND | Latency:    9[1;0m
[1;32m[Core 2] PASS PATTERN NO. 1822 | Func: SUBI | Latency:    9[1;0m
[1;34m[Core 1] PASS PATTERN NO. 1823 | Func:  SLT | Latency:    9[1;0m
[1;32m[Core 2] PASS PATTERN NO. 1823 | Func:   SH | Latency:  194[1;0m
[1;34m[Core 1] PASS PATTERN NO. 1824 | Func:  SUB | Latency:  191[1;0m
[1;32m[Core 2] PASS PATTERN NO. 1824 | Func:  SUB | Latency:    6[1;0m
[1;32m[Core 2] PASS PATTERN NO. 1825 | Func: NAND | Latency:    9[1;0m
[1;34m[Core 1] PASS PATTERN NO. 1825 | Func:  MUL | Latency:   12[1;0m
[1;34m[Core 1] PASS PATTERN NO. 1826 | Func:  SUB | Latency:    6[1;0m
[1;32m[Core 2] PASS PATTERN NO. 1826 | Func:  NOR | Latency:    9[1;0m
[1;34m[Core 1] PASS PATTERN NO. 1827 | Func:   LH | Latency:  195[1;0m
[1;32m[Core 2] PASS PATTERN NO. 1827 | Func:   LH | Latency:  420[1;0m
[1;34m[Core 1] PASS PATTERN NO. 1828 | Func:  AND | Latency:  579[1;0m
[1;32m[Core 2] PASS PATTERN NO. 1828 | Func:  NOR | Latency:  354[1;0m
[1;34m[Core 1] PASS PATTERN NO. 1829 | Func:  NOR | Latency:    9[1;0m
[1;32m[Core 2] PASS PATTERN NO. 1829 | Func: NAND | Latency:    9[1;0m
[1;32m[Core 2] PASS PATTERN NO. 1830 | Func:  AND | Latency:    9[1;0m
[1;34m[Core 1] PASS PATTERN NO. 1830 | Func:   SH | Latency:  146[1;0m
[1;32m[Core 2] PASS PATTERN NO. 1831 | Func:  NOR | Latency:  143[1;0m
[1;34m[Core 1] PASS PATTERN NO. 1831 | Func:   SH | Latency:  327[1;0m
[1;34m[Core 1] PASS PATTERN NO. 1832 | Func:  SUB | Latency:    6[1;0m
[1;32m[Core 2] PASS PATTERN NO. 1832 | Func: SUBI | Latency:  327[1;0m
[1;32m[Core 2] PASS PATTERN NO. 1833 | Func:  SUB | Latency:    9[1;0m
[1;34m[Core 1] PASS PATTERN NO. 1833 | Func:   LH | Latency:  476[1;0m
[1;34m[Core 1] PASS PATTERN NO. 1834 | Func:  SLT | Latency:    6[1;0m
[1;32m[Core 2] PASS PATTERN NO. 1834 | Func:   LH | Latency:  783[1;0m
[1;34m[Core 1] PASS PATTERN NO. 1835 | Func:  ADD | Latency:  316[1;0m
[1;32m[Core 2] PASS PATTERN NO. 1835 | Func: NAND | Latency:    6[1;0m
[1;34m[Core 1] PASS PATTERN NO. 1836 | Func:  SUB | Latency:    9[1;0m
[1;32m[Core 2] PASS PATTERN NO. 1836 | Func:   SH | Latency:  404[1;0m
[1;34m[Core 1] PASS PATTERN NO. 1837 | Func:  SLT | Latency:  401[1;0m
[1;32m[Core 2] PASS PATTERN NO. 1837 | Func:   LH | Latency:  300[1;0m
[1;34m[Core 1] PASS PATTERN NO. 1838 | Func:  NOR | Latency:  300[1;0m
[1;32m[Core 2] PASS PATTERN NO. 1838 | Func:  NOR | Latency:    6[1;0m
[1;34m[Core 1] PASS PATTERN NO. 1839 | Func: SUBI | Latency:    9[1;0m
[1;32m[Core 2] PASS PATTERN NO. 1839 | Func:   SH | Latency:  192[1;0m
[1;34m[Core 1] PASS PATTERN NO. 1840 | Func:  SUB | Latency:  189[1;0m
[1;32m[Core 2] PASS PATTERN NO. 1840 | Func:   LH | Latency:  493[1;0m
[1;32m[Core 2] PASS PATTERN NO. 1841 | Func:   OR | Latency:    6[1;0m
[1;34m[Core 1] PASS PATTERN NO. 1841 | Func:   LH | Latency:  815[1;0m
[1;32m[Core 2] PASS PATTERN NO. 1842 | Func:  ADD | Latency:  328[1;0m
[1;34m[Core 1] PASS PATTERN NO. 1842 | Func:   LH | Latency:  144[1;0m
[1;34m[Core 1] PASS PATTERN NO. 1843 | Func: NAND | Latency:    6[1;0m
[1;32m[Core 2] PASS PATTERN NO. 1843 | Func: SUBI | Latency:  144[1;0m
[1;34m[Core 1] PASS PATTERN NO. 1844 | Func:  XOR | Latency:    9[1;0m
[1;32m[Core 2] PASS PATTERN NO. 1844 | Func:  ADD | Latency:    9[1;0m
[1;34m[Core 1] PASS PATTERN NO. 1845 | Func:  MUL | Latency:   12[1;0m
[1;32m[Core 2] PASS PATTERN NO. 1845 | Func:   LH | Latency:  141[1;0m
[1;34m[Core 1] PASS PATTERN NO. 1846 | Func: NAND | Latency:  135[1;0m
[1;32m[Core 2] PASS PATTERN NO. 1846 | Func:   SH | Latency:  135[1;0m
[1;34m[Core 1] PASS PATTERN NO. 1847 | Func:  ADD | Latency:  135[1;0m
[1;32m[Core 2] PASS PATTERN NO. 1847 | Func: SUBI | Latency:    6[1;0m
[1;34m[Core 1] PASS PATTERN NO. 1848 | Func: ADDI | Latency:    9[1;0m
[1;32m[Core 2] PASS PATTERN NO. 1848 | Func:  AND | Latency:    9[1;0m
[1;34m[Core 1] PASS PATTERN NO. 1849 | Func: ADDI | Latency:    9[1;0m
[1;32m[Core 2] PASS PATTERN NO. 1849 | Func:  MUL | Latency:   12[1;0m
[1;33m[Info] Global Memory Check Passed at IC 50-boundary (Snapshot 36)[1;0m
[1;32m[Core 2] PASS PATTERN NO. 1850 | Func:  ADD | Latency:    6[1;0m
[1;34m[Core 1] PASS PATTERN NO. 1850 | Func:   SH | Latency:  181[1;0m
[1;34m[Core 1] PASS PATTERN NO. 1851 | Func:  AND | Latency:    6[1;0m
[1;32m[Core 2] PASS PATTERN NO. 1851 | Func:   SH | Latency:  530[1;0m
[1;34m[Core 1] PASS PATTERN NO. 1852 | Func:  MUL | Latency:  361[1;0m
[1;32m[Core 2] PASS PATTERN NO. 1852 | Func:   SH | Latency:  427[1;0m
[1;34m[Core 1] PASS PATTERN NO. 1853 | Func:  XOR | Latency:  424[1;0m
[1;32m[Core 2] PASS PATTERN NO. 1853 | Func:  NOR | Latency:    6[1;0m
[1;32m[Core 2] PASS PATTERN NO. 1854 | Func:  AND | Latency:    9[1;0m
[1;34m[Core 1] PASS PATTERN NO. 1854 | Func:   SH | Latency:  420[1;0m
[1;34m[Core 1] PASS PATTERN NO. 1855 | Func:  ADD | Latency:    6[1;0m
[1;32m[Core 2] PASS PATTERN NO. 1855 | Func:  XOR | Latency:  417[1;0m
[1;34m[Core 1] PASS PATTERN NO. 1856 | Func:  NOR | Latency:    9[1;0m
[1;32m[Core 2] PASS PATTERN NO. 1856 | Func:  SUB | Latency:    9[1;0m
[1;34m[Core 1] PASS PATTERN NO. 1857 | Func:  SUB | Latency:    9[1;0m
[1;32m[Core 2] PASS PATTERN NO. 1857 | Func:  MUL | Latency:   12[1;0m
[1;32m[Core 2] PASS PATTERN NO. 1858 | Func:  NOR | Latency:    6[1;0m
[1;34m[Core 1] PASS PATTERN NO. 1858 | Func:   LH | Latency:  206[1;0m
[1;32m[Core 2] PASS PATTERN NO. 1859 | Func:  ADD | Latency:  203[1;0m
[1;34m[Core 1] PASS PATTERN NO. 1859 | Func:   SH | Latency:  169[1;0m
[1;32m[Core 2] PASS PATTERN NO. 1860 | Func:  NOR | Latency:  839[1;0m
[1;34m[Core 1] PASS PATTERN NO. 1860 | Func:   SH | Latency:  901[1;0m
[1;34m[Core 1] PASS PATTERN NO. 1861 | Func:  SUB | Latency:    6[1;0m
[1;32m[Core 2] PASS PATTERN NO. 1861 | Func:  MUL | Latency:  234[1;0m
[1;34m[Core 1] PASS PATTERN NO. 1862 | Func:   SH | Latency:  335[1;0m
[1;32m[Core 2] PASS PATTERN NO. 1862 | Func:   LH | Latency:  777[1;0m
[1;32m[Core 2] PASS PATTERN NO. 1863 | Func:  MUL | Latency:    9[1;0m
[1;34m[Core 1] PASS PATTERN NO. 1863 | Func:   LH | Latency:  932[1;0m
[1;32m[Core 2] PASS PATTERN NO. 1864 | Func:  SUB | Latency:  484[1;0m
[1;34m[Core 1] PASS PATTERN NO. 1864 | Func:   LH | Latency:  497[1;0m
[1;32m[Core 2] PASS PATTERN NO. 1865 | Func:  NOR | Latency:  497[1;0m
[1;34m[Core 1] PASS PATTERN NO. 1865 | Func:  MUL | Latency:    9[1;0m
[1;32m[Core 2] PASS PATTERN NO. 1866 | Func: ADDI | Latency:    9[1;0m
[1;34m[Core 1] PASS PATTERN NO. 1866 | Func:   SH | Latency:  157[1;0m
[1;34m[Core 1] PASS PATTERN NO. 1867 | Func: ADDI | Latency:    6[1;0m
[1;32m[Core 2] PASS PATTERN NO. 1867 | Func:  MUL | Latency:  160[1;0m
[1;34m[Core 1] PASS PATTERN NO. 1868 | Func:   OR | Latency:    9[1;0m
[1;32m[Core 2] PASS PATTERN NO. 1868 | Func: ADDI | Latency:    6[1;0m
[1;32m[Core 2] PASS PATTERN NO. 1869 | Func:   OR | Latency:    9[1;0m
[1;34m[Core 1] PASS PATTERN NO. 1869 | Func:   LH | Latency:  119[1;0m
[1;34m[Core 1] PASS PATTERN NO. 1870 | Func:  XOR | Latency:    6[1;0m
[1;32m[Core 2] PASS PATTERN NO. 1870 | Func:   OR | Latency:  116[1;0m
[1;34m[Core 1] PASS PATTERN NO. 1871 | Func:  SUB | Latency:    9[1;0m
[1;32m[Core 2] PASS PATTERN NO. 1871 | Func:   LH | Latency:  352[1;0m
[1;32m[Core 2] PASS PATTERN NO. 1872 | Func:  AND | Latency:    6[1;0m
[1;34m[Core 1] PASS PATTERN NO. 1872 | Func:  MUL | Latency:  352[1;0m
[1;34m[Core 1] PASS PATTERN NO. 1873 | Func:  SUB | Latency:    6[1;0m
[1;32m[Core 2] PASS PATTERN NO. 1873 | Func: NAND | Latency:    9[1;0m
[1;34m[Core 1] PASS PATTERN NO. 1874 | Func:  SLT | Latency:    9[1;0m
[1;32m[Core 2] PASS PATTERN NO. 1874 | Func:  NOR | Latency:    9[1;0m
[1;34m[Core 1] PASS PATTERN NO. 1875 | Func:   SH | Latency:  193[1;0m
[1;32m[Core 2] PASS PATTERN NO. 1875 | Func:   LH | Latency:  431[1;0m
[1;34m[Core 1] PASS PATTERN NO. 1876 | Func:  AND | Latency:  244[1;0m
[1;32m[Core 2] PASS PATTERN NO. 1876 | Func:   SH | Latency:  438[1;0m
[1;34m[Core 1] PASS PATTERN NO. 1877 | Func: SUBI | Latency:  438[1;0m
[1;32m[Core 2] PASS PATTERN NO. 1877 | Func:   LH | Latency:  137[1;0m
[1;34m[Core 1] PASS PATTERN NO. 1878 | Func:  NOR | Latency:  137[1;0m
[1;32m[Core 2] PASS PATTERN NO. 1878 | Func: SUBI | Latency:    6[1;0m
[1;34m[Core 1] PASS PATTERN NO. 1879 | Func:  NOR | Latency:    9[1;0m
[1;32m[Core 2] PASS PATTERN NO. 1879 | Func:   SH | Latency:  156[1;0m
[1;32m[Core 2] PASS PATTERN NO. 1880 | Func:  MUL | Latency:    9[1;0m
[1;34m[Core 1] PASS PATTERN NO. 1880 | Func:   SH | Latency:  283[1;0m
[1;34m[Core 1] PASS PATTERN NO. 1881 | Func:  NOR | Latency:    6[1;0m
[1;32m[Core 2] PASS PATTERN NO. 1881 | Func:   SH | Latency:  505[1;0m
[1;34m[Core 1] PASS PATTERN NO. 1882 | Func:   OR | Latency:  378[1;0m
[1;32m[Core 2] PASS PATTERN NO. 1882 | Func:  AND | Latency:    6[1;0m
[1;34m[Core 1] PASS PATTERN NO. 1883 | Func:   OR | Latency:    9[1;0m
[1;32m[Core 2] PASS PATTERN NO. 1883 | Func: SUBI | Latency:    9[1;0m
[1;34m[Core 1] PASS PATTERN NO. 1884 | Func:   OR | Latency:    9[1;0m
[1;32m[Core 2] PASS PATTERN NO. 1884 | Func:   SH | Latency:  368[1;0m
[1;34m[Core 1] PASS PATTERN NO. 1885 | Func:   OR | Latency:  365[1;0m
[1;32m[Core 2] PASS PATTERN NO. 1885 | Func:  SLT | Latency:    6[1;0m
[1;32m[Core 2] PASS PATTERN NO. 1886 | Func:  MUL | Latency:   12[1;0m
[1;34m[Core 1] PASS PATTERN NO. 1886 | Func:   LH | Latency:  398[1;0m
[1;34m[Core 1] PASS PATTERN NO. 1887 | Func: SUBI | Latency:    6[1;0m
[1;32m[Core 2] PASS PATTERN NO. 1887 | Func:  SLT | Latency:  392[1;0m
[1;32m[Core 2] PASS PATTERN NO. 1888 | Func:  NOR | Latency:    9[1;0m
[1;34m[Core 1] PASS PATTERN NO. 1888 | Func:   SH | Latency:  454[1;0m
[1;34m[Core 1] PASS PATTERN NO. 1889 | Func:  NOR | Latency:    6[1;0m
[1;32m[Core 2] PASS PATTERN NO. 1889 | Func:   LH | Latency:  556[1;0m
[1;34m[Core 1] PASS PATTERN NO. 1890 | Func:   SH | Latency:  339[1;0m
[1;32m[Core 2] PASS PATTERN NO. 1890 | Func:   LH | Latency:  358[1;0m
[1;34m[Core 1] PASS PATTERN NO. 1891 | Func: ADDI | Latency:  130[1;0m
[1;32m[Core 2] PASS PATTERN NO. 1891 | Func:   SH | Latency:  266[1;0m
[1;34m[Core 1] PASS PATTERN NO. 1892 | Func: SUBI | Latency:  973[1;0m
[1;32m[Core 2] PASS PATTERN NO. 1892 | Func:   SH | Latency: 1053[1;0m
[1;34m[Core 1] PASS PATTERN NO. 1893 | Func:   SH | Latency:  517[1;0m
[1;32m[Core 2] PASS PATTERN NO. 1893 | Func:   LH | Latency:  558[1;0m
[1;34m[Core 1] PASS PATTERN NO. 1894 | Func:  AND | Latency:  387[1;0m
[1;32m[Core 2] PASS PATTERN NO. 1894 | Func:  NOR | Latency:    6[1;0m
[1;32m[Core 2] PASS PATTERN NO. 1895 | Func:  NOR | Latency:    9[1;0m
[1;34m[Core 1] PASS PATTERN NO. 1895 | Func:   SH | Latency:  149[1;0m
[1;34m[Core 1] PASS PATTERN NO. 1896 | Func:  MUL | Latency:    9[1;0m
[1;32m[Core 2] PASS PATTERN NO. 1896 | Func:   LH | Latency:  280[1;0m
[1;34m[Core 1] PASS PATTERN NO. 1897 | Func: ADDI | Latency:  137[1;0m
[1;32m[Core 2] PASS PATTERN NO. 1897 | Func:   SH | Latency:  176[1;0m
[1;32m[Core 2] PASS PATTERN NO. 1898 | Func:  NOR | Latency:    6[1;0m
[1;34m[Core 1] PASS PATTERN NO. 1898 | Func:   LH | Latency:  563[1;0m
[1;34m[Core 1] PASS PATTERN NO. 1899 | Func:   SH | Latency:  159[1;0m
[1;32m[Core 2] PASS PATTERN NO. 1899 | Func:   LH | Latency:  948[1;0m
[1;33m[Info] Global Memory Check Passed at IC 50-boundary (Snapshot 37)[1;0m
[1;32m[Core 2] PASS PATTERN NO. 1900 | Func: SUBI | Latency:    6[1;0m
[1;34m[Core 1] PASS PATTERN NO. 1900 | Func:   LH | Latency:  547[1;0m
[1;32m[Core 2] PASS PATTERN NO. 1901 | Func:  ADD | Latency:  145[1;0m
[1;34m[Core 1] PASS PATTERN NO. 1901 | Func:  MUL | Latency:    9[1;0m
[1;34m[Core 1] PASS PATTERN NO. 1902 | Func: ADDI | Latency:    6[1;0m
[1;32m[Core 2] PASS PATTERN NO. 1902 | Func: SUBI | Latency:    9[1;0m
[1;34m[Core 1] PASS PATTERN NO. 1903 | Func: ADDI | Latency:    9[1;0m
[1;32m[Core 2] PASS PATTERN NO. 1903 | Func:   SH | Latency:  286[1;0m
[1;32m[Core 2] PASS PATTERN NO. 1904 | Func: NAND | Latency:    6[1;0m
[1;34m[Core 1] PASS PATTERN NO. 1904 | Func:  MUL | Latency:  286[1;0m
[1;34m[Core 1] PASS PATTERN NO. 1905 | Func: SUBI | Latency:    6[1;0m
[1;32m[Core 2] PASS PATTERN NO. 1905 | Func: NAND | Latency:    9[1;0m
[1;34m[Core 1] PASS PATTERN NO. 1906 | Func: NAND | Latency:    9[1;0m
[1;32m[Core 2] PASS PATTERN NO. 1906 | Func:   SH | Latency:  293[1;0m
[1;32m[Core 2] PASS PATTERN NO. 1907 | Func: SUBI | Latency:    6[1;0m
[1;34m[Core 1] PASS PATTERN NO. 1907 | Func:   SH | Latency:  607[1;0m
[1;34m[Core 1] PASS PATTERN NO. 1908 | Func: ADDI | Latency:    6[1;0m
[1;32m[Core 2] PASS PATTERN NO. 1908 | Func:  AND | Latency:  323[1;0m
[1;34m[Core 1] PASS PATTERN NO. 1909 | Func:  ADD | Latency:    9[1;0m
[1;32m[Core 2] PASS PATTERN NO. 1909 | Func:  MUL | Latency:   12[1;0m
[1;32m[Core 2] PASS PATTERN NO. 1910 | Func: ADDI | Latency:    6[1;0m
[1;34m[Core 1] PASS PATTERN NO. 1910 | Func:   SH | Latency:  457[1;0m
[1;34m[Core 1] PASS PATTERN NO. 1911 | Func:  XOR | Latency:    6[1;0m
[1;32m[Core 2] PASS PATTERN NO. 1911 | Func:   SH | Latency:  646[1;0m
[1;34m[Core 1] PASS PATTERN NO. 1912 | Func:  SLT | Latency:  198[1;0m
[1;32m[Core 2] PASS PATTERN NO. 1912 | Func:   LH | Latency:  424[1;0m
[1;34m[Core 1] PASS PATTERN NO. 1913 | Func:  MUL | Latency:  427[1;0m
[1;32m[Core 2] PASS PATTERN NO. 1913 | Func:   SH | Latency:  198[1;0m
[1;32m[Core 2] PASS PATTERN NO. 1914 | Func: NAND | Latency:    6[1;0m
[1;34m[Core 1] PASS PATTERN NO. 1914 | Func:   SH | Latency:  452[1;0m
[1;32m[Core 2] PASS PATTERN NO. 1915 | Func:  SUB | Latency:  263[1;0m
[1;34m[Core 1] PASS PATTERN NO. 1915 | Func:   LH | Latency:  428[1;0m
[1;34m[Core 1] PASS PATTERN NO. 1916 | Func:   OR | Latency:    6[1;0m
[1;32m[Core 2] PASS PATTERN NO. 1916 | Func:  SLT | Latency:  428[1;0m
[1;34m[Core 1] PASS PATTERN NO. 1917 | Func: SUBI | Latency:    9[1;0m
[1;32m[Core 2] PASS PATTERN NO. 1917 | Func:   OR | Latency:    9[1;0m
[1;34m[Core 1] PASS PATTERN NO. 1918 | Func:  MUL | Latency:   12[1;0m
[1;32m[Core 2] PASS PATTERN NO. 1918 | Func:  MUL | Latency:   13[1;0m
[1;34m[Core 1] PASS PATTERN NO. 1919 | Func:   SH | Latency:  397[1;0m
[1;32m[Core 2] PASS PATTERN NO. 1919 | Func:   LH | Latency:  872[1;0m
[1;34m[Core 1] PASS PATTERN NO. 1920 | Func: SUBI | Latency:  482[1;0m
[1;32m[Core 2] PASS PATTERN NO. 1920 | Func:  SUB | Latency:    6[1;0m
[1;34m[Core 1] PASS PATTERN NO. 1921 | Func:   OR | Latency:    9[1;0m
[1;32m[Core 2] PASS PATTERN NO. 1921 | Func: ADDI | Latency:    9[1;0m
[1;34m[Core 1] PASS PATTERN NO. 1922 | Func:  SLT | Latency:    9[1;0m
[1;32m[Core 2] PASS PATTERN NO. 1922 | Func:   LH | Latency:  378[1;0m
[1;32m[Core 2] PASS PATTERN NO. 1923 | Func:  SLT | Latency:    6[1;0m
[1;34m[Core 1] PASS PATTERN NO. 1923 | Func:   LH | Latency:  790[1;0m
[1;32m[Core 2] PASS PATTERN NO. 1924 | Func: SUBI | Latency:  729[1;0m
[1;34m[Core 1] PASS PATTERN NO. 1924 | Func:  MUL | Latency:  317[1;0m
[1;34m[Core 1] PASS PATTERN NO. 1925 | Func:   OR | Latency:    6[1;0m
[1;32m[Core 2] PASS PATTERN NO. 1925 | Func:   SH | Latency:  400[1;0m
[1;32m[Core 2] PASS PATTERN NO. 1926 | Func:  SLT | Latency:    6[1;0m
[1;34m[Core 1] PASS PATTERN NO. 1926 | Func:   SH | Latency:  699[1;0m
[1;34m[Core 1] PASS PATTERN NO. 1927 | Func: SUBI | Latency:    6[1;0m
[1;32m[Core 2] PASS PATTERN NO. 1927 | Func:   SH | Latency:  584[1;0m
[1;34m[Core 1] PASS PATTERN NO. 1928 | Func: SUBI | Latency:  282[1;0m
[1;32m[Core 2] PASS PATTERN NO. 1928 | Func:  AND | Latency:    6[1;0m
[1;34m[Core 1] PASS PATTERN NO. 1929 | Func: SUBI | Latency:    9[1;0m
[1;32m[Core 2] PASS PATTERN NO. 1929 | Func:   SH | Latency:  140[1;0m
[1;34m[Core 1] PASS PATTERN NO. 1930 | Func:  SLT | Latency:  137[1;0m
[1;32m[Core 2] PASS PATTERN NO. 1930 | Func:  SLT | Latency:    6[1;0m
[1;34m[Core 1] PASS PATTERN NO. 1931 | Func:  ADD | Latency:    9[1;0m
[1;32m[Core 2] PASS PATTERN NO. 1931 | Func:  MUL | Latency:   12[1;0m
[1;32m[Core 2] PASS PATTERN NO. 1932 | Func:  SLT | Latency:    6[1;0m
[1;34m[Core 1] PASS PATTERN NO. 1932 | Func:  MUL | Latency:   12[1;0m
[1;32m[Core 2] PASS PATTERN NO. 1933 | Func:  NOR | Latency:    9[1;0m
[1;34m[Core 1] PASS PATTERN NO. 1933 | Func:  MUL | Latency:    9[1;0m
[1;34m[Core 1] PASS PATTERN NO. 1934 | Func: ADDI | Latency:    6[1;0m
[1;32m[Core 2] PASS PATTERN NO. 1934 | Func:  XOR | Latency:    9[1;0m
[1;32m[Core 2] PASS PATTERN NO. 1935 | Func: SUBI | Latency:    9[1;0m
[1;34m[Core 1] PASS PATTERN NO. 1935 | Func:   LH | Latency:  186[1;0m
[1;34m[Core 1] PASS PATTERN NO. 1936 | Func: SUBI | Latency:    6[1;0m
[1;32m[Core 2] PASS PATTERN NO. 1936 | Func:  AND | Latency:  183[1;0m
[1;34m[Core 1] PASS PATTERN NO. 1937 | Func: ADDI | Latency:    9[1;0m
[1;32m[Core 2] PASS PATTERN NO. 1937 | Func:  SUB | Latency:    9[1;0m
[1;32m[Core 2] PASS PATTERN NO. 1938 | Func:  ADD | Latency:    9[1;0m
[1;34m[Core 1] PASS PATTERN NO. 1938 | Func:  MUL | Latency:   12[1;0m
[1;32m[Core 2] PASS PATTERN NO. 1939 | Func: SUBI | Latency:    9[1;0m
[1;34m[Core 1] PASS PATTERN NO. 1939 | Func:  MUL | Latency:    9[1;0m
[1;34m[Core 1] PASS PATTERN NO. 1940 | Func:   SH | Latency:  471[1;0m
[1;32m[Core 2] PASS PATTERN NO. 1940 | Func:   LH | Latency:  720[1;0m
[1;34m[Core 1] PASS PATTERN NO. 1941 | Func:  SUB | Latency:  252[1;0m
[1;32m[Core 2] PASS PATTERN NO. 1941 | Func:   LH | Latency:  264[1;0m
[1;34m[Core 1] PASS PATTERN NO. 1942 | Func:   OR | Latency:  264[1;0m
[1;32m[Core 2] PASS PATTERN NO. 1942 | Func:  NOR | Latency:    6[1;0m
[1;34m[Core 1] PASS PATTERN NO. 1943 | Func: ADDI | Latency:    9[1;0m
[1;32m[Core 2] PASS PATTERN NO. 1943 | Func: ADDI | Latency:    9[1;0m
[1;34m[Core 1] PASS PATTERN NO. 1944 | Func:   LH | Latency:  179[1;0m
[1;32m[Core 2] PASS PATTERN NO. 1944 | Func:   LH | Latency:  311[1;0m
[1;32m[Core 2] PASS PATTERN NO. 1945 | Func:  MUL | Latency:    9[1;0m
[1;34m[Core 1] PASS PATTERN NO. 1945 | Func:   LH | Latency:  562[1;0m
[1;34m[Core 1] PASS PATTERN NO. 1946 | Func:  NOR | Latency:    6[1;0m
[1;32m[Core 2] PASS PATTERN NO. 1946 | Func:  MUL | Latency:  430[1;0m
[1;34m[Core 1] PASS PATTERN NO. 1947 | Func: NAND | Latency:    9[1;0m
[1;32m[Core 2] PASS PATTERN NO. 1947 | Func:   OR | Latency:    6[1;0m
[1;34m[Core 1] PASS PATTERN NO. 1948 | Func: NAND | Latency:    9[1;0m
[1;32m[Core 2] PASS PATTERN NO. 1948 | Func:  XOR | Latency:    9[1;0m
[1;34m[Core 1] PASS PATTERN NO. 1949 | Func:   OR | Latency:    9[1;0m
[1;32m[Core 2] PASS PATTERN NO. 1949 | Func:   LH | Latency:  371[1;0m
[1;33m[Info] Global Memory Check Passed at IC 50-boundary (Snapshot 38)[1;0m
[1;34m[Core 1] PASS PATTERN NO. 1950 | Func:   SH | Latency:  705[1;0m
[1;32m[Core 2] PASS PATTERN NO. 1950 | Func:   LH | Latency:  463[1;0m
[1;32m[Core 2] PASS PATTERN NO. 1951 | Func: ADDI | Latency:    6[1;0m
[1;34m[Core 1] PASS PATTERN NO. 1951 | Func:  MUL | Latency:  129[1;0m
[1;34m[Core 1] PASS PATTERN NO. 1952 | Func: NAND | Latency:    6[1;0m
[1;32m[Core 2] PASS PATTERN NO. 1952 | Func:   OR | Latency:    9[1;0m
[1;32m[Core 2] PASS PATTERN NO. 1953 | Func: ADDI | Latency:    9[1;0m
[1;34m[Core 1] PASS PATTERN NO. 1953 | Func:   LH | Latency:  499[1;0m
[1;32m[Core 2] PASS PATTERN NO. 1954 | Func:  SLT | Latency:  496[1;0m
[1;34m[Core 1] PASS PATTERN NO. 1954 | Func:   SH | Latency:  216[1;0m
[1;34m[Core 1] PASS PATTERN NO. 1955 | Func:   SH | Latency:  208[1;0m
[1;32m[Core 2] PASS PATTERN NO. 1955 | Func:   LH | Latency:  734[1;0m
[1;32m[Core 2] PASS PATTERN NO. 1956 | Func:   SH | Latency:  664[1;0m
[1;34m[Core 1] PASS PATTERN NO. 1956 | Func:   LH | Latency: 1335[1;0m
[1;34m[Core 1] PASS PATTERN NO. 1957 | Func: ADDI | Latency:    6[1;0m
[1;32m[Core 2] PASS PATTERN NO. 1957 | Func:   SH | Latency:  546[1;0m
[1;32m[Core 2] PASS PATTERN NO. 1958 | Func:  NOR | Latency:    6[1;0m
[1;34m[Core 1] PASS PATTERN NO. 1958 | Func:   LH | Latency:  619[1;0m
[1;34m[Core 1] PASS PATTERN NO. 1959 | Func: ADDI | Latency:    6[1;0m
[1;32m[Core 2] PASS PATTERN NO. 1959 | Func:  ADD | Latency:  434[1;0m
[1;34m[Core 1] PASS PATTERN NO. 1960 | Func: NAND | Latency:    9[1;0m
[1;32m[Core 2] PASS PATTERN NO. 1960 | Func:  NOR | Latency:    9[1;0m
[1;32m[Core 2] PASS PATTERN NO. 1961 | Func: SUBI | Latency:    9[1;0m
[1;34m[Core 1] PASS PATTERN NO. 1961 | Func:   LH | Latency:  488[1;0m
[1;34m[Core 1] PASS PATTERN NO. 1962 | Func:  XOR | Latency:    6[1;0m
[1;32m[Core 2] PASS PATTERN NO. 1962 | Func:  SUB | Latency:  485[1;0m
[1;32m[Core 2] PASS PATTERN NO. 1963 | Func: SUBI | Latency:    9[1;0m
[1;34m[Core 1] PASS PATTERN NO. 1963 | Func:  MUL | Latency:   12[1;0m
[1;32m[Core 2] PASS PATTERN NO. 1964 | Func:  SLT | Latency:    9[1;0m
[1;34m[Core 1] PASS PATTERN NO. 1964 | Func:   LH | Latency:  126[1;0m
[1;32m[Core 2] PASS PATTERN NO. 1965 | Func:   OR | Latency:  126[1;0m
[1;34m[Core 1] PASS PATTERN NO. 1965 | Func:   LH | Latency:  411[1;0m
[1;34m[Core 1] PASS PATTERN NO. 1966 | Func: SUBI | Latency:    6[1;0m
[1;32m[Core 2] PASS PATTERN NO. 1966 | Func:   SH | Latency:  852[1;0m
[1;34m[Core 1] PASS PATTERN NO. 1967 | Func:  XOR | Latency:  447[1;0m
[1;32m[Core 2] PASS PATTERN NO. 1967 | Func:   LH | Latency:  318[1;0m
[1;34m[Core 1] PASS PATTERN NO. 1968 | Func: SUBI | Latency:  318[1;0m
[1;32m[Core 2] PASS PATTERN NO. 1968 | Func: SUBI | Latency:    6[1;0m
[1;34m[Core 1] PASS PATTERN NO. 1969 | Func:   SH | Latency:  122[1;0m
[1;32m[Core 2] PASS PATTERN NO. 1969 | Func:   LH | Latency:  312[1;0m
[1;34m[Core 1] PASS PATTERN NO. 1970 | Func: ADDI | Latency:  196[1;0m
[1;32m[Core 2] PASS PATTERN NO. 1970 | Func:   LH | Latency:  421[1;0m
[1;32m[Core 2] PASS PATTERN NO. 1971 | Func: SUBI | Latency:    6[1;0m
[1;34m[Core 1] PASS PATTERN NO. 1971 | Func:   LH | Latency:  783[1;0m
[1;32m[Core 2] PASS PATTERN NO. 1972 | Func:  AND | Latency:  368[1;0m
[1;34m[Core 1] PASS PATTERN NO. 1972 | Func:  MUL | Latency:    9[1;0m
[1;34m[Core 1] PASS PATTERN NO. 1973 | Func:   SH | Latency:  352[1;0m
[1;32m[Core 2] PASS PATTERN NO. 1973 | Func:   LH | Latency:  860[1;0m
[1;34m[Core 1] PASS PATTERN NO. 1974 | Func:  XOR | Latency:  511[1;0m
[1;32m[Core 2] PASS PATTERN NO. 1974 | Func:  AND | Latency:    6[1;0m
[1;34m[Core 1] PASS PATTERN NO. 1975 | Func:  SLT | Latency:    9[1;0m
[1;32m[Core 2] PASS PATTERN NO. 1975 | Func: SUBI | Latency:    9[1;0m
[1;34m[Core 1] PASS PATTERN NO. 1976 | Func:  SLT | Latency:    9[1;0m
[1;32m[Core 2] PASS PATTERN NO. 1976 | Func:  MUL | Latency:   12[1;0m
[1;34m[Core 1] PASS PATTERN NO. 1977 | Func:  SUB | Latency:    9[1;0m
[1;32m[Core 2] PASS PATTERN NO. 1977 | Func:  AND | Latency:    6[1;0m
[1;32m[Core 2] PASS PATTERN NO. 1978 | Func: NAND | Latency:    9[1;0m
[1;34m[Core 1] PASS PATTERN NO. 1978 | Func:   SH | Latency:  330[1;0m
[1;34m[Core 1] PASS PATTERN NO. 1979 | Func:  SUB | Latency:    6[1;0m
[1;32m[Core 2] PASS PATTERN NO. 1979 | Func: ADDI | Latency:  327[1;0m
[1;34m[Core 1] PASS PATTERN NO. 1980 | Func:  SUB | Latency:    9[1;0m
[1;32m[Core 2] PASS PATTERN NO. 1980 | Func:   SH | Latency:  203[1;0m
[1;34m[Core 1] PASS PATTERN NO. 1981 | Func:  SUB | Latency:  200[1;0m
[1;32m[Core 2] PASS PATTERN NO. 1981 | Func:   LH | Latency:  283[1;0m
[1;34m[Core 1] PASS PATTERN NO. 1982 | Func:   OR | Latency:  283[1;0m
[1;32m[Core 2] PASS PATTERN NO. 1982 | Func:   SH | Latency:  376[1;0m
[1;34m[Core 1] PASS PATTERN NO. 1983 | Func:  ADD | Latency:  376[1;0m
[1;32m[Core 2] PASS PATTERN NO. 1983 | Func:   LH | Latency:  450[1;0m
[1;34m[Core 1] PASS PATTERN NO. 1984 | Func:   SH | Latency:  909[1;0m
[1;32m[Core 2] PASS PATTERN NO. 1984 | Func:   LH | Latency:  842[1;0m
[1;34m[Core 1] PASS PATTERN NO. 1985 | Func:  AND | Latency:  383[1;0m
[1;32m[Core 2] PASS PATTERN NO. 1985 | Func:   SH | Latency:  180[1;0m
[1;32m[Core 2] PASS PATTERN NO. 1986 | Func: SUBI | Latency:    6[1;0m
[1;34m[Core 1] PASS PATTERN NO. 1986 | Func:   SH | Latency:  407[1;0m
[1;32m[Core 2] PASS PATTERN NO. 1987 | Func:   OR | Latency:  233[1;0m
[1;34m[Core 1] PASS PATTERN NO. 1987 | Func:  MUL | Latency:    9[1;0m
[1;34m[Core 1] PASS PATTERN NO. 1988 | Func:  ADD | Latency:  414[1;0m
[1;32m[Core 2] PASS PATTERN NO. 1988 | Func:   SH | Latency:  705[1;0m
[1;34m[Core 1] PASS PATTERN NO. 1989 | Func:  XOR | Latency:  294[1;0m
[1;32m[Core 2] PASS PATTERN NO. 1989 | Func: SUBI | Latency:    6[1;0m
[1;34m[Core 1] PASS PATTERN NO. 1990 | Func:   SH | Latency:  329[1;0m
[1;32m[Core 2] PASS PATTERN NO. 1990 | Func:   LH | Latency:  453[1;0m
[1;34m[Core 1] PASS PATTERN NO. 1991 | Func:  SLT | Latency:  130[1;0m
[1;32m[Core 2] PASS PATTERN NO. 1991 | Func:   SH | Latency:  297[1;0m
[1;32m[Core 2] PASS PATTERN NO. 1992 | Func:  XOR | Latency:    6[1;0m
[1;34m[Core 1] PASS PATTERN NO. 1992 | Func:   SH | Latency:  424[1;0m
[1;32m[Core 2] PASS PATTERN NO. 1993 | Func:  XOR | Latency:  133[1;0m
[1;34m[Core 1] PASS PATTERN NO. 1993 | Func:  MUL | Latency:    9[1;0m
[1;34m[Core 1] PASS PATTERN NO. 1994 | Func:  SLT | Latency:    6[1;0m
[1;32m[Core 2] PASS PATTERN NO. 1994 | Func:   OR | Latency:    9[1;0m
[1;34m[Core 1] PASS PATTERN NO. 1995 | Func:  MUL | Latency:   12[1;0m
[1;32m[Core 2] PASS PATTERN NO. 1995 | Func:   LH | Latency:  451[1;0m
[1;34m[Core 1] PASS PATTERN NO. 1996 | Func:  NOR | Latency:  445[1;0m
[1;32m[Core 2] PASS PATTERN NO. 1996 | Func:  SUB | Latency:    6[1;0m
[1;34m[Core 1] PASS PATTERN NO. 1997 | Func:   SH | Latency:  333[1;0m
[1;32m[Core 2] PASS PATTERN NO. 1997 | Func:   LH | Latency:  749[1;0m
[1;34m[Core 1] PASS PATTERN NO. 1998 | Func:   LH | Latency:  526[1;0m
[1;32m[Core 2] PASS PATTERN NO. 1998 | Func:   LH | Latency:  500[1;0m
[1;34m[Core 1] PASS PATTERN NO. 1999 | Func:  ADD | Latency:  396[1;0m
[1;32m[Core 2] PASS PATTERN NO. 1999 | Func:  SLT | Latency:    6[1;0m
[1;33m[Info] Global Memory Check Passed at IC 50-boundary (Snapshot 39)[1;0m
[1;32m[Core 2] PASS PATTERN NO. 2000 | Func:  SLT | Latency:    9[1;0m
[1;34m[Core 1] PASS PATTERN NO. 2000 | Func:   LH | Latency:  375[1;0m
[1;34m[Core 1] PASS PATTERN NO. 2001 | Func:   SH | Latency:  119[1;0m
[1;32m[Core 2] PASS PATTERN NO. 2001 | Func:   LH | Latency:  912[1;0m
[1;34m[Core 1] PASS PATTERN NO. 2002 | Func:  SLT | Latency:  433[1;0m
[1;32m[Core 2] PASS PATTERN NO. 2002 | Func:   SH | Latency:  308[1;0m
[1;32m[Core 2] PASS PATTERN NO. 2003 | Func:  XOR | Latency:    6[1;0m
[1;34m[Core 1] PASS PATTERN NO. 2003 | Func:   LH | Latency:  585[1;0m
[1;34m[Core 1] PASS PATTERN NO. 2004 | Func:  SLT | Latency:    6[1;0m
[1;32m[Core 2] PASS PATTERN NO. 2004 | Func:   LH | Latency:  736[1;0m
[1;34m[Core 1] PASS PATTERN NO. 2005 | Func:  ADD | Latency:  459[1;0m
[1;32m[Core 2] PASS PATTERN NO. 2005 | Func: ADDI | Latency:    6[1;0m
[1;34m[Core 1] PASS PATTERN NO. 2006 | Func:   SH | Latency:  403[1;0m
[1;32m[Core 2] PASS PATTERN NO. 2006 | Func:   LH | Latency:  903[1;0m
[1;34m[Core 1] PASS PATTERN NO. 2007 | Func:   SH | Latency:  625[1;0m
[1;32m[Core 2] PASS PATTERN NO. 2007 | Func:   LH | Latency:  381[1;0m
[1;34m[Core 1] PASS PATTERN NO. 2008 | Func: ADDI | Latency:  262[1;0m
[1;32m[Core 2] PASS PATTERN NO. 2008 | Func:  SUB | Latency:    6[1;0m
[1;34m[Core 1] PASS PATTERN NO. 2009 | Func:   SH | Latency:  405[1;0m
[1;32m[Core 2] PASS PATTERN NO. 2009 | Func:   LH | Latency:  815[1;0m
[1;32m[Core 2] PASS PATTERN NO. 2010 | Func:  SLT | Latency:    6[1;0m
[1;34m[Core 1] PASS PATTERN NO. 2010 | Func:   LH | Latency:  888[1;0m
[1;32m[Core 2] PASS PATTERN NO. 2011 | Func: NAND | Latency:  478[1;0m
[1;34m[Core 1] PASS PATTERN NO. 2011 | Func:   LH | Latency:  157[1;0m
[1;34m[Core 1] PASS PATTERN NO. 2012 | Func:  SUB | Latency:    6[1;0m
[1;32m[Core 2] PASS PATTERN NO. 2012 | Func:   OR | Latency:  157[1;0m
[1;34m[Core 1] PASS PATTERN NO. 2013 | Func: SUBI | Latency:    9[1;0m
[1;32m[Core 2] PASS PATTERN NO. 2013 | Func:   LH | Latency:  453[1;0m
[1;34m[Core 1] PASS PATTERN NO. 2014 | Func: ADDI | Latency:  450[1;0m
[1;32m[Core 2] PASS PATTERN NO. 2014 | Func:   SH | Latency:  456[1;0m
[1;34m[Core 1] PASS PATTERN NO. 2015 | Func: NAND | Latency:  456[1;0m
[1;32m[Core 2] PASS PATTERN NO. 2015 | Func:   SH | Latency:  339[1;0m
[1;34m[Core 1] PASS PATTERN NO. 2016 | Func: SUBI | Latency:  339[1;0m
[1;32m[Core 2] PASS PATTERN NO. 2016 | Func:   LH | Latency:  452[1;0m
[1;34m[Core 1] PASS PATTERN NO. 2017 | Func:  AND | Latency:  452[1;0m
[1;32m[Core 2] PASS PATTERN NO. 2017 | Func:   SH | Latency:  231[1;0m
[1;34m[Core 1] PASS PATTERN NO. 2018 | Func:  ADD | Latency:  231[1;0m
[1;32m[Core 2] PASS PATTERN NO. 2018 | Func: NAND | Latency:    6[1;0m
[1;34m[Core 1] PASS PATTERN NO. 2019 | Func: ADDI | Latency:    9[1;0m
[1;32m[Core 2] PASS PATTERN NO. 2019 | Func:   LH | Latency:  398[1;0m
[1;34m[Core 1] PASS PATTERN NO. 2020 | Func: NAND | Latency:  977[1;0m
[1;32m[Core 2] PASS PATTERN NO. 2020 | Func:  AND | Latency:  588[1;0m
[1;32m[Core 2] PASS PATTERN NO. 2021 | Func:   SH | Latency:  149[1;0m
[1;34m[Core 1] PASS PATTERN NO. 2021 | Func:   LH | Latency:  479[1;0m
[1;32m[Core 2] PASS PATTERN NO. 2022 | Func:  ADD | Latency:  336[1;0m
[1;34m[Core 1] PASS PATTERN NO. 2022 | Func:   LH | Latency:  411[1;0m
[1;34m[Core 1] PASS PATTERN NO. 2023 | Func:  ADD | Latency:    6[1;0m
[1;32m[Core 2] PASS PATTERN NO. 2023 | Func: NAND | Latency:  411[1;0m
[1;34m[Core 1] PASS PATTERN NO. 2024 | Func:   LH | Latency:  258[1;0m
[1;32m[Core 2] PASS PATTERN NO. 2024 | Func:   LH | Latency:  515[1;0m
[1;34m[Core 1] PASS PATTERN NO. 2025 | Func:   OR | Latency:  263[1;0m
[1;32m[Core 2] PASS PATTERN NO. 2025 | Func:   SH | Latency:  266[1;0m
[1;34m[Core 1] PASS PATTERN NO. 2026 | Func:   OR | Latency:  266[1;0m
[1;32m[Core 2] PASS PATTERN NO. 2026 | Func:  AND | Latency:    6[1;0m
[1;34m[Core 1] PASS PATTERN NO. 2027 | Func:  MUL | Latency:   12[1;0m
[1;32m[Core 2] PASS PATTERN NO. 2027 | Func:   LH | Latency:  439[1;0m
[1;32m[Core 2] PASS PATTERN NO. 2028 | Func:  ADD | Latency:    6[1;0m
[1;34m[Core 1] PASS PATTERN NO. 2028 | Func:  MUL | Latency:  436[1;0m
[1;34m[Core 1] PASS PATTERN NO. 2029 | Func: ADDI | Latency:    6[1;0m
[1;32m[Core 2] PASS PATTERN NO. 2029 | Func:   LH | Latency:  325[1;0m
[1;34m[Core 1] PASS PATTERN NO. 2030 | Func:  NOR | Latency:  322[1;0m
[1;32m[Core 2] PASS PATTERN NO. 2030 | Func:   SH | Latency:  327[1;0m
[1;32m[Core 2] PASS PATTERN NO. 2031 | Func:  SUB | Latency:    6[1;0m
[1;34m[Core 1] PASS PATTERN NO. 2031 | Func:   SH | Latency:  684[1;0m
[1;32m[Core 2] PASS PATTERN NO. 2032 | Func:  NOR | Latency:  363[1;0m
[1;34m[Core 1] PASS PATTERN NO. 2032 | Func:   SH | Latency:  390[1;0m
[1;34m[Core 1] PASS PATTERN NO. 2033 | Func:  SLT | Latency:    6[1;0m
[1;32m[Core 2] PASS PATTERN NO. 2033 | Func:   SH | Latency:  691[1;0m
[1;32m[Core 2] PASS PATTERN NO. 2034 | Func:  ADD | Latency:    6[1;0m
[1;34m[Core 1] PASS PATTERN NO. 2034 | Func:   SH | Latency:  676[1;0m
[1;32m[Core 2] PASS PATTERN NO. 2035 | Func:   OR | Latency:  375[1;0m
[1;34m[Core 1] PASS PATTERN NO. 2035 | Func:   SH | Latency:  231[1;0m
[1;34m[Core 1] PASS PATTERN NO. 2036 | Func:   SH | Latency:  213[1;0m
[1;32m[Core 2] PASS PATTERN NO. 2036 | Func:   LH | Latency:  708[1;0m
[1;32m[Core 2] PASS PATTERN NO. 2037 | Func: ADDI | Latency:    6[1;0m
[1;34m[Core 1] PASS PATTERN NO. 2037 | Func:   LH | Latency:  603[1;0m
[1;34m[Core 1] PASS PATTERN NO. 2038 | Func:  AND | Latency:    6[1;0m
[1;32m[Core 2] PASS PATTERN NO. 2038 | Func: SUBI | Latency:  333[1;0m
[1;34m[Core 1] PASS PATTERN NO. 2039 | Func: NAND | Latency:    9[1;0m
[1;32m[Core 2] PASS PATTERN NO. 2039 | Func:  MUL | Latency:   12[1;0m
[1;34m[Core 1] PASS PATTERN NO. 2040 | Func: NAND | Latency:    9[1;0m
[1;32m[Core 2] PASS PATTERN NO. 2040 | Func:   OR | Latency:    6[1;0m
[1;32m[Core 2] PASS PATTERN NO. 2041 | Func:   SH | Latency:  332[1;0m
[1;34m[Core 1] PASS PATTERN NO. 2041 | Func:   LH | Latency:  689[1;0m
[1;32m[Core 2] PASS PATTERN NO. 2042 | Func:  MUL | Latency:  366[1;0m
[1;34m[Core 1] PASS PATTERN NO. 2042 | Func:   SH | Latency:  399[1;0m
[1;32m[Core 2] PASS PATTERN NO. 2043 | Func:  NOR | Latency:  396[1;0m
[1;34m[Core 1] PASS PATTERN NO. 2043 | Func:   LH | Latency:  468[1;0m
[1;34m[Core 1] PASS PATTERN NO. 2044 | Func: ADDI | Latency:    6[1;0m
[1;32m[Core 2] PASS PATTERN NO. 2044 | Func:  NOR | Latency:  468[1;0m
[1;34m[Core 1] PASS PATTERN NO. 2045 | Func: ADDI | Latency:    9[1;0m
[1;32m[Core 2] PASS PATTERN NO. 2045 | Func:   LH | Latency:  413[1;0m
[1;32m[Core 2] PASS PATTERN NO. 2046 | Func: ADDI | Latency:    6[1;0m
[1;34m[Core 1] PASS PATTERN NO. 2046 | Func:   SH | Latency:  533[1;0m
[1;32m[Core 2] PASS PATTERN NO. 2047 | Func:   OR | Latency:  129[1;0m
[1;34m[Core 1] PASS PATTERN NO. 2047 | Func:   SH | Latency:  230[1;0m
[1;34m[Core 1] PASS PATTERN NO. 2048 | Func: NAND | Latency:    6[1;0m
[1;32m[Core 2] PASS PATTERN NO. 2048 | Func: NAND | Latency:  230[1;0m
[1;34m[Core 1] PASS PATTERN NO. 2049 | Func:  SLT | Latency:    9[1;0m
[1;32m[Core 2] PASS PATTERN NO. 2049 | Func: SUBI | Latency:    9[1;0m
[1;33m[Info] Global Memory Check Passed at IC 50-boundary (Snapshot 40)[1;0m
[1;34m[Core 1] PASS PATTERN NO. 2050 | Func:   OR | Latency:    9[1;0m
[1;32m[Core 2] PASS PATTERN NO. 2050 | Func:  AND | Latency:    9[1;0m
[1;34m[Core 1] PASS PATTERN NO. 2051 | Func:   LH | Latency:  315[1;0m
[1;32m[Core 2] PASS PATTERN NO. 2051 | Func:   LH | Latency:  704[1;0m
[1;34m[Core 1] PASS PATTERN NO. 2052 | Func:   SH | Latency: 1104[1;0m
[1;32m[Core 2] PASS PATTERN NO. 2052 | Func:   LH | Latency: 1201[1;0m
[1;34m[Core 1] PASS PATTERN NO. 2053 | Func:   OR | Latency:  492[1;0m
[1;32m[Core 2] PASS PATTERN NO. 2053 | Func:  MUL | Latency:    9[1;0m
[1;34m[Core 1] PASS PATTERN NO. 2054 | Func:  SLT | Latency:    9[1;0m
[1;32m[Core 2] PASS PATTERN NO. 2054 | Func:  SLT | Latency:    6[1;0m
[1;34m[Core 1] PASS PATTERN NO. 2055 | Func:  MUL | Latency:   12[1;0m
[1;32m[Core 2] PASS PATTERN NO. 2055 | Func:  MUL | Latency:   13[1;0m
[1;34m[Core 1] PASS PATTERN NO. 2056 | Func:  SLT | Latency:    9[1;0m
[1;32m[Core 2] PASS PATTERN NO. 2056 | Func:   SH | Latency:  502[1;0m
[1;34m[Core 1] PASS PATTERN NO. 2057 | Func: SUBI | Latency:  500[1;0m
[1;32m[Core 2] PASS PATTERN NO. 2057 | Func:  XOR | Latency:    6[1;0m
[1;32m[Core 2] PASS PATTERN NO. 2058 | Func:  NOR | Latency:    9[1;0m
[1;34m[Core 1] PASS PATTERN NO. 2058 | Func:  MUL | Latency:   12[1;0m
[1;34m[Core 1] PASS PATTERN NO. 2059 | Func:  ADD | Latency:    6[1;0m
[1;32m[Core 2] PASS PATTERN NO. 2059 | Func:   SH | Latency:  512[1;0m
[1;34m[Core 1] PASS PATTERN NO. 2060 | Func: SUBI | Latency:  509[1;0m
[1;32m[Core 2] PASS PATTERN NO. 2060 | Func:   SH | Latency:  338[1;0m
[1;34m[Core 1] PASS PATTERN NO. 2061 | Func:  SLT | Latency:  338[1;0m
[1;32m[Core 2] PASS PATTERN NO. 2061 | Func:  AND | Latency:    6[1;0m
[1;34m[Core 1] PASS PATTERN NO. 2062 | Func:   LH | Latency:  198[1;0m
[1;32m[Core 2] PASS PATTERN NO. 2062 | Func:   LH | Latency:  375[1;0m
[1;34m[Core 1] PASS PATTERN NO. 2063 | Func:  AND | Latency:  183[1;0m
[1;32m[Core 2] PASS PATTERN NO. 2063 | Func:   SH | Latency:  120[1;0m
[1;34m[Core 1] PASS PATTERN NO. 2064 | Func:  SLT | Latency:  120[1;0m
[1;32m[Core 2] PASS PATTERN NO. 2064 | Func:  XOR | Latency:    6[1;0m
[1;34m[Core 1] PASS PATTERN NO. 2065 | Func:  ADD | Latency:    9[1;0m
[1;32m[Core 2] PASS PATTERN NO. 2065 | Func:   SH | Latency:  269[1;0m
[1;34m[Core 1] PASS PATTERN NO. 2066 | Func: SUBI | Latency:  266[1;0m
[1;32m[Core 2] PASS PATTERN NO. 2066 | Func:   LH | Latency:  461[1;0m
[1;34m[Core 1] PASS PATTERN NO. 2067 | Func:  ADD | Latency:  461[1;0m
[1;32m[Core 2] PASS PATTERN NO. 2067 | Func:   LH | Latency:  420[1;0m
[1;34m[Core 1] PASS PATTERN NO. 2068 | Func:  AND | Latency:  420[1;0m
[1;32m[Core 2] PASS PATTERN NO. 2068 | Func:   SH | Latency:  223[1;0m
[1;34m[Core 1] PASS PATTERN NO. 2069 | Func:  MUL | Latency:  226[1;0m
[1;32m[Core 2] PASS PATTERN NO. 2069 | Func:  MUL | Latency:   10[1;0m
[1;34m[Core 1] PASS PATTERN NO. 2070 | Func:   OR | Latency:    9[1;0m
[1;32m[Core 2] PASS PATTERN NO. 2070 | Func:  NOR | Latency:    8[1;0m
[1;34m[Core 1] PASS PATTERN NO. 2071 | Func:   OR | Latency:    9[1;0m
[1;32m[Core 2] PASS PATTERN NO. 2071 | Func:  SUB | Latency:    9[1;0m
[1;34m[Core 1] PASS PATTERN NO. 2072 | Func: NAND | Latency:    9[1;0m
[1;32m[Core 2] PASS PATTERN NO. 2072 | Func:   SH | Latency:  303[1;0m
[1;34m[Core 1] PASS PATTERN NO. 2073 | Func:  NOR | Latency:  300[1;0m
[1;32m[Core 2] PASS PATTERN NO. 2073 | Func:   SH | Latency:  409[1;0m
[1;32m[Core 2] PASS PATTERN NO. 2074 | Func:  XOR | Latency:    6[1;0m
[1;34m[Core 1] PASS PATTERN NO. 2074 | Func:   SH | Latency:  793[1;0m
[1;32m[Core 2] PASS PATTERN NO. 2075 | Func:  AND | Latency:  390[1;0m
[1;34m[Core 1] PASS PATTERN NO. 2075 | Func:   LH | Latency:  173[1;0m
[1;34m[Core 1] PASS PATTERN NO. 2076 | Func:  NOR | Latency:    6[1;0m
[1;32m[Core 2] PASS PATTERN NO. 2076 | Func:   OR | Latency:  173[1;0m
[1;34m[Core 1] PASS PATTERN NO. 2077 | Func:  SLT | Latency:    9[1;0m
[1;32m[Core 2] PASS PATTERN NO. 2077 | Func:   LH | Latency:  208[1;0m
[1;34m[Core 1] PASS PATTERN NO. 2078 | Func:  NOR | Latency:  205[1;0m
[1;32m[Core 2] PASS PATTERN NO. 2078 | Func:   SH | Latency:  296[1;0m
[1;32m[Core 2] PASS PATTERN NO. 2079 | Func: ADDI | Latency:    6[1;0m
[1;34m[Core 1] PASS PATTERN NO. 2079 | Func:  MUL | Latency:  299[1;0m
[1;34m[Core 1] PASS PATTERN NO. 2080 | Func:   SH | Latency:  409[1;0m
[1;32m[Core 2] PASS PATTERN NO. 2080 | Func:   LH | Latency:  862[1;0m
[1;34m[Core 1] PASS PATTERN NO. 2081 | Func:  ADD | Latency:  456[1;0m
[1;32m[Core 2] PASS PATTERN NO. 2081 | Func:  ADD | Latency:    6[1;0m
[1;34m[Core 1] PASS PATTERN NO. 2082 | Func:  XOR | Latency:    9[1;0m
[1;32m[Core 2] PASS PATTERN NO. 2082 | Func:   OR | Latency:    9[1;0m
[1;34m[Core 1] PASS PATTERN NO. 2083 | Func:  AND | Latency:    9[1;0m
[1;32m[Core 2] PASS PATTERN NO. 2083 | Func:   LH | Latency:  337[1;0m
[1;34m[Core 1] PASS PATTERN NO. 2084 | Func:  SLT | Latency:  520[1;0m
[1;32m[Core 2] PASS PATTERN NO. 2084 | Func:  MUL | Latency:  195[1;0m
[1;32m[Core 2] PASS PATTERN NO. 2085 | Func:  SUB | Latency:    6[1;0m
[1;34m[Core 1] PASS PATTERN NO. 2085 | Func:  MUL | Latency:   12[1;0m
[1;32m[Core 2] PASS PATTERN NO. 2086 | Func: NAND | Latency:    9[1;0m
[1;34m[Core 1] PASS PATTERN NO. 2086 | Func:  MUL | Latency:    9[1;0m
[1;34m[Core 1] PASS PATTERN NO. 2087 | Func:  SUB | Latency:    6[1;0m
[1;32m[Core 2] PASS PATTERN NO. 2087 | Func: SUBI | Latency:    9[1;0m
[1;32m[Core 2] PASS PATTERN NO. 2088 | Func:  NOR | Latency:    9[1;0m
[1;34m[Core 1] PASS PATTERN NO. 2088 | Func:   SH | Latency:  335[1;0m
[1;32m[Core 2] PASS PATTERN NO. 2089 | Func:  XOR | Latency:  332[1;0m
[1;34m[Core 1] PASS PATTERN NO. 2089 | Func:   LH | Latency:  325[1;0m
[1;32m[Core 2] PASS PATTERN NO. 2090 | Func:  MUL | Latency:  328[1;0m
[1;34m[Core 1] PASS PATTERN NO. 2090 | Func:   SH | Latency:  230[1;0m
[1;34m[Core 1] PASS PATTERN NO. 2091 | Func:  SLT | Latency:    6[1;0m
[1;32m[Core 2] PASS PATTERN NO. 2091 | Func:   LH | Latency:  691[1;0m
[1;34m[Core 1] PASS PATTERN NO. 2092 | Func: SUBI | Latency:  470[1;0m
[1;32m[Core 2] PASS PATTERN NO. 2092 | Func:  AND | Latency:    6[1;0m
[1;34m[Core 1] PASS PATTERN NO. 2093 | Func:   OR | Latency:    9[1;0m
[1;32m[Core 2] PASS PATTERN NO. 2093 | Func:   SH | Latency:  231[1;0m
[1;32m[Core 2] PASS PATTERN NO. 2094 | Func:  SLT | Latency:    6[1;0m
[1;34m[Core 1] PASS PATTERN NO. 2094 | Func:   SH | Latency:  454[1;0m
[1;34m[Core 1] PASS PATTERN NO. 2095 | Func:   LH | Latency:  128[1;0m
[1;32m[Core 2] PASS PATTERN NO. 2095 | Func:   LH | Latency:  521[1;0m
[1;34m[Core 1] PASS PATTERN NO. 2096 | Func: ADDI | Latency:  173[1;0m
[1;32m[Core 2] PASS PATTERN NO. 2096 | Func:  SLT | Latency:    6[1;0m
[1;34m[Core 1] PASS PATTERN NO. 2097 | Func: SUBI | Latency:    9[1;0m
[1;32m[Core 2] PASS PATTERN NO. 2097 | Func:  XOR | Latency:    9[1;0m
[1;34m[Core 1] PASS PATTERN NO. 2098 | Func:  MUL | Latency:   12[1;0m
[1;32m[Core 2] PASS PATTERN NO. 2098 | Func:   LH | Latency:  468[1;0m
[1;32m[Core 2] PASS PATTERN NO. 2099 | Func: NAND | Latency:    6[1;0m
[1;34m[Core 1] PASS PATTERN NO. 2099 | Func:   SH | Latency:  797[1;0m
[1;33m[Info] Global Memory Check Passed at IC 50-boundary (Snapshot 41)[1;0m
[1;32m[Core 2] PASS PATTERN NO. 2100 | Func:  MUL | Latency:  344[1;0m
[1;34m[Core 1] PASS PATTERN NO. 2100 | Func:   LH | Latency:  447[1;0m
[1;32m[Core 2] PASS PATTERN NO. 2101 | Func: NAND | Latency:  444[1;0m
[1;34m[Core 1] PASS PATTERN NO. 2101 | Func:   SH | Latency:  303[1;0m
[1;34m[Core 1] PASS PATTERN NO. 2102 | Func:  SUB | Latency:    6[1;0m
[1;32m[Core 2] PASS PATTERN NO. 2102 | Func:  XOR | Latency:  303[1;0m
[1;32m[Core 2] PASS PATTERN NO. 2103 | Func:  XOR | Latency:    9[1;0m
[1;34m[Core 1] PASS PATTERN NO. 2103 | Func:  MUL | Latency:   12[1;0m
[1;34m[Core 1] PASS PATTERN NO. 2104 | Func:   OR | Latency:    6[1;0m
[1;32m[Core 2] PASS PATTERN NO. 2104 | Func:  MUL | Latency:   12[1;0m
[1;34m[Core 1] PASS PATTERN NO. 2105 | Func: SUBI | Latency:    9[1;0m
[1;32m[Core 2] PASS PATTERN NO. 2105 | Func:   OR | Latency:    6[1;0m
[1;34m[Core 1] PASS PATTERN NO. 2106 | Func:   OR | Latency:    9[1;0m
[1;32m[Core 2] PASS PATTERN NO. 2106 | Func:  MUL | Latency:   12[1;0m
[1;34m[Core 1] PASS PATTERN NO. 2107 | Func:   OR | Latency:    9[1;0m
[1;32m[Core 2] PASS PATTERN NO. 2107 | Func:   LH | Latency:  363[1;0m
[1;34m[Core 1] PASS PATTERN NO. 2108 | Func:  SUB | Latency:  363[1;0m
[1;32m[Core 2] PASS PATTERN NO. 2108 | Func:  AND | Latency:    6[1;0m
[1;34m[Core 1] PASS PATTERN NO. 2109 | Func:  NOR | Latency:    9[1;0m
[1;32m[Core 2] PASS PATTERN NO. 2109 | Func:  SUB | Latency:    9[1;0m
[1;34m[Core 1] PASS PATTERN NO. 2110 | Func: SUBI | Latency:    9[1;0m
[1;32m[Core 2] PASS PATTERN NO. 2110 | Func:  MUL | Latency:   12[1;0m
[1;34m[Core 1] PASS PATTERN NO. 2111 | Func:   OR | Latency:    9[1;0m
[1;32m[Core 2] PASS PATTERN NO. 2111 | Func: SUBI | Latency:    6[1;0m
[1;34m[Core 1] PASS PATTERN NO. 2112 | Func: SUBI | Latency:    9[1;0m
[1;32m[Core 2] PASS PATTERN NO. 2112 | Func:  NOR | Latency:    9[1;0m
[1;34m[Core 1] PASS PATTERN NO. 2113 | Func: SUBI | Latency:    9[1;0m
[1;32m[Core 2] PASS PATTERN NO. 2113 | Func:   SH | Latency:  341[1;0m
[1;34m[Core 1] PASS PATTERN NO. 2114 | Func: ADDI | Latency:  338[1;0m
[1;32m[Core 2] PASS PATTERN NO. 2114 | Func: ADDI | Latency:    6[1;0m
[1;32m[Core 2] PASS PATTERN NO. 2115 | Func:   SH | Latency:  458[1;0m
[1;34m[Core 1] PASS PATTERN NO. 2115 | Func:   LH | Latency:  591[1;0m
[1;34m[Core 1] PASS PATTERN NO. 2116 | Func:  NOR | Latency:  428[1;0m
[1;32m[Core 2] PASS PATTERN NO. 2116 | Func: SUBI | Latency:  561[1;0m
[1;34m[Core 1] PASS PATTERN NO. 2117 | Func:   OR | Latency:    9[1;0m
[1;32m[Core 2] PASS PATTERN NO. 2117 | Func:  SLT | Latency:    9[1;0m
[1;34m[Core 1] PASS PATTERN NO. 2118 | Func:  AND | Latency:    9[1;0m
[1;32m[Core 2] PASS PATTERN NO. 2118 | Func:  AND | Latency:    9[1;0m
[1;32m[Core 2] PASS PATTERN NO. 2119 | Func:  ADD | Latency:    9[1;0m
[1;34m[Core 1] PASS PATTERN NO. 2119 | Func:   SH | Latency:  168[1;0m
[1;34m[Core 1] PASS PATTERN NO. 2120 | Func:  NOR | Latency:    6[1;0m
[1;32m[Core 2] PASS PATTERN NO. 2120 | Func:  SUB | Latency:  165[1;0m
[1;32m[Core 2] PASS PATTERN NO. 2121 | Func: ADDI | Latency:    9[1;0m
[1;34m[Core 1] PASS PATTERN NO. 2121 | Func:   SH | Latency:  131[1;0m
[1;32m[Core 2] PASS PATTERN NO. 2122 | Func:  ADD | Latency:  128[1;0m
[1;34m[Core 1] PASS PATTERN NO. 2122 | Func:  MUL | Latency:    9[1;0m
[1;34m[Core 1] PASS PATTERN NO. 2123 | Func:   OR | Latency:    6[1;0m
[1;32m[Core 2] PASS PATTERN NO. 2123 | Func:  XOR | Latency:    9[1;0m
[1;34m[Core 1] PASS PATTERN NO. 2124 | Func:  NOR | Latency:    9[1;0m
[1;32m[Core 2] PASS PATTERN NO. 2124 | Func:   SH | Latency:  345[1;0m
[1;34m[Core 1] PASS PATTERN NO. 2125 | Func: SUBI | Latency:  342[1;0m
[1;32m[Core 2] PASS PATTERN NO. 2125 | Func:  AND | Latency:    6[1;0m
[1;32m[Core 2] PASS PATTERN NO. 2126 | Func:  MUL | Latency:   12[1;0m
[1;34m[Core 1] PASS PATTERN NO. 2126 | Func:   LH | Latency:  122[1;0m
[1;34m[Core 1] PASS PATTERN NO. 2127 | Func:   OR | Latency:    6[1;0m
[1;32m[Core 2] PASS PATTERN NO. 2127 | Func: NAND | Latency:  116[1;0m
[1;34m[Core 1] PASS PATTERN NO. 2128 | Func:  SUB | Latency:    9[1;0m
[1;32m[Core 2] PASS PATTERN NO. 2128 | Func:  NOR | Latency:    9[1;0m
[1;34m[Core 1] PASS PATTERN NO. 2129 | Func:  MUL | Latency:   12[1;0m
[1;32m[Core 2] PASS PATTERN NO. 2129 | Func:   SH | Latency:  291[1;0m
[1;34m[Core 1] PASS PATTERN NO. 2130 | Func:  SLT | Latency:  285[1;0m
[1;32m[Core 2] PASS PATTERN NO. 2130 | Func:   OR | Latency:    6[1;0m
[1;34m[Core 1] PASS PATTERN NO. 2131 | Func:   SH | Latency:  383[1;0m
[1;32m[Core 2] PASS PATTERN NO. 2131 | Func:   LH | Latency:  718[1;0m
[1;34m[Core 1] PASS PATTERN NO. 2132 | Func: ADDI | Latency:  341[1;0m
[1;32m[Core 2] PASS PATTERN NO. 2132 | Func:  SUB | Latency:    6[1;0m
[1;32m[Core 2] PASS PATTERN NO. 2133 | Func: NAND | Latency:    9[1;0m
[1;34m[Core 1] PASS PATTERN NO. 2133 | Func:   SH | Latency:  341[1;0m
[1;34m[Core 1] PASS PATTERN NO. 2134 | Func:   LH | Latency:  294[1;0m
[1;32m[Core 2] PASS PATTERN NO. 2134 | Func:   LH | Latency:  930[1;0m
[1;34m[Core 1] PASS PATTERN NO. 2135 | Func:   SH | Latency:  771[1;0m
[1;32m[Core 2] PASS PATTERN NO. 2135 | Func:   LH | Latency:  796[1;0m
[1;34m[Core 1] PASS PATTERN NO. 2136 | Func:   LH | Latency:  665[1;0m
[1;32m[Core 2] PASS PATTERN NO. 2136 | Func:   LH | Latency:  768[1;0m
[1;32m[Core 2] PASS PATTERN NO. 2137 | Func:  NOR | Latency:    6[1;0m
[1;34m[Core 1] PASS PATTERN NO. 2137 | Func:   LH | Latency:  811[1;0m
[1;32m[Core 2] PASS PATTERN NO. 2138 | Func: NAND | Latency:  379[1;0m
[1;34m[Core 1] PASS PATTERN NO. 2138 | Func:   SH | Latency:  121[1;0m
[1;32m[Core 2] PASS PATTERN NO. 2139 | Func:  NOR | Latency:  121[1;0m
[1;34m[Core 1] PASS PATTERN NO. 2139 | Func:   SH | Latency:  131[1;0m
[1;34m[Core 1] PASS PATTERN NO. 2140 | Func:   OR | Latency:    6[1;0m
[1;32m[Core 2] PASS PATTERN NO. 2140 | Func:   SH | Latency:  327[1;0m
[1;32m[Core 2] PASS PATTERN NO. 2141 | Func:   SH | Latency:  191[1;0m
[1;34m[Core 1] PASS PATTERN NO. 2141 | Func:   LH | Latency:  571[1;0m
[1;32m[Core 2] PASS PATTERN NO. 2142 | Func: SUBI | Latency:  190[1;0m
[1;34m[Core 1] PASS PATTERN NO. 2142 | Func:   SH | Latency:  340[1;0m
[1;34m[Core 1] PASS PATTERN NO. 2143 | Func:  MUL | Latency:    9[1;0m
[1;32m[Core 2] PASS PATTERN NO. 2143 | Func:   LH | Latency:  699[1;0m
[1;34m[Core 1] PASS PATTERN NO. 2144 | Func:  MUL | Latency:  365[1;0m
[1;32m[Core 2] PASS PATTERN NO. 2144 | Func:   LH | Latency:  269[1;0m
[1;32m[Core 2] PASS PATTERN NO. 2145 | Func:  SUB | Latency:    6[1;0m
[1;34m[Core 1] PASS PATTERN NO. 2145 | Func:   LH | Latency:  553[1;0m
[1;32m[Core 2] PASS PATTERN NO. 2146 | Func:  SUB | Latency:  293[1;0m
[1;34m[Core 1] PASS PATTERN NO. 2146 | Func:   SH | Latency:  194[1;0m
[1;34m[Core 1] PASS PATTERN NO. 2147 | Func:  MUL | Latency:    9[1;0m
[1;32m[Core 2] PASS PATTERN NO. 2147 | Func:   SH | Latency:  331[1;0m
[1;34m[Core 1] PASS PATTERN NO. 2148 | Func: SUBI | Latency:  677[1;0m
[1;32m[Core 2] PASS PATTERN NO. 2148 | Func:   SH | Latency:  881[1;0m
[1;34m[Core 1] PASS PATTERN NO. 2149 | Func:   OR | Latency:  344[1;0m
[1;32m[Core 2] PASS PATTERN NO. 2149 | Func: NAND | Latency:    6[1;0m
[1;33m[Info] Global Memory Check Passed at IC 50-boundary (Snapshot 42)[1;0m
[1;34m[Core 1] PASS PATTERN NO. 2150 | Func:  XOR | Latency:    9[1;0m
[1;32m[Core 2] PASS PATTERN NO. 2150 | Func:  AND | Latency:    9[1;0m
[1;32m[Core 2] PASS PATTERN NO. 2151 | Func:   SH | Latency:  474[1;0m
[1;34m[Core 1] PASS PATTERN NO. 2151 | Func:   LH | Latency:  646[1;0m
[1;32m[Core 2] PASS PATTERN NO. 2152 | Func:  AND | Latency:  178[1;0m
[1;34m[Core 1] PASS PATTERN NO. 2152 | Func:   LH | Latency:  202[1;0m
[1;32m[Core 2] PASS PATTERN NO. 2153 | Func:  AND | Latency:  202[1;0m
[1;34m[Core 1] PASS PATTERN NO. 2153 | Func:  MUL | Latency:    9[1;0m
[1;34m[Core 1] PASS PATTERN NO. 2154 | Func:  ADD | Latency:    6[1;0m
[1;32m[Core 2] PASS PATTERN NO. 2154 | Func: SUBI | Latency:    9[1;0m
[1;34m[Core 1] PASS PATTERN NO. 2155 | Func:   OR | Latency:    9[1;0m
[1;32m[Core 2] PASS PATTERN NO. 2155 | Func:  AND | Latency:    9[1;0m
[1;34m[Core 1] PASS PATTERN NO. 2156 | Func: SUBI | Latency:    9[1;0m
[1;32m[Core 2] PASS PATTERN NO. 2156 | Func:   SH | Latency:  312[1;0m
[1;32m[Core 2] PASS PATTERN NO. 2157 | Func:  MUL | Latency:    9[1;0m
[1;34m[Core 1] PASS PATTERN NO. 2157 | Func:   LH | Latency:  776[1;0m
[1;32m[Core 2] PASS PATTERN NO. 2158 | Func:  ADD | Latency:  470[1;0m
[1;34m[Core 1] PASS PATTERN NO. 2158 | Func:   LH | Latency:  450[1;0m
[1;34m[Core 1] PASS PATTERN NO. 2159 | Func:  SLT | Latency:    6[1;0m
[1;32m[Core 2] PASS PATTERN NO. 2159 | Func:  NOR | Latency:  450[1;0m
[1;34m[Core 1] PASS PATTERN NO. 2160 | Func: SUBI | Latency:    9[1;0m
[1;32m[Core 2] PASS PATTERN NO. 2160 | Func:   SH | Latency:  217[1;0m
[1;34m[Core 1] PASS PATTERN NO. 2161 | Func: SUBI | Latency:  214[1;0m
[1;32m[Core 2] PASS PATTERN NO. 2161 | Func:  SLT | Latency:    6[1;0m
[1;32m[Core 2] PASS PATTERN NO. 2162 | Func:  XOR | Latency:    9[1;0m
[1;34m[Core 1] PASS PATTERN NO. 2162 | Func:   SH | Latency:  281[1;0m
[1;34m[Core 1] PASS PATTERN NO. 2163 | Func:   OR | Latency:    6[1;0m
[1;32m[Core 2] PASS PATTERN NO. 2163 | Func: NAND | Latency:  278[1;0m
[1;34m[Core 1] PASS PATTERN NO. 2164 | Func:  ADD | Latency:    9[1;0m
[1;32m[Core 2] PASS PATTERN NO. 2164 | Func:  SUB | Latency:    9[1;0m
[1;32m[Core 2] PASS PATTERN NO. 2165 | Func: SUBI | Latency:    9[1;0m
[1;34m[Core 1] PASS PATTERN NO. 2165 | Func:   LH | Latency:  381[1;0m
[1;34m[Core 1] PASS PATTERN NO. 2166 | Func: NAND | Latency:    6[1;0m
[1;32m[Core 2] PASS PATTERN NO. 2166 | Func: NAND | Latency:  378[1;0m
[1;34m[Core 1] PASS PATTERN NO. 2167 | Func:  BEQ | Latency:    8[1;0m
[1;32m[Core 2] PASS PATTERN NO. 2167 | Func:  BEQ | Latency:    8[1;0m
[1;32m[Core 2] PASS PATTERN NO. 2168 | Func:  ADD | Latency:    9[1;0m
[1;34m[Core 1] PASS PATTERN NO. 2168 | Func:   LH | Latency:  508[1;0m
[1;34m[Core 1] PASS PATTERN NO. 2169 | Func:  AND | Latency:    6[1;0m
[1;32m[Core 2] PASS PATTERN NO. 2169 | Func: SUBI | Latency:  505[1;0m
[1;32m[Core 2] PASS PATTERN NO. 2170 | Func: NAND | Latency:    9[1;0m
[1;34m[Core 1] PASS PATTERN NO. 2170 | Func:   LH | Latency:  130[1;0m
[1;32m[Core 2] PASS PATTERN NO. 2171 | Func:  ADD | Latency:  127[1;0m
[1;34m[Core 1] PASS PATTERN NO. 2171 | Func:  MUL | Latency:    9[1;0m
[1;34m[Core 1] PASS PATTERN NO. 2172 | Func:   SH | Latency:  317[1;0m
[1;32m[Core 2] PASS PATTERN NO. 2172 | Func:   LH | Latency:  618[1;0m
[1;32m[Core 2] PASS PATTERN NO. 2173 | Func: NAND | Latency:    6[1;0m
[1;34m[Core 1] PASS PATTERN NO. 2173 | Func:   SH | Latency:  621[1;0m
[1;32m[Core 2] PASS PATTERN NO. 2174 | Func:   OR | Latency:  493[1;0m
[1;34m[Core 1] PASS PATTERN NO. 2174 | Func:   LH | Latency:  365[1;0m
[1;34m[Core 1] PASS PATTERN NO. 2175 | Func:  BEQ | Latency:    5[1;0m
[1;32m[Core 2] PASS PATTERN NO. 2175 | Func:  BEQ | Latency:  194[1;0m
[1;34m[Core 1] PASS PATTERN NO. 2176 | Func: ADDI | Latency:    9[1;0m
[1;32m[Core 2] PASS PATTERN NO. 2176 | Func:   SH | Latency:  508[1;0m
[1;34m[Core 1] PASS PATTERN NO. 2177 | Func:  MUL | Latency:  508[1;0m
[1;32m[Core 2] PASS PATTERN NO. 2177 | Func:  MUL | Latency:   10[1;0m
[1;32m[Core 2] PASS PATTERN NO. 2178 | Func: ADDI | Latency:    8[1;0m
[1;34m[Core 1] PASS PATTERN NO. 2178 | Func:   SH | Latency:  214[1;0m
[1;34m[Core 1] PASS PATTERN NO. 2179 | Func:   OR | Latency:    6[1;0m
[1;32m[Core 2] PASS PATTERN NO. 2179 | Func: SUBI | Latency:  211[1;0m
[1;32m[Core 2] PASS PATTERN NO. 2180 | Func: NAND | Latency:    9[1;0m
[1;34m[Core 1] PASS PATTERN NO. 2180 | Func:   LH | Latency:  371[1;0m
[1;34m[Core 1] PASS PATTERN NO. 2181 | Func:  AND | Latency:    6[1;0m
[1;32m[Core 2] PASS PATTERN NO. 2181 | Func:   LH | Latency:  548[1;0m
[1;32m[Core 2] PASS PATTERN NO. 2182 | Func:  MUL | Latency:    9[1;0m
[1;34m[Core 1] PASS PATTERN NO. 2182 | Func:   SH | Latency:  650[1;0m
[1;32m[Core 2] PASS PATTERN NO. 2183 | Func:   OR | Latency:  467[1;0m
[1;34m[Core 1] PASS PATTERN NO. 2183 | Func:   LH | Latency:  423[1;0m
[1;34m[Core 1] PASS PATTERN NO. 2184 | Func:  NOR | Latency:    6[1;0m
[1;32m[Core 2] PASS PATTERN NO. 2184 | Func: ADDI | Latency:  423[1;0m
[1;32m[Core 2] PASS PATTERN NO. 2185 | Func:  SUB | Latency:    9[1;0m
[1;34m[Core 1] PASS PATTERN NO. 2185 | Func:   SH | Latency:  151[1;0m
[1;34m[Core 1] PASS PATTERN NO. 2186 | Func: NAND | Latency:    6[1;0m
[1;32m[Core 2] PASS PATTERN NO. 2186 | Func:   LH | Latency:  533[1;0m
[1;32m[Core 2] PASS PATTERN NO. 2187 | Func:  MUL | Latency:    9[1;0m
[1;34m[Core 1] PASS PATTERN NO. 2187 | Func:   LH | Latency:  544[1;0m
[1;34m[Core 1] PASS PATTERN NO. 2188 | Func:  ADD | Latency:    6[1;0m
[1;32m[Core 2] PASS PATTERN NO. 2188 | Func: SUBI | Latency:  156[1;0m
[1;32m[Core 2] PASS PATTERN NO. 2189 | Func: SUBI | Latency:    9[1;0m
[1;34m[Core 1] PASS PATTERN NO. 2189 | Func:   SH | Latency:  168[1;0m
[1;34m[Core 1] PASS PATTERN NO. 2190 | Func:   OR | Latency:    6[1;0m
[1;32m[Core 2] PASS PATTERN NO. 2190 | Func:   LH | Latency:  446[1;0m
[1;32m[Core 2] PASS PATTERN NO. 2191 | Func:  SLT | Latency:    6[1;0m
[1;34m[Core 1] PASS PATTERN NO. 2191 | Func:   LH | Latency:  762[1;0m
[1;34m[Core 1] PASS PATTERN NO. 2192 | Func:  AND | Latency:    6[1;0m
[1;32m[Core 2] PASS PATTERN NO. 2192 | Func:   LH | Latency:  836[1;0m
[1;34m[Core 1] PASS PATTERN NO. 2193 | Func:  BEQ | Latency:  360[1;0m
[1;32m[Core 2] PASS PATTERN NO. 2193 | Func:  BEQ | Latency:    5[1;0m
[1;34m[Core 1] PASS PATTERN NO. 2194 | Func: NAND | Latency:    9[1;0m
[1;32m[Core 2] PASS PATTERN NO. 2194 | Func:   SH | Latency:  376[1;0m
[1;32m[Core 2] PASS PATTERN NO. 2195 | Func:  SUB | Latency:    6[1;0m
[1;34m[Core 1] PASS PATTERN NO. 2195 | Func:  MUL | Latency:  376[1;0m
[1;34m[Core 1] PASS PATTERN NO. 2196 | Func: ADDI | Latency:  316[1;0m
[1;32m[Core 2] PASS PATTERN NO. 2196 | Func:  ADD | Latency:  319[1;0m
[1;32m[Core 2] PASS PATTERN NO. 2197 | Func: SUBI | Latency:    9[1;0m
[1;34m[Core 1] PASS PATTERN NO. 2197 | Func:   LH | Latency:  245[1;0m
[1;34m[Core 1] PASS PATTERN NO. 2198 | Func:  ADD | Latency:    6[1;0m
[1;32m[Core 2] PASS PATTERN NO. 2198 | Func: ADDI | Latency:  242[1;0m
[1;34m[Core 1] PASS PATTERN NO. 2199 | Func:  AND | Latency:    9[1;0m
[1;32m[Core 2] PASS PATTERN NO. 2199 | Func:   LH | Latency:  297[1;0m
[1;33m[Info] Global Memory Check Passed at IC 50-boundary (Snapshot 43)[1;0m
[1;34m[Core 1] PASS PATTERN NO. 2200 | Func:  MUL | Latency:  297[1;0m
[1;32m[Core 2] PASS PATTERN NO. 2200 | Func:   LH | Latency:  206[1;0m
[1;32m[Core 2] PASS PATTERN NO. 2201 | Func:  MUL | Latency:    9[1;0m
[1;34m[Core 1] PASS PATTERN NO. 2201 | Func:   SH | Latency:  362[1;0m
[1;34m[Core 1] PASS PATTERN NO. 2202 | Func:   OR | Latency:    6[1;0m
[1;32m[Core 2] PASS PATTERN NO. 2202 | Func: NAND | Latency:  162[1;0m
[1;34m[Core 1] PASS PATTERN NO. 2203 | Func:  XOR | Latency:    9[1;0m
[1;32m[Core 2] PASS PATTERN NO. 2203 | Func:  SLT | Latency:    9[1;0m
[1;34m[Core 1] PASS PATTERN NO. 2204 | Func:  MUL | Latency:   12[1;0m
[1;32m[Core 2] PASS PATTERN NO. 2204 | Func:   LH | Latency:  348[1;0m
[1;34m[Core 1] PASS PATTERN NO. 2205 | Func: NAND | Latency:  342[1;0m
[1;32m[Core 2] PASS PATTERN NO. 2205 | Func:  SLT | Latency:    6[1;0m
[1;32m[Core 2] PASS PATTERN NO. 2206 | Func:  SLT | Latency:    9[1;0m
[1;34m[Core 1] PASS PATTERN NO. 2206 | Func:   LH | Latency:  336[1;0m
[1;32m[Core 2] PASS PATTERN NO. 2207 | Func:   OR | Latency:  333[1;0m
[1;34m[Core 1] PASS PATTERN NO. 2207 | Func:   SH | Latency:  507[1;0m
[1;32m[Core 2] PASS PATTERN NO. 2208 | Func:  AND | Latency:  507[1;0m
[1;34m[Core 1] PASS PATTERN NO. 2208 | Func:   SH | Latency:  453[1;0m
[1;34m[Core 1] PASS PATTERN NO. 2209 | Func:   OR | Latency:    6[1;0m
[1;32m[Core 2] PASS PATTERN NO. 2209 | Func: SUBI | Latency:  453[1;0m
[1;34m[Core 1] PASS PATTERN NO. 2210 | Func:   OR | Latency:    9[1;0m
[1;32m[Core 2] PASS PATTERN NO. 2210 | Func:  SLT | Latency:    9[1;0m
[1;34m[Core 1] PASS PATTERN NO. 2211 | Func:  SLT | Latency:    9[1;0m
[1;32m[Core 2] PASS PATTERN NO. 2211 | Func: ADDI | Latency:    9[1;0m
[1;34m[Core 1] PASS PATTERN NO. 2212 | Func:   SH | Latency:  344[1;0m
[1;32m[Core 2] PASS PATTERN NO. 2212 | Func:   LH | Latency:  695[1;0m
[1;34m[Core 1] PASS PATTERN NO. 2213 | Func:   LH | Latency:  485[1;0m
[1;32m[Core 2] PASS PATTERN NO. 2213 | Func:   LH | Latency:  590[1;0m
[1;34m[Core 1] PASS PATTERN NO. 2214 | Func:  MUL | Latency:  465[1;0m
[1;32m[Core 2] PASS PATTERN NO. 2214 | Func:   LH | Latency:  182[1;0m
[1;34m[Core 1] PASS PATTERN NO. 2215 | Func:    J | Latency:  178[1;0m
[1;32m[Core 2] PASS PATTERN NO. 2215 | Func:    J | Latency:    5[1;0m
[1;32m[Core 2] PASS PATTERN NO. 2216 | Func:   SH | Latency: 1235[1;0m
[1;34m[Core 1] PASS PATTERN NO. 2216 | Func:   LH | Latency: 1641[1;0m
[1;32m[Core 2] PASS PATTERN NO. 2217 | Func:  XOR | Latency:  412[1;0m
[1;34m[Core 1] PASS PATTERN NO. 2217 | Func:   LH | Latency:  240[1;0m
[1;32m[Core 2] PASS PATTERN NO. 2218 | Func:  XOR | Latency:  240[1;0m
[1;34m[Core 1] PASS PATTERN NO. 2218 | Func:   LH | Latency:  378[1;0m
[1;32m[Core 2] PASS PATTERN NO. 2219 | Func:  MUL | Latency:  381[1;0m
[1;34m[Core 1] PASS PATTERN NO. 2219 | Func:   SH | Latency:  196[1;0m
[1;32m[Core 2] PASS PATTERN NO. 2220 | Func:  ADD | Latency:  193[1;0m
[1;34m[Core 1] PASS PATTERN NO. 2220 | Func:   SH | Latency:  115[1;0m
[1;34m[Core 1] PASS PATTERN NO. 2221 | Func:  SUB | Latency:    6[1;0m
[1;32m[Core 2] PASS PATTERN NO. 2221 | Func:  ADD | Latency:  115[1;0m
[1;34m[Core 1] PASS PATTERN NO. 2222 | Func:  SUB | Latency:    9[1;0m
[1;32m[Core 2] PASS PATTERN NO. 2222 | Func:   LH | Latency:  372[1;0m
[1;34m[Core 1] PASS PATTERN NO. 2223 | Func:  SUB | Latency:  369[1;0m
[1;32m[Core 2] PASS PATTERN NO. 2223 | Func: NAND | Latency:    6[1;0m
[1;32m[Core 2] PASS PATTERN NO. 2224 | Func:  NOR | Latency:    9[1;0m
[1;34m[Core 1] PASS PATTERN NO. 2224 | Func:   SH | Latency:  325[1;0m
[1;34m[Core 1] PASS PATTERN NO. 2225 | Func: NAND | Latency:    6[1;0m
[1;32m[Core 2] PASS PATTERN NO. 2225 | Func:   LH | Latency:  764[1;0m
[1;34m[Core 1] PASS PATTERN NO. 2226 | Func:   LH | Latency:  737[1;0m
[1;32m[Core 2] PASS PATTERN NO. 2226 | Func:   LH | Latency:  624[1;0m
[1;32m[Core 2] PASS PATTERN NO. 2227 | Func:  SUB | Latency:    6[1;0m
[1;34m[Core 1] PASS PATTERN NO. 2227 | Func:  MUL | Latency:  338[1;0m
[1;34m[Core 1] PASS PATTERN NO. 2228 | Func:   LH | Latency: 1497[1;0m
[1;32m[Core 2] PASS PATTERN NO. 2228 | Func:   LH | Latency: 1613[1;0m
[1;34m[Core 1] PASS PATTERN NO. 2229 | Func:  NOR | Latency:  119[1;0m
[1;32m[Core 2] PASS PATTERN NO. 2229 | Func:   LH | Latency:  408[1;0m
[1;34m[Core 1] PASS PATTERN NO. 2230 | Func:   LH | Latency:  697[1;0m
[1;32m[Core 2] PASS PATTERN NO. 2230 | Func:   LH | Latency:  719[1;0m
[1;34m[Core 1] PASS PATTERN NO. 2231 | Func: SUBI | Latency:  430[1;0m
[1;32m[Core 2] PASS PATTERN NO. 2231 | Func:  MUL | Latency:    9[1;0m
[1;34m[Core 1] PASS PATTERN NO. 2232 | Func:  AND | Latency:    9[1;0m
[1;32m[Core 2] PASS PATTERN NO. 2232 | Func:   SH | Latency:  367[1;0m
[1;32m[Core 2] PASS PATTERN NO. 2233 | Func:   SH | Latency:  318[1;0m
[1;34m[Core 1] PASS PATTERN NO. 2233 | Func:   LH | Latency:  922[1;0m
[1;34m[Core 1] PASS PATTERN NO. 2234 | Func:  MUL | Latency:    9[1;0m
[1;32m[Core 2] PASS PATTERN NO. 2234 | Func:   LH | Latency:  625[1;0m
[1;34m[Core 1] PASS PATTERN NO. 2235 | Func:  SUB | Latency:  379[1;0m
[1;32m[Core 2] PASS PATTERN NO. 2235 | Func:   OR | Latency:    6[1;0m
[1;32m[Core 2] PASS PATTERN NO. 2236 | Func:  ADD | Latency:    9[1;0m
[1;34m[Core 1] PASS PATTERN NO. 2236 | Func:   LH | Latency:  344[1;0m
[1;34m[Core 1] PASS PATTERN NO. 2237 | Func:  ADD | Latency:    6[1;0m
[1;32m[Core 2] PASS PATTERN NO. 2237 | Func:  SUB | Latency:  341[1;0m
[1;34m[Core 1] PASS PATTERN NO. 2238 | Func:   OR | Latency:    9[1;0m
[1;32m[Core 2] PASS PATTERN NO. 2238 | Func:  SUB | Latency:    9[1;0m
[1;34m[Core 1] PASS PATTERN NO. 2239 | Func:  MUL | Latency:   12[1;0m
[1;32m[Core 2] PASS PATTERN NO. 2239 | Func:   LH | Latency:  152[1;0m
[1;34m[Core 1] PASS PATTERN NO. 2240 | Func:  SUB | Latency:  146[1;0m
[1;32m[Core 2] PASS PATTERN NO. 2240 | Func:  NOR | Latency:    6[1;0m
[1;32m[Core 2] PASS PATTERN NO. 2241 | Func:  SUB | Latency:    9[1;0m
[1;34m[Core 1] PASS PATTERN NO. 2241 | Func:  MUL | Latency:   12[1;0m
[1;32m[Core 2] PASS PATTERN NO. 2242 | Func:  MUL | Latency:   12[1;0m
[1;34m[Core 1] PASS PATTERN NO. 2242 | Func:   LH | Latency:  414[1;0m
[1;34m[Core 1] PASS PATTERN NO. 2243 | Func:  ADD | Latency:    6[1;0m
[1;32m[Core 2] PASS PATTERN NO. 2243 | Func:   SH | Latency:  543[1;0m
[1;34m[Core 1] PASS PATTERN NO. 2244 | Func:  AND | Latency:  138[1;0m
[1;32m[Core 2] PASS PATTERN NO. 2244 | Func:   LH | Latency:  209[1;0m
[1;34m[Core 1] PASS PATTERN NO. 2245 | Func:  ADD | Latency:  209[1;0m
[1;32m[Core 2] PASS PATTERN NO. 2245 | Func:  MUL | Latency:    9[1;0m
[1;34m[Core 1] PASS PATTERN NO. 2246 | Func:   OR | Latency:    9[1;0m
[1;32m[Core 2] PASS PATTERN NO. 2246 | Func:  AND | Latency:    6[1;0m
[1;32m[Core 2] PASS PATTERN NO. 2247 | Func:   OR | Latency:    9[1;0m
[1;34m[Core 1] PASS PATTERN NO. 2247 | Func:   SH | Latency:  396[1;0m
[1;34m[Core 1] PASS PATTERN NO. 2248 | Func:   OR | Latency:    6[1;0m
[1;32m[Core 2] PASS PATTERN NO. 2248 | Func:  ADD | Latency:  393[1;0m
[1;34m[Core 1] PASS PATTERN NO. 2249 | Func:  AND | Latency:    9[1;0m
[1;32m[Core 2] PASS PATTERN NO. 2249 | Func:   SH | Latency:  196[1;0m
[1;33m[Info] Global Memory Check Passed at IC 50-boundary (Snapshot 44)[1;0m
[1;32m[Core 2] PASS PATTERN NO. 2250 | Func:  NOR | Latency:    6[1;0m
[1;34m[Core 1] PASS PATTERN NO. 2250 | Func:   LH | Latency:  370[1;0m
[1;34m[Core 1] PASS PATTERN NO. 2251 | Func:  NOR | Latency:    6[1;0m
[1;32m[Core 2] PASS PATTERN NO. 2251 | Func: SUBI | Latency:  183[1;0m
[1;34m[Core 1] PASS PATTERN NO. 2252 | Func:  MUL | Latency:   12[1;0m
[1;32m[Core 2] PASS PATTERN NO. 2252 | Func:   SH | Latency:  138[1;0m
[1;32m[Core 2] PASS PATTERN NO. 2253 | Func:  AND | Latency:    6[1;0m
[1;34m[Core 1] PASS PATTERN NO. 2253 | Func:   LH | Latency:  391[1;0m
[1;34m[Core 1] PASS PATTERN NO. 2254 | Func:  SLT | Latency:    6[1;0m
[1;32m[Core 2] PASS PATTERN NO. 2254 | Func:   SH | Latency:  669[1;0m
[1;32m[Core 2] PASS PATTERN NO. 2255 | Func:   OR | Latency:    6[1;0m
[1;34m[Core 1] PASS PATTERN NO. 2255 | Func:   SH | Latency:  615[1;0m
[1;32m[Core 2] PASS PATTERN NO. 2256 | Func:  ADD | Latency:  211[1;0m
[1;34m[Core 1] PASS PATTERN NO. 2256 | Func:   LH | Latency:  323[1;0m
[1;32m[Core 2] PASS PATTERN NO. 2257 | Func:  SLT | Latency:  323[1;0m
[1;34m[Core 1] PASS PATTERN NO. 2257 | Func:   SH | Latency:  161[1;0m
[1;32m[Core 2] PASS PATTERN NO. 2258 | Func: NAND | Latency:  161[1;0m
[1;34m[Core 1] PASS PATTERN NO. 2258 | Func:  MUL | Latency:    9[1;0m
[1;34m[Core 1] PASS PATTERN NO. 2259 | Func:  MUL | Latency:    9[1;0m
[1;32m[Core 2] PASS PATTERN NO. 2259 | Func:  MUL | Latency:   13[1;0m
[1;34m[Core 1] PASS PATTERN NO. 2260 | Func:  ADD | Latency:  975[1;0m
[1;32m[Core 2] PASS PATTERN NO. 2260 | Func:  SLT | Latency:  974[1;0m
[1;34m[Core 1] PASS PATTERN NO. 2261 | Func: SUBI | Latency:    9[1;0m
[1;32m[Core 2] PASS PATTERN NO. 2261 | Func: ADDI | Latency:    9[1;0m
[1;34m[Core 1] PASS PATTERN NO. 2262 | Func:  SLT | Latency:    9[1;0m
[1;32m[Core 2] PASS PATTERN NO. 2262 | Func:   LH | Latency:  447[1;0m
[1;32m[Core 2] PASS PATTERN NO. 2263 | Func:   OR | Latency:    6[1;0m
[1;34m[Core 1] PASS PATTERN NO. 2263 | Func:   LH | Latency:  810[1;0m
[1;34m[Core 1] PASS PATTERN NO. 2264 | Func: ADDI | Latency:    6[1;0m
[1;32m[Core 2] PASS PATTERN NO. 2264 | Func:   SH | Latency:  747[1;0m
[1;34m[Core 1] PASS PATTERN NO. 2265 | Func:  XOR | Latency:  381[1;0m
[1;32m[Core 2] PASS PATTERN NO. 2265 | Func:   SH | Latency:  322[1;0m
[1;34m[Core 1] PASS PATTERN NO. 2266 | Func:   SH | Latency:  541[1;0m
[1;32m[Core 2] PASS PATTERN NO. 2266 | Func:   LH | Latency:  349[1;0m
[1;34m[Core 1] PASS PATTERN NO. 2267 | Func: SUBI | Latency:  130[1;0m
[1;32m[Core 2] PASS PATTERN NO. 2267 | Func:  MUL | Latency:    9[1;0m
[1;34m[Core 1] PASS PATTERN NO. 2268 | Func:   SH | Latency:  497[1;0m
[1;32m[Core 2] PASS PATTERN NO. 2268 | Func:   LH | Latency:  778[1;0m
[1;32m[Core 2] PASS PATTERN NO. 2269 | Func: NAND | Latency:    6[1;0m
[1;34m[Core 1] PASS PATTERN NO. 2269 | Func:  MUL | Latency:  293[1;0m
[1;34m[Core 1] PASS PATTERN NO. 2270 | Func:  ADD | Latency:    6[1;0m
[1;32m[Core 2] PASS PATTERN NO. 2270 | Func: NAND | Latency:    9[1;0m
[1;34m[Core 1] PASS PATTERN NO. 2271 | Func:  ADD | Latency:    9[1;0m
[1;32m[Core 2] PASS PATTERN NO. 2271 | Func:   SH | Latency:  507[1;0m
[1;34m[Core 1] PASS PATTERN NO. 2272 | Func:   SH | Latency:  988[1;0m
[1;32m[Core 2] PASS PATTERN NO. 2272 | Func:   LH | Latency:  868[1;0m
[1;34m[Core 1] PASS PATTERN NO. 2273 | Func:  NOR | Latency:  384[1;0m
[1;32m[Core 2] PASS PATTERN NO. 2273 | Func:   SH | Latency:  401[1;0m
[1;34m[Core 1] PASS PATTERN NO. 2274 | Func:  NOR | Latency:  401[1;0m
[1;32m[Core 2] PASS PATTERN NO. 2274 | Func:  SUB | Latency:    6[1;0m
[1;34m[Core 1] PASS PATTERN NO. 2275 | Func: SUBI | Latency:    9[1;0m
[1;32m[Core 2] PASS PATTERN NO. 2275 | Func:   LH | Latency:  114[1;0m
[1;34m[Core 1] PASS PATTERN NO. 2276 | Func: ADDI | Latency:  111[1;0m
[1;32m[Core 2] PASS PATTERN NO. 2276 | Func:   LH | Latency:  210[1;0m
[1;32m[Core 2] PASS PATTERN NO. 2277 | Func:  XOR | Latency:    6[1;0m
[1;34m[Core 1] PASS PATTERN NO. 2277 | Func:  MUL | Latency:  213[1;0m
[1;34m[Core 1] PASS PATTERN NO. 2278 | Func:   SH | Latency:  267[1;0m
[1;32m[Core 2] PASS PATTERN NO. 2278 | Func:   LH | Latency:  660[1;0m
[1;34m[Core 1] PASS PATTERN NO. 2279 | Func:   OR | Latency:  396[1;0m
[1;32m[Core 2] PASS PATTERN NO. 2279 | Func:   SH | Latency:  378[1;0m
[1;34m[Core 1] PASS PATTERN NO. 2280 | Func:  MUL | Latency:  381[1;0m
[1;32m[Core 2] PASS PATTERN NO. 2280 | Func:  MUL | Latency:   10[1;0m
[1;32m[Core 2] PASS PATTERN NO. 2281 | Func:  MUL | Latency:   11[1;0m
[1;34m[Core 1] PASS PATTERN NO. 2281 | Func:   LH | Latency:  235[1;0m
[1;34m[Core 1] PASS PATTERN NO. 2282 | Func:  AND | Latency:    6[1;0m
[1;32m[Core 2] PASS PATTERN NO. 2282 | Func:   LH | Latency:  581[1;0m
[1;34m[Core 1] PASS PATTERN NO. 2283 | Func:  AND | Latency:  358[1;0m
[1;32m[Core 2] PASS PATTERN NO. 2283 | Func:   SH | Latency:  460[1;0m
[1;34m[Core 1] PASS PATTERN NO. 2284 | Func:  XOR | Latency:  460[1;0m
[1;32m[Core 2] PASS PATTERN NO. 2284 | Func:   LH | Latency:  247[1;0m
[1;34m[Core 1] PASS PATTERN NO. 2285 | Func:   SH | Latency:  393[1;0m
[1;32m[Core 2] PASS PATTERN NO. 2285 | Func:   LH | Latency:  377[1;0m
[1;34m[Core 1] PASS PATTERN NO. 2286 | Func: NAND | Latency:  231[1;0m
[1;32m[Core 2] PASS PATTERN NO. 2286 | Func:   LH | Latency:  150[1;0m
[1;32m[Core 2] PASS PATTERN NO. 2287 | Func:  NOR | Latency:    6[1;0m
[1;34m[Core 1] PASS PATTERN NO. 2287 | Func:   LH | Latency:  381[1;0m
[1;34m[Core 1] PASS PATTERN NO. 2288 | Func:  SLT | Latency:    6[1;0m
[1;32m[Core 2] PASS PATTERN NO. 2288 | Func:  XOR | Latency:  237[1;0m
[1;34m[Core 1] PASS PATTERN NO. 2289 | Func:  NOR | Latency:    9[1;0m
[1;32m[Core 2] PASS PATTERN NO. 2289 | Func: SUBI | Latency:    9[1;0m
[1;32m[Core 2] PASS PATTERN NO. 2290 | Func: SUBI | Latency:    9[1;0m
[1;34m[Core 1] PASS PATTERN NO. 2290 | Func:   LH | Latency:  182[1;0m
[1;32m[Core 2] PASS PATTERN NO. 2291 | Func:  MUL | Latency:  182[1;0m
[1;34m[Core 1] PASS PATTERN NO. 2291 | Func:   LH | Latency:  209[1;0m
[1;34m[Core 1] PASS PATTERN NO. 2292 | Func: NAND | Latency:  459[1;0m
[1;32m[Core 2] PASS PATTERN NO. 2292 | Func: ADDI | Latency:  659[1;0m
[1;34m[Core 1] PASS PATTERN NO. 2293 | Func:  SUB | Latency:    9[1;0m
[1;32m[Core 2] PASS PATTERN NO. 2293 | Func: SUBI | Latency:    9[1;0m
[1;32m[Core 2] PASS PATTERN NO. 2294 | Func:  MUL | Latency:   12[1;0m
[1;34m[Core 1] PASS PATTERN NO. 2294 | Func:   SH | Latency:  442[1;0m
[1;34m[Core 1] PASS PATTERN NO. 2295 | Func:   OR | Latency:    6[1;0m
[1;32m[Core 2] PASS PATTERN NO. 2295 | Func:   SH | Latency:  754[1;0m
[1;34m[Core 1] PASS PATTERN NO. 2296 | Func: SUBI | Latency:  324[1;0m
[1;32m[Core 2] PASS PATTERN NO. 2296 | Func:   SH | Latency:  358[1;0m
[1;32m[Core 2] PASS PATTERN NO. 2297 | Func: ADDI | Latency:    6[1;0m
[1;34m[Core 1] PASS PATTERN NO. 2297 | Func:   SH | Latency:  566[1;0m
[1;34m[Core 1] PASS PATTERN NO. 2298 | Func:  SLT | Latency:    6[1;0m
[1;32m[Core 2] PASS PATTERN NO. 2298 | Func:   SH | Latency:  647[1;0m
[1;34m[Core 1] PASS PATTERN NO. 2299 | Func:  SUB | Latency:  439[1;0m
[1;32m[Core 2] PASS PATTERN NO. 2299 | Func:  SUB | Latency:    6[1;0m
[1;33m[Info] Global Memory Check Passed at IC 50-boundary (Snapshot 45)[1;0m
[1;32m[Core 2] PASS PATTERN NO. 2300 | Func:  ADD | Latency:    9[1;0m
[1;34m[Core 1] PASS PATTERN NO. 2300 | Func:   LH | Latency:  251[1;0m
[1;34m[Core 1] PASS PATTERN NO. 2301 | Func: ADDI | Latency:    6[1;0m
[1;32m[Core 2] PASS PATTERN NO. 2301 | Func:   OR | Latency:  248[1;0m
[1;34m[Core 1] PASS PATTERN NO. 2302 | Func:  SUB | Latency:    9[1;0m
[1;32m[Core 2] PASS PATTERN NO. 2302 | Func:   LH | Latency:  504[1;0m
[1;34m[Core 1] PASS PATTERN NO. 2303 | Func:  ADD | Latency:  501[1;0m
[1;32m[Core 2] PASS PATTERN NO. 2303 | Func:   SH | Latency:  158[1;0m
[1;34m[Core 1] PASS PATTERN NO. 2304 | Func:   SH | Latency:  458[1;0m
[1;32m[Core 2] PASS PATTERN NO. 2304 | Func:   LH | Latency:  680[1;0m
[1;34m[Core 1] PASS PATTERN NO. 2305 | Func: SUBI | Latency:  380[1;0m
[1;32m[Core 2] PASS PATTERN NO. 2305 | Func: ADDI | Latency:    6[1;0m
[1;34m[Core 1] PASS PATTERN NO. 2306 | Func: SUBI | Latency:    9[1;0m
[1;32m[Core 2] PASS PATTERN NO. 2306 | Func:   LH | Latency:  174[1;0m
[1;34m[Core 1] PASS PATTERN NO. 2307 | Func: NAND | Latency:  171[1;0m
[1;32m[Core 2] PASS PATTERN NO. 2307 | Func:  NOR | Latency:    6[1;0m
[1;32m[Core 2] PASS PATTERN NO. 2308 | Func: NAND | Latency:    9[1;0m
[1;34m[Core 1] PASS PATTERN NO. 2308 | Func:   SH | Latency:  329[1;0m
[1;34m[Core 1] PASS PATTERN NO. 2309 | Func: ADDI | Latency:    6[1;0m
[1;32m[Core 2] PASS PATTERN NO. 2309 | Func:  SUB | Latency:  326[1;0m
[1;34m[Core 1] PASS PATTERN NO. 2310 | Func: SUBI | Latency:    9[1;0m
[1;32m[Core 2] PASS PATTERN NO. 2310 | Func:   SH | Latency:  208[1;0m
[1;34m[Core 1] PASS PATTERN NO. 2311 | Func: ADDI | Latency:  205[1;0m
[1;32m[Core 2] PASS PATTERN NO. 2311 | Func: NAND | Latency:    6[1;0m
[1;32m[Core 2] PASS PATTERN NO. 2312 | Func:  AND | Latency:    9[1;0m
[1;34m[Core 1] PASS PATTERN NO. 2312 | Func:   LH | Latency:  192[1;0m
[1;34m[Core 1] PASS PATTERN NO. 2313 | Func: ADDI | Latency:    6[1;0m
[1;32m[Core 2] PASS PATTERN NO. 2313 | Func: SUBI | Latency:  189[1;0m
[1;34m[Core 1] PASS PATTERN NO. 2314 | Func: ADDI | Latency:    9[1;0m
[1;32m[Core 2] PASS PATTERN NO. 2314 | Func: SUBI | Latency:    9[1;0m
[1;34m[Core 1] PASS PATTERN NO. 2315 | Func:  SUB | Latency:    9[1;0m
[1;32m[Core 2] PASS PATTERN NO. 2315 | Func: ADDI | Latency:    9[1;0m
[1;34m[Core 1] PASS PATTERN NO. 2316 | Func:  XOR | Latency:    9[1;0m
[1;32m[Core 2] PASS PATTERN NO. 2316 | Func:  NOR | Latency:    9[1;0m
[1;34m[Core 1] PASS PATTERN NO. 2317 | Func: SUBI | Latency:    9[1;0m
[1;32m[Core 2] PASS PATTERN NO. 2317 | Func: ADDI | Latency:    9[1;0m
[1;32m[Core 2] PASS PATTERN NO. 2318 | Func: NAND | Latency:    9[1;0m
[1;34m[Core 1] PASS PATTERN NO. 2318 | Func:  MUL | Latency:   12[1;0m
[1;34m[Core 1] PASS PATTERN NO. 2319 | Func:    J | Latency:    5[1;0m
[1;32m[Core 2] PASS PATTERN NO. 2319 | Func:    J | Latency:    8[1;0m
[1;32m[Core 2] PASS PATTERN NO. 2320 | Func:  XOR | Latency:  753[1;0m
[1;34m[Core 1] PASS PATTERN NO. 2320 | Func:   LH | Latency: 1150[1;0m
[1;34m[Core 1] PASS PATTERN NO. 2321 | Func:  SUB | Latency:    6[1;0m
[1;32m[Core 2] PASS PATTERN NO. 2321 | Func:   OR | Latency:  403[1;0m
[1;32m[Core 2] PASS PATTERN NO. 2322 | Func:  XOR | Latency:    9[1;0m
[1;34m[Core 1] PASS PATTERN NO. 2322 | Func:   SH | Latency:  364[1;0m
[1;34m[Core 1] PASS PATTERN NO. 2323 | Func:   SH | Latency:  456[1;0m
[1;32m[Core 2] PASS PATTERN NO. 2323 | Func:   LH | Latency:  975[1;0m
[1;34m[Core 1] PASS PATTERN NO. 2324 | Func:  SLT | Latency:  170[1;0m
[1;32m[Core 2] PASS PATTERN NO. 2324 | Func:  ADD | Latency:    6[1;0m
[1;34m[Core 1] PASS PATTERN NO. 2325 | Func:  ADD | Latency:    9[1;0m
[1;32m[Core 2] PASS PATTERN NO. 2325 | Func:   SH | Latency:  257[1;0m
[1;32m[Core 2] PASS PATTERN NO. 2326 | Func: SUBI | Latency:    6[1;0m
[1;34m[Core 1] PASS PATTERN NO. 2326 | Func:   LH | Latency:  517[1;0m
[1;34m[Core 1] PASS PATTERN NO. 2327 | Func:  SLT | Latency:    6[1;0m
[1;32m[Core 2] PASS PATTERN NO. 2327 | Func:  AND | Latency:  269[1;0m
[1;34m[Core 1] PASS PATTERN NO. 2328 | Func:  AND | Latency:    9[1;0m
[1;32m[Core 2] PASS PATTERN NO. 2328 | Func:   LH | Latency:  358[1;0m
[1;34m[Core 1] PASS PATTERN NO. 2329 | Func:  SLT | Latency:  355[1;0m
[1;32m[Core 2] PASS PATTERN NO. 2329 | Func:   SH | Latency:  254[1;0m
[1;34m[Core 1] PASS PATTERN NO. 2330 | Func:   SH | Latency:  411[1;0m
[1;32m[Core 2] PASS PATTERN NO. 2330 | Func:   LH | Latency:  295[1;0m
[1;34m[Core 1] PASS PATTERN NO. 2331 | Func: SUBI | Latency:  138[1;0m
[1;32m[Core 2] PASS PATTERN NO. 2331 | Func:   SH | Latency:  323[1;0m
[1;34m[Core 1] PASS PATTERN NO. 2332 | Func:  SLT | Latency:  323[1;0m
[1;32m[Core 2] PASS PATTERN NO. 2332 | Func:  XOR | Latency:    6[1;0m
[1;34m[Core 1] PASS PATTERN NO. 2333 | Func:  ADD | Latency:    9[1;0m
[1;32m[Core 2] PASS PATTERN NO. 2333 | Func:  XOR | Latency:    9[1;0m
[1;34m[Core 1] PASS PATTERN NO. 2334 | Func:   OR | Latency:    9[1;0m
[1;32m[Core 2] PASS PATTERN NO. 2334 | Func:  ADD | Latency:    9[1;0m
[1;32m[Core 2] PASS PATTERN NO. 2335 | Func: ADDI | Latency:    9[1;0m
[1;34m[Core 1] PASS PATTERN NO. 2335 | Func:  MUL | Latency:   12[1;0m
[1;32m[Core 2] PASS PATTERN NO. 2336 | Func:  MUL | Latency:   12[1;0m
[1;34m[Core 1] PASS PATTERN NO. 2336 | Func:   SH | Latency:  241[1;0m
[1;34m[Core 1] PASS PATTERN NO. 2337 | Func:   OR | Latency:    6[1;0m
[1;32m[Core 2] PASS PATTERN NO. 2337 | Func:  SUB | Latency:  238[1;0m
[1;34m[Core 1] PASS PATTERN NO. 2338 | Func:  SLT | Latency:    9[1;0m
[1;32m[Core 2] PASS PATTERN NO. 2338 | Func:  AND | Latency:    9[1;0m
[1;34m[Core 1] PASS PATTERN NO. 2339 | Func:  AND | Latency:    9[1;0m
[1;32m[Core 2] PASS PATTERN NO. 2339 | Func: ADDI | Latency:    9[1;0m
[1;34m[Core 1] PASS PATTERN NO. 2340 | Func:  MUL | Latency:   12[1;0m
[1;32m[Core 2] PASS PATTERN NO. 2340 | Func:   LH | Latency:  348[1;0m
[1;32m[Core 2] PASS PATTERN NO. 2341 | Func:  ADD | Latency:    6[1;0m
[1;34m[Core 1] PASS PATTERN NO. 2341 | Func:   LH | Latency:  626[1;0m
[1;34m[Core 1] PASS PATTERN NO. 2342 | Func:  MUL | Latency:    9[1;0m
[1;32m[Core 2] PASS PATTERN NO. 2342 | Func:   SH | Latency:  477[1;0m
[1;34m[Core 1] PASS PATTERN NO. 2343 | Func: SUBI | Latency:  190[1;0m
[1;32m[Core 2] PASS PATTERN NO. 2343 | Func:  SUB | Latency:    6[1;0m
[1;34m[Core 1] PASS PATTERN NO. 2344 | Func:   OR | Latency:    9[1;0m
[1;32m[Core 2] PASS PATTERN NO. 2344 | Func:   LH | Latency:  339[1;0m
[1;32m[Core 2] PASS PATTERN NO. 2345 | Func:  AND | Latency:    6[1;0m
[1;34m[Core 1] PASS PATTERN NO. 2345 | Func:   SH | Latency:  729[1;0m
[1;32m[Core 2] PASS PATTERN NO. 2346 | Func: ADDI | Latency:  399[1;0m
[1;34m[Core 1] PASS PATTERN NO. 2346 | Func:  MUL | Latency:    9[1;0m
[1;34m[Core 1] PASS PATTERN NO. 2347 | Func: ADDI | Latency:    6[1;0m
[1;32m[Core 2] PASS PATTERN NO. 2347 | Func:   LH | Latency:  341[1;0m
[1;34m[Core 1] PASS PATTERN NO. 2348 | Func:  SUB | Latency:  338[1;0m
[1;32m[Core 2] PASS PATTERN NO. 2348 | Func:  XOR | Latency:    6[1;0m
[1;34m[Core 1] PASS PATTERN NO. 2349 | Func:  XOR | Latency:    9[1;0m
[1;32m[Core 2] PASS PATTERN NO. 2349 | Func:  MUL | Latency:   12[1;0m
[1;33m[Info] Global Memory Check Passed at IC 50-boundary (Snapshot 46)[1;0m
[1;34m[Core 1] PASS PATTERN NO. 2350 | Func: SUBI | Latency:    9[1;0m
[1;32m[Core 2] PASS PATTERN NO. 2350 | Func:   SH | Latency:  165[1;0m
[1;34m[Core 1] PASS PATTERN NO. 2351 | Func:  ADD | Latency:  165[1;0m
[1;32m[Core 2] PASS PATTERN NO. 2351 | Func:   LH | Latency:  346[1;0m
[1;32m[Core 2] PASS PATTERN NO. 2352 | Func: NAND | Latency:  527[1;0m
[1;34m[Core 1] PASS PATTERN NO. 2352 | Func:   SH | Latency: 1198[1;0m
[1;34m[Core 1] PASS PATTERN NO. 2353 | Func:  SLT | Latency:    6[1;0m
[1;32m[Core 2] PASS PATTERN NO. 2353 | Func:  MUL | Latency:  340[1;0m
[1;34m[Core 1] PASS PATTERN NO. 2354 | Func: SUBI | Latency:    9[1;0m
[1;32m[Core 2] PASS PATTERN NO. 2354 | Func:  SLT | Latency:    6[1;0m
[1;34m[Core 1] PASS PATTERN NO. 2355 | Func:  SLT | Latency:    9[1;0m
[1;32m[Core 2] PASS PATTERN NO. 2355 | Func: NAND | Latency:    9[1;0m
[1;34m[Core 1] PASS PATTERN NO. 2356 | Func:  ADD | Latency:    9[1;0m
[1;32m[Core 2] PASS PATTERN NO. 2356 | Func:  NOR | Latency:    9[1;0m
[1;32m[Core 2] PASS PATTERN NO. 2357 | Func:   OR | Latency:    9[1;0m
[1;34m[Core 1] PASS PATTERN NO. 2357 | Func:   SH | Latency:  441[1;0m
[1;34m[Core 1] PASS PATTERN NO. 2358 | Func: NAND | Latency:    6[1;0m
[1;32m[Core 2] PASS PATTERN NO. 2358 | Func: ADDI | Latency:  438[1;0m
[1;32m[Core 2] PASS PATTERN NO. 2359 | Func:  ADD | Latency:    9[1;0m
[1;34m[Core 1] PASS PATTERN NO. 2359 | Func:   SH | Latency:  375[1;0m
[1;32m[Core 2] PASS PATTERN NO. 2360 | Func: ADDI | Latency:  372[1;0m
[1;34m[Core 1] PASS PATTERN NO. 2360 | Func:  MUL | Latency:    9[1;0m
[1;34m[Core 1] PASS PATTERN NO. 2361 | Func:  AND | Latency:    6[1;0m
[1;32m[Core 2] PASS PATTERN NO. 2361 | Func:  NOR | Latency:    9[1;0m
[1;34m[Core 1] PASS PATTERN NO. 2362 | Func: SUBI | Latency:    9[1;0m
[1;32m[Core 2] PASS PATTERN NO. 2362 | Func: SUBI | Latency:    9[1;0m
[1;34m[Core 1] PASS PATTERN NO. 2363 | Func:  NOR | Latency:    9[1;0m
[1;32m[Core 2] PASS PATTERN NO. 2363 | Func: ADDI | Latency:    9[1;0m
[1;34m[Core 1] PASS PATTERN NO. 2364 | Func: SUBI | Latency:    9[1;0m
[1;32m[Core 2] PASS PATTERN NO. 2364 | Func:  MUL | Latency:   12[1;0m
[1;32m[Core 2] PASS PATTERN NO. 2365 | Func:  SLT | Latency:    6[1;0m
[1;34m[Core 1] PASS PATTERN NO. 2365 | Func:   LH | Latency:  160[1;0m
[1;34m[Core 1] PASS PATTERN NO. 2366 | Func:   OR | Latency:    6[1;0m
[1;32m[Core 2] PASS PATTERN NO. 2366 | Func:  XOR | Latency:  157[1;0m
[1;34m[Core 1] PASS PATTERN NO. 2367 | Func:  NOR | Latency:    9[1;0m
[1;32m[Core 2] PASS PATTERN NO. 2367 | Func:   OR | Latency:    9[1;0m
[1;34m[Core 1] PASS PATTERN NO. 2368 | Func:  SUB | Latency:    9[1;0m
[1;32m[Core 2] PASS PATTERN NO. 2368 | Func:   SH | Latency:  324[1;0m
[1;34m[Core 1] PASS PATTERN NO. 2369 | Func:   OR | Latency:  321[1;0m
[1;32m[Core 2] PASS PATTERN NO. 2369 | Func:  XOR | Latency:    6[1;0m
[1;32m[Core 2] PASS PATTERN NO. 2370 | Func: SUBI | Latency:    9[1;0m
[1;34m[Core 1] PASS PATTERN NO. 2370 | Func:   LH | Latency:  338[1;0m
[1;34m[Core 1] PASS PATTERN NO. 2371 | Func: ADDI | Latency:    6[1;0m
[1;32m[Core 2] PASS PATTERN NO. 2371 | Func:   LH | Latency:  721[1;0m
[1;34m[Core 1] PASS PATTERN NO. 2372 | Func: ADDI | Latency:  392[1;0m
[1;32m[Core 2] PASS PATTERN NO. 2372 | Func:  XOR | Latency:    6[1;0m
[1;32m[Core 2] PASS PATTERN NO. 2373 | Func: NAND | Latency:    9[1;0m
[1;34m[Core 1] PASS PATTERN NO. 2373 | Func:  MUL | Latency:   12[1;0m
[1;34m[Core 1] PASS PATTERN NO. 2374 | Func:   SH | Latency:  172[1;0m
[1;32m[Core 2] PASS PATTERN NO. 2374 | Func:   LH | Latency:  402[1;0m
[1;34m[Core 1] PASS PATTERN NO. 2375 | Func: NAND | Latency:  233[1;0m
[1;32m[Core 2] PASS PATTERN NO. 2375 | Func:  XOR | Latency:    6[1;0m
[1;32m[Core 2] PASS PATTERN NO. 2376 | Func: NAND | Latency:    9[1;0m
[1;34m[Core 1] PASS PATTERN NO. 2376 | Func:   SH | Latency:  128[1;0m
[1;34m[Core 1] PASS PATTERN NO. 2377 | Func:  ADD | Latency:    6[1;0m
[1;32m[Core 2] PASS PATTERN NO. 2377 | Func:  XOR | Latency:  125[1;0m
[1;32m[Core 2] PASS PATTERN NO. 2378 | Func: ADDI | Latency:    9[1;0m
[1;34m[Core 1] PASS PATTERN NO. 2378 | Func:   LH | Latency:  263[1;0m
[1;32m[Core 2] PASS PATTERN NO. 2379 | Func:   OR | Latency:  260[1;0m
[1;34m[Core 1] PASS PATTERN NO. 2379 | Func:   SH | Latency:  475[1;0m
[1;32m[Core 2] PASS PATTERN NO. 2380 | Func:  XOR | Latency:  475[1;0m
[1;34m[Core 1] PASS PATTERN NO. 2380 | Func:  MUL | Latency:    9[1;0m
[1;34m[Core 1] PASS PATTERN NO. 2381 | Func: NAND | Latency:    6[1;0m
[1;32m[Core 2] PASS PATTERN NO. 2381 | Func: NAND | Latency:    9[1;0m
[1;34m[Core 1] PASS PATTERN NO. 2382 | Func:  XOR | Latency:    9[1;0m
[1;32m[Core 2] PASS PATTERN NO. 2382 | Func:  NOR | Latency:    9[1;0m
[1;32m[Core 2] PASS PATTERN NO. 2383 | Func: ADDI | Latency:    9[1;0m
[1;34m[Core 1] PASS PATTERN NO. 2383 | Func:  MUL | Latency:   12[1;0m
[1;34m[Core 1] PASS PATTERN NO. 2384 | Func:   SH | Latency:  801[1;0m
[1;32m[Core 2] PASS PATTERN NO. 2384 | Func:   LH | Latency:  937[1;0m
[1;32m[Core 2] PASS PATTERN NO. 2385 | Func: ADDI | Latency:    6[1;0m
[1;34m[Core 1] PASS PATTERN NO. 2385 | Func:   LH | Latency:  579[1;0m
[1;34m[Core 1] PASS PATTERN NO. 2386 | Func: ADDI | Latency:    6[1;0m
[1;32m[Core 2] PASS PATTERN NO. 2386 | Func: ADDI | Latency:  446[1;0m
[1;32m[Core 2] PASS PATTERN NO. 2387 | Func:  SUB | Latency:    9[1;0m
[1;34m[Core 1] PASS PATTERN NO. 2387 | Func:  MUL | Latency:   12[1;0m
[1;34m[Core 1] PASS PATTERN NO. 2388 | Func:   SH | Latency:  464[1;0m
[1;32m[Core 2] PASS PATTERN NO. 2388 | Func:   LH | Latency:  868[1;0m
[1;32m[Core 2] PASS PATTERN NO. 2389 | Func:  ADD | Latency:    6[1;0m
[1;34m[Core 1] PASS PATTERN NO. 2389 | Func:   LH | Latency:  888[1;0m
[1;34m[Core 1] PASS PATTERN NO. 2390 | Func: ADDI | Latency:    6[1;0m
[1;32m[Core 2] PASS PATTERN NO. 2390 | Func:  XOR | Latency:  487[1;0m
[1;34m[Core 1] PASS PATTERN NO. 2391 | Func:  SLT | Latency:    9[1;0m
[1;32m[Core 2] PASS PATTERN NO. 2391 | Func:   OR | Latency:    9[1;0m
[1;34m[Core 1] PASS PATTERN NO. 2392 | Func:   OR | Latency:    9[1;0m
[1;32m[Core 2] PASS PATTERN NO. 2392 | Func:   LH | Latency:  389[1;0m
[1;32m[Core 2] PASS PATTERN NO. 2393 | Func:  NOR | Latency:    6[1;0m
[1;34m[Core 1] PASS PATTERN NO. 2393 | Func:   SH | Latency:  694[1;0m
[1;34m[Core 1] PASS PATTERN NO. 2394 | Func: ADDI | Latency:    6[1;0m
[1;32m[Core 2] PASS PATTERN NO. 2394 | Func:  AND | Latency:  314[1;0m
[1;32m[Core 2] PASS PATTERN NO. 2395 | Func:   SH | Latency:  412[1;0m
[1;34m[Core 1] PASS PATTERN NO. 2395 | Func:   LH | Latency:  570[1;0m
[1;34m[Core 1] PASS PATTERN NO. 2396 | Func:  AND | Latency:    6[1;0m
[1;32m[Core 2] PASS PATTERN NO. 2396 | Func:  AND | Latency:  164[1;0m
[1;32m[Core 2] PASS PATTERN NO. 2397 | Func:  NOR | Latency:    9[1;0m
[1;34m[Core 1] PASS PATTERN NO. 2397 | Func:   LH | Latency:  415[1;0m
[1;32m[Core 2] PASS PATTERN NO. 2398 | Func:  SUB | Latency:  412[1;0m
[1;34m[Core 1] PASS PATTERN NO. 2398 | Func:   SH | Latency:  439[1;0m
[1;34m[Core 1] PASS PATTERN NO. 2399 | Func: NAND | Latency:    6[1;0m
[1;32m[Core 2] PASS PATTERN NO. 2399 | Func: SUBI | Latency:  439[1;0m
[1;33m[Info] Global Memory Check Passed at IC 50-boundary (Snapshot 47)[1;0m
[1;34m[Core 1] PASS PATTERN NO. 2400 | Func:   SH | Latency:  263[1;0m
[1;32m[Core 2] PASS PATTERN NO. 2400 | Func:   LH | Latency:  435[1;0m
[1;32m[Core 2] PASS PATTERN NO. 2401 | Func:   OR | Latency:    6[1;0m
[1;34m[Core 1] PASS PATTERN NO. 2401 | Func:  MUL | Latency:  181[1;0m
[1;32m[Core 2] PASS PATTERN NO. 2402 | Func:  XOR | Latency:    9[1;0m
[1;34m[Core 1] PASS PATTERN NO. 2402 | Func:   LH | Latency:  195[1;0m
[1;34m[Core 1] PASS PATTERN NO. 2403 | Func: SUBI | Latency:    6[1;0m
[1;32m[Core 2] PASS PATTERN NO. 2403 | Func:   LH | Latency:  501[1;0m
[1;32m[Core 2] PASS PATTERN NO. 2404 | Func: SUBI | Latency:    6[1;0m
[1;34m[Core 1] PASS PATTERN NO. 2404 | Func:  MUL | Latency:  315[1;0m
[1;34m[Core 1] PASS PATTERN NO. 2405 | Func:  ADD | Latency:    6[1;0m
[1;32m[Core 2] PASS PATTERN NO. 2405 | Func:   SH | Latency:  273[1;0m
[1;32m[Core 2] PASS PATTERN NO. 2406 | Func:  ADD | Latency:    6[1;0m
[1;34m[Core 1] PASS PATTERN NO. 2406 | Func:   LH | Latency:  470[1;0m
[1;34m[Core 1] PASS PATTERN NO. 2407 | Func:  MUL | Latency:    9[1;0m
[1;32m[Core 2] PASS PATTERN NO. 2407 | Func:   LH | Latency:  434[1;0m
[1;32m[Core 2] PASS PATTERN NO. 2408 | Func:  AND | Latency:    6[1;0m
[1;34m[Core 1] PASS PATTERN NO. 2408 | Func:   LH | Latency:  458[1;0m
[1;34m[Core 1] PASS PATTERN NO. 2409 | Func: ADDI | Latency:    6[1;0m
[1;32m[Core 2] PASS PATTERN NO. 2409 | Func:   LH | Latency:  490[1;0m
[1;34m[Core 1] PASS PATTERN NO. 2410 | Func:   SH | Latency:  391[1;0m
[1;32m[Core 2] PASS PATTERN NO. 2410 | Func:   LH | Latency:  629[1;0m
[1;34m[Core 1] PASS PATTERN NO. 2411 | Func: ADDI | Latency:  501[1;0m
[1;32m[Core 2] PASS PATTERN NO. 2411 | Func:   SH | Latency:  423[1;0m
[1;34m[Core 1] PASS PATTERN NO. 2412 | Func:  SUB | Latency:  423[1;0m
[1;32m[Core 2] PASS PATTERN NO. 2412 | Func: SUBI | Latency:    6[1;0m
[1;34m[Core 1] PASS PATTERN NO. 2413 | Func:   OR | Latency:    9[1;0m
[1;32m[Core 2] PASS PATTERN NO. 2413 | Func: ADDI | Latency:    9[1;0m
[1;34m[Core 1] PASS PATTERN NO. 2414 | Func: ADDI | Latency:    9[1;0m
[1;32m[Core 2] PASS PATTERN NO. 2414 | Func: ADDI | Latency:    9[1;0m
[1;32m[Core 2] PASS PATTERN NO. 2415 | Func:  MUL | Latency:   12[1;0m
[1;34m[Core 1] PASS PATTERN NO. 2415 | Func:   LH | Latency:  278[1;0m
[1;34m[Core 1] PASS PATTERN NO. 2416 | Func:  SUB | Latency:  228[1;0m
[1;32m[Core 2] PASS PATTERN NO. 2416 | Func:   LH | Latency:  781[1;0m
[1;32m[Core 2] PASS PATTERN NO. 2417 | Func:  AND | Latency:    6[1;0m
[1;34m[Core 1] PASS PATTERN NO. 2417 | Func:  MUL | Latency:  296[1;0m
[1;34m[Core 1] PASS PATTERN NO. 2418 | Func: NAND | Latency:    6[1;0m
[1;32m[Core 2] PASS PATTERN NO. 2418 | Func:  XOR | Latency:    9[1;0m
[1;34m[Core 1] PASS PATTERN NO. 2419 | Func: ADDI | Latency:    9[1;0m
[1;32m[Core 2] PASS PATTERN NO. 2419 | Func: ADDI | Latency:    9[1;0m
[1;32m[Core 2] PASS PATTERN NO. 2420 | Func: SUBI | Latency:    9[1;0m
[1;34m[Core 1] PASS PATTERN NO. 2420 | Func:   LH | Latency:  305[1;0m
[1;32m[Core 2] PASS PATTERN NO. 2421 | Func:  XOR | Latency:  302[1;0m
[1;34m[Core 1] PASS PATTERN NO. 2421 | Func:   SH | Latency:  471[1;0m
[1;32m[Core 2] PASS PATTERN NO. 2422 | Func:   SH | Latency:  869[1;0m
[1;34m[Core 1] PASS PATTERN NO. 2422 | Func:   LH | Latency:  821[1;0m
[1;32m[Core 2] PASS PATTERN NO. 2423 | Func:   SH | Latency:  899[1;0m
[1;34m[Core 1] PASS PATTERN NO. 2423 | Func:   LH | Latency:  624[1;0m
[1;34m[Core 1] PASS PATTERN NO. 2424 | Func:  NOR | Latency:    6[1;0m
[1;32m[Core 2] PASS PATTERN NO. 2424 | Func:  SLT | Latency:  148[1;0m
[1;34m[Core 1] PASS PATTERN NO. 2425 | Func:  ADD | Latency:    9[1;0m
[1;32m[Core 2] PASS PATTERN NO. 2425 | Func:  XOR | Latency:    9[1;0m
[1;34m[Core 1] PASS PATTERN NO. 2426 | Func:  XOR | Latency:    9[1;0m
[1;32m[Core 2] PASS PATTERN NO. 2426 | Func:  MUL | Latency:   12[1;0m
[1;34m[Core 1] PASS PATTERN NO. 2427 | Func:  SUB | Latency:    9[1;0m
[1;32m[Core 2] PASS PATTERN NO. 2427 | Func: NAND | Latency:    6[1;0m
[1;34m[Core 1] PASS PATTERN NO. 2428 | Func:  SLT | Latency:    9[1;0m
[1;32m[Core 2] PASS PATTERN NO. 2428 | Func:  NOR | Latency:    9[1;0m
[1;34m[Core 1] PASS PATTERN NO. 2429 | Func:  AND | Latency:    9[1;0m
[1;32m[Core 2] PASS PATTERN NO. 2429 | Func:  MUL | Latency:   12[1;0m
[1;34m[Core 1] PASS PATTERN NO. 2430 | Func:   LH | Latency:  415[1;0m
[1;32m[Core 2] PASS PATTERN NO. 2430 | Func:   LH | Latency:  847[1;0m
[1;34m[Core 1] PASS PATTERN NO. 2431 | Func: SUBI | Latency:  441[1;0m
[1;32m[Core 2] PASS PATTERN NO. 2431 | Func:  SUB | Latency:    6[1;0m
[1;34m[Core 1] PASS PATTERN NO. 2432 | Func:  NOR | Latency:    9[1;0m
[1;32m[Core 2] PASS PATTERN NO. 2432 | Func:  SUB | Latency:    9[1;0m
[1;34m[Core 1] PASS PATTERN NO. 2433 | Func: SUBI | Latency:    9[1;0m
[1;32m[Core 2] PASS PATTERN NO. 2433 | Func:  XOR | Latency:    9[1;0m
[1;34m[Core 1] PASS PATTERN NO. 2434 | Func: SUBI | Latency:    9[1;0m
[1;32m[Core 2] PASS PATTERN NO. 2434 | Func:  AND | Latency:    9[1;0m
[1;32m[Core 2] PASS PATTERN NO. 2435 | Func:   OR | Latency:    9[1;0m
[1;34m[Core 1] PASS PATTERN NO. 2435 | Func:   SH | Latency:  352[1;0m
[1;34m[Core 1] PASS PATTERN NO. 2436 | Func: NAND | Latency:    6[1;0m
[1;32m[Core 2] PASS PATTERN NO. 2436 | Func: NAND | Latency:  349[1;0m
[1;34m[Core 1] PASS PATTERN NO. 2437 | Func:  SLT | Latency:    9[1;0m
[1;32m[Core 2] PASS PATTERN NO. 2437 | Func: ADDI | Latency:    9[1;0m
[1;34m[Core 1] PASS PATTERN NO. 2438 | Func:  AND | Latency:    9[1;0m
[1;32m[Core 2] PASS PATTERN NO. 2438 | Func:  ADD | Latency:    9[1;0m
[1;32m[Core 2] PASS PATTERN NO. 2439 | Func:  XOR | Latency:    9[1;0m
[1;34m[Core 1] PASS PATTERN NO. 2439 | Func:   LH | Latency:  489[1;0m
[1;34m[Core 1] PASS PATTERN NO. 2440 | Func:  XOR | Latency:    6[1;0m
[1;32m[Core 2] PASS PATTERN NO. 2440 | Func:   LH | Latency:  907[1;0m
[1;32m[Core 2] PASS PATTERN NO. 2441 | Func:   OR | Latency:    6[1;0m
[1;34m[Core 1] PASS PATTERN NO. 2441 | Func:  MUL | Latency:  430[1;0m
[1;34m[Core 1] PASS PATTERN NO. 2442 | Func:  NOR | Latency:    6[1;0m
[1;32m[Core 2] PASS PATTERN NO. 2442 | Func:  MUL | Latency:   12[1;0m
[1;34m[Core 1] PASS PATTERN NO. 2443 | Func:   OR | Latency:    9[1;0m
[1;32m[Core 2] PASS PATTERN NO. 2443 | Func: SUBI | Latency:    6[1;0m
[1;34m[Core 1] PASS PATTERN NO. 2444 | Func:  ADD | Latency:    9[1;0m
[1;32m[Core 2] PASS PATTERN NO. 2444 | Func:   SH | Latency:  341[1;0m
[1;34m[Core 1] PASS PATTERN NO. 2445 | Func: ADDI | Latency:  338[1;0m
[1;32m[Core 2] PASS PATTERN NO. 2445 | Func:   LH | Latency:  510[1;0m
[1;34m[Core 1] PASS PATTERN NO. 2446 | Func: NAND | Latency:  510[1;0m
[1;32m[Core 2] PASS PATTERN NO. 2446 | Func:  MUL | Latency:    9[1;0m
[1;34m[Core 1] PASS PATTERN NO. 2447 | Func:   SH | Latency:  180[1;0m
[1;32m[Core 2] PASS PATTERN NO. 2447 | Func:   LH | Latency:  418[1;0m
[1;34m[Core 1] PASS PATTERN NO. 2448 | Func:  AND | Latency:  727[1;0m
[1;32m[Core 2] PASS PATTERN NO. 2448 | Func:  SLT | Latency:  486[1;0m
[1;34m[Core 1] PASS PATTERN NO. 2449 | Func:  AND | Latency:    9[1;0m
[1;32m[Core 2] PASS PATTERN NO. 2449 | Func:   OR | Latency:    9[1;0m
[1;33m[Info] Global Memory Check Passed at IC 50-boundary (Snapshot 48)[1;0m
[1;34m[Core 1] PASS PATTERN NO. 2450 | Func: ADDI | Latency:    9[1;0m
[1;32m[Core 2] PASS PATTERN NO. 2450 | Func:  MUL | Latency:   12[1;0m
[1;34m[Core 1] PASS PATTERN NO. 2451 | Func:  XOR | Latency:    9[1;0m
[1;32m[Core 2] PASS PATTERN NO. 2451 | Func: NAND | Latency:    6[1;0m
[1;34m[Core 1] PASS PATTERN NO. 2452 | Func:  ADD | Latency:    9[1;0m
[1;32m[Core 2] PASS PATTERN NO. 2452 | Func:   SH | Latency:  436[1;0m
[1;34m[Core 1] PASS PATTERN NO. 2453 | Func: ADDI | Latency:  433[1;0m
[1;32m[Core 2] PASS PATTERN NO. 2453 | Func: NAND | Latency:    6[1;0m
[1;34m[Core 1] PASS PATTERN NO. 2454 | Func: SUBI | Latency:    9[1;0m
[1;32m[Core 2] PASS PATTERN NO. 2454 | Func: NAND | Latency:    9[1;0m
[1;32m[Core 2] PASS PATTERN NO. 2455 | Func:  SUB | Latency:    9[1;0m
[1;34m[Core 1] PASS PATTERN NO. 2455 | Func:   SH | Latency:  510[1;0m
[1;32m[Core 2] PASS PATTERN NO. 2456 | Func: SUBI | Latency:  507[1;0m
[1;34m[Core 1] PASS PATTERN NO. 2456 | Func:   LH | Latency:  119[1;0m
[1;34m[Core 1] PASS PATTERN NO. 2457 | Func: NAND | Latency:    6[1;0m
[1;32m[Core 2] PASS PATTERN NO. 2457 | Func:   SH | Latency:  309[1;0m
[1;32m[Core 2] PASS PATTERN NO. 2458 | Func:  SUB | Latency:    6[1;0m
[1;34m[Core 1] PASS PATTERN NO. 2458 | Func:   SH | Latency:  471[1;0m
[1;34m[Core 1] PASS PATTERN NO. 2459 | Func: ADDI | Latency:    6[1;0m
[1;32m[Core 2] PASS PATTERN NO. 2459 | Func:   SH | Latency:  466[1;0m
[1;32m[Core 2] PASS PATTERN NO. 2460 | Func:  MUL | Latency:    9[1;0m
[1;34m[Core 1] PASS PATTERN NO. 2460 | Func:   SH | Latency:  409[1;0m
[1;32m[Core 2] PASS PATTERN NO. 2461 | Func:   OR | Latency:  221[1;0m
[1;34m[Core 1] PASS PATTERN NO. 2461 | Func:   SH | Latency:  191[1;0m
[1;32m[Core 2] PASS PATTERN NO. 2462 | Func:   OR | Latency:  191[1;0m
[1;34m[Core 1] PASS PATTERN NO. 2462 | Func:   LH | Latency:  416[1;0m
[1;34m[Core 1] PASS PATTERN NO. 2463 | Func:   OR | Latency:    6[1;0m
[1;32m[Core 2] PASS PATTERN NO. 2463 | Func:  NOR | Latency:  416[1;0m
[1;34m[Core 1] PASS PATTERN NO. 2464 | Func:  XOR | Latency:    9[1;0m
[1;32m[Core 2] PASS PATTERN NO. 2464 | Func:  MUL | Latency:   12[1;0m
[1;34m[Core 1] PASS PATTERN NO. 2465 | Func:  ADD | Latency:    9[1;0m
[1;32m[Core 2] PASS PATTERN NO. 2465 | Func:   SH | Latency:  490[1;0m
[1;34m[Core 1] PASS PATTERN NO. 2466 | Func:  NOR | Latency:  490[1;0m
[1;32m[Core 2] PASS PATTERN NO. 2466 | Func:   OR | Latency:    6[1;0m
[1;34m[Core 1] PASS PATTERN NO. 2467 | Func: SUBI | Latency:    9[1;0m
[1;32m[Core 2] PASS PATTERN NO. 2467 | Func:   LH | Latency:  371[1;0m
[1;34m[Core 1] PASS PATTERN NO. 2468 | Func:  MUL | Latency:  371[1;0m
[1;32m[Core 2] PASS PATTERN NO. 2468 | Func:   SH | Latency:  267[1;0m
[1;32m[Core 2] PASS PATTERN NO. 2469 | Func: SUBI | Latency:    6[1;0m
[1;34m[Core 1] PASS PATTERN NO. 2469 | Func:   SH | Latency:  728[1;0m
[1;32m[Core 2] PASS PATTERN NO. 2470 | Func:  XOR | Latency:  470[1;0m
[1;34m[Core 1] PASS PATTERN NO. 2470 | Func:  MUL | Latency:    9[1;0m
[1;32m[Core 2] PASS PATTERN NO. 2471 | Func:  ADD | Latency:    9[1;0m
[1;34m[Core 1] PASS PATTERN NO. 2471 | Func:   LH | Latency:  334[1;0m
[1;32m[Core 2] PASS PATTERN NO. 2472 | Func: NAND | Latency:  334[1;0m
[1;34m[Core 1] PASS PATTERN NO. 2472 | Func:   LH | Latency:  221[1;0m
[1;32m[Core 2] PASS PATTERN NO. 2473 | Func:  NOR | Latency:  221[1;0m
[1;34m[Core 1] PASS PATTERN NO. 2473 | Func:  MUL | Latency:    9[1;0m
[1;34m[Core 1] PASS PATTERN NO. 2474 | Func:  SLT | Latency:    6[1;0m
[1;32m[Core 2] PASS PATTERN NO. 2474 | Func:   OR | Latency:    9[1;0m
[1;34m[Core 1] PASS PATTERN NO. 2475 | Func: SUBI | Latency:    9[1;0m
[1;32m[Core 2] PASS PATTERN NO. 2475 | Func:   LH | Latency:  477[1;0m
[1;34m[Core 1] PASS PATTERN NO. 2476 | Func:  NOR | Latency:  474[1;0m
[1;32m[Core 2] PASS PATTERN NO. 2476 | Func:   LH | Latency:  154[1;0m
[1;34m[Core 1] PASS PATTERN NO. 2477 | Func:   OR | Latency:  154[1;0m
[1;32m[Core 2] PASS PATTERN NO. 2477 | Func:   SH | Latency:  373[1;0m
[1;34m[Core 1] PASS PATTERN NO. 2478 | Func: SUBI | Latency:  373[1;0m
[1;32m[Core 2] PASS PATTERN NO. 2478 | Func:  NOR | Latency:    6[1;0m
[1;34m[Core 1] PASS PATTERN NO. 2479 | Func: ADDI | Latency:    9[1;0m
[1;32m[Core 2] PASS PATTERN NO. 2479 | Func: NAND | Latency:    9[1;0m
[1;34m[Core 1] PASS PATTERN NO. 2480 | Func: SUBI | Latency:  453[1;0m
[1;32m[Core 2] PASS PATTERN NO. 2480 | Func:  MUL | Latency:  456[1;0m
[1;34m[Core 1] PASS PATTERN NO. 2481 | Func:   SH | Latency:  454[1;0m
[1;32m[Core 2] PASS PATTERN NO. 2481 | Func:   LH | Latency:  856[1;0m
[1;32m[Core 2] PASS PATTERN NO. 2482 | Func: ADDI | Latency:    6[1;0m
[1;34m[Core 1] PASS PATTERN NO. 2482 | Func:   LH | Latency:  675[1;0m
[1;34m[Core 1] PASS PATTERN NO. 2483 | Func: NAND | Latency:    6[1;0m
[1;32m[Core 2] PASS PATTERN NO. 2483 | Func:  SUB | Latency:  270[1;0m
[1;34m[Core 1] PASS PATTERN NO. 2484 | Func:  ADD | Latency:    9[1;0m
[1;32m[Core 2] PASS PATTERN NO. 2484 | Func:  SLT | Latency:    9[1;0m
[1;34m[Core 1] PASS PATTERN NO. 2485 | Func:   SH | Latency:  138[1;0m
[1;32m[Core 2] PASS PATTERN NO. 2485 | Func:   LH | Latency:  355[1;0m
[1;34m[Core 1] PASS PATTERN NO. 2486 | Func: NAND | Latency:  223[1;0m
[1;32m[Core 2] PASS PATTERN NO. 2486 | Func:   LH | Latency:  295[1;0m
[1;34m[Core 1] PASS PATTERN NO. 2487 | Func:  NOR | Latency:  295[1;0m
[1;32m[Core 2] PASS PATTERN NO. 2487 | Func:  SLT | Latency:    6[1;0m
[1;34m[Core 1] PASS PATTERN NO. 2488 | Func:  AND | Latency:    9[1;0m
[1;32m[Core 2] PASS PATTERN NO. 2488 | Func:  SUB | Latency:    9[1;0m
[1;32m[Core 2] PASS PATTERN NO. 2489 | Func:  SLT | Latency:    9[1;0m
[1;34m[Core 1] PASS PATTERN NO. 2489 | Func:  MUL | Latency:   12[1;0m
[1;34m[Core 1] PASS PATTERN NO. 2490 | Func:  XOR | Latency:    6[1;0m
[1;32m[Core 2] PASS PATTERN NO. 2490 | Func:   LH | Latency:  386[1;0m
[1;34m[Core 1] PASS PATTERN NO. 2491 | Func:  SUB | Latency:  383[1;0m
[1;32m[Core 2] PASS PATTERN NO. 2491 | Func:   LH | Latency:  363[1;0m
[1;32m[Core 2] PASS PATTERN NO. 2492 | Func:   SH | Latency:  132[1;0m
[1;34m[Core 1] PASS PATTERN NO. 2492 | Func:   LH | Latency:  725[1;0m
[1;34m[Core 1] PASS PATTERN NO. 2493 | Func:  XOR | Latency:    6[1;0m
[1;32m[Core 2] PASS PATTERN NO. 2493 | Func:  AND | Latency:  242[1;0m
[1;34m[Core 1] PASS PATTERN NO. 2494 | Func: SUBI | Latency:    9[1;0m
[1;32m[Core 2] PASS PATTERN NO. 2494 | Func:  SLT | Latency:    9[1;0m
[1;32m[Core 2] PASS PATTERN NO. 2495 | Func:   SH | Latency:  409[1;0m
[1;34m[Core 1] PASS PATTERN NO. 2495 | Func:   LH | Latency:  621[1;0m
[1;34m[Core 1] PASS PATTERN NO. 2496 | Func:  NOR | Latency:    6[1;0m
[1;32m[Core 2] PASS PATTERN NO. 2496 | Func:   SH | Latency:  680[1;0m
[1;34m[Core 1] PASS PATTERN NO. 2497 | Func: ADDI | Latency:  468[1;0m
[1;32m[Core 2] PASS PATTERN NO. 2497 | Func:   SH | Latency:  235[1;0m
[1;34m[Core 1] PASS PATTERN NO. 2498 | Func:  SUB | Latency:  235[1;0m
[1;32m[Core 2] PASS PATTERN NO. 2498 | Func:  SLT | Latency:    6[1;0m
[1;32m[Core 2] PASS PATTERN NO. 2499 | Func: SUBI | Latency:    9[1;0m
[1;34m[Core 1] PASS PATTERN NO. 2499 | Func:   LH | Latency:  130[1;0m
[1;33m[Info] Global Memory Check Passed at IC 50-boundary (Snapshot 49)[1;0m
[1;34m[Core 1] PASS PATTERN NO. 2500 | Func:   LH | Latency:  419[1;0m
[1;32m[Core 2] PASS PATTERN NO. 2500 | Func:   LH | Latency:  821[1;0m
[1;34m[Core 1] PASS PATTERN NO. 2501 | Func:  NOR | Latency:  287[1;0m
[1;32m[Core 2] PASS PATTERN NO. 2501 | Func:  MUL | Latency:    9[1;0m
[1;34m[Core 1] PASS PATTERN NO. 2502 | Func:   LH | Latency:  124[1;0m
[1;32m[Core 2] PASS PATTERN NO. 2502 | Func:   LH | Latency:  589[1;0m
[1;34m[Core 1] PASS PATTERN NO. 2503 | Func:  SLT | Latency:  474[1;0m
[1;32m[Core 2] PASS PATTERN NO. 2503 | Func:   LH | Latency:  224[1;0m
[1;32m[Core 2] PASS PATTERN NO. 2504 | Func:  XOR | Latency:    6[1;0m
[1;34m[Core 1] PASS PATTERN NO. 2504 | Func:   LH | Latency:  345[1;0m
[1;32m[Core 2] PASS PATTERN NO. 2505 | Func:  ADD | Latency:  127[1;0m
[1;34m[Core 1] PASS PATTERN NO. 2505 | Func:   LH | Latency:  468[1;0m
[1;34m[Core 1] PASS PATTERN NO. 2506 | Func:   SH | Latency:  449[1;0m
[1;32m[Core 2] PASS PATTERN NO. 2506 | Func:   LH | Latency: 1284[1;0m
[1;34m[Core 1] PASS PATTERN NO. 2507 | Func:  SUB | Latency:  379[1;0m
[1;32m[Core 2] PASS PATTERN NO. 2507 | Func:  NOR | Latency:    6[1;0m
[1;34m[Core 1] PASS PATTERN NO. 2508 | Func: SUBI | Latency:    9[1;0m
[1;32m[Core 2] PASS PATTERN NO. 2508 | Func:  NOR | Latency:    9[1;0m
[1;32m[Core 2] PASS PATTERN NO. 2509 | Func: SUBI | Latency:    9[1;0m
[1;34m[Core 1] PASS PATTERN NO. 2509 | Func:   LH | Latency:  507[1;0m
[1;32m[Core 2] PASS PATTERN NO. 2510 | Func: NAND | Latency:  504[1;0m
[1;34m[Core 1] PASS PATTERN NO. 2510 | Func:   LH | Latency:  180[1;0m
[1;32m[Core 2] PASS PATTERN NO. 2511 | Func: SUBI | Latency:  180[1;0m
[1;34m[Core 1] PASS PATTERN NO. 2511 | Func:   LH | Latency:  299[1;0m
[1;32m[Core 2] PASS PATTERN NO. 2512 | Func:  MUL | Latency:  796[1;0m
[1;34m[Core 1] PASS PATTERN NO. 2512 | Func:   SH | Latency:  966[1;0m
[1;34m[Core 1] PASS PATTERN NO. 2513 | Func:  MUL | Latency:    9[1;0m
[1;32m[Core 2] PASS PATTERN NO. 2513 | Func:   LH | Latency:  724[1;0m
[1;34m[Core 1] PASS PATTERN NO. 2514 | Func:  MUL | Latency:  261[1;0m
[1;32m[Core 2] PASS PATTERN NO. 2514 | Func:  MUL | Latency:   10[1;0m
[1;34m[Core 1] PASS PATTERN NO. 2515 | Func:   SH | Latency:  268[1;0m
[1;32m[Core 2] PASS PATTERN NO. 2515 | Func:   LH | Latency:  436[1;0m
[1;32m[Core 2] PASS PATTERN NO. 2516 | Func: ADDI | Latency:    6[1;0m
[1;34m[Core 1] PASS PATTERN NO. 2516 | Func:   LH | Latency:  439[1;0m
[1;34m[Core 1] PASS PATTERN NO. 2517 | Func:   SH | Latency:  372[1;0m
[1;32m[Core 2] PASS PATTERN NO. 2517 | Func:   LH | Latency:  962[1;0m
[1;34m[Core 1] PASS PATTERN NO. 2518 | Func:  NOR | Latency:  332[1;0m
[1;32m[Core 2] PASS PATTERN NO. 2518 | Func:  XOR | Latency:    6[1;0m
[1;34m[Core 1] PASS PATTERN NO. 2519 | Func:   OR | Latency:    9[1;0m
[1;32m[Core 2] PASS PATTERN NO. 2519 | Func:   OR | Latency:    9[1;0m
[1;34m[Core 1] PASS PATTERN NO. 2520 | Func:  SUB | Latency:    9[1;0m
[1;32m[Core 2] PASS PATTERN NO. 2520 | Func:  ADD | Latency:    9[1;0m
[1;34m[Core 1] PASS PATTERN NO. 2521 | Func:  ADD | Latency:    9[1;0m
[1;32m[Core 2] PASS PATTERN NO. 2521 | Func:  MUL | Latency:   12[1;0m
[1;34m[Core 1] PASS PATTERN NO. 2522 | Func:  MUL | Latency:   12[1;0m
[1;32m[Core 2] PASS PATTERN NO. 2522 | Func:  MUL | Latency:   10[1;0m
[1;34m[Core 1] PASS PATTERN NO. 2523 | Func:   SH | Latency:  209[1;0m
[1;32m[Core 2] PASS PATTERN NO. 2523 | Func:   LH | Latency:  380[1;0m
[1;34m[Core 1] PASS PATTERN NO. 2524 | Func:  ADD | Latency:  178[1;0m
[1;32m[Core 2] PASS PATTERN NO. 2524 | Func:  XOR | Latency:    6[1;0m
[1;34m[Core 1] PASS PATTERN NO. 2525 | Func:  AND | Latency:    9[1;0m
[1;32m[Core 2] PASS PATTERN NO. 2525 | Func:   LH | Latency:  451[1;0m
[1;34m[Core 1] PASS PATTERN NO. 2526 | Func:   OR | Latency:  448[1;0m
[1;32m[Core 2] PASS PATTERN NO. 2526 | Func:   SH | Latency:  306[1;0m
[1;32m[Core 2] PASS PATTERN NO. 2527 | Func: ADDI | Latency:    6[1;0m
[1;34m[Core 1] PASS PATTERN NO. 2527 | Func:   SH | Latency:  497[1;0m
[1;34m[Core 1] PASS PATTERN NO. 2528 | Func:  SLT | Latency:    6[1;0m
[1;32m[Core 2] PASS PATTERN NO. 2528 | Func: SUBI | Latency:  197[1;0m
[1;34m[Core 1] PASS PATTERN NO. 2529 | Func: ADDI | Latency:    9[1;0m
[1;32m[Core 2] PASS PATTERN NO. 2529 | Func:   SH | Latency:  252[1;0m
[1;32m[Core 2] PASS PATTERN NO. 2530 | Func:  XOR | Latency:    6[1;0m
[1;34m[Core 1] PASS PATTERN NO. 2530 | Func:  MUL | Latency:  252[1;0m
[1;34m[Core 1] PASS PATTERN NO. 2531 | Func:  NOR | Latency:    6[1;0m
[1;32m[Core 2] PASS PATTERN NO. 2531 | Func:  AND | Latency:    9[1;0m
[1;34m[Core 1] PASS PATTERN NO. 2532 | Func:   LH | Latency:  385[1;0m
[1;32m[Core 2] PASS PATTERN NO. 2532 | Func:   LH | Latency:  733[1;0m
[1;34m[Core 1] PASS PATTERN NO. 2533 | Func: SUBI | Latency:  354[1;0m
[1;32m[Core 2] PASS PATTERN NO. 2533 | Func:  MUL | Latency:    9[1;0m
[1;34m[Core 1] PASS PATTERN NO. 2534 | Func:  NOR | Latency:    9[1;0m
[1;32m[Core 2] PASS PATTERN NO. 2534 | Func:  ADD | Latency:    6[1;0m
[1;34m[Core 1] PASS PATTERN NO. 2535 | Func:  SLT | Latency:    9[1;0m
[1;32m[Core 2] PASS PATTERN NO. 2535 | Func:   SH | Latency:  285[1;0m
[1;34m[Core 1] PASS PATTERN NO. 2536 | Func: ADDI | Latency:  282[1;0m
[1;32m[Core 2] PASS PATTERN NO. 2536 | Func:  MUL | Latency:    9[1;0m
[1;32m[Core 2] PASS PATTERN NO. 2537 | Func:  SLT | Latency:    6[1;0m
[1;34m[Core 1] PASS PATTERN NO. 2537 | Func:   LH | Latency:  295[1;0m
[1;34m[Core 1] PASS PATTERN NO. 2538 | Func: NAND | Latency:    6[1;0m
[1;32m[Core 2] PASS PATTERN NO. 2538 | Func:   SH | Latency:  447[1;0m
[1;32m[Core 2] PASS PATTERN NO. 2539 | Func:   SH | Latency:  468[1;0m
[1;34m[Core 1] PASS PATTERN NO. 2539 | Func:   LH | Latency: 1050[1;0m
[1;34m[Core 1] PASS PATTERN NO. 2540 | Func: ADDI | Latency:    6[1;0m
[1;32m[Core 2] PASS PATTERN NO. 2540 | Func:  ADD | Latency:  433[1;0m
[1;34m[Core 1] PASS PATTERN NO. 2541 | Func:  SLT | Latency:    9[1;0m
[1;32m[Core 2] PASS PATTERN NO. 2541 | Func:  AND | Latency:    9[1;0m
[1;34m[Core 1] PASS PATTERN NO. 2542 | Func:  XOR | Latency:    9[1;0m
[1;32m[Core 2] PASS PATTERN NO. 2542 | Func:   SH | Latency:  308[1;0m
[1;34m[Core 1] PASS PATTERN NO. 2543 | Func:  AND | Latency:  305[1;0m
[1;32m[Core 2] PASS PATTERN NO. 2543 | Func:   SH | Latency:  306[1;0m
[1;34m[Core 1] PASS PATTERN NO. 2544 | Func:  SLT | Latency:  649[1;0m
[1;32m[Core 2] PASS PATTERN NO. 2544 | Func:   LH | Latency:  827[1;0m
[1;32m[Core 2] PASS PATTERN NO. 2545 | Func:  AND | Latency:    6[1;0m
[1;34m[Core 1] PASS PATTERN NO. 2545 | Func:   SH | Latency:  600[1;0m
[1;34m[Core 1] PASS PATTERN NO. 2546 | Func: NAND | Latency:    6[1;0m
[1;32m[Core 2] PASS PATTERN NO. 2546 | Func:   LH | Latency:  374[1;0m
[1;32m[Core 2] PASS PATTERN NO. 2547 | Func:   OR | Latency:    6[1;0m
[1;34m[Core 1] PASS PATTERN NO. 2547 | Func:   LH | Latency:  652[1;0m
[1;34m[Core 1] PASS PATTERN NO. 2548 | Func:  XOR | Latency:    6[1;0m
[1;32m[Core 2] PASS PATTERN NO. 2548 | Func:   SH | Latency:  528[1;0m
[1;34m[Core 1] PASS PATTERN NO. 2549 | Func:  XOR | Latency:  134[1;0m
[1;32m[Core 2] PASS PATTERN NO. 2549 | Func: ADDI | Latency:    6[1;0m
[1;33m[Info] Global Memory Check Passed at IC 50-boundary (Snapshot 50)[1;0m
[1;34m[Core 1] PASS PATTERN NO. 2550 | Func: NAND | Latency:    9[1;0m
[1;32m[Core 2] PASS PATTERN NO. 2550 | Func: ADDI | Latency:    9[1;0m
[1;34m[Core 1] PASS PATTERN NO. 2551 | Func:   LH | Latency:  168[1;0m
[1;32m[Core 2] PASS PATTERN NO. 2551 | Func:   LH | Latency:  432[1;0m
[1;34m[Core 1] PASS PATTERN NO. 2552 | Func:  XOR | Latency:  270[1;0m
[1;32m[Core 2] PASS PATTERN NO. 2552 | Func:   LH | Latency:  485[1;0m
[1;34m[Core 1] PASS PATTERN NO. 2553 | Func:  ADD | Latency:  485[1;0m
[1;32m[Core 2] PASS PATTERN NO. 2553 | Func: ADDI | Latency:    6[1;0m
[1;34m[Core 1] PASS PATTERN NO. 2554 | Func:  SLT | Latency:    9[1;0m
[1;32m[Core 2] PASS PATTERN NO. 2554 | Func:  AND | Latency:    9[1;0m
[1;34m[Core 1] PASS PATTERN NO. 2555 | Func:  SLT | Latency:    9[1;0m
[1;32m[Core 2] PASS PATTERN NO. 2555 | Func: SUBI | Latency:    9[1;0m
[1;34m[Core 1] PASS PATTERN NO. 2556 | Func: NAND | Latency:    9[1;0m
[1;32m[Core 2] PASS PATTERN NO. 2556 | Func:   LH | Latency:  217[1;0m
[1;32m[Core 2] PASS PATTERN NO. 2557 | Func:  MUL | Latency:    9[1;0m
[1;34m[Core 1] PASS PATTERN NO. 2557 | Func:   SH | Latency:  349[1;0m
[1;34m[Core 1] PASS PATTERN NO. 2558 | Func: SUBI | Latency:    6[1;0m
[1;32m[Core 2] PASS PATTERN NO. 2558 | Func: ADDI | Latency:  138[1;0m
[1;34m[Core 1] PASS PATTERN NO. 2559 | Func:  AND | Latency:    9[1;0m
[1;32m[Core 2] PASS PATTERN NO. 2559 | Func:   LH | Latency:  248[1;0m
[1;32m[Core 2] PASS PATTERN NO. 2560 | Func: ADDI | Latency:    6[1;0m
[1;34m[Core 1] PASS PATTERN NO. 2560 | Func:   LH | Latency:  455[1;0m
[1;32m[Core 2] PASS PATTERN NO. 2561 | Func: SUBI | Latency:  216[1;0m
[1;34m[Core 1] PASS PATTERN NO. 2561 | Func:   SH | Latency:  345[1;0m
[1;34m[Core 1] PASS PATTERN NO. 2562 | Func: NAND | Latency:    6[1;0m
[1;32m[Core 2] PASS PATTERN NO. 2562 | Func:  ADD | Latency:  345[1;0m
[1;32m[Core 2] PASS PATTERN NO. 2563 | Func:   OR | Latency:    9[1;0m
[1;34m[Core 1] PASS PATTERN NO. 2563 | Func:   SH | Latency:  452[1;0m
[1;34m[Core 1] PASS PATTERN NO. 2564 | Func:  AND | Latency:    6[1;0m
[1;32m[Core 2] PASS PATTERN NO. 2564 | Func:   LH | Latency:  554[1;0m
[1;32m[Core 2] PASS PATTERN NO. 2565 | Func: ADDI | Latency:    6[1;0m
[1;34m[Core 1] PASS PATTERN NO. 2565 | Func:   LH | Latency:  261[1;0m
[1;34m[Core 1] PASS PATTERN NO. 2566 | Func:  SLT | Latency:    6[1;0m
[1;32m[Core 2] PASS PATTERN NO. 2566 | Func:  MUL | Latency:  159[1;0m
[1;34m[Core 1] PASS PATTERN NO. 2567 | Func: SUBI | Latency:    9[1;0m
[1;32m[Core 2] PASS PATTERN NO. 2567 | Func:  MUL | Latency:    9[1;0m
[1;32m[Core 2] PASS PATTERN NO. 2568 | Func: SUBI | Latency:    6[1;0m
[1;34m[Core 1] PASS PATTERN NO. 2568 | Func:  MUL | Latency:   12[1;0m
[1;34m[Core 1] PASS PATTERN NO. 2569 | Func:  SUB | Latency:    6[1;0m
[1;32m[Core 2] PASS PATTERN NO. 2569 | Func:   LH | Latency:  357[1;0m
[1;34m[Core 1] PASS PATTERN NO. 2570 | Func:  XOR | Latency:  354[1;0m
[1;32m[Core 2] PASS PATTERN NO. 2570 | Func:   SH | Latency:  460[1;0m
[1;34m[Core 1] PASS PATTERN NO. 2571 | Func:  AND | Latency:  460[1;0m
[1;32m[Core 2] PASS PATTERN NO. 2571 | Func:  MUL | Latency:    9[1;0m
[1;32m[Core 2] PASS PATTERN NO. 2572 | Func:  ADD | Latency:    6[1;0m
[1;34m[Core 1] PASS PATTERN NO. 2572 | Func:   SH | Latency:  189[1;0m
[1;34m[Core 1] PASS PATTERN NO. 2573 | Func:   LH | Latency:  236[1;0m
[1;32m[Core 2] PASS PATTERN NO. 2573 | Func:   LH | Latency:  732[1;0m
[1;32m[Core 2] PASS PATTERN NO. 2574 | Func: SUBI | Latency:    6[1;0m
[1;34m[Core 1] PASS PATTERN NO. 2574 | Func:   SH | Latency:  734[1;0m
[1;34m[Core 1] PASS PATTERN NO. 2575 | Func:   OR | Latency:    6[1;0m
[1;32m[Core 2] PASS PATTERN NO. 2575 | Func:   SH | Latency:  772[1;0m
[1;32m[Core 2] PASS PATTERN NO. 2576 | Func:  ADD | Latency:  295[1;0m
[1;34m[Core 1] PASS PATTERN NO. 2576 | Func:   LH | Latency:  976[1;0m
[1;32m[Core 2] PASS PATTERN NO. 2577 | Func: ADDI | Latency:  333[1;0m
[1;34m[Core 1] PASS PATTERN NO. 2577 | Func:   SH | Latency:  463[1;0m
[1;34m[Core 1] PASS PATTERN NO. 2578 | Func:   OR | Latency:    6[1;0m
[1;32m[Core 2] PASS PATTERN NO. 2578 | Func: SUBI | Latency:  463[1;0m
[1;32m[Core 2] PASS PATTERN NO. 2579 | Func:  SUB | Latency:    9[1;0m
[1;34m[Core 1] PASS PATTERN NO. 2579 | Func:  MUL | Latency:   12[1;0m
[1;34m[Core 1] PASS PATTERN NO. 2580 | Func: NAND | Latency:    6[1;0m
[1;32m[Core 2] PASS PATTERN NO. 2580 | Func:  XOR | Latency:    9[1;0m
[1;32m[Core 2] PASS PATTERN NO. 2581 | Func:   OR | Latency:    9[1;0m
[1;34m[Core 1] PASS PATTERN NO. 2581 | Func:  MUL | Latency:   12[1;0m
[1;34m[Core 1] PASS PATTERN NO. 2582 | Func: SUBI | Latency:    6[1;0m
[1;32m[Core 2] PASS PATTERN NO. 2582 | Func:  SUB | Latency:    9[1;0m
[1;32m[Core 2] PASS PATTERN NO. 2583 | Func:  MUL | Latency:   12[1;0m
[1;34m[Core 1] PASS PATTERN NO. 2583 | Func:   SH | Latency:  491[1;0m
[1;32m[Core 2] PASS PATTERN NO. 2584 | Func: SUBI | Latency:  485[1;0m
[1;34m[Core 1] PASS PATTERN NO. 2584 | Func:   LH | Latency:  437[1;0m
[1;34m[Core 1] PASS PATTERN NO. 2585 | Func: SUBI | Latency:    6[1;0m
[1;32m[Core 2] PASS PATTERN NO. 2585 | Func:  AND | Latency:  437[1;0m
[1;34m[Core 1] PASS PATTERN NO. 2586 | Func: ADDI | Latency:    9[1;0m
[1;32m[Core 2] PASS PATTERN NO. 2586 | Func: SUBI | Latency:    9[1;0m
[1;34m[Core 1] PASS PATTERN NO. 2587 | Func:  XOR | Latency:    9[1;0m
[1;32m[Core 2] PASS PATTERN NO. 2587 | Func: ADDI | Latency:    9[1;0m
[1;32m[Core 2] PASS PATTERN NO. 2588 | Func:  MUL | Latency:   12[1;0m
[1;34m[Core 1] PASS PATTERN NO. 2588 | Func:   SH | Latency:  341[1;0m
[1;32m[Core 2] PASS PATTERN NO. 2589 | Func: NAND | Latency:  335[1;0m
[1;34m[Core 1] PASS PATTERN NO. 2589 | Func:  MUL | Latency:    9[1;0m
[1;34m[Core 1] PASS PATTERN NO. 2590 | Func: NAND | Latency:    6[1;0m
[1;32m[Core 2] PASS PATTERN NO. 2590 | Func:   LH | Latency:  160[1;0m
[1;34m[Core 1] PASS PATTERN NO. 2591 | Func:  XOR | Latency:  157[1;0m
[1;32m[Core 2] PASS PATTERN NO. 2591 | Func:   LH | Latency:  400[1;0m
[1;34m[Core 1] PASS PATTERN NO. 2592 | Func:   OR | Latency:  400[1;0m
[1;32m[Core 2] PASS PATTERN NO. 2592 | Func:  MUL | Latency:    9[1;0m
[1;34m[Core 1] PASS PATTERN NO. 2593 | Func:  SUB | Latency:    9[1;0m
[1;32m[Core 2] PASS PATTERN NO. 2593 | Func:   LH | Latency:  173[1;0m
[1;32m[Core 2] PASS PATTERN NO. 2594 | Func:  MUL | Latency:    9[1;0m
[1;34m[Core 1] PASS PATTERN NO. 2594 | Func:   LH | Latency:  670[1;0m
[1;32m[Core 2] PASS PATTERN NO. 2595 | Func:   OR | Latency:  500[1;0m
[1;34m[Core 1] PASS PATTERN NO. 2595 | Func:   LH | Latency:  509[1;0m
[1;32m[Core 2] PASS PATTERN NO. 2596 | Func: ADDI | Latency:  509[1;0m
[1;34m[Core 1] PASS PATTERN NO. 2596 | Func:  MUL | Latency:    9[1;0m
[1;34m[Core 1] PASS PATTERN NO. 2597 | Func:   OR | Latency:    6[1;0m
[1;32m[Core 2] PASS PATTERN NO. 2597 | Func:   SH | Latency:  225[1;0m
[1;34m[Core 1] PASS PATTERN NO. 2598 | Func: ADDI | Latency:  222[1;0m
[1;32m[Core 2] PASS PATTERN NO. 2598 | Func: SUBI | Latency:    6[1;0m
[1;34m[Core 1] PASS PATTERN NO. 2599 | Func: NAND | Latency:    9[1;0m
[1;32m[Core 2] PASS PATTERN NO. 2599 | Func:  SUB | Latency:    9[1;0m
[1;33m[Info] Global Memory Check Passed at IC 50-boundary (Snapshot 51)[1;0m
[1;32m[Core 2] PASS PATTERN NO. 2600 | Func:  ADD | Latency:    9[1;0m
[1;34m[Core 1] PASS PATTERN NO. 2600 | Func:  MUL | Latency:   12[1;0m
[1;32m[Core 2] PASS PATTERN NO. 2601 | Func: NAND | Latency:    9[1;0m
[1;34m[Core 1] PASS PATTERN NO. 2601 | Func:  MUL | Latency:    9[1;0m
[1;32m[Core 2] PASS PATTERN NO. 2602 | Func:   SH | Latency:  426[1;0m
[1;34m[Core 1] PASS PATTERN NO. 2602 | Func:   LH | Latency:  665[1;0m
[1;32m[Core 2] PASS PATTERN NO. 2603 | Func:   OR | Latency:  248[1;0m
[1;34m[Core 1] PASS PATTERN NO. 2603 | Func:   SH | Latency:  327[1;0m
[1;34m[Core 1] PASS PATTERN NO. 2604 | Func:  XOR | Latency:    6[1;0m
[1;32m[Core 2] PASS PATTERN NO. 2604 | Func:   LH | Latency:  473[1;0m
[1;34m[Core 1] PASS PATTERN NO. 2605 | Func:   OR | Latency:  152[1;0m
[1;32m[Core 2] PASS PATTERN NO. 2605 | Func:  SLT | Latency:    6[1;0m
[1;34m[Core 1] PASS PATTERN NO. 2606 | Func:   OR | Latency:    9[1;0m
[1;32m[Core 2] PASS PATTERN NO. 2606 | Func:   OR | Latency:    9[1;0m
[1;32m[Core 2] PASS PATTERN NO. 2607 | Func:  MUL | Latency:   12[1;0m
[1;34m[Core 1] PASS PATTERN NO. 2607 | Func:   SH | Latency:  451[1;0m
[1;34m[Core 1] PASS PATTERN NO. 2608 | Func:  AND | Latency:  346[1;0m
[1;32m[Core 2] PASS PATTERN NO. 2608 | Func:   OR | Latency:  785[1;0m
[1;34m[Core 1] PASS PATTERN NO. 2609 | Func:  ADD | Latency:    9[1;0m
[1;32m[Core 2] PASS PATTERN NO. 2609 | Func: ADDI | Latency:    9[1;0m
[1;34m[Core 1] PASS PATTERN NO. 2610 | Func: SUBI | Latency:    9[1;0m
[1;32m[Core 2] PASS PATTERN NO. 2610 | Func:   LH | Latency:  326[1;0m
[1;34m[Core 1] PASS PATTERN NO. 2611 | Func:  AND | Latency:  323[1;0m
[1;32m[Core 2] PASS PATTERN NO. 2611 | Func:   LH | Latency:  197[1;0m
[1;34m[Core 1] PASS PATTERN NO. 2612 | Func:  NOR | Latency:  197[1;0m
[1;32m[Core 2] PASS PATTERN NO. 2612 | Func: SUBI | Latency:    6[1;0m
[1;34m[Core 1] PASS PATTERN NO. 2613 | Func:  ADD | Latency:    9[1;0m
[1;32m[Core 2] PASS PATTERN NO. 2613 | Func: ADDI | Latency:    9[1;0m
[1;32m[Core 2] PASS PATTERN NO. 2614 | Func:  XOR | Latency:    9[1;0m
[1;34m[Core 1] PASS PATTERN NO. 2614 | Func:  MUL | Latency:   12[1;0m
[1;32m[Core 2] PASS PATTERN NO. 2615 | Func: NAND | Latency:    9[1;0m
[1;34m[Core 1] PASS PATTERN NO. 2615 | Func:  MUL | Latency:    9[1;0m
[1;32m[Core 2] PASS PATTERN NO. 2616 | Func:  SUB | Latency:    9[1;0m
[1;34m[Core 1] PASS PATTERN NO. 2616 | Func:   SH | Latency:  250[1;0m
[1;34m[Core 1] PASS PATTERN NO. 2617 | Func:  NOR | Latency:    6[1;0m
[1;32m[Core 2] PASS PATTERN NO. 2617 | Func:  ADD | Latency:  250[1;0m
[1;32m[Core 2] PASS PATTERN NO. 2618 | Func:   OR | Latency:    9[1;0m
[1;34m[Core 1] PASS PATTERN NO. 2618 | Func:   SH | Latency:  323[1;0m
[1;34m[Core 1] PASS PATTERN NO. 2619 | Func:  AND | Latency:    6[1;0m
[1;32m[Core 2] PASS PATTERN NO. 2619 | Func:   SH | Latency:  459[1;0m
[1;34m[Core 1] PASS PATTERN NO. 2620 | Func:  NOR | Latency:  145[1;0m
[1;32m[Core 2] PASS PATTERN NO. 2620 | Func: NAND | Latency:    6[1;0m
[1;32m[Core 2] PASS PATTERN NO. 2621 | Func:   OR | Latency:    9[1;0m
[1;34m[Core 1] PASS PATTERN NO. 2621 | Func:   LH | Latency:  256[1;0m
[1;34m[Core 1] PASS PATTERN NO. 2622 | Func:  AND | Latency:    6[1;0m
[1;32m[Core 2] PASS PATTERN NO. 2622 | Func: ADDI | Latency:  253[1;0m
[1;34m[Core 1] PASS PATTERN NO. 2623 | Func: NAND | Latency:    9[1;0m
[1;32m[Core 2] PASS PATTERN NO. 2623 | Func:  SUB | Latency:    9[1;0m
[1;34m[Core 1] PASS PATTERN NO. 2624 | Func:  AND | Latency:    9[1;0m
[1;32m[Core 2] PASS PATTERN NO. 2624 | Func:  MUL | Latency:   12[1;0m
[1;34m[Core 1] PASS PATTERN NO. 2625 | Func:   OR | Latency:    9[1;0m
[1;32m[Core 2] PASS PATTERN NO. 2625 | Func:  ADD | Latency:    6[1;0m
[1;34m[Core 1] PASS PATTERN NO. 2626 | Func:  MUL | Latency:   12[1;0m
[1;32m[Core 2] PASS PATTERN NO. 2626 | Func:   LH | Latency:  429[1;0m
[1;34m[Core 1] PASS PATTERN NO. 2627 | Func:  XOR | Latency:  423[1;0m
[1;32m[Core 2] PASS PATTERN NO. 2627 | Func:   SH | Latency:  244[1;0m
[1;34m[Core 1] PASS PATTERN NO. 2628 | Func:  SUB | Latency:  244[1;0m
[1;32m[Core 2] PASS PATTERN NO. 2628 | Func:   OR | Latency:    6[1;0m
[1;34m[Core 1] PASS PATTERN NO. 2629 | Func:  MUL | Latency:   12[1;0m
[1;32m[Core 2] PASS PATTERN NO. 2629 | Func:   LH | Latency:  252[1;0m
[1;34m[Core 1] PASS PATTERN NO. 2630 | Func: ADDI | Latency:  246[1;0m
[1;32m[Core 2] PASS PATTERN NO. 2630 | Func:  MUL | Latency:    9[1;0m
[1;34m[Core 1] PASS PATTERN NO. 2631 | Func:   SH | Latency:  394[1;0m
[1;32m[Core 2] PASS PATTERN NO. 2631 | Func:   LH | Latency:  505[1;0m
[1;34m[Core 1] PASS PATTERN NO. 2632 | Func:  MUL | Latency:  123[1;0m
[1;32m[Core 2] PASS PATTERN NO. 2632 | Func:   LH | Latency:  446[1;0m
[1;34m[Core 1] PASS PATTERN NO. 2633 | Func: NAND | Latency:  443[1;0m
[1;32m[Core 2] PASS PATTERN NO. 2633 | Func:   SH | Latency:  202[1;0m
[1;32m[Core 2] PASS PATTERN NO. 2634 | Func: SUBI | Latency:    6[1;0m
[1;34m[Core 1] PASS PATTERN NO. 2634 | Func:   LH | Latency:  543[1;0m
[1;32m[Core 2] PASS PATTERN NO. 2635 | Func:  ADD | Latency:  347[1;0m
[1;34m[Core 1] PASS PATTERN NO. 2635 | Func:   LH | Latency:  311[1;0m
[1;34m[Core 1] PASS PATTERN NO. 2636 | Func:  NOR | Latency:    6[1;0m
[1;32m[Core 2] PASS PATTERN NO. 2636 | Func:   LH | Latency:  687[1;0m
[1;34m[Core 1] PASS PATTERN NO. 2637 | Func:  SUB | Latency:  382[1;0m
[1;32m[Core 2] PASS PATTERN NO. 2637 | Func: SUBI | Latency:    6[1;0m
[1;34m[Core 1] PASS PATTERN NO. 2638 | Func:   OR | Latency:    9[1;0m
[1;32m[Core 2] PASS PATTERN NO. 2638 | Func:  SLT | Latency:    9[1;0m
[1;32m[Core 2] PASS PATTERN NO. 2639 | Func:  MUL | Latency:   12[1;0m
[1;34m[Core 1] PASS PATTERN NO. 2639 | Func:   LH | Latency:  260[1;0m
[1;34m[Core 1] PASS PATTERN NO. 2640 | Func: SUBI | Latency:  148[1;0m
[1;32m[Core 2] PASS PATTERN NO. 2640 | Func:   SH | Latency:  580[1;0m
[1;34m[Core 1] PASS PATTERN NO. 2641 | Func:  SLT | Latency:  190[1;0m
[1;32m[Core 2] PASS PATTERN NO. 2641 | Func: ADDI | Latency:    6[1;0m
[1;32m[Core 2] PASS PATTERN NO. 2642 | Func:  AND | Latency:    9[1;0m
[1;34m[Core 1] PASS PATTERN NO. 2642 | Func:  MUL | Latency:   12[1;0m
[1;34m[Core 1] PASS PATTERN NO. 2643 | Func:   SH | Latency:  380[1;0m
[1;32m[Core 2] PASS PATTERN NO. 2643 | Func:   LH | Latency:  578[1;0m
[1;32m[Core 2] PASS PATTERN NO. 2644 | Func:   OR | Latency:    6[1;0m
[1;34m[Core 1] PASS PATTERN NO. 2644 | Func:   SH | Latency:  622[1;0m
[1;34m[Core 1] PASS PATTERN NO. 2645 | Func:  SLT | Latency:    6[1;0m
[1;32m[Core 2] PASS PATTERN NO. 2645 | Func: NAND | Latency:  427[1;0m
[1;34m[Core 1] PASS PATTERN NO. 2646 | Func:  XOR | Latency:    9[1;0m
[1;32m[Core 2] PASS PATTERN NO. 2646 | Func: ADDI | Latency:    9[1;0m
[1;34m[Core 1] PASS PATTERN NO. 2647 | Func:   OR | Latency:    9[1;0m
[1;32m[Core 2] PASS PATTERN NO. 2647 | Func:  AND | Latency:    9[1;0m
[1;34m[Core 1] PASS PATTERN NO. 2648 | Func:   OR | Latency:    9[1;0m
[1;32m[Core 2] PASS PATTERN NO. 2648 | Func:  MUL | Latency:   12[1;0m
[1;32m[Core 2] PASS PATTERN NO. 2649 | Func:   SH | Latency:  203[1;0m
[1;34m[Core 1] PASS PATTERN NO. 2649 | Func:   LH | Latency:  652[1;0m
[1;33m[Info] Global Memory Check Passed at IC 50-boundary (Snapshot 52)[1;0m
[1;32m[Core 2] PASS PATTERN NO. 2650 | Func:   OR | Latency:  452[1;0m
[1;34m[Core 1] PASS PATTERN NO. 2650 | Func:   LH | Latency:  216[1;0m
[1;34m[Core 1] PASS PATTERN NO. 2651 | Func: ADDI | Latency:    6[1;0m
[1;32m[Core 2] PASS PATTERN NO. 2651 | Func: NAND | Latency:  216[1;0m
[1;34m[Core 1] PASS PATTERN NO. 2652 | Func: NAND | Latency:    9[1;0m
[1;32m[Core 2] PASS PATTERN NO. 2652 | Func:  SUB | Latency:    9[1;0m
[1;32m[Core 2] PASS PATTERN NO. 2653 | Func:  MUL | Latency:   12[1;0m
[1;34m[Core 1] PASS PATTERN NO. 2653 | Func:   LH | Latency:  302[1;0m
[1;34m[Core 1] PASS PATTERN NO. 2654 | Func:  SUB | Latency:    6[1;0m
[1;32m[Core 2] PASS PATTERN NO. 2654 | Func: NAND | Latency:  296[1;0m
[1;34m[Core 1] PASS PATTERN NO. 2655 | Func:  SUB | Latency:    9[1;0m
[1;32m[Core 2] PASS PATTERN NO. 2655 | Func: ADDI | Latency:    9[1;0m
[1;34m[Core 1] PASS PATTERN NO. 2656 | Func: SUBI | Latency:    9[1;0m
[1;32m[Core 2] PASS PATTERN NO. 2656 | Func:  NOR | Latency:    9[1;0m
[1;34m[Core 1] PASS PATTERN NO. 2657 | Func:  SUB | Latency:    9[1;0m
[1;32m[Core 2] PASS PATTERN NO. 2657 | Func: ADDI | Latency:    9[1;0m
[1;32m[Core 2] PASS PATTERN NO. 2658 | Func:  XOR | Latency:    9[1;0m
[1;34m[Core 1] PASS PATTERN NO. 2658 | Func:   LH | Latency:  333[1;0m
[1;34m[Core 1] PASS PATTERN NO. 2659 | Func: SUBI | Latency:    6[1;0m
[1;32m[Core 2] PASS PATTERN NO. 2659 | Func: SUBI | Latency:  330[1;0m
[1;34m[Core 1] PASS PATTERN NO. 2660 | Func:  SLT | Latency:    9[1;0m
[1;32m[Core 2] PASS PATTERN NO. 2660 | Func:   LH | Latency:  200[1;0m
[1;32m[Core 2] PASS PATTERN NO. 2661 | Func: SUBI | Latency:    6[1;0m
[1;34m[Core 1] PASS PATTERN NO. 2661 | Func:   LH | Latency:  662[1;0m
[1;34m[Core 1] PASS PATTERN NO. 2662 | Func:   SH | Latency:  255[1;0m
[1;32m[Core 2] PASS PATTERN NO. 2662 | Func:   LH | Latency: 1068[1;0m
[1;32m[Core 2] PASS PATTERN NO. 2663 | Func:  XOR | Latency:    6[1;0m
[1;34m[Core 1] PASS PATTERN NO. 2663 | Func:   SH | Latency:  541[1;0m
[1;34m[Core 1] PASS PATTERN NO. 2664 | Func:   LH | Latency:  119[1;0m
[1;32m[Core 2] PASS PATTERN NO. 2664 | Func:   LH | Latency:  414[1;0m
[1;32m[Core 2] PASS PATTERN NO. 2665 | Func:   OR | Latency:    6[1;0m
[1;34m[Core 1] PASS PATTERN NO. 2665 | Func:   SH | Latency:  319[1;0m
[1;34m[Core 1] PASS PATTERN NO. 2666 | Func: SUBI | Latency:    6[1;0m
[1;32m[Core 2] PASS PATTERN NO. 2666 | Func:  SUB | Latency:  211[1;0m
[1;32m[Core 2] PASS PATTERN NO. 2667 | Func:  SLT | Latency:    9[1;0m
[1;34m[Core 1] PASS PATTERN NO. 2667 | Func:  MUL | Latency:   12[1;0m
[1;32m[Core 2] PASS PATTERN NO. 2668 | Func:  MUL | Latency:   12[1;0m
[1;34m[Core 1] PASS PATTERN NO. 2668 | Func:   LH | Latency:  178[1;0m
[1;34m[Core 1] PASS PATTERN NO. 2669 | Func:  XOR | Latency:    6[1;0m
[1;32m[Core 2] PASS PATTERN NO. 2669 | Func:   LH | Latency:  550[1;0m
[1;34m[Core 1] PASS PATTERN NO. 2670 | Func: NAND | Latency:  381[1;0m
[1;32m[Core 2] PASS PATTERN NO. 2670 | Func: SUBI | Latency:    6[1;0m
[1;34m[Core 1] PASS PATTERN NO. 2671 | Func:  NOR | Latency:    9[1;0m
[1;32m[Core 2] PASS PATTERN NO. 2671 | Func:   LH | Latency:  485[1;0m
[1;34m[Core 1] PASS PATTERN NO. 2672 | Func:  AND | Latency:  658[1;0m
[1;32m[Core 2] PASS PATTERN NO. 2672 | Func:   LH | Latency:  374[1;0m
[1;34m[Core 1] PASS PATTERN NO. 2673 | Func:  SLT | Latency:  198[1;0m
[1;32m[Core 2] PASS PATTERN NO. 2673 | Func:  AND | Latency:    6[1;0m
[1;34m[Core 1] PASS PATTERN NO. 2674 | Func:  AND | Latency:    9[1;0m
[1;32m[Core 2] PASS PATTERN NO. 2674 | Func:   OR | Latency:    9[1;0m
[1;34m[Core 1] PASS PATTERN NO. 2675 | Func:  MUL | Latency:   12[1;0m
[1;32m[Core 2] PASS PATTERN NO. 2675 | Func:   SH | Latency:  418[1;0m
[1;34m[Core 1] PASS PATTERN NO. 2676 | Func: SUBI | Latency:  412[1;0m
[1;32m[Core 2] PASS PATTERN NO. 2676 | Func:  ADD | Latency:    6[1;0m
[1;34m[Core 1] PASS PATTERN NO. 2677 | Func:   OR | Latency:    9[1;0m
[1;32m[Core 2] PASS PATTERN NO. 2677 | Func:  SLT | Latency:    9[1;0m
[1;34m[Core 1] PASS PATTERN NO. 2678 | Func:   OR | Latency:    9[1;0m
[1;32m[Core 2] PASS PATTERN NO. 2678 | Func:   LH | Latency:  214[1;0m
[1;34m[Core 1] PASS PATTERN NO. 2679 | Func:  NOR | Latency:  211[1;0m
[1;32m[Core 2] PASS PATTERN NO. 2679 | Func: ADDI | Latency:    6[1;0m
[1;34m[Core 1] PASS PATTERN NO. 2680 | Func:  ADD | Latency:    9[1;0m
[1;32m[Core 2] PASS PATTERN NO. 2680 | Func:   SH | Latency:  299[1;0m
[1;34m[Core 1] PASS PATTERN NO. 2681 | Func: ADDI | Latency:  296[1;0m
[1;32m[Core 2] PASS PATTERN NO. 2681 | Func:  ADD | Latency:    6[1;0m
[1;32m[Core 2] PASS PATTERN NO. 2682 | Func: SUBI | Latency:    9[1;0m
[1;34m[Core 1] PASS PATTERN NO. 2682 | Func:   SH | Latency:  409[1;0m
[1;34m[Core 1] PASS PATTERN NO. 2683 | Func:  SLT | Latency:    6[1;0m
[1;32m[Core 2] PASS PATTERN NO. 2683 | Func:   LH | Latency:  729[1;0m
[1;32m[Core 2] PASS PATTERN NO. 2684 | Func: SUBI | Latency:    6[1;0m
[1;34m[Core 1] PASS PATTERN NO. 2684 | Func:   LH | Latency:  576[1;0m
[1;34m[Core 1] PASS PATTERN NO. 2685 | Func: ADDI | Latency:    6[1;0m
[1;32m[Core 2] PASS PATTERN NO. 2685 | Func: SUBI | Latency:  253[1;0m
[1;32m[Core 2] PASS PATTERN NO. 2686 | Func: ADDI | Latency:    9[1;0m
[1;34m[Core 1] PASS PATTERN NO. 2686 | Func:  MUL | Latency:   12[1;0m
[1;34m[Core 1] PASS PATTERN NO. 2687 | Func:  XOR | Latency:    6[1;0m
[1;32m[Core 2] PASS PATTERN NO. 2687 | Func: ADDI | Latency:    9[1;0m
[1;34m[Core 1] PASS PATTERN NO. 2688 | Func:  BEQ | Latency:    8[1;0m
[1;32m[Core 2] PASS PATTERN NO. 2688 | Func:  BEQ | Latency:    8[1;0m
[1;34m[Core 1] PASS PATTERN NO. 2689 | Func:  SUB | Latency:    9[1;0m
[1;32m[Core 2] PASS PATTERN NO. 2689 | Func: SUBI | Latency:    9[1;0m
[1;34m[Core 1] PASS PATTERN NO. 2690 | Func:  MUL | Latency:   12[1;0m
[1;32m[Core 2] PASS PATTERN NO. 2690 | Func:  MUL | Latency:   13[1;0m
[1;34m[Core 1] PASS PATTERN NO. 2691 | Func:   OR | Latency:    9[1;0m
[1;32m[Core 2] PASS PATTERN NO. 2691 | Func:  NOR | Latency:    8[1;0m
[1;34m[Core 1] PASS PATTERN NO. 2692 | Func:  MUL | Latency:   12[1;0m
[1;32m[Core 2] PASS PATTERN NO. 2692 | Func:  MUL | Latency:   13[1;0m
[1;32m[Core 2] PASS PATTERN NO. 2693 | Func:   SH | Latency:  228[1;0m
[1;34m[Core 1] PASS PATTERN NO. 2693 | Func:   LH | Latency:  516[1;0m
[1;34m[Core 1] PASS PATTERN NO. 2694 | Func: NAND | Latency:  452[1;0m
[1;32m[Core 2] PASS PATTERN NO. 2694 | Func:  MUL | Latency:  742[1;0m
[1;32m[Core 2] PASS PATTERN NO. 2695 | Func:  NOR | Latency:    6[1;0m
[1;34m[Core 1] PASS PATTERN NO. 2695 | Func:   SH | Latency:  281[1;0m
[1;32m[Core 2] PASS PATTERN NO. 2696 | Func:  AND | Latency:  278[1;0m
[1;34m[Core 1] PASS PATTERN NO. 2696 | Func:   LH | Latency:  392[1;0m
[1;32m[Core 2] PASS PATTERN NO. 2697 | Func: NAND | Latency:  392[1;0m
[1;34m[Core 1] PASS PATTERN NO. 2697 | Func:   SH | Latency:  446[1;0m
[1;34m[Core 1] PASS PATTERN NO. 2698 | Func: ADDI | Latency:    6[1;0m
[1;32m[Core 2] PASS PATTERN NO. 2698 | Func:  MUL | Latency:  449[1;0m
[1;34m[Core 1] PASS PATTERN NO. 2699 | Func:   OR | Latency:    9[1;0m
[1;32m[Core 2] PASS PATTERN NO. 2699 | Func:  SLT | Latency:    6[1;0m
[1;33m[Info] Global Memory Check Passed at IC 50-boundary (Snapshot 53)[1;0m
[1;34m[Core 1] PASS PATTERN NO. 2700 | Func:  SUB | Latency:    9[1;0m
[1;32m[Core 2] PASS PATTERN NO. 2700 | Func:  SUB | Latency:    9[1;0m
[1;34m[Core 1] PASS PATTERN NO. 2701 | Func:  NOR | Latency:    9[1;0m
[1;32m[Core 2] PASS PATTERN NO. 2701 | Func:  XOR | Latency:    9[1;0m
[1;34m[Core 1] PASS PATTERN NO. 2702 | Func:  SLT | Latency:    9[1;0m
[1;32m[Core 2] PASS PATTERN NO. 2702 | Func: ADDI | Latency:    9[1;0m
[1;34m[Core 1] PASS PATTERN NO. 2703 | Func: ADDI | Latency:    9[1;0m
[1;32m[Core 2] PASS PATTERN NO. 2703 | Func:  SUB | Latency:    9[1;0m
[1;32m[Core 2] PASS PATTERN NO. 2704 | Func: SUBI | Latency:    9[1;0m
[1;34m[Core 1] PASS PATTERN NO. 2704 | Func:   SH | Latency:  204[1;0m
[1;34m[Core 1] PASS PATTERN NO. 2705 | Func: SUBI | Latency:    6[1;0m
[1;32m[Core 2] PASS PATTERN NO. 2705 | Func:  NOR | Latency:  201[1;0m
[1;34m[Core 1] PASS PATTERN NO. 2706 | Func: ADDI | Latency:    9[1;0m
[1;32m[Core 2] PASS PATTERN NO. 2706 | Func: ADDI | Latency:    9[1;0m
[1;34m[Core 1] PASS PATTERN NO. 2707 | Func:  NOR | Latency:    9[1;0m
[1;32m[Core 2] PASS PATTERN NO. 2707 | Func:   SH | Latency:  338[1;0m
[1;34m[Core 1] PASS PATTERN NO. 2708 | Func:  MUL | Latency:  338[1;0m
[1;32m[Core 2] PASS PATTERN NO. 2708 | Func:  MUL | Latency:   10[1;0m
[1;34m[Core 1] PASS PATTERN NO. 2709 | Func:  ADD | Latency:    9[1;0m
[1;32m[Core 2] PASS PATTERN NO. 2709 | Func:   LH | Latency:  128[1;0m
[1;34m[Core 1] PASS PATTERN NO. 2710 | Func: SUBI | Latency:  126[1;0m
[1;32m[Core 2] PASS PATTERN NO. 2710 | Func:  XOR | Latency:    6[1;0m
[1;34m[Core 1] PASS PATTERN NO. 2711 | Func:  XOR | Latency:    9[1;0m
[1;32m[Core 2] PASS PATTERN NO. 2711 | Func:  ADD | Latency:    9[1;0m
[1;32m[Core 2] PASS PATTERN NO. 2712 | Func: SUBI | Latency:    9[1;0m
[1;34m[Core 1] PASS PATTERN NO. 2712 | Func:   SH | Latency:  466[1;0m
[1;32m[Core 2] PASS PATTERN NO. 2713 | Func:  MUL | Latency:  466[1;0m
[1;34m[Core 1] PASS PATTERN NO. 2713 | Func:   SH | Latency:  340[1;0m
[1;34m[Core 1] PASS PATTERN NO. 2714 | Func:   OR | Latency:    6[1;0m
[1;32m[Core 2] PASS PATTERN NO. 2714 | Func:  NOR | Latency:  337[1;0m
[1;34m[Core 1] PASS PATTERN NO. 2715 | Func:  ADD | Latency:    9[1;0m
[1;32m[Core 2] PASS PATTERN NO. 2715 | Func:  ADD | Latency:    9[1;0m
[1;34m[Core 1] PASS PATTERN NO. 2716 | Func:  ADD | Latency:    9[1;0m
[1;32m[Core 2] PASS PATTERN NO. 2716 | Func:  AND | Latency:    9[1;0m
[1;32m[Core 2] PASS PATTERN NO. 2717 | Func:  AND | Latency:    9[1;0m
[1;34m[Core 1] PASS PATTERN NO. 2717 | Func:   SH | Latency:  278[1;0m
[1;34m[Core 1] PASS PATTERN NO. 2718 | Func:  MUL | Latency:    9[1;0m
[1;32m[Core 2] PASS PATTERN NO. 2718 | Func:   LH | Latency:  410[1;0m
[1;34m[Core 1] PASS PATTERN NO. 2719 | Func:  MUL | Latency:  141[1;0m
[1;32m[Core 2] PASS PATTERN NO. 2719 | Func:   LH | Latency:  118[1;0m
[1;34m[Core 1] PASS PATTERN NO. 2720 | Func:   SH | Latency:  404[1;0m
[1;32m[Core 2] PASS PATTERN NO. 2720 | Func:   LH | Latency:  703[1;0m
[1;34m[Core 1] PASS PATTERN NO. 2721 | Func: SUBI | Latency:  414[1;0m
[1;32m[Core 2] PASS PATTERN NO. 2721 | Func: ADDI | Latency:    6[1;0m
[1;34m[Core 1] PASS PATTERN NO. 2722 | Func: ADDI | Latency:    9[1;0m
[1;32m[Core 2] PASS PATTERN NO. 2722 | Func: SUBI | Latency:    9[1;0m
[1;32m[Core 2] PASS PATTERN NO. 2723 | Func:  MUL | Latency:   12[1;0m
[1;34m[Core 1] PASS PATTERN NO. 2723 | Func:   SH | Latency:  514[1;0m
[1;32m[Core 2] PASS PATTERN NO. 2724 | Func: NAND | Latency:  508[1;0m
[1;34m[Core 1] PASS PATTERN NO. 2724 | Func:   LH | Latency:  510[1;0m
[1;32m[Core 2] PASS PATTERN NO. 2725 | Func:  MUL | Latency:  513[1;0m
[1;34m[Core 1] PASS PATTERN NO. 2725 | Func:   LH | Latency:  414[1;0m
[1;34m[Core 1] PASS PATTERN NO. 2726 | Func:  SUB | Latency:  250[1;0m
[1;32m[Core 2] PASS PATTERN NO. 2726 | Func:   OR | Latency:  655[1;0m
[1;32m[Core 2] PASS PATTERN NO. 2727 | Func:  XOR | Latency:    9[1;0m
[1;34m[Core 1] PASS PATTERN NO. 2727 | Func:   SH | Latency:  405[1;0m
[1;34m[Core 1] PASS PATTERN NO. 2728 | Func:  AND | Latency:    6[1;0m
[1;32m[Core 2] PASS PATTERN NO. 2728 | Func:  MUL | Latency:  405[1;0m
[1;32m[Core 2] PASS PATTERN NO. 2729 | Func:  ADD | Latency:    6[1;0m
[1;34m[Core 1] PASS PATTERN NO. 2729 | Func:   LH | Latency:  289[1;0m
[1;32m[Core 2] PASS PATTERN NO. 2730 | Func:   SH | Latency:  477[1;0m
[1;34m[Core 1] PASS PATTERN NO. 2730 | Func:   LH | Latency:  319[1;0m
[1;32m[Core 2] PASS PATTERN NO. 2731 | Func: ADDI | Latency:  128[1;0m
[1;34m[Core 1] PASS PATTERN NO. 2731 | Func:   LH | Latency:  409[1;0m
[1;34m[Core 1] PASS PATTERN NO. 2732 | Func:   SH | Latency:  178[1;0m
[1;32m[Core 2] PASS PATTERN NO. 2732 | Func:   LH | Latency:  926[1;0m
[1;34m[Core 1] PASS PATTERN NO. 2733 | Func:   OR | Latency:  351[1;0m
[1;32m[Core 2] PASS PATTERN NO. 2733 | Func:  SLT | Latency:    6[1;0m
[1;34m[Core 1] PASS PATTERN NO. 2734 | Func: ADDI | Latency:    9[1;0m
[1;32m[Core 2] PASS PATTERN NO. 2734 | Func:   LH | Latency:  125[1;0m
[1;32m[Core 2] PASS PATTERN NO. 2735 | Func:   SH | Latency:  243[1;0m
[1;34m[Core 1] PASS PATTERN NO. 2735 | Func:   LH | Latency:  592[1;0m
[1;34m[Core 1] PASS PATTERN NO. 2736 | Func: NAND | Latency:    6[1;0m
[1;32m[Core 2] PASS PATTERN NO. 2736 | Func:   OR | Latency:  239[1;0m
[1;34m[Core 1] PASS PATTERN NO. 2737 | Func:  NOR | Latency:    9[1;0m
[1;32m[Core 2] PASS PATTERN NO. 2737 | Func:   SH | Latency:  187[1;0m
[1;34m[Core 1] PASS PATTERN NO. 2738 | Func: ADDI | Latency:  184[1;0m
[1;32m[Core 2] PASS PATTERN NO. 2738 | Func: SUBI | Latency:    6[1;0m
[1;34m[Core 1] PASS PATTERN NO. 2739 | Func:  SLT | Latency:    9[1;0m
[1;32m[Core 2] PASS PATTERN NO. 2739 | Func: ADDI | Latency:    9[1;0m
[1;32m[Core 2] PASS PATTERN NO. 2740 | Func: ADDI | Latency:    9[1;0m
[1;34m[Core 1] PASS PATTERN NO. 2740 | Func:  MUL | Latency:   12[1;0m
[1;34m[Core 1] PASS PATTERN NO. 2741 | Func:  XOR | Latency:    6[1;0m
[1;32m[Core 2] PASS PATTERN NO. 2741 | Func:   SH | Latency:  277[1;0m
[1;34m[Core 1] PASS PATTERN NO. 2742 | Func: ADDI | Latency:  274[1;0m
[1;32m[Core 2] PASS PATTERN NO. 2742 | Func:  MUL | Latency:    9[1;0m
[1;34m[Core 1] PASS PATTERN NO. 2743 | Func:  SUB | Latency:    9[1;0m
[1;32m[Core 2] PASS PATTERN NO. 2743 | Func:  AND | Latency:    6[1;0m
[1;34m[Core 1] PASS PATTERN NO. 2744 | Func:  XOR | Latency:    9[1;0m
[1;32m[Core 2] PASS PATTERN NO. 2744 | Func: ADDI | Latency:    9[1;0m
[1;34m[Core 1] PASS PATTERN NO. 2745 | Func:  ADD | Latency:    9[1;0m
[1;32m[Core 2] PASS PATTERN NO. 2745 | Func: ADDI | Latency:    9[1;0m
[1;32m[Core 2] PASS PATTERN NO. 2746 | Func:  ADD | Latency:    9[1;0m
[1;34m[Core 1] PASS PATTERN NO. 2746 | Func:  MUL | Latency:   12[1;0m
[1;34m[Core 1] PASS PATTERN NO. 2747 | Func: ADDI | Latency:    6[1;0m
[1;32m[Core 2] PASS PATTERN NO. 2747 | Func:  ADD | Latency:    9[1;0m
[1;34m[Core 1] PASS PATTERN NO. 2748 | Func:  ADD | Latency:    9[1;0m
[1;32m[Core 2] PASS PATTERN NO. 2748 | Func: SUBI | Latency:    9[1;0m
[1;34m[Core 1] PASS PATTERN NO. 2749 | Func:  SUB | Latency:    9[1;0m
[1;32m[Core 2] PASS PATTERN NO. 2749 | Func: ADDI | Latency:    9[1;0m
[1;33m[Info] Global Memory Check Passed at IC 50-boundary (Snapshot 54)[1;0m
[1;34m[Core 1] PASS PATTERN NO. 2750 | Func:   SH | Latency:  202[1;0m
[1;32m[Core 2] PASS PATTERN NO. 2750 | Func:   LH | Latency:  407[1;0m
[1;32m[Core 2] PASS PATTERN NO. 2751 | Func:  SUB | Latency:    6[1;0m
[1;34m[Core 1] PASS PATTERN NO. 2751 | Func:   SH | Latency:  630[1;0m
[1;34m[Core 1] PASS PATTERN NO. 2752 | Func: SUBI | Latency:    6[1;0m
[1;32m[Core 2] PASS PATTERN NO. 2752 | Func:   SH | Latency:  659[1;0m
[1;32m[Core 2] PASS PATTERN NO. 2753 | Func:   SH | Latency:  469[1;0m
[1;34m[Core 1] PASS PATTERN NO. 2753 | Func:   LH | Latency: 1135[1;0m
[1;34m[Core 1] PASS PATTERN NO. 2754 | Func: SUBI | Latency:    6[1;0m
[1;32m[Core 2] PASS PATTERN NO. 2754 | Func:   LH | Latency:  749[1;0m
[1;34m[Core 1] PASS PATTERN NO. 2755 | Func:  ADD | Latency:  317[1;0m
[1;32m[Core 2] PASS PATTERN NO. 2755 | Func:   SH | Latency:  478[1;0m
[1;34m[Core 1] PASS PATTERN NO. 2756 | Func:   OR | Latency:  478[1;0m
[1;32m[Core 2] PASS PATTERN NO. 2756 | Func:  MUL | Latency:    9[1;0m
[1;34m[Core 1] PASS PATTERN NO. 2757 | Func:  MUL | Latency:   12[1;0m
[1;32m[Core 2] PASS PATTERN NO. 2757 | Func:   LH | Latency:  404[1;0m
[1;32m[Core 2] PASS PATTERN NO. 2758 | Func: NAND | Latency:  252[1;0m
[1;34m[Core 1] PASS PATTERN NO. 2758 | Func:   LH | Latency: 1107[1;0m
[1;34m[Core 1] PASS PATTERN NO. 2759 | Func:  NOR | Latency:    6[1;0m
[1;32m[Core 2] PASS PATTERN NO. 2759 | Func:  XOR | Latency:  466[1;0m
[1;34m[Core 1] PASS PATTERN NO. 2760 | Func:  ADD | Latency:    9[1;0m
[1;32m[Core 2] PASS PATTERN NO. 2760 | Func:  MUL | Latency:   12[1;0m
[1;32m[Core 2] PASS PATTERN NO. 2761 | Func:   SH | Latency:  263[1;0m
[1;34m[Core 1] PASS PATTERN NO. 2761 | Func:   LH | Latency:  717[1;0m
[1;34m[Core 1] PASS PATTERN NO. 2762 | Func: SUBI | Latency:    6[1;0m
[1;32m[Core 2] PASS PATTERN NO. 2762 | Func:   SH | Latency:  867[1;0m
[1;34m[Core 1] PASS PATTERN NO. 2763 | Func:  SUB | Latency:  416[1;0m
[1;32m[Core 2] PASS PATTERN NO. 2763 | Func:  ADD | Latency:    6[1;0m
[1;32m[Core 2] PASS PATTERN NO. 2764 | Func:  SUB | Latency:    9[1;0m
[1;34m[Core 1] PASS PATTERN NO. 2764 | Func:   LH | Latency:  192[1;0m
[1;34m[Core 1] PASS PATTERN NO. 2765 | Func:  XOR | Latency:    6[1;0m
[1;32m[Core 2] PASS PATTERN NO. 2765 | Func: ADDI | Latency:  189[1;0m
[1;34m[Core 1] PASS PATTERN NO. 2766 | Func:   OR | Latency:    9[1;0m
[1;32m[Core 2] PASS PATTERN NO. 2766 | Func:  ADD | Latency:    9[1;0m
[1;34m[Core 1] PASS PATTERN NO. 2767 | Func:  XOR | Latency:    9[1;0m
[1;32m[Core 2] PASS PATTERN NO. 2767 | Func:  ADD | Latency:    9[1;0m
[1;34m[Core 1] PASS PATTERN NO. 2768 | Func: SUBI | Latency:    9[1;0m
[1;32m[Core 2] PASS PATTERN NO. 2768 | Func: SUBI | Latency:    9[1;0m
[1;34m[Core 1] PASS PATTERN NO. 2769 | Func: ADDI | Latency:    9[1;0m
[1;32m[Core 2] PASS PATTERN NO. 2769 | Func:   SH | Latency:  292[1;0m
[1;32m[Core 2] PASS PATTERN NO. 2770 | Func:  MUL | Latency:    9[1;0m
[1;34m[Core 1] PASS PATTERN NO. 2770 | Func:   SH | Latency:  722[1;0m
[1;34m[Core 1] PASS PATTERN NO. 2771 | Func:  XOR | Latency:    6[1;0m
[1;32m[Core 2] PASS PATTERN NO. 2771 | Func:  SUB | Latency:  436[1;0m
[1;34m[Core 1] PASS PATTERN NO. 2772 | Func:  SUB | Latency:    9[1;0m
[1;32m[Core 2] PASS PATTERN NO. 2772 | Func:  SLT | Latency:    9[1;0m
[1;34m[Core 1] PASS PATTERN NO. 2773 | Func:  ADD | Latency:    9[1;0m
[1;32m[Core 2] PASS PATTERN NO. 2773 | Func:  MUL | Latency:   12[1;0m
[1;32m[Core 2] PASS PATTERN NO. 2774 | Func: ADDI | Latency:    6[1;0m
[1;34m[Core 1] PASS PATTERN NO. 2774 | Func:  MUL | Latency:   12[1;0m
[1;34m[Core 1] PASS PATTERN NO. 2775 | Func: ADDI | Latency:    6[1;0m
[1;32m[Core 2] PASS PATTERN NO. 2775 | Func:  NOR | Latency:    9[1;0m
[1;32m[Core 2] PASS PATTERN NO. 2776 | Func: SUBI | Latency:    9[1;0m
[1;34m[Core 1] PASS PATTERN NO. 2776 | Func:   LH | Latency:  266[1;0m
[1;32m[Core 2] PASS PATTERN NO. 2777 | Func:   OR | Latency:  263[1;0m
[1;34m[Core 1] PASS PATTERN NO. 2777 | Func:   SH | Latency:  450[1;0m
[1;34m[Core 1] PASS PATTERN NO. 2778 | Func:  NOR | Latency:    6[1;0m
[1;32m[Core 2] PASS PATTERN NO. 2778 | Func: SUBI | Latency:  450[1;0m
[1;32m[Core 2] PASS PATTERN NO. 2779 | Func:   SH | Latency:  407[1;0m
[1;34m[Core 1] PASS PATTERN NO. 2779 | Func:   LH | Latency:  617[1;0m
[1;32m[Core 2] PASS PATTERN NO. 2780 | Func: SUBI | Latency:  216[1;0m
[1;34m[Core 1] PASS PATTERN NO. 2780 | Func:   LH | Latency:  208[1;0m
[1;34m[Core 1] PASS PATTERN NO. 2781 | Func: SUBI | Latency:    6[1;0m
[1;32m[Core 2] PASS PATTERN NO. 2781 | Func: NAND | Latency:  208[1;0m
[1;34m[Core 1] PASS PATTERN NO. 2782 | Func: ADDI | Latency:    9[1;0m
[1;32m[Core 2] PASS PATTERN NO. 2782 | Func:   OR | Latency:    9[1;0m
[1;32m[Core 2] PASS PATTERN NO. 2783 | Func:  SLT | Latency:    9[1;0m
[1;34m[Core 1] PASS PATTERN NO. 2783 | Func:   LH | Latency:  191[1;0m
[1;32m[Core 2] PASS PATTERN NO. 2784 | Func: SUBI | Latency:  188[1;0m
[1;34m[Core 1] PASS PATTERN NO. 2784 | Func:   LH | Latency:  448[1;0m
[1;34m[Core 1] PASS PATTERN NO. 2785 | Func:  SUB | Latency:    6[1;0m
[1;32m[Core 2] PASS PATTERN NO. 2785 | Func:  XOR | Latency:  448[1;0m
[1;34m[Core 1] PASS PATTERN NO. 2786 | Func: NAND | Latency:    9[1;0m
[1;32m[Core 2] PASS PATTERN NO. 2786 | Func:  AND | Latency:    9[1;0m
[1;34m[Core 1] PASS PATTERN NO. 2787 | Func:  SUB | Latency:    9[1;0m
[1;32m[Core 2] PASS PATTERN NO. 2787 | Func: SUBI | Latency:    9[1;0m
[1;34m[Core 1] PASS PATTERN NO. 2788 | Func:   LH | Latency:  411[1;0m
[1;32m[Core 2] PASS PATTERN NO. 2788 | Func:   LH | Latency:  728[1;0m
[1;34m[Core 1] PASS PATTERN NO. 2789 | Func:  SLT | Latency:  323[1;0m
[1;32m[Core 2] PASS PATTERN NO. 2789 | Func: NAND | Latency:    6[1;0m
[1;34m[Core 1] PASS PATTERN NO. 2790 | Func:  XOR | Latency:  967[1;0m
[1;32m[Core 2] PASS PATTERN NO. 2790 | Func:   SH | Latency: 1225[1;0m
[1;34m[Core 1] PASS PATTERN NO. 2791 | Func:  AND | Latency:  264[1;0m
[1;32m[Core 2] PASS PATTERN NO. 2791 | Func:   LH | Latency:  197[1;0m
[1;34m[Core 1] PASS PATTERN NO. 2792 | Func:  ADD | Latency:  197[1;0m
[1;32m[Core 2] PASS PATTERN NO. 2792 | Func:   SH | Latency:  386[1;0m
[1;32m[Core 2] PASS PATTERN NO. 2793 | Func:  NOR | Latency:    6[1;0m
[1;34m[Core 1] PASS PATTERN NO. 2793 | Func:   SH | Latency:  509[1;0m
[1;34m[Core 1] PASS PATTERN NO. 2794 | Func:  NOR | Latency:    6[1;0m
[1;32m[Core 2] PASS PATTERN NO. 2794 | Func:  NOR | Latency:  129[1;0m
[1;34m[Core 1] PASS PATTERN NO. 2795 | Func: NAND | Latency:    9[1;0m
[1;32m[Core 2] PASS PATTERN NO. 2795 | Func: ADDI | Latency:    9[1;0m
[1;34m[Core 1] PASS PATTERN NO. 2796 | Func:  NOR | Latency:    9[1;0m
[1;32m[Core 2] PASS PATTERN NO. 2796 | Func:   LH | Latency:  309[1;0m
[1;34m[Core 1] PASS PATTERN NO. 2797 | Func:  AND | Latency:  306[1;0m
[1;32m[Core 2] PASS PATTERN NO. 2797 | Func:  MUL | Latency:    9[1;0m
[1;34m[Core 1] PASS PATTERN NO. 2798 | Func:   OR | Latency:    9[1;0m
[1;32m[Core 2] PASS PATTERN NO. 2798 | Func: SUBI | Latency:    6[1;0m
[1;32m[Core 2] PASS PATTERN NO. 2799 | Func:  MUL | Latency:   12[1;0m
[1;34m[Core 1] PASS PATTERN NO. 2799 | Func:   LH | Latency:  440[1;0m
[1;33m[Info] Global Memory Check Passed at IC 50-boundary (Snapshot 55)[1;0m
[1;34m[Core 1] PASS PATTERN NO. 2800 | Func:  SLT | Latency:    6[1;0m
[1;32m[Core 2] PASS PATTERN NO. 2800 | Func: ADDI | Latency:  434[1;0m
[1;32m[Core 2] PASS PATTERN NO. 2801 | Func:  AND | Latency:    9[1;0m
[1;34m[Core 1] PASS PATTERN NO. 2801 | Func:   SH | Latency:  295[1;0m
[1;34m[Core 1] PASS PATTERN NO. 2802 | Func:   OR | Latency:    6[1;0m
[1;32m[Core 2] PASS PATTERN NO. 2802 | Func:   SH | Latency:  453[1;0m
[1;34m[Core 1] PASS PATTERN NO. 2803 | Func: ADDI | Latency:  167[1;0m
[1;32m[Core 2] PASS PATTERN NO. 2803 | Func:   OR | Latency:    6[1;0m
[1;34m[Core 1] PASS PATTERN NO. 2804 | Func:  SUB | Latency:    9[1;0m
[1;32m[Core 2] PASS PATTERN NO. 2804 | Func: SUBI | Latency:    9[1;0m
[1;34m[Core 1] PASS PATTERN NO. 2805 | Func:   OR | Latency:    9[1;0m
[1;32m[Core 2] PASS PATTERN NO. 2805 | Func:  MUL | Latency:   12[1;0m
[1;32m[Core 2] PASS PATTERN NO. 2806 | Func:  AND | Latency:    6[1;0m
[1;34m[Core 1] PASS PATTERN NO. 2806 | Func:  MUL | Latency:   12[1;0m
[1;34m[Core 1] PASS PATTERN NO. 2807 | Func:   SH | Latency:  440[1;0m
[1;32m[Core 2] PASS PATTERN NO. 2807 | Func:   LH | Latency:  698[1;0m
[1;34m[Core 1] PASS PATTERN NO. 2808 | Func:   SH | Latency:  704[1;0m
[1;32m[Core 2] PASS PATTERN NO. 2808 | Func:   LH | Latency:  727[1;0m
[1;32m[Core 2] PASS PATTERN NO. 2809 | Func:   SH | Latency:  157[1;0m
[1;34m[Core 1] PASS PATTERN NO. 2809 | Func:   LH | Latency:  603[1;0m
[1;32m[Core 2] PASS PATTERN NO. 2810 | Func:  MUL | Latency:  177[1;0m
[1;34m[Core 1] PASS PATTERN NO. 2810 | Func:   LH | Latency:  407[1;0m
[1;34m[Core 1] PASS PATTERN NO. 2811 | Func:   LH | Latency:  231[1;0m
[1;32m[Core 2] PASS PATTERN NO. 2811 | Func:   LH | Latency: 1060[1;0m
[1;32m[Core 2] PASS PATTERN NO. 2812 | Func:  NOR | Latency:    6[1;0m
[1;34m[Core 1] PASS PATTERN NO. 2812 | Func:   SH | Latency:  621[1;0m
[1;32m[Core 2] PASS PATTERN NO. 2813 | Func: ADDI | Latency:  190[1;0m
[1;34m[Core 1] PASS PATTERN NO. 2813 | Func:   LH | Latency:  351[1;0m
[1;34m[Core 1] PASS PATTERN NO. 2814 | Func: ADDI | Latency:    6[1;0m
[1;32m[Core 2] PASS PATTERN NO. 2814 | Func:  NOR | Latency:  351[1;0m
[1;34m[Core 1] PASS PATTERN NO. 2815 | Func:  SUB | Latency:    9[1;0m
[1;32m[Core 2] PASS PATTERN NO. 2815 | Func:   LH | Latency:  463[1;0m
[1;34m[Core 1] PASS PATTERN NO. 2816 | Func: SUBI | Latency:  460[1;0m
[1;32m[Core 2] PASS PATTERN NO. 2816 | Func:  SUB | Latency:    6[1;0m
[1;32m[Core 2] PASS PATTERN NO. 2817 | Func:   OR | Latency:    9[1;0m
[1;34m[Core 1] PASS PATTERN NO. 2817 | Func:   LH | Latency:  320[1;0m
[1;34m[Core 1] PASS PATTERN NO. 2818 | Func: ADDI | Latency:    6[1;0m
[1;32m[Core 2] PASS PATTERN NO. 2818 | Func:  SUB | Latency:  317[1;0m
[1;34m[Core 1] PASS PATTERN NO. 2819 | Func: ADDI | Latency:    9[1;0m
[1;32m[Core 2] PASS PATTERN NO. 2819 | Func: SUBI | Latency:    9[1;0m
[1;34m[Core 1] PASS PATTERN NO. 2820 | Func:  ADD | Latency:    9[1;0m
[1;32m[Core 2] PASS PATTERN NO. 2820 | Func:  MUL | Latency:   12[1;0m
[1;34m[Core 1] PASS PATTERN NO. 2821 | Func:   SH | Latency:  474[1;0m
[1;32m[Core 2] PASS PATTERN NO. 2821 | Func:   LH | Latency:  721[1;0m
[1;34m[Core 1] PASS PATTERN NO. 2822 | Func: ADDI | Latency:  993[1;0m
[1;32m[Core 2] PASS PATTERN NO. 2822 | Func:  AND | Latency:  743[1;0m
[1;34m[Core 1] PASS PATTERN NO. 2823 | Func:  ADD | Latency:    9[1;0m
[1;32m[Core 2] PASS PATTERN NO. 2823 | Func:  MUL | Latency:   12[1;0m
[1;34m[Core 1] PASS PATTERN NO. 2824 | Func:  ADD | Latency:    9[1;0m
[1;32m[Core 2] PASS PATTERN NO. 2824 | Func:  XOR | Latency:    6[1;0m
[1;34m[Core 1] PASS PATTERN NO. 2825 | Func:  SUB | Latency:    9[1;0m
[1;32m[Core 2] PASS PATTERN NO. 2825 | Func:  XOR | Latency:    9[1;0m
[1;34m[Core 1] PASS PATTERN NO. 2826 | Func:  SLT | Latency:    9[1;0m
[1;32m[Core 2] PASS PATTERN NO. 2826 | Func:  XOR | Latency:    9[1;0m
[1;34m[Core 1] PASS PATTERN NO. 2827 | Func: ADDI | Latency:    9[1;0m
[1;32m[Core 2] PASS PATTERN NO. 2827 | Func:   SH | Latency:  140[1;0m
[1;34m[Core 1] PASS PATTERN NO. 2828 | Func: NAND | Latency:  137[1;0m
[1;32m[Core 2] PASS PATTERN NO. 2828 | Func:   SH | Latency:  305[1;0m
[1;32m[Core 2] PASS PATTERN NO. 2829 | Func:   OR | Latency:    6[1;0m
[1;34m[Core 1] PASS PATTERN NO. 2829 | Func:  MUL | Latency:  308[1;0m
[1;34m[Core 1] PASS PATTERN NO. 2830 | Func:  XOR | Latency:    6[1;0m
[1;32m[Core 2] PASS PATTERN NO. 2830 | Func:  NOR | Latency:    9[1;0m
[1;34m[Core 1] PASS PATTERN NO. 2831 | Func:  SLT | Latency:    9[1;0m
[1;32m[Core 2] PASS PATTERN NO. 2831 | Func: SUBI | Latency:    9[1;0m
[1;34m[Core 1] PASS PATTERN NO. 2832 | Func: NAND | Latency:    9[1;0m
[1;32m[Core 2] PASS PATTERN NO. 2832 | Func:  XOR | Latency:    9[1;0m
[1;32m[Core 2] PASS PATTERN NO. 2833 | Func: ADDI | Latency:    9[1;0m
[1;34m[Core 1] PASS PATTERN NO. 2833 | Func:  MUL | Latency:   12[1;0m
[1;34m[Core 1] PASS PATTERN NO. 2834 | Func:  SUB | Latency:    6[1;0m
[1;32m[Core 2] PASS PATTERN NO. 2834 | Func:  SUB | Latency:    9[1;0m
[1;34m[Core 1] PASS PATTERN NO. 2835 | Func:   OR | Latency:    9[1;0m
[1;32m[Core 2] PASS PATTERN NO. 2835 | Func:   SH | Latency:  202[1;0m
[1;34m[Core 1] PASS PATTERN NO. 2836 | Func:  XOR | Latency:  199[1;0m
[1;32m[Core 2] PASS PATTERN NO. 2836 | Func: SUBI | Latency:    6[1;0m
[1;34m[Core 1] PASS PATTERN NO. 2837 | Func:  AND | Latency:    9[1;0m
[1;32m[Core 2] PASS PATTERN NO. 2837 | Func:   SH | Latency:  247[1;0m
[1;34m[Core 1] PASS PATTERN NO. 2838 | Func: ADDI | Latency:  244[1;0m
[1;32m[Core 2] PASS PATTERN NO. 2838 | Func:   SH | Latency:  298[1;0m
[1;34m[Core 1] PASS PATTERN NO. 2839 | Func:  SLT | Latency:  298[1;0m
[1;32m[Core 2] PASS PATTERN NO. 2839 | Func:  MUL | Latency:    9[1;0m
[1;32m[Core 2] PASS PATTERN NO. 2840 | Func: ADDI | Latency:    6[1;0m
[1;34m[Core 1] PASS PATTERN NO. 2840 | Func:   LH | Latency:  147[1;0m
[1;34m[Core 1] PASS PATTERN NO. 2841 | Func: SUBI | Latency:    6[1;0m
[1;32m[Core 2] PASS PATTERN NO. 2841 | Func: ADDI | Latency:  144[1;0m
[1;34m[Core 1] PASS PATTERN NO. 2842 | Func: NAND | Latency:    9[1;0m
[1;32m[Core 2] PASS PATTERN NO. 2842 | Func:  MUL | Latency:   12[1;0m
[1;32m[Core 2] PASS PATTERN NO. 2843 | Func:   SH | Latency:  485[1;0m
[1;34m[Core 1] PASS PATTERN NO. 2843 | Func:   LH | Latency:  652[1;0m
[1;34m[Core 1] PASS PATTERN NO. 2844 | Func:  MUL | Latency:    9[1;0m
[1;32m[Core 2] PASS PATTERN NO. 2844 | Func:   LH | Latency:  379[1;0m
[1;34m[Core 1] PASS PATTERN NO. 2845 | Func:   LH | Latency:  653[1;0m
[1;32m[Core 2] PASS PATTERN NO. 2845 | Func:   LH | Latency:  714[1;0m
[1;32m[Core 2] PASS PATTERN NO. 2846 | Func:  XOR | Latency:    6[1;0m
[1;34m[Core 1] PASS PATTERN NO. 2846 | Func:  MUL | Latency:  276[1;0m
[1;34m[Core 1] PASS PATTERN NO. 2847 | Func:  SUB | Latency:    6[1;0m
[1;32m[Core 2] PASS PATTERN NO. 2847 | Func:  NOR | Latency:    9[1;0m
[1;32m[Core 2] PASS PATTERN NO. 2848 | Func: ADDI | Latency:    9[1;0m
[1;34m[Core 1] PASS PATTERN NO. 2848 | Func:   LH | Latency:  454[1;0m
[1;32m[Core 2] PASS PATTERN NO. 2849 | Func:  NOR | Latency:  451[1;0m
[1;34m[Core 1] PASS PATTERN NO. 2849 | Func:   SH | Latency:  141[1;0m
[1;33m[Info] Global Memory Check Passed at IC 50-boundary (Snapshot 56)[1;0m
[1;34m[Core 1] PASS PATTERN NO. 2850 | Func:  ADD | Latency:    6[1;0m
[1;32m[Core 2] PASS PATTERN NO. 2850 | Func:  MUL | Latency:  144[1;0m
[1;34m[Core 1] PASS PATTERN NO. 2851 | Func: ADDI | Latency:    9[1;0m
[1;32m[Core 2] PASS PATTERN NO. 2851 | Func: SUBI | Latency:    6[1;0m
[1;34m[Core 1] PASS PATTERN NO. 2852 | Func:   OR | Latency:    9[1;0m
[1;32m[Core 2] PASS PATTERN NO. 2852 | Func:   LH | Latency:  367[1;0m
[1;32m[Core 2] PASS PATTERN NO. 2853 | Func:  NOR | Latency:    6[1;0m
[1;34m[Core 1] PASS PATTERN NO. 2853 | Func:   SH | Latency:  608[1;0m
[1;32m[Core 2] PASS PATTERN NO. 2854 | Func: SUBI | Latency:  629[1;0m
[1;34m[Core 1] PASS PATTERN NO. 2854 | Func:   LH | Latency:  860[1;0m
[1;34m[Core 1] PASS PATTERN NO. 2855 | Func: ADDI | Latency:    6[1;0m
[1;32m[Core 2] PASS PATTERN NO. 2855 | Func:   SH | Latency:  706[1;0m
[1;34m[Core 1] PASS PATTERN NO. 2856 | Func:  AND | Latency:  231[1;0m
[1;32m[Core 2] PASS PATTERN NO. 2856 | Func:  AND | Latency:    6[1;0m
[1;34m[Core 1] PASS PATTERN NO. 2857 | Func: ADDI | Latency:    9[1;0m
[1;32m[Core 2] PASS PATTERN NO. 2857 | Func:  SUB | Latency:    9[1;0m
[1;34m[Core 1] PASS PATTERN NO. 2858 | Func:   OR | Latency:    9[1;0m
[1;32m[Core 2] PASS PATTERN NO. 2858 | Func:  SUB | Latency:    9[1;0m
[1;32m[Core 2] PASS PATTERN NO. 2859 | Func:  SLT | Latency:    9[1;0m
[1;34m[Core 1] PASS PATTERN NO. 2859 | Func:   SH | Latency:  123[1;0m
[1;32m[Core 2] PASS PATTERN NO. 2860 | Func:  XOR | Latency:  120[1;0m
[1;34m[Core 1] PASS PATTERN NO. 2860 | Func:  MUL | Latency:    9[1;0m
[1;34m[Core 1] PASS PATTERN NO. 2861 | Func:   OR | Latency:    6[1;0m
[1;32m[Core 2] PASS PATTERN NO. 2861 | Func:  MUL | Latency:   12[1;0m
[1;32m[Core 2] PASS PATTERN NO. 2862 | Func:   SH | Latency:  481[1;0m
[1;34m[Core 1] PASS PATTERN NO. 2862 | Func:   LH | Latency:  757[1;0m
[1;32m[Core 2] PASS PATTERN NO. 2863 | Func:  NOR | Latency:  279[1;0m
[1;34m[Core 1] PASS PATTERN NO. 2863 | Func:   LH | Latency:  172[1;0m
[1;34m[Core 1] PASS PATTERN NO. 2864 | Func: SUBI | Latency:    6[1;0m
[1;32m[Core 2] PASS PATTERN NO. 2864 | Func:  MUL | Latency:  175[1;0m
[1;34m[Core 1] PASS PATTERN NO. 2865 | Func: NAND | Latency:    9[1;0m
[1;32m[Core 2] PASS PATTERN NO. 2865 | Func:  SUB | Latency:    6[1;0m
[1;34m[Core 1] PASS PATTERN NO. 2866 | Func:  AND | Latency:    9[1;0m
[1;32m[Core 2] PASS PATTERN NO. 2866 | Func:   SH | Latency:  507[1;0m
[1;34m[Core 1] PASS PATTERN NO. 2867 | Func: SUBI | Latency:  504[1;0m
[1;32m[Core 2] PASS PATTERN NO. 2867 | Func:  NOR | Latency:    6[1;0m
[1;34m[Core 1] PASS PATTERN NO. 2868 | Func: NAND | Latency:    9[1;0m
[1;32m[Core 2] PASS PATTERN NO. 2868 | Func: NAND | Latency:    9[1;0m
[1;32m[Core 2] PASS PATTERN NO. 2869 | Func:   OR | Latency:    9[1;0m
[1;34m[Core 1] PASS PATTERN NO. 2869 | Func:   LH | Latency:  167[1;0m
[1;34m[Core 1] PASS PATTERN NO. 2870 | Func:   SH | Latency:  433[1;0m
[1;32m[Core 2] PASS PATTERN NO. 2870 | Func:   LH | Latency:  805[1;0m
[1;32m[Core 2] PASS PATTERN NO. 2871 | Func: ADDI | Latency:    6[1;0m
[1;34m[Core 1] PASS PATTERN NO. 2871 | Func:   SH | Latency:  462[1;0m
[1;34m[Core 1] PASS PATTERN NO. 2872 | Func:   OR | Latency:    6[1;0m
[1;32m[Core 2] PASS PATTERN NO. 2872 | Func:  NOR | Latency:  248[1;0m
[1;34m[Core 1] PASS PATTERN NO. 2873 | Func:   OR | Latency:    9[1;0m
[1;32m[Core 2] PASS PATTERN NO. 2873 | Func: ADDI | Latency:    9[1;0m
[1;34m[Core 1] PASS PATTERN NO. 2874 | Func:  SUB | Latency:    9[1;0m
[1;32m[Core 2] PASS PATTERN NO. 2874 | Func: ADDI | Latency:    9[1;0m
[1;34m[Core 1] PASS PATTERN NO. 2875 | Func: NAND | Latency:    9[1;0m
[1;32m[Core 2] PASS PATTERN NO. 2875 | Func:  AND | Latency:    9[1;0m
[1;34m[Core 1] PASS PATTERN NO. 2876 | Func:  XOR | Latency:    9[1;0m
[1;32m[Core 2] PASS PATTERN NO. 2876 | Func: ADDI | Latency:    9[1;0m
[1;34m[Core 1] PASS PATTERN NO. 2877 | Func: SUBI | Latency:    9[1;0m
[1;32m[Core 2] PASS PATTERN NO. 2877 | Func:   OR | Latency:    9[1;0m
[1;34m[Core 1] PASS PATTERN NO. 2878 | Func:   OR | Latency:    9[1;0m
[1;32m[Core 2] PASS PATTERN NO. 2878 | Func:  SLT | Latency:    9[1;0m
[1;34m[Core 1] PASS PATTERN NO. 2879 | Func: NAND | Latency:    9[1;0m
[1;32m[Core 2] PASS PATTERN NO. 2879 | Func: ADDI | Latency:    9[1;0m
[1;34m[Core 1] PASS PATTERN NO. 2880 | Func:  BEQ | Latency:    8[1;0m
[1;32m[Core 2] PASS PATTERN NO. 2880 | Func:  BEQ | Latency:    8[1;0m
[1;32m[Core 2] PASS PATTERN NO. 2881 | Func: ADDI | Latency:  317[1;0m
[1;34m[Core 1] PASS PATTERN NO. 2881 | Func:   SH | Latency:  488[1;0m
[1;32m[Core 2] PASS PATTERN NO. 2882 | Func:  XOR | Latency:  177[1;0m
[1;34m[Core 1] PASS PATTERN NO. 2882 | Func:   LH | Latency:  114[1;0m
[1;34m[Core 1] PASS PATTERN NO. 2883 | Func: NAND | Latency:    6[1;0m
[1;32m[Core 2] PASS PATTERN NO. 2883 | Func:   OR | Latency:  114[1;0m
[1;34m[Core 1] PASS PATTERN NO. 2884 | Func: ADDI | Latency:    9[1;0m
[1;32m[Core 2] PASS PATTERN NO. 2884 | Func: NAND | Latency:    9[1;0m
[1;34m[Core 1] PASS PATTERN NO. 2885 | Func:  MUL | Latency:   12[1;0m
[1;32m[Core 2] PASS PATTERN NO. 2885 | Func:   LH | Latency:  494[1;0m
[1;32m[Core 2] PASS PATTERN NO. 2886 | Func:  SUB | Latency:    6[1;0m
[1;34m[Core 1] PASS PATTERN NO. 2886 | Func:  MUL | Latency:  491[1;0m
[1;32m[Core 2] PASS PATTERN NO. 2887 | Func:   OR | Latency:    9[1;0m
[1;34m[Core 1] PASS PATTERN NO. 2887 | Func:   SH | Latency:  179[1;0m
[1;34m[Core 1] PASS PATTERN NO. 2888 | Func:  SUB | Latency:    6[1;0m
[1;32m[Core 2] PASS PATTERN NO. 2888 | Func:   SH | Latency:  531[1;0m
[1;34m[Core 1] PASS PATTERN NO. 2889 | Func:  SUB | Latency:  358[1;0m
[1;32m[Core 2] PASS PATTERN NO. 2889 | Func:  XOR | Latency:    6[1;0m
[1;32m[Core 2] PASS PATTERN NO. 2890 | Func:  SLT | Latency:    9[1;0m
[1;34m[Core 1] PASS PATTERN NO. 2890 | Func:   LH | Latency:  442[1;0m
[1;34m[Core 1] PASS PATTERN NO. 2891 | Func:   OR | Latency:    6[1;0m
[1;32m[Core 2] PASS PATTERN NO. 2891 | Func:  MUL | Latency:  442[1;0m
[1;32m[Core 2] PASS PATTERN NO. 2892 | Func:  SLT | Latency:    6[1;0m
[1;34m[Core 1] PASS PATTERN NO. 2892 | Func:   SH | Latency:  464[1;0m
[1;34m[Core 1] PASS PATTERN NO. 2893 | Func:   LH | Latency:  261[1;0m
[1;32m[Core 2] PASS PATTERN NO. 2893 | Func:   LH | Latency:  876[1;0m
[1;34m[Core 1] PASS PATTERN NO. 2894 | Func: SUBI | Latency:  166[1;0m
[1;32m[Core 2] PASS PATTERN NO. 2894 | Func:  MUL | Latency:    9[1;0m
[1;34m[Core 1] PASS PATTERN NO. 2895 | Func:  SUB | Latency:    9[1;0m
[1;32m[Core 2] PASS PATTERN NO. 2895 | Func:  ADD | Latency:    6[1;0m
[1;32m[Core 2] PASS PATTERN NO. 2896 | Func:  ADD | Latency:    9[1;0m
[1;34m[Core 1] PASS PATTERN NO. 2896 | Func:  MUL | Latency:   12[1;0m
[1;32m[Core 2] PASS PATTERN NO. 2897 | Func:   SH | Latency:  214[1;0m
[1;34m[Core 1] PASS PATTERN NO. 2897 | Func:   LH | Latency:  504[1;0m
[1;32m[Core 2] PASS PATTERN NO. 2898 | Func:   OR | Latency:  299[1;0m
[1;34m[Core 1] PASS PATTERN NO. 2898 | Func:   SH | Latency:  415[1;0m
[1;32m[Core 2] PASS PATTERN NO. 2899 | Func: NAND | Latency:  415[1;0m
[1;34m[Core 1] PASS PATTERN NO. 2899 | Func:   SH | Latency:  428[1;0m
[1;33m[Info] Global Memory Check Passed at IC 50-boundary (Snapshot 57)[1;0m
[1;34m[Core 1] PASS PATTERN NO. 2900 | Func:   SH | Latency:  322[1;0m
[1;32m[Core 2] PASS PATTERN NO. 2900 | Func:   LH | Latency: 1213[1;0m
[1;32m[Core 2] PASS PATTERN NO. 2901 | Func:  ADD | Latency:    6[1;0m
[1;34m[Core 1] PASS PATTERN NO. 2901 | Func:   SH | Latency:  647[1;0m
[1;32m[Core 2] PASS PATTERN NO. 2902 | Func:  XOR | Latency:  178[1;0m
[1;34m[Core 1] PASS PATTERN NO. 2902 | Func:   LH | Latency:  316[1;0m
[1;32m[Core 2] PASS PATTERN NO. 2903 | Func:   SH | Latency:  469[1;0m
[1;34m[Core 1] PASS PATTERN NO. 2903 | Func:   LH | Latency:  516[1;0m
[1;34m[Core 1] PASS PATTERN NO. 2904 | Func:   SH | Latency:  495[1;0m
[1;32m[Core 2] PASS PATTERN NO. 2904 | Func:   LH | Latency: 1329[1;0m
[1;34m[Core 1] PASS PATTERN NO. 2905 | Func:  ADD | Latency:  483[1;0m
[1;32m[Core 2] PASS PATTERN NO. 2905 | Func:   SH | Latency:  346[1;0m
[1;32m[Core 2] PASS PATTERN NO. 2906 | Func: ADDI | Latency:    6[1;0m
[1;34m[Core 1] PASS PATTERN NO. 2906 | Func:  MUL | Latency:  349[1;0m
[1;32m[Core 2] PASS PATTERN NO. 2907 | Func: SUBI | Latency:    9[1;0m
[1;34m[Core 1] PASS PATTERN NO. 2907 | Func:  MUL | Latency:    9[1;0m
[1;34m[Core 1] PASS PATTERN NO. 2908 | Func: SUBI | Latency:    6[1;0m
[1;32m[Core 2] PASS PATTERN NO. 2908 | Func:   OR | Latency:    9[1;0m
[1;34m[Core 1] PASS PATTERN NO. 2909 | Func: ADDI | Latency:    9[1;0m
[1;32m[Core 2] PASS PATTERN NO. 2909 | Func: ADDI | Latency:    9[1;0m
[1;34m[Core 1] PASS PATTERN NO. 2910 | Func: NAND | Latency:    9[1;0m
[1;32m[Core 2] PASS PATTERN NO. 2910 | Func:  SLT | Latency:    9[1;0m
[1;32m[Core 2] PASS PATTERN NO. 2911 | Func:   SH | Latency:  635[1;0m
[1;34m[Core 1] PASS PATTERN NO. 2911 | Func:   LH | Latency:  906[1;0m
[1;34m[Core 1] PASS PATTERN NO. 2912 | Func:  NOR | Latency:    6[1;0m
[1;32m[Core 2] PASS PATTERN NO. 2912 | Func:  AND | Latency:  277[1;0m
[1;32m[Core 2] PASS PATTERN NO. 2913 | Func:  SLT | Latency:    9[1;0m
[1;34m[Core 1] PASS PATTERN NO. 2913 | Func:   SH | Latency:  302[1;0m
[1;34m[Core 1] PASS PATTERN NO. 2914 | Func:   SH | Latency:  367[1;0m
[1;32m[Core 2] PASS PATTERN NO. 2914 | Func:   LH | Latency:  788[1;0m
[1;34m[Core 1] PASS PATTERN NO. 2915 | Func: ADDI | Latency:  134[1;0m
[1;32m[Core 2] PASS PATTERN NO. 2915 | Func: SUBI | Latency:    6[1;0m
[1;34m[Core 1] PASS PATTERN NO. 2916 | Func:  ADD | Latency:    9[1;0m
[1;32m[Core 2] PASS PATTERN NO. 2916 | Func: ADDI | Latency:    9[1;0m
[1;34m[Core 1] PASS PATTERN NO. 2917 | Func:  NOR | Latency:    9[1;0m
[1;32m[Core 2] PASS PATTERN NO. 2917 | Func:   LH | Latency:  139[1;0m
[1;32m[Core 2] PASS PATTERN NO. 2918 | Func:  MUL | Latency:    9[1;0m
[1;34m[Core 1] PASS PATTERN NO. 2918 | Func:   LH | Latency:  413[1;0m
[1;32m[Core 2] PASS PATTERN NO. 2919 | Func:   SH | Latency:  406[1;0m
[1;34m[Core 1] PASS PATTERN NO. 2919 | Func:   LH | Latency:  582[1;0m
[1;34m[Core 1] PASS PATTERN NO. 2920 | Func:  NOR | Latency:    6[1;0m
[1;32m[Core 2] PASS PATTERN NO. 2920 | Func:   SH | Latency:  777[1;0m
[1;34m[Core 1] PASS PATTERN NO. 2921 | Func:  XOR | Latency:  327[1;0m
[1;32m[Core 2] PASS PATTERN NO. 2921 | Func:  MUL | Latency:    9[1;0m
[1;34m[Core 1] PASS PATTERN NO. 2922 | Func:   LH | Latency:  454[1;0m
[1;32m[Core 2] PASS PATTERN NO. 2922 | Func:   LH | Latency:  771[1;0m
[1;34m[Core 1] PASS PATTERN NO. 2923 | Func: SUBI | Latency:  326[1;0m
[1;32m[Core 2] PASS PATTERN NO. 2923 | Func:  NOR | Latency:    6[1;0m
[1;34m[Core 1] PASS PATTERN NO. 2924 | Func:  SUB | Latency:    9[1;0m
[1;32m[Core 2] PASS PATTERN NO. 2924 | Func:   LH | Latency:  324[1;0m
[1;34m[Core 1] PASS PATTERN NO. 2925 | Func:  NOR | Latency:  321[1;0m
[1;32m[Core 2] PASS PATTERN NO. 2925 | Func:   LH | Latency:  203[1;0m
[1;34m[Core 1] PASS PATTERN NO. 2926 | Func: SUBI | Latency:  203[1;0m
[1;32m[Core 2] PASS PATTERN NO. 2926 | Func:  XOR | Latency:    6[1;0m
[1;32m[Core 2] PASS PATTERN NO. 2927 | Func:  SUB | Latency:    9[1;0m
[1;34m[Core 1] PASS PATTERN NO. 2927 | Func:   SH | Latency:  500[1;0m
[1;34m[Core 1] PASS PATTERN NO. 2928 | Func:  ADD | Latency:    6[1;0m
[1;32m[Core 2] PASS PATTERN NO. 2928 | Func:   LH | Latency:  759[1;0m
[1;32m[Core 2] PASS PATTERN NO. 2929 | Func:  ADD | Latency:    6[1;0m
[1;34m[Core 1] PASS PATTERN NO. 2929 | Func:   LH | Latency:  480[1;0m
[1;32m[Core 2] PASS PATTERN NO. 2930 | Func:   OR | Latency:  218[1;0m
[1;34m[Core 1] PASS PATTERN NO. 2930 | Func:   LH | Latency:  115[1;0m
[1;34m[Core 1] PASS PATTERN NO. 2931 | Func: SUBI | Latency:    6[1;0m
[1;32m[Core 2] PASS PATTERN NO. 2931 | Func:   SH | Latency:  313[1;0m
[1;34m[Core 1] PASS PATTERN NO. 2932 | Func: NAND | Latency:  204[1;0m
[1;32m[Core 2] PASS PATTERN NO. 2932 | Func: ADDI | Latency:    6[1;0m
[1;32m[Core 2] PASS PATTERN NO. 2933 | Func: ADDI | Latency:    9[1;0m
[1;34m[Core 1] PASS PATTERN NO. 2933 | Func:   SH | Latency:  213[1;0m
[1;34m[Core 1] PASS PATTERN NO. 2934 | Func:  ADD | Latency:    6[1;0m
[1;32m[Core 2] PASS PATTERN NO. 2934 | Func:  XOR | Latency:  210[1;0m
[1;34m[Core 1] PASS PATTERN NO. 2935 | Func:    J | Latency:    8[1;0m
[1;32m[Core 2] PASS PATTERN NO. 2935 | Func:    J | Latency:    8[1;0m
[1;32m[Core 2] PASS PATTERN NO. 2936 | Func:   SH | Latency:  817[1;0m
[1;34m[Core 1] PASS PATTERN NO. 2936 | Func:   LH | Latency: 1302[1;0m
[1;32m[Core 2] PASS PATTERN NO. 2937 | Func:  NOR | Latency:  491[1;0m
[1;34m[Core 1] PASS PATTERN NO. 2937 | Func:   SH | Latency:  183[1;0m
[1;34m[Core 1] PASS PATTERN NO. 2938 | Func:  XOR | Latency:  898[1;0m
[1;32m[Core 2] PASS PATTERN NO. 2938 | Func:  XOR | Latency: 1075[1;0m
[1;34m[Core 1] PASS PATTERN NO. 2939 | Func: SUBI | Latency:    9[1;0m
[1;32m[Core 2] PASS PATTERN NO. 2939 | Func:   OR | Latency:    9[1;0m
[1;34m[Core 1] PASS PATTERN NO. 2940 | Func:   SH | Latency:  437[1;0m
[1;32m[Core 2] PASS PATTERN NO. 2940 | Func:   LH | Latency:  806[1;0m
[1;34m[Core 1] PASS PATTERN NO. 2941 | Func:  SLT | Latency:  375[1;0m
[1;32m[Core 2] PASS PATTERN NO. 2941 | Func:  AND | Latency:    6[1;0m
[1;32m[Core 2] PASS PATTERN NO. 2942 | Func:   SH | Latency:  258[1;0m
[1;34m[Core 1] PASS PATTERN NO. 2942 | Func:   LH | Latency:  508[1;0m
[1;34m[Core 1] PASS PATTERN NO. 2943 | Func: SUBI | Latency:    6[1;0m
[1;32m[Core 2] PASS PATTERN NO. 2943 | Func: ADDI | Latency:  256[1;0m
[1;32m[Core 2] PASS PATTERN NO. 2944 | Func: NAND | Latency:    9[1;0m
[1;34m[Core 1] PASS PATTERN NO. 2944 | Func:  MUL | Latency:   12[1;0m
[1;34m[Core 1] PASS PATTERN NO. 2945 | Func:  MUL | Latency:    9[1;0m
[1;32m[Core 2] PASS PATTERN NO. 2945 | Func:   SH | Latency:  356[1;0m
[1;34m[Core 1] PASS PATTERN NO. 2946 | Func: ADDI | Latency:  350[1;0m
[1;32m[Core 2] PASS PATTERN NO. 2946 | Func: NAND | Latency:    6[1;0m
[1;34m[Core 1] PASS PATTERN NO. 2947 | Func:   OR | Latency:    9[1;0m
[1;32m[Core 2] PASS PATTERN NO. 2947 | Func:   LH | Latency:  369[1;0m
[1;34m[Core 1] PASS PATTERN NO. 2948 | Func: NAND | Latency:  366[1;0m
[1;32m[Core 2] PASS PATTERN NO. 2948 | Func:   OR | Latency:    6[1;0m
[1;34m[Core 1] PASS PATTERN NO. 2949 | Func: ADDI | Latency:    9[1;0m
[1;32m[Core 2] PASS PATTERN NO. 2949 | Func:   SH | Latency:  335[1;0m
[1;33m[Info] Global Memory Check Passed at IC 50-boundary (Snapshot 58)[1;0m
[1;34m[Core 1] PASS PATTERN NO. 2950 | Func:  SLT | Latency:  332[1;0m
[1;32m[Core 2] PASS PATTERN NO. 2950 | Func:   LH | Latency:  469[1;0m
[1;32m[Core 2] PASS PATTERN NO. 2951 | Func: ADDI | Latency:    6[1;0m
[1;34m[Core 1] PASS PATTERN NO. 2951 | Func:   SH | Latency:  956[1;0m
[1;32m[Core 2] PASS PATTERN NO. 2952 | Func:  MUL | Latency:  496[1;0m
[1;34m[Core 1] PASS PATTERN NO. 2952 | Func:   LH | Latency:  200[1;0m
[1;34m[Core 1] PASS PATTERN NO. 2953 | Func:  ADD | Latency:    6[1;0m
[1;32m[Core 2] PASS PATTERN NO. 2953 | Func:   LH | Latency:  331[1;0m
[1;34m[Core 1] PASS PATTERN NO. 2954 | Func: ADDI | Latency:  140[1;0m
[1;32m[Core 2] PASS PATTERN NO. 2954 | Func:   SH | Latency:  499[1;0m
[1;32m[Core 2] PASS PATTERN NO. 2955 | Func:  SLT | Latency:    6[1;0m
[1;34m[Core 1] PASS PATTERN NO. 2955 | Func:   LH | Latency:  816[1;0m
[1;34m[Core 1] PASS PATTERN NO. 2956 | Func:  MUL | Latency:    9[1;0m
[1;32m[Core 2] PASS PATTERN NO. 2956 | Func:  MUL | Latency:  327[1;0m
[1;34m[Core 1] PASS PATTERN NO. 2957 | Func:  NOR | Latency:    9[1;0m
[1;32m[Core 2] PASS PATTERN NO. 2957 | Func:   LH | Latency:  195[1;0m
[1;34m[Core 1] PASS PATTERN NO. 2958 | Func:  NOR | Latency:  193[1;0m
[1;32m[Core 2] PASS PATTERN NO. 2958 | Func: NAND | Latency:    6[1;0m
[1;34m[Core 1] PASS PATTERN NO. 2959 | Func: SUBI | Latency:    9[1;0m
[1;32m[Core 2] PASS PATTERN NO. 2959 | Func: SUBI | Latency:    9[1;0m
[1;34m[Core 1] PASS PATTERN NO. 2960 | Func: SUBI | Latency:    9[1;0m
[1;32m[Core 2] PASS PATTERN NO. 2960 | Func:  SLT | Latency:    9[1;0m
[1;34m[Core 1] PASS PATTERN NO. 2961 | Func:  AND | Latency:    9[1;0m
[1;32m[Core 2] PASS PATTERN NO. 2961 | Func:   LH | Latency:  233[1;0m
[1;34m[Core 1] PASS PATTERN NO. 2962 | Func:   SH | Latency:  339[1;0m
[1;32m[Core 2] PASS PATTERN NO. 2962 | Func:   LH | Latency:  553[1;0m
[1;34m[Core 1] PASS PATTERN NO. 2963 | Func:  ADD | Latency:  444[1;0m
[1;32m[Core 2] PASS PATTERN NO. 2963 | Func:  NOR | Latency:    6[1;0m
[1;32m[Core 2] PASS PATTERN NO. 2964 | Func:  MUL | Latency:   12[1;0m
[1;34m[Core 1] PASS PATTERN NO. 2964 | Func:   SH | Latency:  349[1;0m
[1;34m[Core 1] PASS PATTERN NO. 2965 | Func: NAND | Latency:    6[1;0m
[1;32m[Core 2] PASS PATTERN NO. 2965 | Func: SUBI | Latency:  343[1;0m
[1;34m[Core 1] PASS PATTERN NO. 2966 | Func:  ADD | Latency:    9[1;0m
[1;32m[Core 2] PASS PATTERN NO. 2966 | Func:   LH | Latency:  184[1;0m
[1;32m[Core 2] PASS PATTERN NO. 2967 | Func: ADDI | Latency:    6[1;0m
[1;34m[Core 1] PASS PATTERN NO. 2967 | Func:   SH | Latency:  348[1;0m
[1;34m[Core 1] PASS PATTERN NO. 2968 | Func: SUBI | Latency:    6[1;0m
[1;32m[Core 2] PASS PATTERN NO. 2968 | Func:   SH | Latency:  661[1;0m
[1;34m[Core 1] PASS PATTERN NO. 2969 | Func:   SH | Latency:  740[1;0m
[1;32m[Core 2] PASS PATTERN NO. 2969 | Func:   LH | Latency:  741[1;0m
[1;34m[Core 1] PASS PATTERN NO. 2970 | Func:  AND | Latency:  781[1;0m
[1;32m[Core 2] PASS PATTERN NO. 2970 | Func:   LH | Latency:  591[1;0m
[1;32m[Core 2] PASS PATTERN NO. 2971 | Func:  AND | Latency:    6[1;0m
[1;34m[Core 1] PASS PATTERN NO. 2971 | Func:   SH | Latency:  479[1;0m
[1;34m[Core 1] PASS PATTERN NO. 2972 | Func:  AND | Latency:    6[1;0m
[1;32m[Core 2] PASS PATTERN NO. 2972 | Func: NAND | Latency:  180[1;0m
[1;32m[Core 2] PASS PATTERN NO. 2973 | Func: NAND | Latency:    9[1;0m
[1;34m[Core 1] PASS PATTERN NO. 2973 | Func:   LH | Latency:  503[1;0m
[1;34m[Core 1] PASS PATTERN NO. 2974 | Func:   SH | Latency:  143[1;0m
[1;32m[Core 2] PASS PATTERN NO. 2974 | Func:   LH | Latency: 1040[1;0m
[1;34m[Core 1] PASS PATTERN NO. 2975 | Func:  NOR | Latency:  409[1;0m
[1;32m[Core 2] PASS PATTERN NO. 2975 | Func: NAND | Latency:    6[1;0m
[1;34m[Core 1] PASS PATTERN NO. 2976 | Func: ADDI | Latency:    9[1;0m
[1;32m[Core 2] PASS PATTERN NO. 2976 | Func:  AND | Latency:    9[1;0m
[1;32m[Core 2] PASS PATTERN NO. 2977 | Func:  MUL | Latency:   12[1;0m
[1;34m[Core 1] PASS PATTERN NO. 2977 | Func:   SH | Latency:  462[1;0m
[1;34m[Core 1] PASS PATTERN NO. 2978 | Func: SUBI | Latency:    6[1;0m
[1;32m[Core 2] PASS PATTERN NO. 2978 | Func:   LH | Latency:  849[1;0m
[1;34m[Core 1] PASS PATTERN NO. 2979 | Func:  NOR | Latency:  399[1;0m
[1;32m[Core 2] PASS PATTERN NO. 2979 | Func:  ADD | Latency:    6[1;0m
[1;32m[Core 2] PASS PATTERN NO. 2980 | Func: SUBI | Latency:    9[1;0m
[1;34m[Core 1] PASS PATTERN NO. 2980 | Func:   LH | Latency:  319[1;0m
[1;34m[Core 1] PASS PATTERN NO. 2981 | Func: NAND | Latency:    6[1;0m
[1;32m[Core 2] PASS PATTERN NO. 2981 | Func:   LH | Latency:  682[1;0m
[1;34m[Core 1] PASS PATTERN NO. 2982 | Func:  SLT | Latency:  372[1;0m
[1;32m[Core 2] PASS PATTERN NO. 2982 | Func: SUBI | Latency:    6[1;0m
[1;34m[Core 1] PASS PATTERN NO. 2983 | Func: NAND | Latency:    9[1;0m
[1;32m[Core 2] PASS PATTERN NO. 2983 | Func:  XOR | Latency:    9[1;0m
[1;34m[Core 1] PASS PATTERN NO. 2984 | Func: NAND | Latency:    9[1;0m
[1;32m[Core 2] PASS PATTERN NO. 2984 | Func:   SH | Latency:  129[1;0m
[1;34m[Core 1] PASS PATTERN NO. 2985 | Func: SUBI | Latency:  126[1;0m
[1;32m[Core 2] PASS PATTERN NO. 2985 | Func:   SH | Latency:  421[1;0m
[1;34m[Core 1] PASS PATTERN NO. 2986 | Func:  SLT | Latency:  421[1;0m
[1;32m[Core 2] PASS PATTERN NO. 2986 | Func:   SH | Latency:  328[1;0m
[1;34m[Core 1] PASS PATTERN NO. 2987 | Func:  SLT | Latency:  328[1;0m
[1;32m[Core 2] PASS PATTERN NO. 2987 | Func: NAND | Latency:    6[1;0m
[1;34m[Core 1] PASS PATTERN NO. 2988 | Func:  SUB | Latency:    9[1;0m
[1;32m[Core 2] PASS PATTERN NO. 2988 | Func:   LH | Latency:  264[1;0m
[1;34m[Core 1] PASS PATTERN NO. 2989 | Func: ADDI | Latency:  261[1;0m
[1;32m[Core 2] PASS PATTERN NO. 2989 | Func:  SUB | Latency:    6[1;0m
[1;34m[Core 1] PASS PATTERN NO. 2990 | Func: NAND | Latency:    9[1;0m
[1;32m[Core 2] PASS PATTERN NO. 2990 | Func:  XOR | Latency:    9[1;0m
[1;34m[Core 1] PASS PATTERN NO. 2991 | Func:    J | Latency:    8[1;0m
[1;32m[Core 2] PASS PATTERN NO. 2991 | Func:    J | Latency:    8[1;0m
[1;34m[Core 1] PASS PATTERN NO. 2992 | Func:   SH | Latency: 1173[1;0m
[1;32m[Core 2] PASS PATTERN NO. 2992 | Func:   LH | Latency: 1578[1;0m
[1;34m[Core 1] PASS PATTERN NO. 2993 | Func: SUBI | Latency:  411[1;0m
[1;32m[Core 2] PASS PATTERN NO. 2993 | Func:  NOR | Latency:    6[1;0m
[1;34m[Core 1] PASS PATTERN NO. 2994 | Func: SUBI | Latency:    9[1;0m
[1;32m[Core 2] PASS PATTERN NO. 2994 | Func:   LH | Latency:  289[1;0m
[1;34m[Core 1] PASS PATTERN NO. 2995 | Func: ADDI | Latency:  286[1;0m
[1;32m[Core 2] PASS PATTERN NO. 2995 | Func:  MUL | Latency:    9[1;0m
[1;34m[Core 1] PASS PATTERN NO. 2996 | Func:  XOR | Latency:    9[1;0m
[1;32m[Core 2] PASS PATTERN NO. 2996 | Func: SUBI | Latency:    6[1;0m
[1;32m[Core 2] PASS PATTERN NO. 2997 | Func:  SUB | Latency:    9[1;0m
[1;34m[Core 1] PASS PATTERN NO. 2997 | Func:  MUL | Latency:   12[1;0m
[1;34m[Core 1] PASS PATTERN NO. 2998 | Func:  XOR | Latency:    6[1;0m
[1;32m[Core 2] PASS PATTERN NO. 2998 | Func: SUBI | Latency:    9[1;0m
[1;34m[Core 1] PASS PATTERN NO. 2999 | Func:  SLT | Latency:    9[1;0m
[1;32m[Core 2] PASS PATTERN NO. 2999 | Func:   LH | Latency:  378[1;0m
[1;33m[Info] Global Memory Check Passed at IC 50-boundary (Snapshot 59)[1;0m
[1;34m[Core 1] PASS PATTERN NO. 3000 | Func:  SUB | Latency:  375[1;0m
[1;32m[Core 2] PASS PATTERN NO. 3000 | Func:   LH | Latency:  283[1;0m
[1;34m[Core 1] PASS PATTERN NO. 3001 | Func:  ADD | Latency:  283[1;0m
[1;32m[Core 2] PASS PATTERN NO. 3001 | Func: NAND | Latency:    6[1;0m
[1;34m[Core 1] PASS PATTERN NO. 3002 | Func:  ADD | Latency:    9[1;0m
[1;32m[Core 2] PASS PATTERN NO. 3002 | Func:   LH | Latency:  264[1;0m
[1;34m[Core 1] PASS PATTERN NO. 3003 | Func:  SLT | Latency:  261[1;0m
[1;32m[Core 2] PASS PATTERN NO. 3003 | Func:  ADD | Latency:    6[1;0m
[1;32m[Core 2] PASS PATTERN NO. 3004 | Func:   SH | Latency:  247[1;0m
[1;34m[Core 1] PASS PATTERN NO. 3004 | Func:   LH | Latency:  374[1;0m
[1;34m[Core 1] PASS PATTERN NO. 3005 | Func:  SUB | Latency:    6[1;0m
[1;32m[Core 2] PASS PATTERN NO. 3005 | Func:   LH | Latency:  365[1;0m
[1;32m[Core 2] PASS PATTERN NO. 3006 | Func:  ADD | Latency:    6[1;0m
[1;34m[Core 1] PASS PATTERN NO. 3006 | Func:   LH | Latency:  455[1;0m
[1;34m[Core 1] PASS PATTERN NO. 3007 | Func:  NOR | Latency:    6[1;0m
[1;32m[Core 2] PASS PATTERN NO. 3007 | Func:   LH | Latency:  459[1;0m
[1;34m[Core 1] PASS PATTERN NO. 3008 | Func: NAND | Latency:  242[1;0m
[1;32m[Core 2] PASS PATTERN NO. 3008 | Func:   LH | Latency:  451[1;0m
[1;34m[Core 1] PASS PATTERN NO. 3009 | Func:  MUL | Latency:  454[1;0m
[1;32m[Core 2] PASS PATTERN NO. 3009 | Func:   LH | Latency:  128[1;0m
[1;34m[Core 1] PASS PATTERN NO. 3010 | Func: ADDI | Latency:  125[1;0m
[1;32m[Core 2] PASS PATTERN NO. 3010 | Func:  SLT | Latency:    6[1;0m
[1;32m[Core 2] PASS PATTERN NO. 3011 | Func: NAND | Latency:    9[1;0m
[1;34m[Core 1] PASS PATTERN NO. 3011 | Func:   SH | Latency:  287[1;0m
[1;32m[Core 2] PASS PATTERN NO. 3012 | Func: ADDI | Latency:  284[1;0m
[1;34m[Core 1] PASS PATTERN NO. 3012 | Func:  MUL | Latency:    9[1;0m
[1;34m[Core 1] PASS PATTERN NO. 3013 | Func: SUBI | Latency:    6[1;0m
[1;32m[Core 2] PASS PATTERN NO. 3013 | Func:   LH | Latency:  273[1;0m
[1;34m[Core 1] PASS PATTERN NO. 3014 | Func:  SLT | Latency:  270[1;0m
[1;32m[Core 2] PASS PATTERN NO. 3014 | Func:  SLT | Latency:    6[1;0m
[1;34m[Core 1] PASS PATTERN NO. 3015 | Func:  SLT | Latency:    9[1;0m
[1;32m[Core 2] PASS PATTERN NO. 3015 | Func:  SLT | Latency:    9[1;0m
[1;34m[Core 1] PASS PATTERN NO. 3016 | Func: ADDI | Latency:    9[1;0m
[1;32m[Core 2] PASS PATTERN NO. 3016 | Func:  SUB | Latency:    9[1;0m
[1;32m[Core 2] PASS PATTERN NO. 3017 | Func:  SUB | Latency:    9[1;0m
[1;34m[Core 1] PASS PATTERN NO. 3017 | Func:  MUL | Latency:   12[1;0m
[1;34m[Core 1] PASS PATTERN NO. 3018 | Func: ADDI | Latency:    6[1;0m
[1;32m[Core 2] PASS PATTERN NO. 3018 | Func:  MUL | Latency:   12[1;0m
[1;34m[Core 1] PASS PATTERN NO. 3019 | Func:  SLT | Latency:    9[1;0m
[1;32m[Core 2] PASS PATTERN NO. 3019 | Func:   LH | Latency:  395[1;0m
[1;34m[Core 1] PASS PATTERN NO. 3020 | Func:   OR | Latency:  395[1;0m
[1;32m[Core 2] PASS PATTERN NO. 3020 | Func:   LH | Latency:  476[1;0m
[1;32m[Core 2] PASS PATTERN NO. 3021 | Func:  SLT | Latency:    6[1;0m
[1;34m[Core 1] PASS PATTERN NO. 3021 | Func:   SH | Latency:  793[1;0m
[1;34m[Core 1] PASS PATTERN NO. 3022 | Func:  XOR | Latency:    6[1;0m
[1;32m[Core 2] PASS PATTERN NO. 3022 | Func:   LH | Latency:  491[1;0m
[1;34m[Core 1] PASS PATTERN NO. 3023 | Func:  AND | Latency:  731[1;0m
[1;32m[Core 2] PASS PATTERN NO. 3023 | Func:   SH | Latency:  928[1;0m
[1;34m[Core 1] PASS PATTERN NO. 3024 | Func:  MUL | Latency:  374[1;0m
[1;32m[Core 2] PASS PATTERN NO. 3024 | Func:   LH | Latency:  381[1;0m
[1;34m[Core 1] PASS PATTERN NO. 3025 | Func: NAND | Latency:  378[1;0m
[1;32m[Core 2] PASS PATTERN NO. 3025 | Func: ADDI | Latency:    6[1;0m
[1;34m[Core 1] PASS PATTERN NO. 3026 | Func:   LH | Latency:  397[1;0m
[1;32m[Core 2] PASS PATTERN NO. 3026 | Func:   LH | Latency:  831[1;0m
[1;32m[Core 2] PASS PATTERN NO. 3027 | Func:  SLT | Latency:    6[1;0m
[1;34m[Core 1] PASS PATTERN NO. 3027 | Func:   LH | Latency:  878[1;0m
[1;34m[Core 1] PASS PATTERN NO. 3028 | Func:   SH | Latency:  232[1;0m
[1;32m[Core 2] PASS PATTERN NO. 3028 | Func:   LH | Latency:  891[1;0m
[1;34m[Core 1] PASS PATTERN NO. 3029 | Func:   SH | Latency:  710[1;0m
[1;32m[Core 2] PASS PATTERN NO. 3029 | Func:   LH | Latency:  783[1;0m
[1;34m[Core 1] PASS PATTERN NO. 3030 | Func: SUBI | Latency:  300[1;0m
[1;32m[Core 2] PASS PATTERN NO. 3030 | Func:  ADD | Latency:    6[1;0m
[1;32m[Core 2] PASS PATTERN NO. 3031 | Func:   SH | Latency:  469[1;0m
[1;34m[Core 1] PASS PATTERN NO. 3031 | Func:   LH | Latency:  796[1;0m
[1;32m[Core 2] PASS PATTERN NO. 3032 | Func:   SH | Latency:  693[1;0m
[1;34m[Core 1] PASS PATTERN NO. 3032 | Func:   LH | Latency:  692[1;0m
[1;34m[Core 1] PASS PATTERN NO. 3033 | Func: ADDI | Latency:    6[1;0m
[1;32m[Core 2] PASS PATTERN NO. 3033 | Func: SUBI | Latency:  332[1;0m
[1;34m[Core 1] PASS PATTERN NO. 3034 | Func:   SH | Latency:  440[1;0m
[1;32m[Core 2] PASS PATTERN NO. 3034 | Func:   LH | Latency:  880[1;0m
[1;32m[Core 2] PASS PATTERN NO. 3035 | Func:   OR | Latency:    6[1;0m
[1;34m[Core 1] PASS PATTERN NO. 3035 | Func:   LH | Latency:  912[1;0m
[1;34m[Core 1] PASS PATTERN NO. 3036 | Func:  MUL | Latency:    9[1;0m
[1;32m[Core 2] PASS PATTERN NO. 3036 | Func:  MUL | Latency:  476[1;0m
[1;34m[Core 1] PASS PATTERN NO. 3037 | Func:   SH | Latency:  434[1;0m
[1;32m[Core 2] PASS PATTERN NO. 3037 | Func:   LH | Latency:  838[1;0m
[1;34m[Core 1] PASS PATTERN NO. 3038 | Func:  NOR | Latency:  411[1;0m
[1;32m[Core 2] PASS PATTERN NO. 3038 | Func:  XOR | Latency:    6[1;0m
[1;34m[Core 1] PASS PATTERN NO. 3039 | Func:  AND | Latency:    9[1;0m
[1;32m[Core 2] PASS PATTERN NO. 3039 | Func:   SH | Latency:  142[1;0m
[1;32m[Core 2] PASS PATTERN NO. 3040 | Func: ADDI | Latency:    6[1;0m
[1;34m[Core 1] PASS PATTERN NO. 3040 | Func:   SH | Latency:  399[1;0m
[1;34m[Core 1] PASS PATTERN NO. 3041 | Func: ADDI | Latency:    6[1;0m
[1;32m[Core 2] PASS PATTERN NO. 3041 | Func:   LH | Latency:  495[1;0m
[1;32m[Core 2] PASS PATTERN NO. 3042 | Func: ADDI | Latency:    6[1;0m
[1;34m[Core 1] PASS PATTERN NO. 3042 | Func:   LH | Latency:  384[1;0m
[1;32m[Core 2] PASS PATTERN NO. 3043 | Func:  MUL | Latency:  158[1;0m
[1;34m[Core 1] PASS PATTERN NO. 3043 | Func:   LH | Latency:  505[1;0m
[1;34m[Core 1] PASS PATTERN NO. 3044 | Func:  SUB | Latency:    6[1;0m
[1;32m[Core 2] PASS PATTERN NO. 3044 | Func:   LH | Latency:  882[1;0m
[1;34m[Core 1] PASS PATTERN NO. 3045 | Func: NAND | Latency:  386[1;0m
[1;32m[Core 2] PASS PATTERN NO. 3045 | Func: ADDI | Latency:    6[1;0m
[1;32m[Core 2] PASS PATTERN NO. 3046 | Func: ADDI | Latency:    9[1;0m
[1;34m[Core 1] PASS PATTERN NO. 3046 | Func:   SH | Latency:  405[1;0m
[1;34m[Core 1] PASS PATTERN NO. 3047 | Func:  NOR | Latency:    6[1;0m
[1;32m[Core 2] PASS PATTERN NO. 3047 | Func:  NOR | Latency:  402[1;0m
[1;32m[Core 2] PASS PATTERN NO. 3048 | Func:   OR | Latency:    9[1;0m
[1;34m[Core 1] PASS PATTERN NO. 3048 | Func:   SH | Latency:  408[1;0m
[1;34m[Core 1] PASS PATTERN NO. 3049 | Func:  ADD | Latency:    6[1;0m
[1;32m[Core 2] PASS PATTERN NO. 3049 | Func:   SH | Latency:  658[1;0m
[1;33m[Info] Global Memory Check Passed at IC 50-boundary (Snapshot 60)[1;0m
[1;34m[Core 1] PASS PATTERN NO. 3050 | Func: NAND | Latency:  259[1;0m
[1;32m[Core 2] PASS PATTERN NO. 3050 | Func: SUBI | Latency:    6[1;0m
[1;34m[Core 1] PASS PATTERN NO. 3051 | Func: SUBI | Latency:    9[1;0m
[1;32m[Core 2] PASS PATTERN NO. 3051 | Func:  MUL | Latency:   12[1;0m
[1;34m[Core 1] PASS PATTERN NO. 3052 | Func:  NOR | Latency:    9[1;0m
[1;32m[Core 2] PASS PATTERN NO. 3052 | Func: NAND | Latency:    6[1;0m
[1;34m[Core 1] PASS PATTERN NO. 3053 | Func:   LH | Latency:  220[1;0m
[1;32m[Core 2] PASS PATTERN NO. 3053 | Func:   LH | Latency:  711[1;0m
[1;34m[Core 1] PASS PATTERN NO. 3054 | Func: SUBI | Latency:  497[1;0m
[1;32m[Core 2] PASS PATTERN NO. 3054 | Func:  ADD | Latency:    6[1;0m
[1;34m[Core 1] PASS PATTERN NO. 3055 | Func:  SLT | Latency:  359[1;0m
[1;32m[Core 2] PASS PATTERN NO. 3055 | Func:  AND | Latency:  359[1;0m
[1;34m[Core 1] PASS PATTERN NO. 3056 | Func: NAND | Latency:    9[1;0m
[1;32m[Core 2] PASS PATTERN NO. 3056 | Func:  ADD | Latency:    9[1;0m
[1;34m[Core 1] PASS PATTERN NO. 3057 | Func:   OR | Latency:    9[1;0m
[1;32m[Core 2] PASS PATTERN NO. 3057 | Func: ADDI | Latency:    9[1;0m
[1;34m[Core 1] PASS PATTERN NO. 3058 | Func:  ADD | Latency:    9[1;0m
[1;32m[Core 2] PASS PATTERN NO. 3058 | Func:   LH | Latency:  124[1;0m
[1;34m[Core 1] PASS PATTERN NO. 3059 | Func:  SUB | Latency:  121[1;0m
[1;32m[Core 2] PASS PATTERN NO. 3059 | Func: ADDI | Latency:    6[1;0m
[1;34m[Core 1] PASS PATTERN NO. 3060 | Func:   SH | Latency:  311[1;0m
[1;32m[Core 2] PASS PATTERN NO. 3060 | Func:   LH | Latency:  528[1;0m
[1;32m[Core 2] PASS PATTERN NO. 3061 | Func:  AND | Latency:    6[1;0m
[1;34m[Core 1] PASS PATTERN NO. 3061 | Func:   LH | Latency:  566[1;0m
[1;34m[Core 1] PASS PATTERN NO. 3062 | Func:   SH | Latency:  387[1;0m
[1;32m[Core 2] PASS PATTERN NO. 3062 | Func:   LH | Latency: 1179[1;0m
[1;32m[Core 2] PASS PATTERN NO. 3063 | Func:  NOR | Latency:    6[1;0m
[1;34m[Core 1] PASS PATTERN NO. 3063 | Func:   SH | Latency:  939[1;0m
[1;34m[Core 1] PASS PATTERN NO. 3064 | Func: NAND | Latency:    6[1;0m
[1;32m[Core 2] PASS PATTERN NO. 3064 | Func:  SLT | Latency:  490[1;0m
[1;34m[Core 1] PASS PATTERN NO. 3065 | Func:  ADD | Latency:    9[1;0m
[1;32m[Core 2] PASS PATTERN NO. 3065 | Func:   LH | Latency:  214[1;0m
[1;34m[Core 1] PASS PATTERN NO. 3066 | Func:  ADD | Latency:  211[1;0m
[1;32m[Core 2] PASS PATTERN NO. 3066 | Func:   SH | Latency:  462[1;0m
[1;34m[Core 1] PASS PATTERN NO. 3067 | Func:  XOR | Latency:  462[1;0m
[1;32m[Core 2] PASS PATTERN NO. 3067 | Func:   LH | Latency:  442[1;0m
[1;34m[Core 1] PASS PATTERN NO. 3068 | Func:  MUL | Latency:  445[1;0m
[1;32m[Core 2] PASS PATTERN NO. 3068 | Func:  MUL | Latency:   10[1;0m
[1;32m[Core 2] PASS PATTERN NO. 3069 | Func: SUBI | Latency:    8[1;0m
[1;34m[Core 1] PASS PATTERN NO. 3069 | Func:   SH | Latency:  370[1;0m
[1;32m[Core 2] PASS PATTERN NO. 3070 | Func: SUBI | Latency:  367[1;0m
[1;34m[Core 1] PASS PATTERN NO. 3070 | Func:   LH | Latency:  235[1;0m
[1;32m[Core 2] PASS PATTERN NO. 3071 | Func:   SH | Latency:  567[1;0m
[1;34m[Core 1] PASS PATTERN NO. 3071 | Func:   LH | Latency:  529[1;0m
[1;34m[Core 1] PASS PATTERN NO. 3072 | Func:  SLT | Latency:    6[1;0m
[1;32m[Core 2] PASS PATTERN NO. 3072 | Func: ADDI | Latency:  197[1;0m
[1;34m[Core 1] PASS PATTERN NO. 3073 | Func: NAND | Latency:    9[1;0m
[1;32m[Core 2] PASS PATTERN NO. 3073 | Func:  XOR | Latency:    9[1;0m
[1;34m[Core 1] PASS PATTERN NO. 3074 | Func: ADDI | Latency:    9[1;0m
[1;32m[Core 2] PASS PATTERN NO. 3074 | Func:  NOR | Latency:    9[1;0m
[1;32m[Core 2] PASS PATTERN NO. 3075 | Func:   SH | Latency:  223[1;0m
[1;34m[Core 1] PASS PATTERN NO. 3075 | Func:   LH | Latency:  670[1;0m
[1;34m[Core 1] PASS PATTERN NO. 3076 | Func:  XOR | Latency:    6[1;0m
[1;32m[Core 2] PASS PATTERN NO. 3076 | Func:  MUL | Latency:  456[1;0m
[1;34m[Core 1] PASS PATTERN NO. 3077 | Func:  SLT | Latency:    9[1;0m
[1;32m[Core 2] PASS PATTERN NO. 3077 | Func:   LH | Latency:  148[1;0m
[1;34m[Core 1] PASS PATTERN NO. 3078 | Func:  SUB | Latency:  148[1;0m
[1;32m[Core 2] PASS PATTERN NO. 3078 | Func:  MUL | Latency:    9[1;0m
[1;34m[Core 1] PASS PATTERN NO. 3079 | Func: SUBI | Latency:    9[1;0m
[1;32m[Core 2] PASS PATTERN NO. 3079 | Func: SUBI | Latency:    6[1;0m
[1;34m[Core 1] PASS PATTERN NO. 3080 | Func:  NOR | Latency:    9[1;0m
[1;32m[Core 2] PASS PATTERN NO. 3080 | Func:   SH | Latency:  368[1;0m
[1;34m[Core 1] PASS PATTERN NO. 3081 | Func:  ADD | Latency:  365[1;0m
[1;32m[Core 2] PASS PATTERN NO. 3081 | Func:  MUL | Latency:    9[1;0m
[1;34m[Core 1] PASS PATTERN NO. 3082 | Func:  XOR | Latency:    9[1;0m
[1;32m[Core 2] PASS PATTERN NO. 3082 | Func:  MUL | Latency:    9[1;0m
[1;34m[Core 1] PASS PATTERN NO. 3083 | Func:  SLT | Latency:    9[1;0m
[1;32m[Core 2] PASS PATTERN NO. 3083 | Func:   LH | Latency:  408[1;0m
[1;34m[Core 1] PASS PATTERN NO. 3084 | Func:  ADD | Latency:  408[1;0m
[1;32m[Core 2] PASS PATTERN NO. 3084 | Func:   LH | Latency:  276[1;0m
[1;32m[Core 2] PASS PATTERN NO. 3085 | Func:  SLT | Latency:    6[1;0m
[1;34m[Core 1] PASS PATTERN NO. 3085 | Func:   SH | Latency:  546[1;0m
[1;32m[Core 2] PASS PATTERN NO. 3086 | Func: SUBI | Latency:  276[1;0m
[1;34m[Core 1] PASS PATTERN NO. 3086 | Func:  MUL | Latency:    9[1;0m
[1;32m[Core 2] PASS PATTERN NO. 3087 | Func:  SUB | Latency:  759[1;0m
[1;34m[Core 1] PASS PATTERN NO. 3087 | Func:   SH | Latency:  865[1;0m
[1;32m[Core 2] PASS PATTERN NO. 3088 | Func:  MUL | Latency:  118[1;0m
[1;34m[Core 1] PASS PATTERN NO. 3088 | Func:   SH | Latency:  448[1;0m
[1;34m[Core 1] PASS PATTERN NO. 3089 | Func:  SUB | Latency:    6[1;0m
[1;32m[Core 2] PASS PATTERN NO. 3089 | Func: ADDI | Latency:  445[1;0m
[1;32m[Core 2] PASS PATTERN NO. 3090 | Func:  XOR | Latency:    9[1;0m
[1;34m[Core 1] PASS PATTERN NO. 3090 | Func:   LH | Latency:  474[1;0m
[1;34m[Core 1] PASS PATTERN NO. 3091 | Func:  SUB | Latency:    6[1;0m
[1;32m[Core 2] PASS PATTERN NO. 3091 | Func:   LH | Latency:  754[1;0m
[1;34m[Core 1] PASS PATTERN NO. 3092 | Func:  MUL | Latency:  292[1;0m
[1;32m[Core 2] PASS PATTERN NO. 3092 | Func:  MUL | Latency:   10[1;0m
[1;34m[Core 1] PASS PATTERN NO. 3093 | Func:  SLT | Latency:    9[1;0m
[1;32m[Core 2] PASS PATTERN NO. 3093 | Func:   SH | Latency:  168[1;0m
[1;34m[Core 1] PASS PATTERN NO. 3094 | Func:   OR | Latency:  166[1;0m
[1;32m[Core 2] PASS PATTERN NO. 3094 | Func: NAND | Latency:    6[1;0m
[1;34m[Core 1] PASS PATTERN NO. 3095 | Func: ADDI | Latency:    9[1;0m
[1;32m[Core 2] PASS PATTERN NO. 3095 | Func:  XOR | Latency:    9[1;0m
[1;34m[Core 1] PASS PATTERN NO. 3096 | Func: ADDI | Latency:    9[1;0m
[1;32m[Core 2] PASS PATTERN NO. 3096 | Func:  ADD | Latency:    9[1;0m
[1;34m[Core 1] PASS PATTERN NO. 3097 | Func: SUBI | Latency:    9[1;0m
[1;32m[Core 2] PASS PATTERN NO. 3097 | Func:  SLT | Latency:    9[1;0m
[1;34m[Core 1] PASS PATTERN NO. 3098 | Func:  SLT | Latency:    9[1;0m
[1;32m[Core 2] PASS PATTERN NO. 3098 | Func:   LH | Latency:  186[1;0m
[1;32m[Core 2] PASS PATTERN NO. 3099 | Func:   OR | Latency:    6[1;0m
[1;34m[Core 1] PASS PATTERN NO. 3099 | Func:   SH | Latency:  334[1;0m
[1;33m[Info] Global Memory Check Passed at IC 50-boundary (Snapshot 61)[1;0m
[1;32m[Core 2] PASS PATTERN NO. 3100 | Func:  MUL | Latency:  160[1;0m
[1;34m[Core 1] PASS PATTERN NO. 3100 | Func:   LH | Latency:  274[1;0m
[1;34m[Core 1] PASS PATTERN NO. 3101 | Func:   OR | Latency:    6[1;0m
[1;32m[Core 2] PASS PATTERN NO. 3101 | Func:  NOR | Latency:  271[1;0m
[1;32m[Core 2] PASS PATTERN NO. 3102 | Func:   SH | Latency:  257[1;0m
[1;34m[Core 1] PASS PATTERN NO. 3102 | Func:   LH | Latency:  707[1;0m
[1;34m[Core 1] PASS PATTERN NO. 3103 | Func: ADDI | Latency:    6[1;0m
[1;32m[Core 2] PASS PATTERN NO. 3103 | Func:  MUL | Latency:  459[1;0m
[1;34m[Core 1] PASS PATTERN NO. 3104 | Func:  SUB | Latency:    9[1;0m
[1;32m[Core 2] PASS PATTERN NO. 3104 | Func: ADDI | Latency:    6[1;0m
[1;34m[Core 1] PASS PATTERN NO. 3105 | Func:   OR | Latency:    9[1;0m
[1;32m[Core 2] PASS PATTERN NO. 3105 | Func: ADDI | Latency:    9[1;0m
[1;34m[Core 1] PASS PATTERN NO. 3106 | Func: ADDI | Latency:    9[1;0m
[1;32m[Core 2] PASS PATTERN NO. 3106 | Func:   LH | Latency:  144[1;0m
[1;32m[Core 2] PASS PATTERN NO. 3107 | Func:  MUL | Latency:    9[1;0m
[1;34m[Core 1] PASS PATTERN NO. 3107 | Func:   SH | Latency:  389[1;0m
[1;32m[Core 2] PASS PATTERN NO. 3108 | Func: ADDI | Latency:  251[1;0m
[1;34m[Core 1] PASS PATTERN NO. 3108 | Func:   SH | Latency:  314[1;0m
[1;34m[Core 1] PASS PATTERN NO. 3109 | Func:  ADD | Latency:    6[1;0m
[1;32m[Core 2] PASS PATTERN NO. 3109 | Func:   SH | Latency:  450[1;0m
[1;32m[Core 2] PASS PATTERN NO. 3110 | Func:  AND | Latency:    6[1;0m
[1;34m[Core 1] PASS PATTERN NO. 3110 | Func:  MUL | Latency:  145[1;0m
[1;34m[Core 1] PASS PATTERN NO. 3111 | Func:  SLT | Latency:    6[1;0m
[1;32m[Core 2] PASS PATTERN NO. 3111 | Func:  MUL | Latency:   12[1;0m
[1;32m[Core 2] PASS PATTERN NO. 3112 | Func:  SLT | Latency:    6[1;0m
[1;34m[Core 1] PASS PATTERN NO. 3112 | Func:   LH | Latency:  283[1;0m
[1;34m[Core 1] PASS PATTERN NO. 3113 | Func:  SLT | Latency:    6[1;0m
[1;32m[Core 2] PASS PATTERN NO. 3113 | Func:  AND | Latency:  280[1;0m
[1;32m[Core 2] PASS PATTERN NO. 3114 | Func:  SUB | Latency:    9[1;0m
[1;34m[Core 1] PASS PATTERN NO. 3114 | Func:   LH | Latency:  494[1;0m
[1;34m[Core 1] PASS PATTERN NO. 3115 | Func: SUBI | Latency:    6[1;0m
[1;32m[Core 2] PASS PATTERN NO. 3115 | Func:  ADD | Latency:  491[1;0m
[1;32m[Core 2] PASS PATTERN NO. 3116 | Func:  NOR | Latency:    9[1;0m
[1;34m[Core 1] PASS PATTERN NO. 3116 | Func:  MUL | Latency:   12[1;0m
[1;34m[Core 1] PASS PATTERN NO. 3117 | Func: NAND | Latency:    6[1;0m
[1;32m[Core 2] PASS PATTERN NO. 3117 | Func:  AND | Latency:    9[1;0m
[1;32m[Core 2] PASS PATTERN NO. 3118 | Func: NAND | Latency:    9[1;0m
[1;34m[Core 1] PASS PATTERN NO. 3118 | Func:  MUL | Latency:   12[1;0m
[1;34m[Core 1] PASS PATTERN NO. 3119 | Func:    J | Latency:  477[1;0m
[1;32m[Core 2] PASS PATTERN NO. 3119 | Func:    J | Latency:  480[1;0m

[1;34m[Pattern 0 Passed][1;0m

[1;32m[Info] Pattern 1 Start Simulation![1;0m
[1;33m[Info] Golden Model Trace Generated! (Final IC: 3120)[1;0m
[1;34m[Core 1] PASS PATTERN NO.    0 | Func:  XOR | Latency:  969[1;0m
[1;32m[Core 2] PASS PATTERN NO.    0 | Func:  XOR | Latency:  969[1;0m
[1;34m[Core 1] PASS PATTERN NO.    1 | Func: ADDI | Latency:    9[1;0m
[1;32m[Core 2] PASS PATTERN NO.    1 | Func: ADDI | Latency:    9[1;0m
[1;34m[Core 1] PASS PATTERN NO.    2 | Func: ADDI | Latency:    9[1;0m
[1;32m[Core 2] PASS PATTERN NO.    2 | Func: ADDI | Latency:    9[1;0m
[1;34m[Core 1] PASS PATTERN NO.    3 | Func: ADDI | Latency:    9[1;0m
[1;32m[Core 2] PASS PATTERN NO.    3 | Func: ADDI | Latency:    9[1;0m
[1;34m[Core 1] PASS PATTERN NO.    4 | Func: ADDI | Latency:    9[1;0m
[1;32m[Core 2] PASS PATTERN NO.    4 | Func: ADDI | Latency:    9[1;0m
[1;34m[Core 1] PASS PATTERN NO.    5 | Func:  MUL | Latency:   12[1;0m
[1;32m[Core 2] PASS PATTERN NO.    5 | Func:  MUL | Latency:   13[1;0m
[1;34m[Core 1] PASS PATTERN NO.    6 | Func:  AND | Latency:    9[1;0m
[1;32m[Core 2] PASS PATTERN NO.    6 | Func:  MUL | Latency:   11[1;0m
[1;34m[Core 1] PASS PATTERN NO.    7 | Func:  ADD | Latency:    9[1;0m
[1;32m[Core 2] PASS PATTERN NO.    7 | Func:  ADD | Latency:    6[1;0m
[1;34m[Core 1] PASS PATTERN NO.    8 | Func: NAND | Latency:    9[1;0m
[1;32m[Core 2] PASS PATTERN NO.    8 | Func:  XOR | Latency:    9[1;0m
[1;32m[Core 2] PASS PATTERN NO.    9 | Func: SUBI | Latency:    9[1;0m
[1;34m[Core 1] PASS PATTERN NO.    9 | Func:   LH | Latency:  298[1;0m
[1;34m[Core 1] PASS PATTERN NO.   10 | Func:   OR | Latency:    6[1;0m
[1;32m[Core 2] PASS PATTERN NO.   10 | Func:  MUL | Latency:  298[1;0m
[1;32m[Core 2] PASS PATTERN NO.   11 | Func:  XOR | Latency:    6[1;0m
[1;34m[Core 1] PASS PATTERN NO.   11 | Func:   SH | Latency:  298[1;0m
[1;32m[Core 2] PASS PATTERN NO.   12 | Func: ADDI | Latency:  295[1;0m
[1;34m[Core 1] PASS PATTERN NO.   12 | Func:   LH | Latency:  275[1;0m
[1;32m[Core 2] PASS PATTERN NO.   13 | Func:  SUB | Latency:  275[1;0m
[1;34m[Core 1] PASS PATTERN NO.   13 | Func:   SH | Latency:  296[1;0m
[1;34m[Core 1] PASS PATTERN NO.   14 | Func: SUBI | Latency:    6[1;0m
[1;32m[Core 2] PASS PATTERN NO.   14 | Func: ADDI | Latency:  296[1;0m
[1;34m[Core 1] PASS PATTERN NO.   15 | Func: ADDI | Latency:    9[1;0m
[1;32m[Core 2] PASS PATTERN NO.   15 | Func:   LH | Latency:  281[1;0m
[1;34m[Core 1] PASS PATTERN NO.   16 | Func:  SUB | Latency:  278[1;0m
[1;32m[Core 2] PASS PATTERN NO.   16 | Func:  XOR | Latency:    6[1;0m
[1;34m[Core 1] PASS PATTERN NO.   17 | Func:  SUB | Latency:    9[1;0m
[1;32m[Core 2] PASS PATTERN NO.   17 | Func:   SH | Latency:  411[1;0m
[1;34m[Core 1] PASS PATTERN NO.   18 | Func:   OR | Latency:  408[1;0m
[1;32m[Core 2] PASS PATTERN NO.   18 | Func: SUBI | Latency:    6[1;0m
[1;32m[Core 2] PASS PATTERN NO.   19 | Func:   OR | Latency:    9[1;0m
[1;34m[Core 1] PASS PATTERN NO.   19 | Func:   LH | Latency:  481[1;0m
[1;32m[Core 2] PASS PATTERN NO.   20 | Func:  XOR | Latency:  478[1;0m
[1;34m[Core 1] PASS PATTERN NO.   20 | Func:   LH | Latency:  251[1;0m
[1;32m[Core 2] PASS PATTERN NO.   21 | Func:   SH | Latency:  703[1;0m
[1;34m[Core 1] PASS PATTERN NO.   21 | Func:   LH | Latency:  954[1;0m
[1;34m[Core 1] PASS PATTERN NO.   22 | Func:  SLT | Latency:    6[1;0m
[1;32m[Core 2] PASS PATTERN NO.   22 | Func:  NOR | Latency:  502[1;0m
[1;34m[Core 1] PASS PATTERN NO.   23 | Func:   OR | Latency:    9[1;0m
[1;32m[Core 2] PASS PATTERN NO.   23 | Func:   SH | Latency:  197[1;0m
[1;32m[Core 2] PASS PATTERN NO.   24 | Func:  SUB | Latency:    6[1;0m
[1;34m[Core 1] PASS PATTERN NO.   24 | Func:   LH | Latency:  568[1;0m
[1;34m[Core 1] PASS PATTERN NO.   25 | Func:  AND | Latency:    6[1;0m
[1;32m[Core 2] PASS PATTERN NO.   25 | Func:  SLT | Latency:  380[1;0m
[1;34m[Core 1] PASS PATTERN NO.   26 | Func:  SUB | Latency:    9[1;0m
[1;32m[Core 2] PASS PATTERN NO.   26 | Func: SUBI | Latency:    9[1;0m
[1;32m[Core 2] PASS PATTERN NO.   27 | Func:  ADD | Latency:    9[1;0m
[1;34m[Core 1] PASS PATTERN NO.   27 | Func:   LH | Latency:  496[1;0m
[1;32m[Core 2] PASS PATTERN NO.   28 | Func:  MUL | Latency:  496[1;0m
[1;34m[Core 1] PASS PATTERN NO.   28 | Func:   SH | Latency:  281[1;0m
[1;34m[Core 1] PASS PATTERN NO.   29 | Func:  ADD | Latency:    6[1;0m
[1;32m[Core 2] PASS PATTERN NO.   29 | Func:   LH | Latency:  773[1;0m
[1;34m[Core 1] PASS PATTERN NO.   30 | Func:  SUB | Latency:  501[1;0m
[1;32m[Core 2] PASS PATTERN NO.   30 | Func:   SH | Latency:  296[1;0m
[1;34m[Core 1] PASS PATTERN NO.   31 | Func:  XOR | Latency:  296[1;0m
[1;32m[Core 2] PASS PATTERN NO.   31 | Func:   LH | Latency:  231[1;0m
[1;34m[Core 1] PASS PATTERN NO.   32 | Func:   SH | Latency:  755[1;0m
[1;32m[Core 2] PASS PATTERN NO.   32 | Func:   LH | Latency: 1026[1;0m
[1;32m[Core 2] PASS PATTERN NO.   33 | Func:  AND | Latency:    6[1;0m
[1;34m[Core 1] PASS PATTERN NO.   33 | Func:   LH | Latency:  759[1;0m
[1;34m[Core 1] PASS PATTERN NO.   34 | Func:   OR | Latency:    6[1;0m
[1;32m[Core 2] PASS PATTERN NO.   34 | Func:   SH | Latency:  572[1;0m
[1;34m[Core 1] PASS PATTERN NO.   35 | Func:   SH | Latency:  661[1;0m
[1;32m[Core 2] PASS PATTERN NO.   35 | Func:   LH | Latency:  763[1;0m
[1;34m[Core 1] PASS PATTERN NO.   36 | Func: SUBI | Latency:  417[1;0m
[1;32m[Core 2] PASS PATTERN NO.   36 | Func:  SUB | Latency:    6[1;0m
[1;32m[Core 2] PASS PATTERN NO.   37 | Func:  MUL | Latency:   12[1;0m
[1;34m[Core 1] PASS PATTERN NO.   37 | Func:   SH | Latency:  193[1;0m
[1;34m[Core 1] PASS PATTERN NO.   38 | Func:   SH | Latency:  441[1;0m
[1;32m[Core 2] PASS PATTERN NO.   38 | Func:   LH | Latency:  833[1;0m
[1;34m[Core 1] PASS PATTERN NO.   39 | Func:  SUB | Latency:  217[1;0m
[1;32m[Core 2] PASS PATTERN NO.   39 | Func:  NOR | Latency:    6[1;0m
[1;34m[Core 1] PASS PATTERN NO.   40 | Func:   OR | Latency:    9[1;0m
[1;32m[Core 2] PASS PATTERN NO.   40 | Func:   LH | Latency:  272[1;0m
[1;34m[Core 1] PASS PATTERN NO.   41 | Func: SUBI | Latency:  269[1;0m
[1;32m[Core 2] PASS PATTERN NO.   41 | Func:  SUB | Latency:    6[1;0m
[1;32m[Core 2] PASS PATTERN NO.   42 | Func:  MUL | Latency:   12[1;0m
[1;34m[Core 1] PASS PATTERN NO.   42 | Func:   SH | Latency:  456[1;0m
[1;34m[Core 1] PASS PATTERN NO.   43 | Func: ADDI | Latency:    6[1;0m
[1;32m[Core 2] PASS PATTERN NO.   43 | Func:  MUL | Latency:  453[1;0m
[1;34m[Core 1] PASS PATTERN NO.   44 | Func: SUBI | Latency:    9[1;0m
[1;32m[Core 2] PASS PATTERN NO.   44 | Func: NAND | Latency:    6[1;0m
[1;34m[Core 1] PASS PATTERN NO.   45 | Func: SUBI | Latency:    9[1;0m
[1;32m[Core 2] PASS PATTERN NO.   45 | Func:  XOR | Latency:    9[1;0m
[1;34m[Core 1] PASS PATTERN NO.   46 | Func:  SUB | Latency:    9[1;0m
[1;32m[Core 2] PASS PATTERN NO.   46 | Func:   LH | Latency:  495[1;0m
[1;34m[Core 1] PASS PATTERN NO.   47 | Func:  AND | Latency:  492[1;0m
[1;32m[Core 2] PASS PATTERN NO.   47 | Func:   LH | Latency:  331[1;0m
[1;34m[Core 1] PASS PATTERN NO.   48 | Func:  MUL | Latency:  334[1;0m
[1;32m[Core 2] PASS PATTERN NO.   48 | Func:   LH | Latency:  271[1;0m
[1;34m[Core 1] PASS PATTERN NO.   49 | Func: ADDI | Latency:  268[1;0m
[1;32m[Core 2] PASS PATTERN NO.   49 | Func:   SH | Latency:  464[1;0m
[1;33m[Info] Global Memory Check Passed at IC 50-boundary (Snapshot 0)[1;0m
[1;34m[Core 1] PASS PATTERN NO.   50 | Func:   SH | Latency:  785[1;0m
[1;32m[Core 2] PASS PATTERN NO.   50 | Func:   LH | Latency:  625[1;0m
[1;34m[Core 1] PASS PATTERN NO.   51 | Func:  MUL | Latency:  307[1;0m
[1;32m[Core 2] PASS PATTERN NO.   51 | Func:   LH | Latency:  238[1;0m
[1;34m[Core 1] PASS PATTERN NO.   52 | Func:  AND | Latency:  235[1;0m
[1;32m[Core 2] PASS PATTERN NO.   52 | Func:   SH | Latency:  479[1;0m
[1;32m[Core 2] PASS PATTERN NO.   53 | Func: NAND | Latency:    6[1;0m
[1;34m[Core 1] PASS PATTERN NO.   53 | Func:   SH | Latency:  586[1;0m
[1;32m[Core 2] PASS PATTERN NO.   54 | Func:  MUL | Latency:  116[1;0m
[1;34m[Core 1] PASS PATTERN NO.   54 | Func:   LH | Latency:  120[1;0m
[1;32m[Core 2] PASS PATTERN NO.   55 | Func:  ADD | Latency:  117[1;0m
[1;34m[Core 1] PASS PATTERN NO.   55 | Func:  MUL | Latency:    9[1;0m
[1;34m[Core 1] PASS PATTERN NO.   56 | Func:  XOR | Latency:    6[1;0m
[1;32m[Core 2] PASS PATTERN NO.   56 | Func:  NOR | Latency:    9[1;0m
[1;34m[Core 1] PASS PATTERN NO.   57 | Func:  NOR | Latency:    9[1;0m
[1;32m[Core 2] PASS PATTERN NO.   57 | Func:   LH | Latency:  407[1;0m
[1;32m[Core 2] PASS PATTERN NO.   58 | Func:  SLT | Latency:    6[1;0m
[1;34m[Core 1] PASS PATTERN NO.   58 | Func:  MUL | Latency:  407[1;0m
[1;34m[Core 1] PASS PATTERN NO.   59 | Func: ADDI | Latency:    6[1;0m
[1;32m[Core 2] PASS PATTERN NO.   59 | Func:   LH | Latency:  374[1;0m
[1;34m[Core 1] PASS PATTERN NO.   60 | Func: SUBI | Latency:  371[1;0m
[1;32m[Core 2] PASS PATTERN NO.   60 | Func:   SH | Latency:  461[1;0m
[1;32m[Core 2] PASS PATTERN NO.   61 | Func:  NOR | Latency:    6[1;0m
[1;34m[Core 1] PASS PATTERN NO.   61 | Func:   SH | Latency:  865[1;0m
[1;34m[Core 1] PASS PATTERN NO.   62 | Func: NAND | Latency:    6[1;0m
[1;32m[Core 2] PASS PATTERN NO.   62 | Func: SUBI | Latency:  410[1;0m
[1;32m[Core 2] PASS PATTERN NO.   63 | Func:  ADD | Latency:    9[1;0m
[1;34m[Core 1] PASS PATTERN NO.   63 | Func:   SH | Latency:  190[1;0m
[1;32m[Core 2] PASS PATTERN NO.   64 | Func:  SUB | Latency:  657[1;0m
[1;34m[Core 1] PASS PATTERN NO.   64 | Func:  MUL | Latency:  479[1;0m
[1;34m[Core 1] PASS PATTERN NO.   65 | Func: ADDI | Latency:    6[1;0m
[1;32m[Core 2] PASS PATTERN NO.   65 | Func: ADDI | Latency:    9[1;0m
[1;34m[Core 1] PASS PATTERN NO.   66 | Func:  XOR | Latency:    9[1;0m
[1;32m[Core 2] PASS PATTERN NO.   66 | Func:   LH | Latency:  451[1;0m
[1;34m[Core 1] PASS PATTERN NO.   67 | Func:  AND | Latency:  448[1;0m
[1;32m[Core 2] PASS PATTERN NO.   67 | Func:   LH | Latency:  171[1;0m
[1;34m[Core 1] PASS PATTERN NO.   68 | Func: NAND | Latency:  171[1;0m
[1;32m[Core 2] PASS PATTERN NO.   68 | Func:   LH | Latency:  439[1;0m
[1;34m[Core 1] PASS PATTERN NO.   69 | Func:  NOR | Latency:  439[1;0m
[1;32m[Core 2] PASS PATTERN NO.   69 | Func:   SH | Latency:  288[1;0m
[1;32m[Core 2] PASS PATTERN NO.   70 | Func:   OR | Latency:    6[1;0m
[1;34m[Core 1] PASS PATTERN NO.   70 | Func:   LH | Latency:  460[1;0m
[1;32m[Core 2] PASS PATTERN NO.   71 | Func:  XOR | Latency:  178[1;0m
[1;34m[Core 1] PASS PATTERN NO.   71 | Func:   SH | Latency:  197[1;0m
[1;34m[Core 1] PASS PATTERN NO.   72 | Func:  ADD | Latency:    6[1;0m
[1;32m[Core 2] PASS PATTERN NO.   72 | Func:   SH | Latency:  325[1;0m
[1;34m[Core 1] PASS PATTERN NO.   73 | Func: SUBI | Latency:  134[1;0m
[1;32m[Core 2] PASS PATTERN NO.   73 | Func:  SLT | Latency:    6[1;0m
[1;34m[Core 1] PASS PATTERN NO.   74 | Func: SUBI | Latency:    9[1;0m
[1;32m[Core 2] PASS PATTERN NO.   74 | Func:  ADD | Latency:    9[1;0m
[1;34m[Core 1] PASS PATTERN NO.   75 | Func:  SLT | Latency:    9[1;0m
[1;32m[Core 2] PASS PATTERN NO.   75 | Func:  SLT | Latency:    9[1;0m
[1;32m[Core 2] PASS PATTERN NO.   76 | Func:  AND | Latency:    9[1;0m
[1;34m[Core 1] PASS PATTERN NO.   76 | Func:   LH | Latency:  330[1;0m
[1;34m[Core 1] PASS PATTERN NO.   77 | Func: ADDI | Latency:    6[1;0m
[1;32m[Core 2] PASS PATTERN NO.   77 | Func:  MUL | Latency:  330[1;0m
[1;32m[Core 2] PASS PATTERN NO.   78 | Func:  XOR | Latency:    6[1;0m
[1;34m[Core 1] PASS PATTERN NO.   78 | Func:   LH | Latency:  162[1;0m
[1;34m[Core 1] PASS PATTERN NO.   79 | Func: NAND | Latency:    6[1;0m
[1;32m[Core 2] PASS PATTERN NO.   79 | Func:   LH | Latency:  425[1;0m
[1;34m[Core 1] PASS PATTERN NO.   80 | Func:  ADD | Latency:  272[1;0m
[1;32m[Core 2] PASS PATTERN NO.   80 | Func:  MUL | Latency:    9[1;0m
[1;34m[Core 1] PASS PATTERN NO.   81 | Func:  SLT | Latency:    9[1;0m
[1;32m[Core 2] PASS PATTERN NO.   81 | Func:   LH | Latency:  291[1;0m
[1;34m[Core 1] PASS PATTERN NO.   82 | Func: ADDI | Latency:  291[1;0m
[1;32m[Core 2] PASS PATTERN NO.   82 | Func: ADDI | Latency:    6[1;0m
[1;34m[Core 1] PASS PATTERN NO.   83 | Func: SUBI | Latency:    9[1;0m
[1;32m[Core 2] PASS PATTERN NO.   83 | Func:  MUL | Latency:   12[1;0m
[1;34m[Core 1] PASS PATTERN NO.   84 | Func:   SH | Latency:  302[1;0m
[1;32m[Core 2] PASS PATTERN NO.   84 | Func:   LH | Latency:  628[1;0m
[1;34m[Core 1] PASS PATTERN NO.   85 | Func:   OR | Latency:  335[1;0m
[1;32m[Core 2] PASS PATTERN NO.   85 | Func: SUBI | Latency:    6[1;0m
[1;34m[Core 1] PASS PATTERN NO.   86 | Func:  SLT | Latency:    9[1;0m
[1;32m[Core 2] PASS PATTERN NO.   86 | Func:  NOR | Latency:    9[1;0m
[1;34m[Core 1] PASS PATTERN NO.   87 | Func:  SLT | Latency:    9[1;0m
[1;32m[Core 2] PASS PATTERN NO.   87 | Func:   LH | Latency:  272[1;0m
[1;34m[Core 1] PASS PATTERN NO.   88 | Func:   LH | Latency:  548[1;0m
[1;32m[Core 2] PASS PATTERN NO.   88 | Func:   LH | Latency:  550[1;0m
[1;34m[Core 1] PASS PATTERN NO.   89 | Func: ADDI | Latency:  271[1;0m
[1;32m[Core 2] PASS PATTERN NO.   89 | Func:   SH | Latency:  285[1;0m
[1;34m[Core 1] PASS PATTERN NO.   90 | Func: ADDI | Latency:  285[1;0m
[1;32m[Core 2] PASS PATTERN NO.   90 | Func: SUBI | Latency:    6[1;0m
[1;34m[Core 1] PASS PATTERN NO.   91 | Func:   SH | Latency:  440[1;0m
[1;32m[Core 2] PASS PATTERN NO.   91 | Func:   LH | Latency:  864[1;0m
[1;34m[Core 1] PASS PATTERN NO.   92 | Func: SUBI | Latency:  430[1;0m
[1;32m[Core 2] PASS PATTERN NO.   92 | Func: ADDI | Latency:    6[1;0m
[1;32m[Core 2] PASS PATTERN NO.   93 | Func:  AND | Latency:    9[1;0m
[1;34m[Core 1] PASS PATTERN NO.   93 | Func:   SH | Latency:  297[1;0m
[1;34m[Core 1] PASS PATTERN NO.   94 | Func: SUBI | Latency:    6[1;0m
[1;32m[Core 2] PASS PATTERN NO.   94 | Func:  AND | Latency:  294[1;0m
[1;34m[Core 1] PASS PATTERN NO.   95 | Func: SUBI | Latency:    9[1;0m
[1;32m[Core 2] PASS PATTERN NO.   95 | Func:  NOR | Latency:    9[1;0m
[1;34m[Core 1] PASS PATTERN NO.   96 | Func:   OR | Latency:  649[1;0m
[1;32m[Core 2] PASS PATTERN NO.   96 | Func: SUBI | Latency:  649[1;0m
[1;34m[Core 1] PASS PATTERN NO.   97 | Func:   SH | Latency:  440[1;0m
[1;32m[Core 2] PASS PATTERN NO.   97 | Func:   LH | Latency:  893[1;0m
[1;34m[Core 1] PASS PATTERN NO.   98 | Func:  ADD | Latency:  459[1;0m
[1;32m[Core 2] PASS PATTERN NO.   98 | Func:  NOR | Latency:    6[1;0m
[1;34m[Core 1] PASS PATTERN NO.   99 | Func:  XOR | Latency:    9[1;0m
[1;32m[Core 2] PASS PATTERN NO.   99 | Func:   LH | Latency:  159[1;0m
[1;33m[Info] Global Memory Check Passed at IC 50-boundary (Snapshot 1)[1;0m
[1;34m[Core 1] PASS PATTERN NO.  100 | Func: ADDI | Latency:  156[1;0m
[1;32m[Core 2] PASS PATTERN NO.  100 | Func: ADDI | Latency:    6[1;0m
[1;34m[Core 1] PASS PATTERN NO.  101 | Func: SUBI | Latency:    9[1;0m
[1;32m[Core 2] PASS PATTERN NO.  101 | Func: SUBI | Latency:    9[1;0m
[1;34m[Core 1] PASS PATTERN NO.  102 | Func:  BEQ | Latency:    8[1;0m
[1;32m[Core 2] PASS PATTERN NO.  102 | Func:  BEQ | Latency:    8[1;0m
[1;34m[Core 1] PASS PATTERN NO.  103 | Func:  BEQ | Latency:    8[1;0m
[1;32m[Core 2] PASS PATTERN NO.  103 | Func:  BEQ | Latency:    8[1;0m
[1;34m[Core 1] PASS PATTERN NO.  104 | Func: SUBI | Latency:    9[1;0m
[1;32m[Core 2] PASS PATTERN NO.  104 | Func: SUBI | Latency:    9[1;0m
[1;34m[Core 1] PASS PATTERN NO.  105 | Func:  BEQ | Latency:    8[1;0m
[1;32m[Core 2] PASS PATTERN NO.  105 | Func:  BEQ | Latency:    8[1;0m
[1;34m[Core 1] PASS PATTERN NO.  106 | Func:  XOR | Latency:    9[1;0m
[1;32m[Core 2] PASS PATTERN NO.  106 | Func:  XOR | Latency:    9[1;0m
[1;34m[Core 1] PASS PATTERN NO.  107 | Func:  AND | Latency:    9[1;0m
[1;32m[Core 2] PASS PATTERN NO.  107 | Func:  MUL | Latency:   12[1;0m
[1;32m[Core 2] PASS PATTERN NO.  108 | Func:  AND | Latency:    6[1;0m
[1;34m[Core 1] PASS PATTERN NO.  108 | Func:   LH | Latency:  498[1;0m
[1;34m[Core 1] PASS PATTERN NO.  109 | Func:   OR | Latency:    6[1;0m
[1;32m[Core 2] PASS PATTERN NO.  109 | Func:   LH | Latency:  794[1;0m
[1;34m[Core 1] PASS PATTERN NO.  110 | Func: NAND | Latency:  305[1;0m
[1;32m[Core 2] PASS PATTERN NO.  110 | Func:   LH | Latency:  405[1;0m
[1;34m[Core 1] PASS PATTERN NO.  111 | Func:  MUL | Latency:  408[1;0m
[1;32m[Core 2] PASS PATTERN NO.  111 | Func:   SH | Latency:  398[1;0m
[1;34m[Core 1] PASS PATTERN NO.  112 | Func:  NOR | Latency:  395[1;0m
[1;32m[Core 2] PASS PATTERN NO.  112 | Func:   SH | Latency:  391[1;0m
[1;32m[Core 2] PASS PATTERN NO.  113 | Func:  SLT | Latency:    6[1;0m
[1;34m[Core 1] PASS PATTERN NO.  113 | Func:   LH | Latency:  795[1;0m
[1;34m[Core 1] PASS PATTERN NO.  114 | Func:  SLT | Latency:    6[1;0m
[1;32m[Core 2] PASS PATTERN NO.  114 | Func:  MUL | Latency:  413[1;0m
[1;34m[Core 1] PASS PATTERN NO.  115 | Func:  NOR | Latency:    9[1;0m
[1;32m[Core 2] PASS PATTERN NO.  115 | Func:  MUL | Latency:    9[1;0m
[1;34m[Core 1] PASS PATTERN NO.  116 | Func:  NOR | Latency:    9[1;0m
[1;32m[Core 2] PASS PATTERN NO.  116 | Func:  AND | Latency:    6[1;0m
[1;34m[Core 1] PASS PATTERN NO.  117 | Func:   SH | Latency:  386[1;0m
[1;32m[Core 2] PASS PATTERN NO.  117 | Func:   LH | Latency:  785[1;0m
[1;34m[Core 1] PASS PATTERN NO.  118 | Func:  ADD | Latency:  405[1;0m
[1;32m[Core 2] PASS PATTERN NO.  118 | Func:  MUL | Latency:    9[1;0m
[1;34m[Core 1] PASS PATTERN NO.  119 | Func:  SUB | Latency:    9[1;0m
[1;32m[Core 2] PASS PATTERN NO.  119 | Func:   LH | Latency:  186[1;0m
[1;34m[Core 1] PASS PATTERN NO.  120 | Func: ADDI | Latency:  186[1;0m
[1;32m[Core 2] PASS PATTERN NO.  120 | Func:   LH | Latency:  137[1;0m
[1;34m[Core 1] PASS PATTERN NO.  121 | Func:   SH | Latency:  532[1;0m
[1;32m[Core 2] PASS PATTERN NO.  121 | Func:   LH | Latency:  531[1;0m
[1;34m[Core 1] PASS PATTERN NO.  122 | Func: ADDI | Latency:  136[1;0m
[1;32m[Core 2] PASS PATTERN NO.  122 | Func: ADDI | Latency:    6[1;0m
[1;34m[Core 1] PASS PATTERN NO.  123 | Func:  SLT | Latency:    9[1;0m
[1;32m[Core 2] PASS PATTERN NO.  123 | Func: SUBI | Latency:    9[1;0m
[1;32m[Core 2] PASS PATTERN NO.  124 | Func:  SLT | Latency:    9[1;0m
[1;34m[Core 1] PASS PATTERN NO.  124 | Func:   LH | Latency:  473[1;0m
[1;34m[Core 1] PASS PATTERN NO.  125 | Func:  XOR | Latency:    6[1;0m
[1;32m[Core 2] PASS PATTERN NO.  125 | Func:   LH | Latency:  952[1;0m
[1;32m[Core 2] PASS PATTERN NO.  126 | Func:  NOR | Latency:    6[1;0m
[1;34m[Core 1] PASS PATTERN NO.  126 | Func:  MUL | Latency:  491[1;0m
[1;34m[Core 1] PASS PATTERN NO.  127 | Func:  SLT | Latency:    6[1;0m
[1;32m[Core 2] PASS PATTERN NO.  127 | Func: SUBI | Latency:    9[1;0m
[1;34m[Core 1] PASS PATTERN NO.  128 | Func:   SH | Latency:  347[1;0m
[1;32m[Core 2] PASS PATTERN NO.  128 | Func:   LH | Latency:  826[1;0m
[1;32m[Core 2] PASS PATTERN NO.  129 | Func: ADDI | Latency:    6[1;0m
[1;34m[Core 1] PASS PATTERN NO.  129 | Func:  MUL | Latency:  488[1;0m
[1;34m[Core 1] PASS PATTERN NO.  130 | Func:  MUL | Latency:  341[1;0m
[1;32m[Core 2] PASS PATTERN NO.  130 | Func:   LH | Latency:  730[1;0m
[1;34m[Core 1] PASS PATTERN NO.  131 | Func:   LH | Latency:  819[1;0m
[1;32m[Core 2] PASS PATTERN NO.  131 | Func:   LH | Latency:  682[1;0m
[1;34m[Core 1] PASS PATTERN NO.  132 | Func:  SUB | Latency:  255[1;0m
[1;32m[Core 2] PASS PATTERN NO.  132 | Func:  ADD | Latency:    6[1;0m
[1;32m[Core 2] PASS PATTERN NO.  133 | Func:  MUL | Latency:   12[1;0m
[1;34m[Core 1] PASS PATTERN NO.  133 | Func:   LH | Latency:  286[1;0m
[1;34m[Core 1] PASS PATTERN NO.  134 | Func:   LH | Latency:  156[1;0m
[1;32m[Core 2] PASS PATTERN NO.  134 | Func:   LH | Latency:  913[1;0m
[1;34m[Core 1] PASS PATTERN NO.  135 | Func:  SLT | Latency:  489[1;0m
[1;32m[Core 2] PASS PATTERN NO.  135 | Func: NAND | Latency:    6[1;0m
[1;34m[Core 1] PASS PATTERN NO.  136 | Func:  ADD | Latency:    9[1;0m
[1;32m[Core 2] PASS PATTERN NO.  136 | Func:  NOR | Latency:    9[1;0m
[1;34m[Core 1] PASS PATTERN NO.  137 | Func:  SUB | Latency:    9[1;0m
[1;32m[Core 2] PASS PATTERN NO.  137 | Func:  NOR | Latency:    9[1;0m
[1;34m[Core 1] PASS PATTERN NO.  138 | Func:  SLT | Latency:    9[1;0m
[1;32m[Core 2] PASS PATTERN NO.  138 | Func: ADDI | Latency:    9[1;0m
[1;34m[Core 1] PASS PATTERN NO.  139 | Func:   SH | Latency:  497[1;0m
[1;32m[Core 2] PASS PATTERN NO.  139 | Func:   LH | Latency:  884[1;0m
[1;34m[Core 1] PASS PATTERN NO.  140 | Func: SUBI | Latency:  393[1;0m
[1;32m[Core 2] PASS PATTERN NO.  140 | Func:   LH | Latency:  463[1;0m
[1;34m[Core 1] PASS PATTERN NO.  141 | Func:  AND | Latency:  463[1;0m
[1;32m[Core 2] PASS PATTERN NO.  141 | Func:  SLT | Latency:    6[1;0m
[1;34m[Core 1] PASS PATTERN NO.  142 | Func:  ADD | Latency:    9[1;0m
[1;32m[Core 2] PASS PATTERN NO.  142 | Func:   LH | Latency:  345[1;0m
[1;34m[Core 1] PASS PATTERN NO.  143 | Func:   SH | Latency:  563[1;0m
[1;32m[Core 2] PASS PATTERN NO.  143 | Func:   LH | Latency:  492[1;0m
[1;32m[Core 2] PASS PATTERN NO.  144 | Func:  MUL | Latency:    9[1;0m
[1;34m[Core 1] PASS PATTERN NO.  144 | Func:   SH | Latency:  759[1;0m
[1;34m[Core 1] PASS PATTERN NO.  145 | Func:  MUL | Latency:    9[1;0m
[1;32m[Core 2] PASS PATTERN NO.  145 | Func:   SH | Latency:  991[1;0m
[1;34m[Core 1] PASS PATTERN NO.  146 | Func:   LH | Latency:  922[1;0m
[1;32m[Core 2] PASS PATTERN NO.  146 | Func:   LH | Latency:  572[1;0m
[1;32m[Core 2] PASS PATTERN NO.  147 | Func:  NOR | Latency:    6[1;0m
[1;34m[Core 1] PASS PATTERN NO.  147 | Func:   SH | Latency:  567[1;0m
[1;34m[Core 1] PASS PATTERN NO.  148 | Func: SUBI | Latency:    6[1;0m
[1;32m[Core 2] PASS PATTERN NO.  148 | Func: NAND | Latency:  420[1;0m
[1;34m[Core 1] PASS PATTERN NO.  149 | Func: ADDI | Latency:    9[1;0m
[1;32m[Core 2] PASS PATTERN NO.  149 | Func:   SH | Latency:  299[1;0m
[1;33m[Info] Global Memory Check Passed at IC 50-boundary (Snapshot 2)[1;0m
[1;34m[Core 1] PASS PATTERN NO.  150 | Func:  XOR | Latency:  296[1;0m
[1;32m[Core 2] PASS PATTERN NO.  150 | Func: NAND | Latency:    6[1;0m
[1;34m[Core 1] PASS PATTERN NO.  151 | Func:   LH | Latency:  231[1;0m
[1;32m[Core 2] PASS PATTERN NO.  151 | Func:   LH | Latency:  362[1;0m
[1;34m[Core 1] PASS PATTERN NO.  152 | Func:  SUB | Latency:  137[1;0m
[1;32m[Core 2] PASS PATTERN NO.  152 | Func:  ADD | Latency:    6[1;0m
[1;34m[Core 1] PASS PATTERN NO.  153 | Func:   SH | Latency:  196[1;0m
[1;32m[Core 2] PASS PATTERN NO.  153 | Func:   LH | Latency:  672[1;0m
[1;34m[Core 1] PASS PATTERN NO.  154 | Func:   SH | Latency:  938[1;0m
[1;32m[Core 2] PASS PATTERN NO.  154 | Func:   LH | Latency:  698[1;0m
[1;34m[Core 1] PASS PATTERN NO.  155 | Func:  BEQ | Latency:  241[1;0m
[1;32m[Core 2] PASS PATTERN NO.  155 | Func:  BEQ | Latency:    5[1;0m
[1;32m[Core 2] PASS PATTERN NO.  156 | Func:  ADD | Latency:    9[1;0m
[1;34m[Core 1] PASS PATTERN NO.  156 | Func:   SH | Latency:  184[1;0m
[1;34m[Core 1] PASS PATTERN NO.  157 | Func:   SH | Latency:  411[1;0m
[1;32m[Core 2] PASS PATTERN NO.  157 | Func:   LH | Latency:  937[1;0m
[1;32m[Core 2] PASS PATTERN NO.  158 | Func:  ADD | Latency:    6[1;0m
[1;34m[Core 1] PASS PATTERN NO.  158 | Func:  MUL | Latency:  360[1;0m
[1;34m[Core 1] PASS PATTERN NO.  159 | Func: SUBI | Latency:    6[1;0m
[1;32m[Core 2] PASS PATTERN NO.  159 | Func:  AND | Latency:    9[1;0m
[1;34m[Core 1] PASS PATTERN NO.  160 | Func: SUBI | Latency:    9[1;0m
[1;32m[Core 2] PASS PATTERN NO.  160 | Func:   LH | Latency:  484[1;0m
[1;34m[Core 1] PASS PATTERN NO.  161 | Func:   LH | Latency: 1071[1;0m
[1;32m[Core 2] PASS PATTERN NO.  161 | Func:   LH | Latency:  890[1;0m
[1;32m[Core 2] PASS PATTERN NO.  162 | Func:   SH | Latency:  201[1;0m
[1;34m[Core 1] PASS PATTERN NO.  162 | Func:   LH | Latency:  613[1;0m
[1;34m[Core 1] PASS PATTERN NO.  163 | Func:  SLT | Latency:    6[1;0m
[1;32m[Core 2] PASS PATTERN NO.  163 | Func:  XOR | Latency:  124[1;0m
[1;32m[Core 2] PASS PATTERN NO.  164 | Func:  MUL | Latency:   12[1;0m
[1;34m[Core 1] PASS PATTERN NO.  164 | Func:   SH | Latency:  395[1;0m
[1;34m[Core 1] PASS PATTERN NO.  165 | Func: NAND | Latency:    6[1;0m
[1;32m[Core 2] PASS PATTERN NO.  165 | Func:   SH | Latency:  784[1;0m
[1;34m[Core 1] PASS PATTERN NO.  166 | Func:  AND | Latency:  401[1;0m
[1;32m[Core 2] PASS PATTERN NO.  166 | Func:   SH | Latency:  383[1;0m
[1;34m[Core 1] PASS PATTERN NO.  167 | Func:  SUB | Latency:  383[1;0m
[1;32m[Core 2] PASS PATTERN NO.  167 | Func: ADDI | Latency:    6[1;0m
[1;34m[Core 1] PASS PATTERN NO.  168 | Func: SUBI | Latency:    9[1;0m
[1;32m[Core 2] PASS PATTERN NO.  168 | Func:  NOR | Latency:    9[1;0m
[1;32m[Core 2] PASS PATTERN NO.  169 | Func:  MUL | Latency:   12[1;0m
[1;34m[Core 1] PASS PATTERN NO.  169 | Func:   SH | Latency:  435[1;0m
[1;34m[Core 1] PASS PATTERN NO.  170 | Func:   SH | Latency:  170[1;0m
[1;32m[Core 2] PASS PATTERN NO.  170 | Func:   LH | Latency:  771[1;0m
[1;34m[Core 1] PASS PATTERN NO.  171 | Func: SUBI | Latency:  184[1;0m
[1;32m[Core 2] PASS PATTERN NO.  171 | Func:   SH | Latency:  310[1;0m
[1;34m[Core 1] PASS PATTERN NO.  172 | Func:   SH | Latency:  757[1;0m
[1;32m[Core 2] PASS PATTERN NO.  172 | Func:   LH | Latency:  716[1;0m
[1;34m[Core 1] PASS PATTERN NO.  173 | Func:  XOR | Latency:  269[1;0m
[1;32m[Core 2] PASS PATTERN NO.  173 | Func: ADDI | Latency:    6[1;0m
[1;32m[Core 2] PASS PATTERN NO.  174 | Func:  SLT | Latency:    9[1;0m
[1;34m[Core 1] PASS PATTERN NO.  174 | Func:   LH | Latency:  322[1;0m
[1;34m[Core 1] PASS PATTERN NO.  175 | Func:   SH | Latency:  256[1;0m
[1;32m[Core 2] PASS PATTERN NO.  175 | Func:   LH | Latency: 1018[1;0m
[1;32m[Core 2] PASS PATTERN NO.  176 | Func:  MUL | Latency:    9[1;0m
[1;34m[Core 1] PASS PATTERN NO.  176 | Func:   LH | Latency:  940[1;0m
[1;32m[Core 2] PASS PATTERN NO.  177 | Func:  XOR | Latency:  488[1;0m
[1;34m[Core 1] PASS PATTERN NO.  177 | Func:   SH | Latency:  182[1;0m
[1;32m[Core 2] PASS PATTERN NO.  178 | Func: ADDI | Latency:  182[1;0m
[1;34m[Core 1] PASS PATTERN NO.  178 | Func:   LH | Latency:  392[1;0m
[1;34m[Core 1] PASS PATTERN NO.  179 | Func:  SUB | Latency:    6[1;0m
[1;32m[Core 2] PASS PATTERN NO.  179 | Func:  AND | Latency:  392[1;0m
[1;34m[Core 1] PASS PATTERN NO.  180 | Func:  ADD | Latency:    9[1;0m
[1;32m[Core 2] PASS PATTERN NO.  180 | Func:  ADD | Latency:    9[1;0m
[1;32m[Core 2] PASS PATTERN NO.  181 | Func: ADDI | Latency:    9[1;0m
[1;34m[Core 1] PASS PATTERN NO.  181 | Func:  MUL | Latency:   12[1;0m
[1;34m[Core 1] PASS PATTERN NO.  182 | Func: ADDI | Latency:    6[1;0m
[1;32m[Core 2] PASS PATTERN NO.  182 | Func:  MUL | Latency:   12[1;0m
[1;34m[Core 1] PASS PATTERN NO.  183 | Func:  SLT | Latency:    9[1;0m
[1;32m[Core 2] PASS PATTERN NO.  183 | Func:   LH | Latency:  335[1;0m
[1;34m[Core 1] PASS PATTERN NO.  184 | Func:  NOR | Latency:  335[1;0m
[1;32m[Core 2] PASS PATTERN NO.  184 | Func:   LH | Latency:  216[1;0m
[1;32m[Core 2] PASS PATTERN NO.  185 | Func:  XOR | Latency:    6[1;0m
[1;34m[Core 1] PASS PATTERN NO.  185 | Func:   SH | Latency:  546[1;0m
[1;34m[Core 1] PASS PATTERN NO.  186 | Func:  SUB | Latency:    6[1;0m
[1;32m[Core 2] PASS PATTERN NO.  186 | Func:  SLT | Latency:  336[1;0m
[1;34m[Core 1] PASS PATTERN NO.  187 | Func:  SUB | Latency:    9[1;0m
[1;32m[Core 2] PASS PATTERN NO.  187 | Func:   SH | Latency:  157[1;0m
[1;32m[Core 2] PASS PATTERN NO.  188 | Func: ADDI | Latency:    6[1;0m
[1;34m[Core 1] PASS PATTERN NO.  188 | Func:   SH | Latency:  348[1;0m
[1;34m[Core 1] PASS PATTERN NO.  189 | Func: SUBI | Latency:    6[1;0m
[1;32m[Core 2] PASS PATTERN NO.  189 | Func:  XOR | Latency:  200[1;0m
[1;34m[Core 1] PASS PATTERN NO.  190 | Func:  SUB | Latency:    9[1;0m
[1;32m[Core 2] PASS PATTERN NO.  190 | Func:   SH | Latency:  387[1;0m
[1;34m[Core 1] PASS PATTERN NO.  191 | Func:  AND | Latency:  384[1;0m
[1;32m[Core 2] PASS PATTERN NO.  191 | Func: ADDI | Latency:    6[1;0m
[1;34m[Core 1] PASS PATTERN NO.  192 | Func: ADDI | Latency:    9[1;0m
[1;32m[Core 2] PASS PATTERN NO.  192 | Func:   LH | Latency:  233[1;0m
[1;34m[Core 1] PASS PATTERN NO.  193 | Func:  SLT | Latency:  683[1;0m
[1;32m[Core 2] PASS PATTERN NO.  193 | Func:  SUB | Latency:  459[1;0m
[1;34m[Core 1] PASS PATTERN NO.  194 | Func:   SH | Latency:  287[1;0m
[1;32m[Core 2] PASS PATTERN NO.  194 | Func:   LH | Latency:  533[1;0m
[1;34m[Core 1] PASS PATTERN NO.  195 | Func:  SLT | Latency:  252[1;0m
[1;32m[Core 2] PASS PATTERN NO.  195 | Func:  XOR | Latency:    6[1;0m
[1;34m[Core 1] PASS PATTERN NO.  196 | Func:   LH | Latency:  157[1;0m
[1;32m[Core 2] PASS PATTERN NO.  196 | Func:   LH | Latency:  280[1;0m
[1;34m[Core 1] PASS PATTERN NO.  197 | Func: ADDI | Latency:  129[1;0m
[1;32m[Core 2] PASS PATTERN NO.  197 | Func:   SH | Latency:  197[1;0m
[1;34m[Core 1] PASS PATTERN NO.  198 | Func:   OR | Latency:  197[1;0m
[1;32m[Core 2] PASS PATTERN NO.  198 | Func:   SH | Latency:  156[1;0m
[1;34m[Core 1] PASS PATTERN NO.  199 | Func:  AND | Latency:  156[1;0m
[1;32m[Core 2] PASS PATTERN NO.  199 | Func:  ADD | Latency:    6[1;0m
[1;33m[Info] Global Memory Check Passed at IC 50-boundary (Snapshot 3)[1;0m
[1;34m[Core 1] PASS PATTERN NO.  200 | Func:  SLT | Latency:    9[1;0m
[1;32m[Core 2] PASS PATTERN NO.  200 | Func:   SH | Latency:  456[1;0m
[1;34m[Core 1] PASS PATTERN NO.  201 | Func: ADDI | Latency:  453[1;0m
[1;32m[Core 2] PASS PATTERN NO.  201 | Func: ADDI | Latency:    6[1;0m
[1;34m[Core 1] PASS PATTERN NO.  202 | Func: SUBI | Latency:    9[1;0m
[1;32m[Core 2] PASS PATTERN NO.  202 | Func: SUBI | Latency:    9[1;0m
[1;34m[Core 1] PASS PATTERN NO.  203 | Func:  BEQ | Latency:    8[1;0m
[1;32m[Core 2] PASS PATTERN NO.  203 | Func:  BEQ | Latency:    8[1;0m
[1;34m[Core 1] PASS PATTERN NO.  204 | Func:    J | Latency:    8[1;0m
[1;32m[Core 2] PASS PATTERN NO.  204 | Func:    J | Latency:    8[1;0m
[1;34m[Core 1] PASS PATTERN NO.  205 | Func: SUBI | Latency:    9[1;0m
[1;32m[Core 2] PASS PATTERN NO.  205 | Func: SUBI | Latency:    9[1;0m
[1;34m[Core 1] PASS PATTERN NO.  206 | Func:  BEQ | Latency:    8[1;0m
[1;32m[Core 2] PASS PATTERN NO.  206 | Func:  BEQ | Latency:    8[1;0m
[1;34m[Core 1] PASS PATTERN NO.  207 | Func:  XOR | Latency:    9[1;0m
[1;32m[Core 2] PASS PATTERN NO.  207 | Func:  XOR | Latency:    9[1;0m
[1;34m[Core 1] PASS PATTERN NO.  208 | Func: SUBI | Latency:    9[1;0m
[1;32m[Core 2] PASS PATTERN NO.  208 | Func:   LH | Latency:  293[1;0m
[1;32m[Core 2] PASS PATTERN NO.  209 | Func:  SUB | Latency:    6[1;0m
[1;34m[Core 1] PASS PATTERN NO.  209 | Func:   LH | Latency:  475[1;0m
[1;32m[Core 2] PASS PATTERN NO.  210 | Func: SUBI | Latency:  191[1;0m
[1;34m[Core 1] PASS PATTERN NO.  210 | Func:   LH | Latency:  457[1;0m
[1;34m[Core 1] PASS PATTERN NO.  211 | Func:   SH | Latency:  257[1;0m
[1;32m[Core 2] PASS PATTERN NO.  211 | Func:   LH | Latency: 1142[1;0m
[1;32m[Core 2] PASS PATTERN NO.  212 | Func:  SLT | Latency:    6[1;0m
[1;34m[Core 1] PASS PATTERN NO.  212 | Func:   LH | Latency:  550[1;0m
[1;34m[Core 1] PASS PATTERN NO.  213 | Func:  AND | Latency:    6[1;0m
[1;32m[Core 2] PASS PATTERN NO.  213 | Func:  MUL | Latency:  119[1;0m
[1;34m[Core 1] PASS PATTERN NO.  214 | Func:  SLT | Latency:    9[1;0m
[1;32m[Core 2] PASS PATTERN NO.  214 | Func:  XOR | Latency:    6[1;0m
[1;34m[Core 1] PASS PATTERN NO.  215 | Func:  XOR | Latency:    9[1;0m
[1;32m[Core 2] PASS PATTERN NO.  215 | Func:   SH | Latency:  408[1;0m
[1;34m[Core 1] PASS PATTERN NO.  216 | Func:   OR | Latency:  405[1;0m
[1;32m[Core 2] PASS PATTERN NO.  216 | Func:  SUB | Latency:    6[1;0m
[1;34m[Core 1] PASS PATTERN NO.  217 | Func: NAND | Latency:    9[1;0m
[1;32m[Core 2] PASS PATTERN NO.  217 | Func:  ADD | Latency:    9[1;0m
[1;34m[Core 1] PASS PATTERN NO.  218 | Func: ADDI | Latency:    9[1;0m
[1;32m[Core 2] PASS PATTERN NO.  218 | Func:   SH | Latency:  249[1;0m
[1;32m[Core 2] PASS PATTERN NO.  219 | Func:  MUL | Latency:    9[1;0m
[1;34m[Core 1] PASS PATTERN NO.  219 | Func:   LH | Latency:  376[1;0m
[1;34m[Core 1] PASS PATTERN NO.  220 | Func:  NOR | Latency:    6[1;0m
[1;32m[Core 2] PASS PATTERN NO.  220 | Func:  MUL | Latency:  136[1;0m
[1;34m[Core 1] PASS PATTERN NO.  221 | Func:   LH | Latency:  267[1;0m
[1;32m[Core 2] PASS PATTERN NO.  221 | Func:   LH | Latency:  615[1;0m
[1;32m[Core 2] PASS PATTERN NO.  222 | Func: ADDI | Latency:    6[1;0m
[1;34m[Core 1] PASS PATTERN NO.  222 | Func:  MUL | Latency:  360[1;0m
[1;34m[Core 1] PASS PATTERN NO.  223 | Func: ADDI | Latency:    6[1;0m
[1;32m[Core 2] PASS PATTERN NO.  223 | Func:  SLT | Latency:    9[1;0m
[1;34m[Core 1] PASS PATTERN NO.  224 | Func:  SUB | Latency:    9[1;0m
[1;32m[Core 2] PASS PATTERN NO.  224 | Func:   SH | Latency:  382[1;0m
[1;34m[Core 1] PASS PATTERN NO.  225 | Func:   SH | Latency:  878[1;0m
[1;32m[Core 2] PASS PATTERN NO.  225 | Func:   LH | Latency:  874[1;0m
[1;34m[Core 1] PASS PATTERN NO.  226 | Func:  SLT | Latency:  375[1;0m
[1;32m[Core 2] PASS PATTERN NO.  226 | Func:   LH | Latency:  229[1;0m
[1;34m[Core 1] PASS PATTERN NO.  227 | Func:  BEQ | Latency:  792[1;0m
[1;32m[Core 2] PASS PATTERN NO.  227 | Func:  BEQ | Latency:  569[1;0m
[1;34m[Core 1] PASS PATTERN NO.  228 | Func: ADDI | Latency:    9[1;0m
[1;32m[Core 2] PASS PATTERN NO.  228 | Func:  SLT | Latency:    9[1;0m
[1;32m[Core 2] PASS PATTERN NO.  229 | Func:   SH | Latency:  453[1;0m
[1;34m[Core 1] PASS PATTERN NO.  229 | Func:   LH | Latency:  655[1;0m
[1;34m[Core 1] PASS PATTERN NO.  230 | Func:  MUL | Latency:    9[1;0m
[1;32m[Core 2] PASS PATTERN NO.  230 | Func:   SH | Latency:  397[1;0m
[1;34m[Core 1] PASS PATTERN NO.  231 | Func:  XOR | Latency:  192[1;0m
[1;32m[Core 2] PASS PATTERN NO.  231 | Func: ADDI | Latency:    6[1;0m
[1;34m[Core 1] PASS PATTERN NO.  232 | Func: SUBI | Latency:    9[1;0m
[1;32m[Core 2] PASS PATTERN NO.  232 | Func:  ADD | Latency:    9[1;0m
[1;34m[Core 1] PASS PATTERN NO.  233 | Func:  XOR | Latency:    9[1;0m
[1;32m[Core 2] PASS PATTERN NO.  233 | Func:  MUL | Latency:   12[1;0m
[1;34m[Core 1] PASS PATTERN NO.  234 | Func:  SUB | Latency:    9[1;0m
[1;32m[Core 2] PASS PATTERN NO.  234 | Func:  SUB | Latency:    6[1;0m
[1;34m[Core 1] PASS PATTERN NO.  235 | Func:  MUL | Latency:   12[1;0m
[1;32m[Core 2] PASS PATTERN NO.  235 | Func:   SH | Latency:  488[1;0m
[1;34m[Core 1] PASS PATTERN NO.  236 | Func:  AND | Latency:  482[1;0m
[1;32m[Core 2] PASS PATTERN NO.  236 | Func:  MUL | Latency:    9[1;0m
[1;32m[Core 2] PASS PATTERN NO.  237 | Func:  SUB | Latency:    6[1;0m
[1;34m[Core 1] PASS PATTERN NO.  237 | Func:   SH | Latency:  134[1;0m
[1;34m[Core 1] PASS PATTERN NO.  238 | Func:  SLT | Latency:    6[1;0m
[1;32m[Core 2] PASS PATTERN NO.  238 | Func: NAND | Latency:  131[1;0m
[1;34m[Core 1] PASS PATTERN NO.  239 | Func:  ADD | Latency:    9[1;0m
[1;32m[Core 2] PASS PATTERN NO.  239 | Func:  ADD | Latency:    9[1;0m
[1;34m[Core 1] PASS PATTERN NO.  240 | Func: SUBI | Latency:    9[1;0m
[1;32m[Core 2] PASS PATTERN NO.  240 | Func:  SLT | Latency:    9[1;0m
[1;34m[Core 1] PASS PATTERN NO.  241 | Func: SUBI | Latency:    9[1;0m
[1;32m[Core 2] PASS PATTERN NO.  241 | Func:   LH | Latency:  284[1;0m
[1;34m[Core 1] PASS PATTERN NO.  242 | Func:  NOR | Latency:  281[1;0m
[1;32m[Core 2] PASS PATTERN NO.  242 | Func:  SUB | Latency:    6[1;0m
[1;34m[Core 1] PASS PATTERN NO.  243 | Func:  NOR | Latency:    9[1;0m
[1;32m[Core 2] PASS PATTERN NO.  243 | Func:   SH | Latency:  337[1;0m
[1;34m[Core 1] PASS PATTERN NO.  244 | Func:    J | Latency:  333[1;0m
[1;32m[Core 2] PASS PATTERN NO.  244 | Func:    J | Latency:    5[1;0m
[1;34m[Core 1] PASS PATTERN NO.  245 | Func:  AND | Latency:  465[1;0m
[1;32m[Core 2] PASS PATTERN NO.  245 | Func:   LH | Latency:  578[1;0m
[1;34m[Core 1] PASS PATTERN NO.  246 | Func:  SLT | Latency:  119[1;0m
[1;32m[Core 2] PASS PATTERN NO.  246 | Func:   LH | Latency:  231[1;0m
[1;32m[Core 2] PASS PATTERN NO.  247 | Func:  SUB | Latency:    6[1;0m
[1;34m[Core 1] PASS PATTERN NO.  247 | Func:  MUL | Latency:  234[1;0m
[1;34m[Core 1] PASS PATTERN NO.  248 | Func: NAND | Latency:    6[1;0m
[1;32m[Core 2] PASS PATTERN NO.  248 | Func:  SUB | Latency:    9[1;0m
[1;34m[Core 1] PASS PATTERN NO.  249 | Func:  SLT | Latency:    9[1;0m
[1;32m[Core 2] PASS PATTERN NO.  249 | Func:  XOR | Latency:    9[1;0m
[1;33m[Info] Global Memory Check Passed at IC 50-boundary (Snapshot 4)[1;0m
[1;34m[Core 1] PASS PATTERN NO.  250 | Func: ADDI | Latency:    9[1;0m
[1;32m[Core 2] PASS PATTERN NO.  250 | Func:  MUL | Latency:   12[1;0m
[1;32m[Core 2] PASS PATTERN NO.  251 | Func:  ADD | Latency:    6[1;0m
[1;34m[Core 1] PASS PATTERN NO.  251 | Func:  MUL | Latency:   12[1;0m
[1;34m[Core 1] PASS PATTERN NO.  252 | Func:  SUB | Latency:    6[1;0m
[1;32m[Core 2] PASS PATTERN NO.  252 | Func:  SLT | Latency:    9[1;0m
[1;34m[Core 1] PASS PATTERN NO.  253 | Func:   OR | Latency:    9[1;0m
[1;32m[Core 2] PASS PATTERN NO.  253 | Func:   LH | Latency:  382[1;0m
[1;34m[Core 1] PASS PATTERN NO.  254 | Func: NAND | Latency:  379[1;0m
[1;32m[Core 2] PASS PATTERN NO.  254 | Func:  SLT | Latency:    6[1;0m
[1;34m[Core 1] PASS PATTERN NO.  255 | Func:  BEQ | Latency:    8[1;0m
[1;32m[Core 2] PASS PATTERN NO.  255 | Func:  BEQ | Latency:    8[1;0m
[1;34m[Core 1] PASS PATTERN NO.  256 | Func: ADDI | Latency:    9[1;0m
[1;32m[Core 2] PASS PATTERN NO.  256 | Func: ADDI | Latency:    9[1;0m
[1;34m[Core 1] PASS PATTERN NO.  257 | Func: ADDI | Latency:    9[1;0m
[1;32m[Core 2] PASS PATTERN NO.  257 | Func:   SH | Latency:  382[1;0m
[1;32m[Core 2] PASS PATTERN NO.  258 | Func:  MUL | Latency:    9[1;0m
[1;34m[Core 1] PASS PATTERN NO.  258 | Func:   SH | Latency:  530[1;0m
[1;34m[Core 1] PASS PATTERN NO.  259 | Func:  SUB | Latency:    6[1;0m
[1;32m[Core 2] PASS PATTERN NO.  259 | Func:  SUB | Latency:  154[1;0m
[1;32m[Core 2] PASS PATTERN NO.  260 | Func: SUBI | Latency:    9[1;0m
[1;34m[Core 1] PASS PATTERN NO.  260 | Func:   SH | Latency:  170[1;0m
[1;34m[Core 1] PASS PATTERN NO.  261 | Func:   SH | Latency:  251[1;0m
[1;32m[Core 2] PASS PATTERN NO.  261 | Func:   LH | Latency:  568[1;0m
[1;34m[Core 1] PASS PATTERN NO.  262 | Func:   SH | Latency:  352[1;0m
[1;32m[Core 2] PASS PATTERN NO.  262 | Func:   LH | Latency:  588[1;0m
[1;34m[Core 1] PASS PATTERN NO.  263 | Func:   SH | Latency:  529[1;0m
[1;32m[Core 2] PASS PATTERN NO.  263 | Func:   LH | Latency:  314[1;0m
[1;34m[Core 1] PASS PATTERN NO.  264 | Func: ADDI | Latency:  183[1;0m
[1;32m[Core 2] PASS PATTERN NO.  264 | Func:   LH | Latency:  118[1;0m
[1;32m[Core 2] PASS PATTERN NO.  265 | Func:   SH | Latency:  679[1;0m
[1;34m[Core 1] PASS PATTERN NO.  265 | Func:   LH | Latency: 1172[1;0m
[1;34m[Core 1] PASS PATTERN NO.  266 | Func:  SLT | Latency:    6[1;0m
[1;32m[Core 2] PASS PATTERN NO.  266 | Func:  ADD | Latency:  387[1;0m
[1;34m[Core 1] PASS PATTERN NO.  267 | Func:  NOR | Latency:    9[1;0m
[1;32m[Core 2] PASS PATTERN NO.  267 | Func:   LH | Latency:  289[1;0m
[1;32m[Core 2] PASS PATTERN NO.  268 | Func:  SLT | Latency:    6[1;0m
[1;34m[Core 1] PASS PATTERN NO.  268 | Func:  MUL | Latency:  289[1;0m
[1;34m[Core 1] PASS PATTERN NO.  269 | Func:  AND | Latency:    6[1;0m
[1;32m[Core 2] PASS PATTERN NO.  269 | Func:   LH | Latency:  209[1;0m
[1;34m[Core 1] PASS PATTERN NO.  270 | Func:   SH | Latency:  631[1;0m
[1;32m[Core 2] PASS PATTERN NO.  270 | Func:   LH | Latency:  851[1;0m
[1;34m[Core 1] PASS PATTERN NO.  271 | Func:   LH | Latency:  793[1;0m
[1;32m[Core 2] PASS PATTERN NO.  271 | Func:   LH | Latency:  581[1;0m
[1;34m[Core 1] PASS PATTERN NO.  272 | Func:  SLT | Latency:  214[1;0m
[1;32m[Core 2] PASS PATTERN NO.  272 | Func:  SUB | Latency:    6[1;0m
[1;32m[Core 2] PASS PATTERN NO.  273 | Func:  NOR | Latency:    9[1;0m
[1;34m[Core 1] PASS PATTERN NO.  273 | Func:   SH | Latency:  475[1;0m
[1;34m[Core 1] PASS PATTERN NO.  274 | Func:   SH | Latency:  491[1;0m
[1;32m[Core 2] PASS PATTERN NO.  274 | Func:   LH | Latency: 1314[1;0m
[1;34m[Core 1] PASS PATTERN NO.  275 | Func:  XOR | Latency:  363[1;0m
[1;32m[Core 2] PASS PATTERN NO.  275 | Func:  SLT | Latency:    6[1;0m
[1;34m[Core 1] PASS PATTERN NO.  276 | Func:  ADD | Latency:    9[1;0m
[1;32m[Core 2] PASS PATTERN NO.  276 | Func: NAND | Latency:    9[1;0m
[1;32m[Core 2] PASS PATTERN NO.  277 | Func: NAND | Latency:    9[1;0m
[1;34m[Core 1] PASS PATTERN NO.  277 | Func:   LH | Latency:  205[1;0m
[1;32m[Core 2] PASS PATTERN NO.  278 | Func: SUBI | Latency:  202[1;0m
[1;34m[Core 1] PASS PATTERN NO.  278 | Func:   SH | Latency:  476[1;0m
[1;34m[Core 1] PASS PATTERN NO.  279 | Func:  BEQ | Latency:    5[1;0m
[1;32m[Core 2] PASS PATTERN NO.  279 | Func:  BEQ | Latency:  475[1;0m
[1;32m[Core 2] PASS PATTERN NO.  280 | Func: SUBI | Latency:    9[1;0m
[1;34m[Core 1] PASS PATTERN NO.  280 | Func:   SH | Latency:  178[1;0m
[1;34m[Core 1] PASS PATTERN NO.  281 | Func:  SUB | Latency:    6[1;0m
[1;32m[Core 2] PASS PATTERN NO.  281 | Func:  MUL | Latency:  178[1;0m
[1;32m[Core 2] PASS PATTERN NO.  282 | Func:  MUL | Latency:    9[1;0m
[1;34m[Core 1] PASS PATTERN NO.  282 | Func:   LH | Latency:  219[1;0m
[1;34m[Core 1] PASS PATTERN NO.  283 | Func:  XOR | Latency:    6[1;0m
[1;32m[Core 2] PASS PATTERN NO.  283 | Func:  MUL | Latency:  216[1;0m
[1;34m[Core 1] PASS PATTERN NO.  284 | Func:   OR | Latency:    9[1;0m
[1;32m[Core 2] PASS PATTERN NO.  284 | Func:  MUL | Latency:    9[1;0m
[1;34m[Core 1] PASS PATTERN NO.  285 | Func:  MUL | Latency:   12[1;0m
[1;32m[Core 2] PASS PATTERN NO.  285 | Func:   SH | Latency:  118[1;0m
[1;32m[Core 2] PASS PATTERN NO.  286 | Func: SUBI | Latency:    6[1;0m
[1;34m[Core 1] PASS PATTERN NO.  286 | Func:   SH | Latency:  546[1;0m
[1;34m[Core 1] PASS PATTERN NO.  287 | Func:    J | Latency:    5[1;0m
[1;32m[Core 2] PASS PATTERN NO.  287 | Func:    J | Latency:  436[1;0m
[1;32m[Core 2] PASS PATTERN NO.  288 | Func:  SUB | Latency:  895[1;0m
[1;34m[Core 1] PASS PATTERN NO.  288 | Func:   LH | Latency: 1123[1;0m
[1;34m[Core 1] PASS PATTERN NO.  289 | Func:   LH | Latency:  244[1;0m
[1;32m[Core 2] PASS PATTERN NO.  289 | Func:   LH | Latency:  927[1;0m
[1;34m[Core 1] PASS PATTERN NO.  290 | Func:  ADD | Latency:  461[1;0m
[1;32m[Core 2] PASS PATTERN NO.  290 | Func:  AND | Latency:    6[1;0m
[1;34m[Core 1] PASS PATTERN NO.  291 | Func:  AND | Latency:    9[1;0m
[1;32m[Core 2] PASS PATTERN NO.  291 | Func: SUBI | Latency:    9[1;0m
[1;32m[Core 2] PASS PATTERN NO.  292 | Func:   SH | Latency:  286[1;0m
[1;34m[Core 1] PASS PATTERN NO.  292 | Func:   LH | Latency:  557[1;0m
[1;34m[Core 1] PASS PATTERN NO.  293 | Func:   LH | Latency: 1305[1;0m
[1;32m[Core 2] PASS PATTERN NO.  293 | Func:   LH | Latency: 1800[1;0m
[1;32m[Core 2] PASS PATTERN NO.  294 | Func:  SUB | Latency:    6[1;0m
[1;34m[Core 1] PASS PATTERN NO.  294 | Func:   LH | Latency:  562[1;0m
[1;34m[Core 1] PASS PATTERN NO.  295 | Func:  AND | Latency:    6[1;0m
[1;32m[Core 2] PASS PATTERN NO.  295 | Func: SUBI | Latency:  338[1;0m
[1;34m[Core 1] PASS PATTERN NO.  296 | Func:   SH | Latency:  503[1;0m
[1;32m[Core 2] PASS PATTERN NO.  296 | Func:   LH | Latency:  798[1;0m
[1;34m[Core 1] PASS PATTERN NO.  297 | Func:  SUB | Latency:  301[1;0m
[1;32m[Core 2] PASS PATTERN NO.  297 | Func:   LH | Latency:  427[1;0m
[1;34m[Core 1] PASS PATTERN NO.  298 | Func:  SLT | Latency:  427[1;0m
[1;32m[Core 2] PASS PATTERN NO.  298 | Func:  MUL | Latency:    9[1;0m
[1;32m[Core 2] PASS PATTERN NO.  299 | Func: ADDI | Latency:    6[1;0m
[1;34m[Core 1] PASS PATTERN NO.  299 | Func:  MUL | Latency:   12[1;0m
[1;33m[Info] Global Memory Check Passed at IC 50-boundary (Snapshot 5)[1;0m
[1;34m[Core 1] PASS PATTERN NO.  300 | Func:  XOR | Latency:    6[1;0m
[1;32m[Core 2] PASS PATTERN NO.  300 | Func:   LH | Latency:  366[1;0m
[1;34m[Core 1] PASS PATTERN NO.  301 | Func:  AND | Latency:  363[1;0m
[1;32m[Core 2] PASS PATTERN NO.  301 | Func:  AND | Latency:    6[1;0m
[1;34m[Core 1] PASS PATTERN NO.  302 | Func:   SH | Latency:  194[1;0m
[1;32m[Core 2] PASS PATTERN NO.  302 | Func:   LH | Latency:  646[1;0m
[1;34m[Core 1] PASS PATTERN NO.  303 | Func:   OR | Latency:  458[1;0m
[1;32m[Core 2] PASS PATTERN NO.  303 | Func:   SH | Latency:  230[1;0m
[1;32m[Core 2] PASS PATTERN NO.  304 | Func:  NOR | Latency:    6[1;0m
[1;34m[Core 1] PASS PATTERN NO.  304 | Func:   LH | Latency:  674[1;0m
[1;34m[Core 1] PASS PATTERN NO.  305 | Func:  XOR | Latency:    6[1;0m
[1;32m[Core 2] PASS PATTERN NO.  305 | Func:   SH | Latency:  876[1;0m
[1;34m[Core 1] PASS PATTERN NO.  306 | Func:  AND | Latency:  432[1;0m
[1;32m[Core 2] PASS PATTERN NO.  306 | Func: SUBI | Latency:    6[1;0m
[1;34m[Core 1] PASS PATTERN NO.  307 | Func:  NOR | Latency:    9[1;0m
[1;32m[Core 2] PASS PATTERN NO.  307 | Func: ADDI | Latency:    9[1;0m
[1;34m[Core 1] PASS PATTERN NO.  308 | Func: NAND | Latency:    9[1;0m
[1;32m[Core 2] PASS PATTERN NO.  308 | Func:   LH | Latency:  159[1;0m
[1;34m[Core 1] PASS PATTERN NO.  309 | Func:  NOR | Latency:  156[1;0m
[1;32m[Core 2] PASS PATTERN NO.  309 | Func:   LH | Latency:  320[1;0m
[1;32m[Core 2] PASS PATTERN NO.  310 | Func:  SUB | Latency:    6[1;0m
[1;34m[Core 1] PASS PATTERN NO.  310 | Func:   LH | Latency:  579[1;0m
[1;34m[Core 1] PASS PATTERN NO.  311 | Func: SUBI | Latency:    6[1;0m
[1;32m[Core 2] PASS PATTERN NO.  311 | Func:   SH | Latency:  625[1;0m
[1;32m[Core 2] PASS PATTERN NO.  312 | Func:   SH | Latency:  238[1;0m
[1;34m[Core 1] PASS PATTERN NO.  312 | Func:   LH | Latency:  785[1;0m
[1;34m[Core 1] PASS PATTERN NO.  313 | Func:   OR | Latency:    6[1;0m
[1;32m[Core 2] PASS PATTERN NO.  313 | Func:  SUB | Latency:  193[1;0m
[1;32m[Core 2] PASS PATTERN NO.  314 | Func: SUBI | Latency:    9[1;0m
[1;34m[Core 1] PASS PATTERN NO.  314 | Func:  MUL | Latency:   12[1;0m
[1;34m[Core 1] PASS PATTERN NO.  315 | Func:   SH | Latency:  391[1;0m
[1;32m[Core 2] PASS PATTERN NO.  315 | Func:   LH | Latency:  754[1;0m
[1;32m[Core 2] PASS PATTERN NO.  316 | Func:   SH | Latency:  362[1;0m
[1;34m[Core 1] PASS PATTERN NO.  316 | Func:   LH | Latency:  841[1;0m
[1;32m[Core 2] PASS PATTERN NO.  317 | Func:  AND | Latency:  125[1;0m
[1;34m[Core 1] PASS PATTERN NO.  317 | Func:   LH | Latency:  273[1;0m
[1;34m[Core 1] PASS PATTERN NO.  318 | Func:   LH | Latency:  375[1;0m
[1;32m[Core 2] PASS PATTERN NO.  318 | Func:   LH | Latency:  750[1;0m
[1;32m[Core 2] PASS PATTERN NO.  319 | Func:  XOR | Latency:    6[1;0m
[1;34m[Core 1] PASS PATTERN NO.  319 | Func:   SH | Latency:  223[1;0m
[1;34m[Core 1] PASS PATTERN NO.  320 | Func:  NOR | Latency:    6[1;0m
[1;32m[Core 2] PASS PATTERN NO.  320 | Func:   SH | Latency:  453[1;0m
[1;32m[Core 2] PASS PATTERN NO.  321 | Func:  SUB | Latency:    6[1;0m
[1;34m[Core 1] PASS PATTERN NO.  321 | Func:   LH | Latency:  804[1;0m
[1;34m[Core 1] PASS PATTERN NO.  322 | Func:   SH | Latency:  456[1;0m
[1;32m[Core 2] PASS PATTERN NO.  322 | Func:   LH | Latency: 1298[1;0m
[1;32m[Core 2] PASS PATTERN NO.  323 | Func:  SLT | Latency:    6[1;0m
[1;34m[Core 1] PASS PATTERN NO.  323 | Func:   LH | Latency:  739[1;0m
[1;34m[Core 1] PASS PATTERN NO.  324 | Func:  NOR | Latency:    6[1;0m
[1;32m[Core 2] PASS PATTERN NO.  324 | Func:  MUL | Latency:  360[1;0m
[1;32m[Core 2] PASS PATTERN NO.  325 | Func:  SLT | Latency:  434[1;0m
[1;34m[Core 1] PASS PATTERN NO.  325 | Func:  MUL | Latency:  440[1;0m
[1;34m[Core 1] PASS PATTERN NO.  326 | Func:   SH | Latency:  186[1;0m
[1;32m[Core 2] PASS PATTERN NO.  326 | Func:   LH | Latency:  384[1;0m
[1;34m[Core 1] PASS PATTERN NO.  327 | Func:  AND | Latency:  201[1;0m
[1;32m[Core 2] PASS PATTERN NO.  327 | Func: SUBI | Latency:    6[1;0m
[1;32m[Core 2] PASS PATTERN NO.  328 | Func: ADDI | Latency:    9[1;0m
[1;34m[Core 1] PASS PATTERN NO.  328 | Func:   SH | Latency:  408[1;0m
[1;32m[Core 2] PASS PATTERN NO.  329 | Func:  NOR | Latency:  405[1;0m
[1;34m[Core 1] PASS PATTERN NO.  329 | Func:   LH | Latency:  465[1;0m
[1;32m[Core 2] PASS PATTERN NO.  330 | Func:  XOR | Latency:  465[1;0m
[1;34m[Core 1] PASS PATTERN NO.  330 | Func:  MUL | Latency:    9[1;0m
[1;32m[Core 2] PASS PATTERN NO.  331 | Func: SUBI | Latency:    9[1;0m
[1;34m[Core 1] PASS PATTERN NO.  331 | Func:   SH | Latency:  339[1;0m
[1;34m[Core 1] PASS PATTERN NO.  332 | Func:  NOR | Latency:    6[1;0m
[1;32m[Core 2] PASS PATTERN NO.  332 | Func: SUBI | Latency:  339[1;0m
[1;34m[Core 1] PASS PATTERN NO.  333 | Func: NAND | Latency:    9[1;0m
[1;32m[Core 2] PASS PATTERN NO.  333 | Func:   LH | Latency:  296[1;0m
[1;34m[Core 1] PASS PATTERN NO.  334 | Func:   LH | Latency:  747[1;0m
[1;32m[Core 2] PASS PATTERN NO.  334 | Func:   LH | Latency:  942[1;0m
[1;34m[Core 1] PASS PATTERN NO.  335 | Func: SUBI | Latency:  488[1;0m
[1;32m[Core 2] PASS PATTERN NO.  335 | Func: NAND | Latency:    6[1;0m
[1;34m[Core 1] PASS PATTERN NO.  336 | Func:  AND | Latency:    9[1;0m
[1;32m[Core 2] PASS PATTERN NO.  336 | Func:  NOR | Latency:    9[1;0m
[1;34m[Core 1] PASS PATTERN NO.  337 | Func: SUBI | Latency:    9[1;0m
[1;32m[Core 2] PASS PATTERN NO.  337 | Func:   OR | Latency:    9[1;0m
[1;34m[Core 1] PASS PATTERN NO.  338 | Func:  AND | Latency:    9[1;0m
[1;32m[Core 2] PASS PATTERN NO.  338 | Func:  XOR | Latency:    9[1;0m
[1;32m[Core 2] PASS PATTERN NO.  339 | Func:  XOR | Latency:    9[1;0m
[1;34m[Core 1] PASS PATTERN NO.  339 | Func:   SH | Latency:  367[1;0m
[1;32m[Core 2] PASS PATTERN NO.  340 | Func:  XOR | Latency:  364[1;0m
[1;34m[Core 1] PASS PATTERN NO.  340 | Func:   LH | Latency:  328[1;0m
[1;34m[Core 1] PASS PATTERN NO.  341 | Func:  SUB | Latency:    6[1;0m
[1;32m[Core 2] PASS PATTERN NO.  341 | Func:  NOR | Latency:  328[1;0m
[1;32m[Core 2] PASS PATTERN NO.  342 | Func: SUBI | Latency:    9[1;0m
[1;34m[Core 1] PASS PATTERN NO.  342 | Func:   SH | Latency:  512[1;0m
[1;34m[Core 1] PASS PATTERN NO.  343 | Func: ADDI | Latency:    6[1;0m
[1;32m[Core 2] PASS PATTERN NO.  343 | Func:  AND | Latency:  509[1;0m
[1;32m[Core 2] PASS PATTERN NO.  344 | Func:  SLT | Latency:    9[1;0m
[1;34m[Core 1] PASS PATTERN NO.  344 | Func:   LH | Latency:  438[1;0m
[1;34m[Core 1] PASS PATTERN NO.  345 | Func: NAND | Latency:    6[1;0m
[1;32m[Core 2] PASS PATTERN NO.  345 | Func:   SH | Latency:  706[1;0m
[1;34m[Core 1] PASS PATTERN NO.  346 | Func:  ADD | Latency:  277[1;0m
[1;32m[Core 2] PASS PATTERN NO.  346 | Func:   SH | Latency:  197[1;0m
[1;34m[Core 1] PASS PATTERN NO.  347 | Func:  NOR | Latency:  197[1;0m
[1;32m[Core 2] PASS PATTERN NO.  347 | Func:   LH | Latency:  405[1;0m
[1;32m[Core 2] PASS PATTERN NO.  348 | Func:  NOR | Latency:    6[1;0m
[1;34m[Core 1] PASS PATTERN NO.  348 | Func:   LH | Latency:  557[1;0m
[1;34m[Core 1] PASS PATTERN NO.  349 | Func:  SLT | Latency:    6[1;0m
[1;32m[Core 2] PASS PATTERN NO.  349 | Func:  AND | Latency:  158[1;0m
[1;33m[Info] Global Memory Check Passed at IC 50-boundary (Snapshot 6)[1;0m
[1;34m[Core 1] PASS PATTERN NO.  350 | Func:  AND | Latency:    9[1;0m
[1;32m[Core 2] PASS PATTERN NO.  350 | Func:   LH | Latency:  513[1;0m
[1;34m[Core 1] PASS PATTERN NO.  351 | Func:  SUB | Latency:  510[1;0m
[1;32m[Core 2] PASS PATTERN NO.  351 | Func:  AND | Latency:    6[1;0m
[1;34m[Core 1] PASS PATTERN NO.  352 | Func:  SUB | Latency:    9[1;0m
[1;32m[Core 2] PASS PATTERN NO.  352 | Func:   SH | Latency:  124[1;0m
[1;34m[Core 1] PASS PATTERN NO.  353 | Func:  MUL | Latency:  124[1;0m
[1;32m[Core 2] PASS PATTERN NO.  353 | Func:   LH | Latency:  365[1;0m
[1;34m[Core 1] PASS PATTERN NO.  354 | Func:  SLT | Latency:  362[1;0m
[1;32m[Core 2] PASS PATTERN NO.  354 | Func:  AND | Latency:    6[1;0m
[1;34m[Core 1] PASS PATTERN NO.  355 | Func:   SH | Latency:  228[1;0m
[1;32m[Core 2] PASS PATTERN NO.  355 | Func:   LH | Latency:  613[1;0m
[1;32m[Core 2] PASS PATTERN NO.  356 | Func: SUBI | Latency:    6[1;0m
[1;34m[Core 1] PASS PATTERN NO.  356 | Func:   LH | Latency:  768[1;0m
[1;34m[Core 1] PASS PATTERN NO.  357 | Func:  AND | Latency:  278[1;0m
[1;32m[Core 2] PASS PATTERN NO.  357 | Func:   LH | Latency:  961[1;0m
[1;34m[Core 1] PASS PATTERN NO.  358 | Func:  XOR | Latency:  312[1;0m
[1;32m[Core 2] PASS PATTERN NO.  358 | Func:   LH | Latency:  150[1;0m
[1;34m[Core 1] PASS PATTERN NO.  359 | Func:  AND | Latency:  150[1;0m
[1;32m[Core 2] PASS PATTERN NO.  359 | Func:  XOR | Latency:    6[1;0m
[1;34m[Core 1] PASS PATTERN NO.  360 | Func: NAND | Latency:    9[1;0m
[1;32m[Core 2] PASS PATTERN NO.  360 | Func:  ADD | Latency:    9[1;0m
[1;34m[Core 1] PASS PATTERN NO.  361 | Func: SUBI | Latency:    9[1;0m
[1;32m[Core 2] PASS PATTERN NO.  361 | Func:  ADD | Latency:    9[1;0m
[1;34m[Core 1] PASS PATTERN NO.  362 | Func:   OR | Latency:    9[1;0m
[1;32m[Core 2] PASS PATTERN NO.  362 | Func:   SH | Latency:  411[1;0m
[1;32m[Core 2] PASS PATTERN NO.  363 | Func: NAND | Latency:    6[1;0m
[1;34m[Core 1] PASS PATTERN NO.  363 | Func:   LH | Latency:  783[1;0m
[1;34m[Core 1] PASS PATTERN NO.  364 | Func:  NOR | Latency:    6[1;0m
[1;32m[Core 2] PASS PATTERN NO.  364 | Func:   OR | Latency:  381[1;0m
[1;34m[Core 1] PASS PATTERN NO.  365 | Func:  MUL | Latency:   12[1;0m
[1;32m[Core 2] PASS PATTERN NO.  365 | Func:  MUL | Latency:   13[1;0m
[1;32m[Core 2] PASS PATTERN NO.  366 | Func:  AND | Latency:    8[1;0m
[1;34m[Core 1] PASS PATTERN NO.  366 | Func:   SH | Latency:  244[1;0m
[1;34m[Core 1] PASS PATTERN NO.  367 | Func:  NOR | Latency:    6[1;0m
[1;32m[Core 2] PASS PATTERN NO.  367 | Func:   LH | Latency:  592[1;0m
[1;34m[Core 1] PASS PATTERN NO.  368 | Func:  NOR | Latency:  357[1;0m
[1;32m[Core 2] PASS PATTERN NO.  368 | Func:  SLT | Latency:    6[1;0m
[1;34m[Core 1] PASS PATTERN NO.  369 | Func:   SH | Latency:  252[1;0m
[1;32m[Core 2] PASS PATTERN NO.  369 | Func:   LH | Latency:  374[1;0m
[1;34m[Core 1] PASS PATTERN NO.  370 | Func: ADDI | Latency:  128[1;0m
[1;32m[Core 2] PASS PATTERN NO.  370 | Func:   SH | Latency:  218[1;0m
[1;34m[Core 1] PASS PATTERN NO.  371 | Func: NAND | Latency:  218[1;0m
[1;32m[Core 2] PASS PATTERN NO.  371 | Func:   LH | Latency:  497[1;0m
[1;34m[Core 1] PASS PATTERN NO.  372 | Func:  ADD | Latency:  497[1;0m
[1;32m[Core 2] PASS PATTERN NO.  372 | Func:  XOR | Latency:    6[1;0m
[1;34m[Core 1] PASS PATTERN NO.  373 | Func:  MUL | Latency:   12[1;0m
[1;32m[Core 2] PASS PATTERN NO.  373 | Func:   SH | Latency:  374[1;0m
[1;34m[Core 1] PASS PATTERN NO.  374 | Func:  SUB | Latency:  368[1;0m
[1;32m[Core 2] PASS PATTERN NO.  374 | Func: SUBI | Latency:    6[1;0m
[1;34m[Core 1] PASS PATTERN NO.  375 | Func: SUBI | Latency:    9[1;0m
[1;32m[Core 2] PASS PATTERN NO.  375 | Func:   SH | Latency:  251[1;0m
[1;34m[Core 1] PASS PATTERN NO.  376 | Func:  ADD | Latency:  248[1;0m
[1;32m[Core 2] PASS PATTERN NO.  376 | Func:  XOR | Latency:    6[1;0m
[1;32m[Core 2] PASS PATTERN NO.  377 | Func:  SLT | Latency:    9[1;0m
[1;34m[Core 1] PASS PATTERN NO.  377 | Func:  MUL | Latency:   12[1;0m
[1;32m[Core 2] PASS PATTERN NO.  378 | Func:   SH | Latency:  306[1;0m
[1;34m[Core 1] PASS PATTERN NO.  378 | Func:   LH | Latency:  644[1;0m
[1;34m[Core 1] PASS PATTERN NO.  379 | Func:   SH | Latency:  187[1;0m
[1;32m[Core 2] PASS PATTERN NO.  379 | Func:   LH | Latency:  915[1;0m
[1;32m[Core 2] PASS PATTERN NO.  380 | Func: ADDI | Latency:    6[1;0m
[1;34m[Core 1] PASS PATTERN NO.  380 | Func:   LH | Latency:  505[1;0m
[1;34m[Core 1] PASS PATTERN NO.  381 | Func:   SH | Latency:  425[1;0m
[1;32m[Core 2] PASS PATTERN NO.  381 | Func:   LH | Latency: 1006[1;0m
[1;32m[Core 2] PASS PATTERN NO.  382 | Func:  SUB | Latency:    6[1;0m
[1;34m[Core 1] PASS PATTERN NO.  382 | Func:   LH | Latency:  862[1;0m
[1;34m[Core 1] PASS PATTERN NO.  383 | Func:  NOR | Latency:    6[1;0m
[1;32m[Core 2] PASS PATTERN NO.  383 | Func:   OR | Latency:  393[1;0m
[1;32m[Core 2] PASS PATTERN NO.  384 | Func:  ADD | Latency:    9[1;0m
[1;34m[Core 1] PASS PATTERN NO.  384 | Func:   SH | Latency:  262[1;0m
[1;34m[Core 1] PASS PATTERN NO.  385 | Func: NAND | Latency:    6[1;0m
[1;32m[Core 2] PASS PATTERN NO.  385 | Func:   LH | Latency:  541[1;0m
[1;34m[Core 1] PASS PATTERN NO.  386 | Func:  NOR | Latency:  288[1;0m
[1;32m[Core 2] PASS PATTERN NO.  386 | Func:  NOR | Latency:    6[1;0m
[1;34m[Core 1] PASS PATTERN NO.  387 | Func:  AND | Latency:    9[1;0m
[1;32m[Core 2] PASS PATTERN NO.  387 | Func:  XOR | Latency:    9[1;0m
[1;32m[Core 2] PASS PATTERN NO.  388 | Func: SUBI | Latency:    9[1;0m
[1;34m[Core 1] PASS PATTERN NO.  388 | Func:  MUL | Latency:   12[1;0m
[1;34m[Core 1] PASS PATTERN NO.  389 | Func: NAND | Latency:  964[1;0m
[1;32m[Core 2] PASS PATTERN NO.  389 | Func:  MUL | Latency:  970[1;0m
[1;32m[Core 2] PASS PATTERN NO.  390 | Func:   SH | Latency:  276[1;0m
[1;34m[Core 1] PASS PATTERN NO.  390 | Func:   LH | Latency:  555[1;0m
[1;32m[Core 2] PASS PATTERN NO.  391 | Func:   SH | Latency:  484[1;0m
[1;34m[Core 1] PASS PATTERN NO.  391 | Func:   LH | Latency:  578[1;0m
[1;34m[Core 1] PASS PATTERN NO.  392 | Func:   OR | Latency:    6[1;0m
[1;32m[Core 2] PASS PATTERN NO.  392 | Func:  SLT | Latency:  376[1;0m
[1;32m[Core 2] PASS PATTERN NO.  393 | Func: SUBI | Latency:    9[1;0m
[1;34m[Core 1] PASS PATTERN NO.  393 | Func:   SH | Latency:  359[1;0m
[1;34m[Core 1] PASS PATTERN NO.  394 | Func:   OR | Latency:    6[1;0m
[1;32m[Core 2] PASS PATTERN NO.  394 | Func:  SLT | Latency:  356[1;0m
[1;32m[Core 2] PASS PATTERN NO.  395 | Func: ADDI | Latency:    9[1;0m
[1;34m[Core 1] PASS PATTERN NO.  395 | Func:   LH | Latency:  131[1;0m
[1;34m[Core 1] PASS PATTERN NO.  396 | Func:  ADD | Latency:    6[1;0m
[1;32m[Core 2] PASS PATTERN NO.  396 | Func:   SH | Latency:  295[1;0m
[1;32m[Core 2] PASS PATTERN NO.  397 | Func:   SH | Latency:  355[1;0m
[1;34m[Core 1] PASS PATTERN NO.  397 | Func:   LH | Latency:  854[1;0m
[1;34m[Core 1] PASS PATTERN NO.  398 | Func:  SLT | Latency:    6[1;0m
[1;32m[Core 2] PASS PATTERN NO.  398 | Func:   LH | Latency:  559[1;0m
[1;34m[Core 1] PASS PATTERN NO.  399 | Func: NAND | Latency:  227[1;0m
[1;32m[Core 2] PASS PATTERN NO.  399 | Func:   LH | Latency:  300[1;0m
[1;33m[Info] Global Memory Check Passed at IC 50-boundary (Snapshot 7)[1;0m
[1;34m[Core 1] PASS PATTERN NO.  400 | Func: ADDI | Latency:  300[1;0m
[1;32m[Core 2] PASS PATTERN NO.  400 | Func:  NOR | Latency:    6[1;0m
[1;32m[Core 2] PASS PATTERN NO.  401 | Func: ADDI | Latency:    9[1;0m
[1;34m[Core 1] PASS PATTERN NO.  401 | Func:   LH | Latency:  451[1;0m
[1;34m[Core 1] PASS PATTERN NO.  402 | Func:   OR | Latency:    6[1;0m
[1;32m[Core 2] PASS PATTERN NO.  402 | Func:   LH | Latency:  938[1;0m
[1;32m[Core 2] PASS PATTERN NO.  403 | Func: ADDI | Latency:    6[1;0m
[1;34m[Core 1] PASS PATTERN NO.  403 | Func:   LH | Latency:  670[1;0m
[1;32m[Core 2] PASS PATTERN NO.  404 | Func:   SH | Latency:  469[1;0m
[1;34m[Core 1] PASS PATTERN NO.  404 | Func:   LH | Latency:  597[1;0m
[1;34m[Core 1] PASS PATTERN NO.  405 | Func:  SUB | Latency:    6[1;0m
[1;32m[Core 2] PASS PATTERN NO.  405 | Func: SUBI | Latency:  308[1;0m
[1;34m[Core 1] PASS PATTERN NO.  406 | Func:  SLT | Latency:    9[1;0m
[1;32m[Core 2] PASS PATTERN NO.  406 | Func:  AND | Latency:    9[1;0m
[1;34m[Core 1] PASS PATTERN NO.  407 | Func:  XOR | Latency:    9[1;0m
[1;32m[Core 2] PASS PATTERN NO.  407 | Func:   LH | Latency:  330[1;0m
[1;34m[Core 1] PASS PATTERN NO.  408 | Func: NAND | Latency:  327[1;0m
[1;32m[Core 2] PASS PATTERN NO.  408 | Func:  ADD | Latency:    6[1;0m
[1;34m[Core 1] PASS PATTERN NO.  409 | Func: SUBI | Latency:    9[1;0m
[1;32m[Core 2] PASS PATTERN NO.  409 | Func:  MUL | Latency:   12[1;0m
[1;34m[Core 1] PASS PATTERN NO.  410 | Func: SUBI | Latency:    9[1;0m
[1;32m[Core 2] PASS PATTERN NO.  410 | Func:   LH | Latency:  154[1;0m
[1;34m[Core 1] PASS PATTERN NO.  411 | Func: SUBI | Latency:  154[1;0m
[1;32m[Core 2] PASS PATTERN NO.  411 | Func:   SH | Latency:  330[1;0m
[1;34m[Core 1] PASS PATTERN NO.  412 | Func:  SLT | Latency:  330[1;0m
[1;32m[Core 2] PASS PATTERN NO.  412 | Func: NAND | Latency:    6[1;0m
[1;34m[Core 1] PASS PATTERN NO.  413 | Func:  AND | Latency:    9[1;0m
[1;32m[Core 2] PASS PATTERN NO.  413 | Func: ADDI | Latency:    9[1;0m
[1;34m[Core 1] PASS PATTERN NO.  414 | Func:   OR | Latency:    9[1;0m
[1;32m[Core 2] PASS PATTERN NO.  414 | Func:   LH | Latency:  491[1;0m
[1;34m[Core 1] PASS PATTERN NO.  415 | Func: SUBI | Latency:  488[1;0m
[1;32m[Core 2] PASS PATTERN NO.  415 | Func:   LH | Latency:  193[1;0m
[1;34m[Core 1] PASS PATTERN NO.  416 | Func: ADDI | Latency:  193[1;0m
[1;32m[Core 2] PASS PATTERN NO.  416 | Func:  XOR | Latency:    6[1;0m
[1;34m[Core 1] PASS PATTERN NO.  417 | Func: ADDI | Latency:    9[1;0m
[1;32m[Core 2] PASS PATTERN NO.  417 | Func:   SH | Latency:  140[1;0m
[1;34m[Core 1] PASS PATTERN NO.  418 | Func:  SLT | Latency:  137[1;0m
[1;32m[Core 2] PASS PATTERN NO.  418 | Func:  MUL | Latency:    9[1;0m
[1;34m[Core 1] PASS PATTERN NO.  419 | Func: SUBI | Latency:    9[1;0m
[1;32m[Core 2] PASS PATTERN NO.  419 | Func: SUBI | Latency:    6[1;0m
[1;34m[Core 1] PASS PATTERN NO.  420 | Func:  SUB | Latency:    9[1;0m
[1;32m[Core 2] PASS PATTERN NO.  420 | Func:  MUL | Latency:   12[1;0m
[1;34m[Core 1] PASS PATTERN NO.  421 | Func:  ADD | Latency:  695[1;0m
[1;32m[Core 2] PASS PATTERN NO.  421 | Func:   SH | Latency: 1090[1;0m
[1;34m[Core 1] PASS PATTERN NO.  422 | Func:  SUB | Latency:  404[1;0m
[1;32m[Core 2] PASS PATTERN NO.  422 | Func:  NOR | Latency:    6[1;0m
[1;32m[Core 2] PASS PATTERN NO.  423 | Func:   OR | Latency:    9[1;0m
[1;34m[Core 1] PASS PATTERN NO.  423 | Func:   SH | Latency:  195[1;0m
[1;34m[Core 1] PASS PATTERN NO.  424 | Func: ADDI | Latency:    6[1;0m
[1;32m[Core 2] PASS PATTERN NO.  424 | Func:   SH | Latency:  554[1;0m
[1;34m[Core 1] PASS PATTERN NO.  425 | Func:   OR | Latency:  368[1;0m
[1;32m[Core 2] PASS PATTERN NO.  425 | Func:   SH | Latency:  127[1;0m
[1;32m[Core 2] PASS PATTERN NO.  426 | Func:  MUL | Latency:    9[1;0m
[1;34m[Core 1] PASS PATTERN NO.  426 | Func:   LH | Latency:  471[1;0m
[1;32m[Core 2] PASS PATTERN NO.  427 | Func:  ADD | Latency:  347[1;0m
[1;34m[Core 1] PASS PATTERN NO.  427 | Func:   SH | Latency:  434[1;0m
[1;34m[Core 1] PASS PATTERN NO.  428 | Func: NAND | Latency:    6[1;0m
[1;32m[Core 2] PASS PATTERN NO.  428 | Func:  SUB | Latency:  434[1;0m
[1;32m[Core 2] PASS PATTERN NO.  429 | Func: NAND | Latency:    9[1;0m
[1;34m[Core 1] PASS PATTERN NO.  429 | Func:   SH | Latency:  376[1;0m
[1;34m[Core 1] PASS PATTERN NO.  430 | Func:   SH | Latency:  457[1;0m
[1;32m[Core 2] PASS PATTERN NO.  430 | Func:   LH | Latency: 1189[1;0m
[1;34m[Core 1] PASS PATTERN NO.  431 | Func:  MUL | Latency:  374[1;0m
[1;32m[Core 2] PASS PATTERN NO.  431 | Func:   SH | Latency:  217[1;0m
[1;32m[Core 2] PASS PATTERN NO.  432 | Func: ADDI | Latency:    6[1;0m
[1;34m[Core 1] PASS PATTERN NO.  432 | Func:   LH | Latency:  340[1;0m
[1;34m[Core 1] PASS PATTERN NO.  433 | Func:  MUL | Latency:    9[1;0m
[1;32m[Core 2] PASS PATTERN NO.  433 | Func:   SH | Latency:  310[1;0m
[1;34m[Core 1] PASS PATTERN NO.  434 | Func:  SUB | Latency:  181[1;0m
[1;32m[Core 2] PASS PATTERN NO.  434 | Func:  SUB | Latency:    6[1;0m
[1;32m[Core 2] PASS PATTERN NO.  435 | Func:  SLT | Latency:    9[1;0m
[1;34m[Core 1] PASS PATTERN NO.  435 | Func:   LH | Latency:  487[1;0m
[1;32m[Core 2] PASS PATTERN NO.  436 | Func:  SLT | Latency:  484[1;0m
[1;34m[Core 1] PASS PATTERN NO.  436 | Func:   SH | Latency:  144[1;0m
[1;34m[Core 1] PASS PATTERN NO.  437 | Func: SUBI | Latency:    6[1;0m
[1;32m[Core 2] PASS PATTERN NO.  437 | Func:   LH | Latency:  390[1;0m
[1;34m[Core 1] PASS PATTERN NO.  438 | Func:  AND | Latency:  252[1;0m
[1;32m[Core 2] PASS PATTERN NO.  438 | Func:   LH | Latency:  323[1;0m
[1;32m[Core 2] PASS PATTERN NO.  439 | Func: ADDI | Latency:    6[1;0m
[1;34m[Core 1] PASS PATTERN NO.  439 | Func:   SH | Latency:  525[1;0m
[1;32m[Core 2] PASS PATTERN NO.  440 | Func:  SUB | Latency:  208[1;0m
[1;34m[Core 1] PASS PATTERN NO.  440 | Func:   SH | Latency:  235[1;0m
[1;34m[Core 1] PASS PATTERN NO.  441 | Func:  ADD | Latency:    6[1;0m
[1;32m[Core 2] PASS PATTERN NO.  441 | Func:   LH | Latency:  617[1;0m
[1;32m[Core 2] PASS PATTERN NO.  442 | Func:   SH | Latency:  143[1;0m
[1;34m[Core 1] PASS PATTERN NO.  442 | Func:   LH | Latency:  754[1;0m
[1;34m[Core 1] PASS PATTERN NO.  443 | Func:  NOR | Latency:    6[1;0m
[1;32m[Core 2] PASS PATTERN NO.  443 | Func:   SH | Latency:  567[1;0m
[1;34m[Core 1] PASS PATTERN NO.  444 | Func: NAND | Latency:  338[1;0m
[1;32m[Core 2] PASS PATTERN NO.  444 | Func:   SH | Latency:  136[1;0m
[1;34m[Core 1] PASS PATTERN NO.  445 | Func:   SH | Latency:  323[1;0m
[1;32m[Core 2] PASS PATTERN NO.  445 | Func:   LH | Latency:  394[1;0m
[1;34m[Core 1] PASS PATTERN NO.  446 | Func:   SH | Latency:  415[1;0m
[1;32m[Core 2] PASS PATTERN NO.  446 | Func:   LH | Latency:  368[1;0m
[1;34m[Core 1] PASS PATTERN NO.  447 | Func:  ADD | Latency:  160[1;0m
[1;32m[Core 2] PASS PATTERN NO.  447 | Func:  MUL | Latency:    9[1;0m
[1;32m[Core 2] PASS PATTERN NO.  448 | Func:   OR | Latency:    6[1;0m
[1;34m[Core 1] PASS PATTERN NO.  448 | Func:   LH | Latency:  120[1;0m
[1;34m[Core 1] PASS PATTERN NO.  449 | Func:  ADD | Latency:    6[1;0m
[1;32m[Core 2] PASS PATTERN NO.  449 | Func:   SH | Latency:  257[1;0m
[1;33m[Info] Global Memory Check Passed at IC 50-boundary (Snapshot 8)[1;0m
[1;34m[Core 1] PASS PATTERN NO.  450 | Func: NAND | Latency:  146[1;0m
[1;32m[Core 2] PASS PATTERN NO.  450 | Func:  XOR | Latency:    6[1;0m
[1;34m[Core 1] PASS PATTERN NO.  451 | Func:  SUB | Latency:    9[1;0m
[1;32m[Core 2] PASS PATTERN NO.  451 | Func:  NOR | Latency:    9[1;0m
[1;34m[Core 1] PASS PATTERN NO.  452 | Func: ADDI | Latency:    9[1;0m
[1;32m[Core 2] PASS PATTERN NO.  452 | Func:   SH | Latency:  124[1;0m
[1;34m[Core 1] PASS PATTERN NO.  453 | Func:  ADD | Latency:  855[1;0m
[1;32m[Core 2] PASS PATTERN NO.  453 | Func:  SUB | Latency:  740[1;0m
[1;34m[Core 1] PASS PATTERN NO.  454 | Func:  NOR | Latency:    9[1;0m
[1;32m[Core 2] PASS PATTERN NO.  454 | Func:  AND | Latency:    9[1;0m
[1;34m[Core 1] PASS PATTERN NO.  455 | Func:  XOR | Latency:    9[1;0m
[1;32m[Core 2] PASS PATTERN NO.  455 | Func:  AND | Latency:    9[1;0m
[1;34m[Core 1] PASS PATTERN NO.  456 | Func:   SH | Latency:  443[1;0m
[1;32m[Core 2] PASS PATTERN NO.  456 | Func:   LH | Latency:  703[1;0m
[1;34m[Core 1] PASS PATTERN NO.  457 | Func: NAND | Latency:  266[1;0m
[1;32m[Core 2] PASS PATTERN NO.  457 | Func:  MUL | Latency:    9[1;0m
[1;32m[Core 2] PASS PATTERN NO.  458 | Func:  MUL | Latency:    9[1;0m
[1;34m[Core 1] PASS PATTERN NO.  458 | Func:   LH | Latency:  306[1;0m
[1;34m[Core 1] PASS PATTERN NO.  459 | Func:  SUB | Latency:    6[1;0m
[1;32m[Core 2] PASS PATTERN NO.  459 | Func:  AND | Latency:  300[1;0m
[1;34m[Core 1] PASS PATTERN NO.  460 | Func:   OR | Latency:    9[1;0m
[1;32m[Core 2] PASS PATTERN NO.  460 | Func:  SUB | Latency:    9[1;0m
[1;34m[Core 1] PASS PATTERN NO.  461 | Func:  SLT | Latency:    9[1;0m
[1;32m[Core 2] PASS PATTERN NO.  461 | Func:   LH | Latency:  166[1;0m
[1;34m[Core 1] PASS PATTERN NO.  462 | Func: SUBI | Latency:  163[1;0m
[1;32m[Core 2] PASS PATTERN NO.  462 | Func:   LH | Latency:  247[1;0m
[1;34m[Core 1] PASS PATTERN NO.  463 | Func:  XOR | Latency:  247[1;0m
[1;32m[Core 2] PASS PATTERN NO.  463 | Func:  AND | Latency:    6[1;0m
[1;32m[Core 2] PASS PATTERN NO.  464 | Func:  AND | Latency:    9[1;0m
[1;34m[Core 1] PASS PATTERN NO.  464 | Func:   LH | Latency:  149[1;0m
[1;32m[Core 2] PASS PATTERN NO.  465 | Func:  AND | Latency:  146[1;0m
[1;34m[Core 1] PASS PATTERN NO.  465 | Func:  MUL | Latency:    9[1;0m
[1;32m[Core 2] PASS PATTERN NO.  466 | Func: SUBI | Latency:    9[1;0m
[1;34m[Core 1] PASS PATTERN NO.  466 | Func:  MUL | Latency:    9[1;0m
[1;34m[Core 1] PASS PATTERN NO.  467 | Func:   SH | Latency:  253[1;0m
[1;32m[Core 2] PASS PATTERN NO.  467 | Func:   LH | Latency:  648[1;0m
[1;34m[Core 1] PASS PATTERN NO.  468 | Func:  NOR | Latency:  398[1;0m
[1;32m[Core 2] PASS PATTERN NO.  468 | Func:  ADD | Latency:    6[1;0m
[1;34m[Core 1] PASS PATTERN NO.  469 | Func:  BEQ | Latency:    8[1;0m
[1;32m[Core 2] PASS PATTERN NO.  469 | Func:  BEQ | Latency:    8[1;0m
[1;34m[Core 1] PASS PATTERN NO.  470 | Func: ADDI | Latency:    9[1;0m
[1;32m[Core 2] PASS PATTERN NO.  470 | Func:   LH | Latency:  328[1;0m
[1;32m[Core 2] PASS PATTERN NO.  471 | Func: SUBI | Latency:    6[1;0m
[1;34m[Core 1] PASS PATTERN NO.  471 | Func:   SH | Latency:  589[1;0m
[1;32m[Core 2] PASS PATTERN NO.  472 | Func:   OR | Latency:  270[1;0m
[1;34m[Core 1] PASS PATTERN NO.  472 | Func:   LH | Latency:  417[1;0m
[1;34m[Core 1] PASS PATTERN NO.  473 | Func:   OR | Latency:    6[1;0m
[1;32m[Core 2] PASS PATTERN NO.  473 | Func:  SLT | Latency:  417[1;0m
[1;34m[Core 1] PASS PATTERN NO.  474 | Func: SUBI | Latency:    9[1;0m
[1;32m[Core 2] PASS PATTERN NO.  474 | Func:   LH | Latency:  429[1;0m
[1;34m[Core 1] PASS PATTERN NO.  475 | Func:   SH | Latency:  842[1;0m
[1;32m[Core 2] PASS PATTERN NO.  475 | Func:   LH | Latency:  738[1;0m
[1;34m[Core 1] PASS PATTERN NO.  476 | Func:  XOR | Latency:  322[1;0m
[1;32m[Core 2] PASS PATTERN NO.  476 | Func:  SLT | Latency:    6[1;0m
[1;34m[Core 1] PASS PATTERN NO.  477 | Func: SUBI | Latency:  845[1;0m
[1;32m[Core 2] PASS PATTERN NO.  477 | Func:  SLT | Latency:  845[1;0m
[1;34m[Core 1] PASS PATTERN NO.  478 | Func: SUBI | Latency:    9[1;0m
[1;32m[Core 2] PASS PATTERN NO.  478 | Func:   LH | Latency:  251[1;0m
[1;34m[Core 1] PASS PATTERN NO.  479 | Func: SUBI | Latency:  248[1;0m
[1;32m[Core 2] PASS PATTERN NO.  479 | Func: NAND | Latency:    6[1;0m
[1;34m[Core 1] PASS PATTERN NO.  480 | Func:   OR | Latency:    9[1;0m
[1;32m[Core 2] PASS PATTERN NO.  480 | Func:  ADD | Latency:    9[1;0m
[1;32m[Core 2] PASS PATTERN NO.  481 | Func:  SLT | Latency:    9[1;0m
[1;34m[Core 1] PASS PATTERN NO.  481 | Func:   LH | Latency:  455[1;0m
[1;34m[Core 1] PASS PATTERN NO.  482 | Func: ADDI | Latency:    6[1;0m
[1;32m[Core 2] PASS PATTERN NO.  482 | Func:  MUL | Latency:  455[1;0m
[1;32m[Core 2] PASS PATTERN NO.  483 | Func:  NOR | Latency:    6[1;0m
[1;34m[Core 1] PASS PATTERN NO.  483 | Func:   LH | Latency:  215[1;0m
[1;34m[Core 1] PASS PATTERN NO.  484 | Func:  SLT | Latency:    6[1;0m
[1;32m[Core 2] PASS PATTERN NO.  484 | Func:  MUL | Latency:  215[1;0m
[1;32m[Core 2] PASS PATTERN NO.  485 | Func:  NOR | Latency:    6[1;0m
[1;34m[Core 1] PASS PATTERN NO.  485 | Func:  MUL | Latency:   12[1;0m
[1;32m[Core 2] PASS PATTERN NO.  486 | Func: NAND | Latency:    9[1;0m
[1;34m[Core 1] PASS PATTERN NO.  486 | Func:   SH | Latency:  200[1;0m
[1;34m[Core 1] PASS PATTERN NO.  487 | Func:  AND | Latency:    6[1;0m
[1;32m[Core 2] PASS PATTERN NO.  487 | Func:   SH | Latency:  512[1;0m
[1;32m[Core 2] PASS PATTERN NO.  488 | Func: NAND | Latency:    6[1;0m
[1;34m[Core 1] PASS PATTERN NO.  488 | Func:  MUL | Latency:  321[1;0m
[1;32m[Core 2] PASS PATTERN NO.  489 | Func:  AND | Latency:    9[1;0m
[1;34m[Core 1] PASS PATTERN NO.  489 | Func:   LH | Latency:  220[1;0m
[1;34m[Core 1] PASS PATTERN NO.  490 | Func: SUBI | Latency:    6[1;0m
[1;32m[Core 2] PASS PATTERN NO.  490 | Func:   OR | Latency:  220[1;0m
[1;34m[Core 1] PASS PATTERN NO.  491 | Func: SUBI | Latency:    9[1;0m
[1;32m[Core 2] PASS PATTERN NO.  491 | Func: SUBI | Latency:    9[1;0m
[1;34m[Core 1] PASS PATTERN NO.  492 | Func:   LH | Latency:  136[1;0m
[1;32m[Core 2] PASS PATTERN NO.  492 | Func:   LH | Latency:  433[1;0m
[1;34m[Core 1] PASS PATTERN NO.  493 | Func: SUBI | Latency:  303[1;0m
[1;32m[Core 2] PASS PATTERN NO.  493 | Func: SUBI | Latency:    6[1;0m
[1;34m[Core 1] PASS PATTERN NO.  494 | Func: SUBI | Latency:    9[1;0m
[1;32m[Core 2] PASS PATTERN NO.  494 | Func:  MUL | Latency:   12[1;0m
[1;34m[Core 1] PASS PATTERN NO.  495 | Func:   LH | Latency:  195[1;0m
[1;32m[Core 2] PASS PATTERN NO.  495 | Func:   LH | Latency:  355[1;0m
[1;34m[Core 1] PASS PATTERN NO.  496 | Func: NAND | Latency:  169[1;0m
[1;32m[Core 2] PASS PATTERN NO.  496 | Func:   LH | Latency:  376[1;0m
[1;34m[Core 1] PASS PATTERN NO.  497 | Func:   SH | Latency:  682[1;0m
[1;32m[Core 2] PASS PATTERN NO.  497 | Func:   LH | Latency:  768[1;0m
[1;32m[Core 2] PASS PATTERN NO.  498 | Func: ADDI | Latency:    6[1;0m
[1;34m[Core 1] PASS PATTERN NO.  498 | Func:   SH | Latency:  924[1;0m
[1;34m[Core 1] PASS PATTERN NO.  499 | Func:  NOR | Latency:    6[1;0m
[1;32m[Core 2] PASS PATTERN NO.  499 | Func:   LH | Latency:  907[1;0m
[1;33m[Info] Global Memory Check Passed at IC 50-boundary (Snapshot 9)[1;0m
[1;34m[Core 1] PASS PATTERN NO.  500 | Func: SUBI | Latency:  445[1;0m
[1;32m[Core 2] PASS PATTERN NO.  500 | Func:  XOR | Latency:    6[1;0m
[1;32m[Core 2] PASS PATTERN NO.  501 | Func: NAND | Latency:    9[1;0m
[1;34m[Core 1] PASS PATTERN NO.  501 | Func:  MUL | Latency:   12[1;0m
[1;32m[Core 2] PASS PATTERN NO.  502 | Func:   SH | Latency:  216[1;0m
[1;34m[Core 1] PASS PATTERN NO.  502 | Func:   LH | Latency:  705[1;0m
[1;32m[Core 2] PASS PATTERN NO.  503 | Func:  XOR | Latency:  498[1;0m
[1;34m[Core 1] PASS PATTERN NO.  503 | Func:   SH | Latency:  216[1;0m
[1;34m[Core 1] PASS PATTERN NO.  504 | Func: ADDI | Latency:    6[1;0m
[1;32m[Core 2] PASS PATTERN NO.  504 | Func:  AND | Latency:  216[1;0m
[1;34m[Core 1] PASS PATTERN NO.  505 | Func:  NOR | Latency:    9[1;0m
[1;32m[Core 2] PASS PATTERN NO.  505 | Func:   SH | Latency:  439[1;0m
[1;32m[Core 2] PASS PATTERN NO.  506 | Func: SUBI | Latency:    6[1;0m
[1;34m[Core 1] PASS PATTERN NO.  506 | Func:   LH | Latency:  646[1;0m
[1;34m[Core 1] PASS PATTERN NO.  507 | Func:  XOR | Latency:    6[1;0m
[1;32m[Core 2] PASS PATTERN NO.  507 | Func:   LH | Latency:  673[1;0m
[1;34m[Core 1] PASS PATTERN NO.  508 | Func:  SUB | Latency:  463[1;0m
[1;32m[Core 2] PASS PATTERN NO.  508 | Func:  MUL | Latency:    9[1;0m
[1;34m[Core 1] PASS PATTERN NO.  509 | Func:  MUL | Latency:  692[1;0m
[1;32m[Core 2] PASS PATTERN NO.  509 | Func:   SH | Latency:  857[1;0m
[1;34m[Core 1] PASS PATTERN NO.  510 | Func:  SLT | Latency:  174[1;0m
[1;32m[Core 2] PASS PATTERN NO.  510 | Func:   LH | Latency:  179[1;0m
[1;34m[Core 1] PASS PATTERN NO.  511 | Func: SUBI | Latency:  179[1;0m
[1;32m[Core 2] PASS PATTERN NO.  511 | Func:   LH | Latency:  510[1;0m
[1;34m[Core 1] PASS PATTERN NO.  512 | Func: NAND | Latency:  510[1;0m
[1;32m[Core 2] PASS PATTERN NO.  512 | Func:  SUB | Latency:    6[1;0m
[1;32m[Core 2] PASS PATTERN NO.  513 | Func: ADDI | Latency:    9[1;0m
[1;34m[Core 1] PASS PATTERN NO.  513 | Func:  MUL | Latency:   12[1;0m
[1;34m[Core 1] PASS PATTERN NO.  514 | Func:  SLT | Latency:    6[1;0m
[1;32m[Core 2] PASS PATTERN NO.  514 | Func:   SH | Latency:  340[1;0m
[1;32m[Core 2] PASS PATTERN NO.  515 | Func:  NOR | Latency:    6[1;0m
[1;34m[Core 1] PASS PATTERN NO.  515 | Func:   LH | Latency:  500[1;0m
[1;34m[Core 1] PASS PATTERN NO.  516 | Func:  SUB | Latency:    6[1;0m
[1;32m[Core 2] PASS PATTERN NO.  516 | Func:   SH | Latency:  364[1;0m
[1;34m[Core 1] PASS PATTERN NO.  517 | Func:  XOR | Latency:  201[1;0m
[1;32m[Core 2] PASS PATTERN NO.  517 | Func:   LH | Latency:  419[1;0m
[1;32m[Core 2] PASS PATTERN NO.  518 | Func:  MUL | Latency:    9[1;0m
[1;34m[Core 1] PASS PATTERN NO.  518 | Func:   SH | Latency:  826[1;0m
[1;32m[Core 2] PASS PATTERN NO.  519 | Func:  MUL | Latency:  413[1;0m
[1;34m[Core 1] PASS PATTERN NO.  519 | Func:   LH | Latency:  173[1;0m
[1;34m[Core 1] PASS PATTERN NO.  520 | Func:   SH | Latency:  153[1;0m
[1;32m[Core 2] PASS PATTERN NO.  520 | Func:   LH | Latency:  756[1;0m
[1;32m[Core 2] PASS PATTERN NO.  521 | Func:   SH | Latency:  338[1;0m
[1;34m[Core 1] PASS PATTERN NO.  521 | Func:   LH | Latency:  947[1;0m
[1;34m[Core 1] PASS PATTERN NO.  522 | Func:  NOR | Latency:    6[1;0m
[1;32m[Core 2] PASS PATTERN NO.  522 | Func:   SH | Latency:  306[1;0m
[1;32m[Core 2] PASS PATTERN NO.  523 | Func:  SLT | Latency:    6[1;0m
[1;34m[Core 1] PASS PATTERN NO.  523 | Func:   LH | Latency:  380[1;0m
[1;32m[Core 2] PASS PATTERN NO.  524 | Func:   SH | Latency:  369[1;0m
[1;34m[Core 1] PASS PATTERN NO.  524 | Func:   LH | Latency:  465[1;0m
[1;32m[Core 2] PASS PATTERN NO.  525 | Func:  MUL | Latency:  349[1;0m
[1;34m[Core 1] PASS PATTERN NO.  525 | Func:   SH | Latency:  159[1;0m
[1;34m[Core 1] PASS PATTERN NO.  526 | Func:  SUB | Latency:    6[1;0m
[1;32m[Core 2] PASS PATTERN NO.  526 | Func: ADDI | Latency:  156[1;0m
[1;34m[Core 1] PASS PATTERN NO.  527 | Func:  SUB | Latency:    9[1;0m
[1;32m[Core 2] PASS PATTERN NO.  527 | Func: ADDI | Latency:    9[1;0m
[1;32m[Core 2] PASS PATTERN NO.  528 | Func:  XOR | Latency:    9[1;0m
[1;34m[Core 1] PASS PATTERN NO.  528 | Func:   SH | Latency:  314[1;0m
[1;34m[Core 1] PASS PATTERN NO.  529 | Func: ADDI | Latency:    6[1;0m
[1;32m[Core 2] PASS PATTERN NO.  529 | Func: ADDI | Latency:  311[1;0m
[1;34m[Core 1] PASS PATTERN NO.  530 | Func:   LH | Latency:  484[1;0m
[1;32m[Core 2] PASS PATTERN NO.  530 | Func:   LH | Latency:  787[1;0m
[1;32m[Core 2] PASS PATTERN NO.  531 | Func: NAND | Latency:    6[1;0m
[1;34m[Core 1] PASS PATTERN NO.  531 | Func:   LH | Latency:  586[1;0m
[1;34m[Core 1] PASS PATTERN NO.  532 | Func:  SUB | Latency:    6[1;0m
[1;32m[Core 2] PASS PATTERN NO.  532 | Func:   LH | Latency:  457[1;0m
[1;34m[Core 1] PASS PATTERN NO.  533 | Func:  ADD | Latency:  180[1;0m
[1;32m[Core 2] PASS PATTERN NO.  533 | Func:  NOR | Latency:    6[1;0m
[1;32m[Core 2] PASS PATTERN NO.  534 | Func: ADDI | Latency:    9[1;0m
[1;34m[Core 1] PASS PATTERN NO.  534 | Func:   LH | Latency:  255[1;0m
[1;32m[Core 2] PASS PATTERN NO.  535 | Func:   SH | Latency:  437[1;0m
[1;34m[Core 1] PASS PATTERN NO.  535 | Func:   LH | Latency:  484[1;0m
[1;34m[Core 1] PASS PATTERN NO.  536 | Func: ADDI | Latency:    6[1;0m
[1;32m[Core 2] PASS PATTERN NO.  536 | Func: ADDI | Latency:  299[1;0m
[1;32m[Core 2] PASS PATTERN NO.  537 | Func: NAND | Latency:    9[1;0m
[1;34m[Core 1] PASS PATTERN NO.  537 | Func:   LH | Latency:  470[1;0m
[1;32m[Core 2] PASS PATTERN NO.  538 | Func: ADDI | Latency:  467[1;0m
[1;34m[Core 1] PASS PATTERN NO.  538 | Func:  MUL | Latency:    9[1;0m
[1;34m[Core 1] PASS PATTERN NO.  539 | Func:   OR | Latency:    6[1;0m
[1;32m[Core 2] PASS PATTERN NO.  539 | Func: NAND | Latency:    9[1;0m
[1;34m[Core 1] PASS PATTERN NO.  540 | Func:  MUL | Latency:   12[1;0m
[1;32m[Core 2] PASS PATTERN NO.  540 | Func:   SH | Latency:  420[1;0m
[1;34m[Core 1] PASS PATTERN NO.  541 | Func:   SH | Latency: 1095[1;0m
[1;32m[Core 2] PASS PATTERN NO.  541 | Func:   LH | Latency: 1140[1;0m
[1;34m[Core 1] PASS PATTERN NO.  542 | Func:  AND | Latency:  459[1;0m
[1;32m[Core 2] PASS PATTERN NO.  542 | Func:   LH | Latency:  118[1;0m
[1;34m[Core 1] PASS PATTERN NO.  543 | Func: ADDI | Latency:  118[1;0m
[1;32m[Core 2] PASS PATTERN NO.  543 | Func:   LH | Latency:  389[1;0m
[1;34m[Core 1] PASS PATTERN NO.  544 | Func:  AND | Latency:  389[1;0m
[1;32m[Core 2] PASS PATTERN NO.  544 | Func:   LH | Latency:  407[1;0m
[1;32m[Core 2] PASS PATTERN NO.  545 | Func:  AND | Latency:    6[1;0m
[1;34m[Core 1] PASS PATTERN NO.  545 | Func:   LH | Latency:  733[1;0m
[1;34m[Core 1] PASS PATTERN NO.  546 | Func:  NOR | Latency:    6[1;0m
[1;32m[Core 2] PASS PATTERN NO.  546 | Func: NAND | Latency:  332[1;0m
[1;32m[Core 2] PASS PATTERN NO.  547 | Func: ADDI | Latency:    9[1;0m
[1;34m[Core 1] PASS PATTERN NO.  547 | Func:   SH | Latency:  442[1;0m
[1;32m[Core 2] PASS PATTERN NO.  548 | Func: SUBI | Latency:  439[1;0m
[1;34m[Core 1] PASS PATTERN NO.  548 | Func:   SH | Latency:  367[1;0m
[1;34m[Core 1] PASS PATTERN NO.  549 | Func:  SUB | Latency:    6[1;0m
[1;32m[Core 2] PASS PATTERN NO.  549 | Func:   LH | Latency:  654[1;0m
[1;33m[Info] Global Memory Check Passed at IC 50-boundary (Snapshot 10)[1;0m
[1;34m[Core 1] PASS PATTERN NO.  550 | Func:   OR | Latency:  293[1;0m
[1;32m[Core 2] PASS PATTERN NO.  550 | Func:   SH | Latency:  132[1;0m
[1;34m[Core 1] PASS PATTERN NO.  551 | Func:  MUL | Latency:  135[1;0m
[1;32m[Core 2] PASS PATTERN NO.  551 | Func:  MUL | Latency:   10[1;0m
[1;34m[Core 1] PASS PATTERN NO.  552 | Func: ADDI | Latency:    9[1;0m
[1;32m[Core 2] PASS PATTERN NO.  552 | Func:   SH | Latency:  444[1;0m
[1;34m[Core 1] PASS PATTERN NO.  553 | Func:  SUB | Latency:  442[1;0m
[1;32m[Core 2] PASS PATTERN NO.  553 | Func:   SH | Latency:  242[1;0m
[1;34m[Core 1] PASS PATTERN NO.  554 | Func:  XOR | Latency:  242[1;0m
[1;32m[Core 2] PASS PATTERN NO.  554 | Func:  AND | Latency:    6[1;0m
[1;32m[Core 2] PASS PATTERN NO.  555 | Func:   SH | Latency:  226[1;0m
[1;34m[Core 1] PASS PATTERN NO.  555 | Func:   LH | Latency:  539[1;0m
[1;34m[Core 1] PASS PATTERN NO.  556 | Func:  ADD | Latency:    6[1;0m
[1;32m[Core 2] PASS PATTERN NO.  556 | Func: ADDI | Latency:  319[1;0m
[1;34m[Core 1] PASS PATTERN NO.  557 | Func:  SLT | Latency:    9[1;0m
[1;32m[Core 2] PASS PATTERN NO.  557 | Func:   SH | Latency:  233[1;0m
[1;34m[Core 1] PASS PATTERN NO.  558 | Func: NAND | Latency:  230[1;0m
[1;32m[Core 2] PASS PATTERN NO.  558 | Func:   LH | Latency:  411[1;0m
[1;34m[Core 1] PASS PATTERN NO.  559 | Func:  MUL | Latency:  414[1;0m
[1;32m[Core 2] PASS PATTERN NO.  559 | Func:   SH | Latency:  355[1;0m
[1;32m[Core 2] PASS PATTERN NO.  560 | Func:  XOR | Latency:    6[1;0m
[1;34m[Core 1] PASS PATTERN NO.  560 | Func:   LH | Latency:  573[1;0m
[1;32m[Core 2] PASS PATTERN NO.  561 | Func: ADDI | Latency:  227[1;0m
[1;34m[Core 1] PASS PATTERN NO.  561 | Func:   LH | Latency:  474[1;0m
[1;32m[Core 2] PASS PATTERN NO.  562 | Func:  SLT | Latency:  474[1;0m
[1;34m[Core 1] PASS PATTERN NO.  562 | Func:   SH | Latency:  200[1;0m
[1;34m[Core 1] PASS PATTERN NO.  563 | Func:  AND | Latency:    6[1;0m
[1;32m[Core 2] PASS PATTERN NO.  563 | Func:  SLT | Latency:  200[1;0m
[1;34m[Core 1] PASS PATTERN NO.  564 | Func:  XOR | Latency:    9[1;0m
[1;32m[Core 2] PASS PATTERN NO.  564 | Func: NAND | Latency:    9[1;0m
[1;34m[Core 1] PASS PATTERN NO.  565 | Func: ADDI | Latency:    9[1;0m
[1;32m[Core 2] PASS PATTERN NO.  565 | Func:  NOR | Latency:    9[1;0m
[1;34m[Core 1] PASS PATTERN NO.  566 | Func:  ADD | Latency:    9[1;0m
[1;32m[Core 2] PASS PATTERN NO.  566 | Func:  AND | Latency:    9[1;0m
[1;34m[Core 1] PASS PATTERN NO.  567 | Func: ADDI | Latency:    9[1;0m
[1;32m[Core 2] PASS PATTERN NO.  567 | Func:  SLT | Latency:    9[1;0m
[1;32m[Core 2] PASS PATTERN NO.  568 | Func: ADDI | Latency:    9[1;0m
[1;34m[Core 1] PASS PATTERN NO.  568 | Func:   SH | Latency:  120[1;0m
[1;32m[Core 2] PASS PATTERN NO.  569 | Func:   OR | Latency:  117[1;0m
[1;34m[Core 1] PASS PATTERN NO.  569 | Func:   SH | Latency:  282[1;0m
[1;32m[Core 2] PASS PATTERN NO.  570 | Func: ADDI | Latency:  282[1;0m
[1;34m[Core 1] PASS PATTERN NO.  570 | Func:  MUL | Latency:    9[1;0m
[1;34m[Core 1] PASS PATTERN NO.  571 | Func:   LH | Latency:  494[1;0m
[1;32m[Core 2] PASS PATTERN NO.  571 | Func:   LH | Latency:  811[1;0m
[1;34m[Core 1] PASS PATTERN NO.  572 | Func:   SH | Latency:  807[1;0m
[1;32m[Core 2] PASS PATTERN NO.  572 | Func:   LH | Latency:  979[1;0m
[1;34m[Core 1] PASS PATTERN NO.  573 | Func: ADDI | Latency:  923[1;0m
[1;32m[Core 2] PASS PATTERN NO.  573 | Func:   LH | Latency:  929[1;0m
[1;34m[Core 1] PASS PATTERN NO.  574 | Func:  SUB | Latency:  498[1;0m
[1;32m[Core 2] PASS PATTERN NO.  574 | Func:  ADD | Latency:    6[1;0m
[1;34m[Core 1] PASS PATTERN NO.  575 | Func:  AND | Latency:    9[1;0m
[1;32m[Core 2] PASS PATTERN NO.  575 | Func:   LH | Latency:  224[1;0m
[1;34m[Core 1] PASS PATTERN NO.  576 | Func: SUBI | Latency:  221[1;0m
[1;32m[Core 2] PASS PATTERN NO.  576 | Func:   OR | Latency:    6[1;0m
[1;34m[Core 1] PASS PATTERN NO.  577 | Func:   OR | Latency:    9[1;0m
[1;32m[Core 2] PASS PATTERN NO.  577 | Func:  XOR | Latency:    9[1;0m
[1;34m[Core 1] PASS PATTERN NO.  578 | Func:  SLT | Latency:    9[1;0m
[1;32m[Core 2] PASS PATTERN NO.  578 | Func:  ADD | Latency:    9[1;0m
[1;34m[Core 1] PASS PATTERN NO.  579 | Func:  MUL | Latency:   12[1;0m
[1;32m[Core 2] PASS PATTERN NO.  579 | Func:  MUL | Latency:   13[1;0m
[1;34m[Core 1] PASS PATTERN NO.  580 | Func: ADDI | Latency:    9[1;0m
[1;32m[Core 2] PASS PATTERN NO.  580 | Func:   SH | Latency:  409[1;0m
[1;34m[Core 1] PASS PATTERN NO.  581 | Func:  ADD | Latency:  407[1;0m
[1;32m[Core 2] PASS PATTERN NO.  581 | Func:   SH | Latency:  127[1;0m
[1;34m[Core 1] PASS PATTERN NO.  582 | Func:   LH | Latency:  556[1;0m
[1;32m[Core 2] PASS PATTERN NO.  582 | Func:   LH | Latency:  741[1;0m
[1;34m[Core 1] PASS PATTERN NO.  583 | Func:   SH | Latency:  784[1;0m
[1;32m[Core 2] PASS PATTERN NO.  583 | Func:   LH | Latency:  784[1;0m
[1;32m[Core 2] PASS PATTERN NO.  584 | Func:  SLT | Latency:    6[1;0m
[1;34m[Core 1] PASS PATTERN NO.  584 | Func:  MUL | Latency:  315[1;0m
[1;34m[Core 1] PASS PATTERN NO.  585 | Func:  MUL | Latency:    9[1;0m
[1;32m[Core 2] PASS PATTERN NO.  585 | Func:   SH | Latency:  212[1;0m
[1;32m[Core 2] PASS PATTERN NO.  586 | Func:   SH | Latency:  150[1;0m
[1;34m[Core 1] PASS PATTERN NO.  586 | Func:   LH | Latency:  701[1;0m
[1;34m[Core 1] PASS PATTERN NO.  587 | Func:   SH | Latency:  279[1;0m
[1;32m[Core 2] PASS PATTERN NO.  587 | Func:   LH | Latency:  901[1;0m
[1;34m[Core 1] PASS PATTERN NO.  588 | Func:   SH | Latency:  752[1;0m
[1;32m[Core 2] PASS PATTERN NO.  588 | Func:   LH | Latency:  864[1;0m
[1;34m[Core 1] PASS PATTERN NO.  589 | Func: ADDI | Latency:  389[1;0m
[1;32m[Core 2] PASS PATTERN NO.  589 | Func:  NOR | Latency:    6[1;0m
[1;34m[Core 1] PASS PATTERN NO.  590 | Func:  NOR | Latency:    9[1;0m
[1;32m[Core 2] PASS PATTERN NO.  590 | Func:   SH | Latency:  473[1;0m
[1;34m[Core 1] PASS PATTERN NO.  591 | Func:  NOR | Latency:  470[1;0m
[1;32m[Core 2] PASS PATTERN NO.  591 | Func:  SLT | Latency:    6[1;0m
[1;34m[Core 1] PASS PATTERN NO.  592 | Func: SUBI | Latency:    9[1;0m
[1;32m[Core 2] PASS PATTERN NO.  592 | Func:  ADD | Latency:    9[1;0m
[1;34m[Core 1] PASS PATTERN NO.  593 | Func:  MUL | Latency:   12[1;0m
[1;32m[Core 2] PASS PATTERN NO.  593 | Func:  MUL | Latency:   13[1;0m
[1;32m[Core 2] PASS PATTERN NO.  594 | Func:  MUL | Latency:   11[1;0m
[1;34m[Core 1] PASS PATTERN NO.  594 | Func:   SH | Latency:  242[1;0m
[1;32m[Core 2] PASS PATTERN NO.  595 | Func:   SH | Latency:  558[1;0m
[1;34m[Core 1] PASS PATTERN NO.  595 | Func:   LH | Latency:  528[1;0m
[1;32m[Core 2] PASS PATTERN NO.  596 | Func:  XOR | Latency:  206[1;0m
[1;34m[Core 1] PASS PATTERN NO.  596 | Func:   SH | Latency:  378[1;0m
[1;34m[Core 1] PASS PATTERN NO.  597 | Func: NAND | Latency:    6[1;0m
[1;32m[Core 2] PASS PATTERN NO.  597 | Func:  SLT | Latency:  378[1;0m
[1;34m[Core 1] PASS PATTERN NO.  598 | Func:  NOR | Latency:    9[1;0m
[1;32m[Core 2] PASS PATTERN NO.  598 | Func:  MUL | Latency:   12[1;0m
[1;34m[Core 1] PASS PATTERN NO.  599 | Func:   OR | Latency:    9[1;0m
[1;32m[Core 2] PASS PATTERN NO.  599 | Func:  XOR | Latency:    6[1;0m
[1;33m[Info] Global Memory Check Passed at IC 50-boundary (Snapshot 11)[1;0m
[1;34m[Core 1] PASS PATTERN NO.  600 | Func:  MUL | Latency:   12[1;0m
[1;32m[Core 2] PASS PATTERN NO.  600 | Func:   SH | Latency:  416[1;0m
[1;34m[Core 1] PASS PATTERN NO.  601 | Func:  SUB | Latency:  410[1;0m
[1;32m[Core 2] PASS PATTERN NO.  601 | Func:  SLT | Latency:    6[1;0m
[1;34m[Core 1] PASS PATTERN NO.  602 | Func:  XOR | Latency:    9[1;0m
[1;32m[Core 2] PASS PATTERN NO.  602 | Func: NAND | Latency:    9[1;0m
[1;32m[Core 2] PASS PATTERN NO.  603 | Func:  MUL | Latency:   12[1;0m
[1;34m[Core 1] PASS PATTERN NO.  603 | Func:   LH | Latency:  310[1;0m
[1;34m[Core 1] PASS PATTERN NO.  604 | Func:  SUB | Latency:    6[1;0m
[1;32m[Core 2] PASS PATTERN NO.  604 | Func:   LH | Latency:  432[1;0m
[1;32m[Core 2] PASS PATTERN NO.  605 | Func:   OR | Latency:  587[1;0m
[1;34m[Core 1] PASS PATTERN NO.  605 | Func:  MUL | Latency:  718[1;0m
[1;32m[Core 2] PASS PATTERN NO.  606 | Func: ADDI | Latency:    9[1;0m
[1;34m[Core 1] PASS PATTERN NO.  606 | Func:   SH | Latency:  228[1;0m
[1;34m[Core 1] PASS PATTERN NO.  607 | Func:  NOR | Latency:    6[1;0m
[1;32m[Core 2] PASS PATTERN NO.  607 | Func:   LH | Latency:  462[1;0m
[1;34m[Core 1] PASS PATTERN NO.  608 | Func:   SH | Latency:  700[1;0m
[1;32m[Core 2] PASS PATTERN NO.  608 | Func:   LH | Latency:  942[1;0m
[1;32m[Core 2] PASS PATTERN NO.  609 | Func:   SH | Latency:  404[1;0m
[1;34m[Core 1] PASS PATTERN NO.  609 | Func:   LH | Latency: 1112[1;0m
[1;34m[Core 1] PASS PATTERN NO.  610 | Func:   LH | Latency:  136[1;0m
[1;32m[Core 2] PASS PATTERN NO.  610 | Func:   LH | Latency:  483[1;0m
[1;34m[Core 1] PASS PATTERN NO.  611 | Func: SUBI | Latency:  121[1;0m
[1;32m[Core 2] PASS PATTERN NO.  611 | Func:   LH | Latency:  353[1;0m
[1;32m[Core 2] PASS PATTERN NO.  612 | Func:  SUB | Latency:    6[1;0m
[1;34m[Core 1] PASS PATTERN NO.  612 | Func:   SH | Latency:  582[1;0m
[1;34m[Core 1] PASS PATTERN NO.  613 | Func: ADDI | Latency:    6[1;0m
[1;32m[Core 2] PASS PATTERN NO.  613 | Func:  NOR | Latency:  235[1;0m
[1;34m[Core 1] PASS PATTERN NO.  614 | Func:  SLT | Latency:    9[1;0m
[1;32m[Core 2] PASS PATTERN NO.  614 | Func:   SH | Latency:  241[1;0m
[1;34m[Core 1] PASS PATTERN NO.  615 | Func:   SH | Latency:  683[1;0m
[1;32m[Core 2] PASS PATTERN NO.  615 | Func:   LH | Latency:  911[1;0m
[1;34m[Core 1] PASS PATTERN NO.  616 | Func:  SLT | Latency:  466[1;0m
[1;32m[Core 2] PASS PATTERN NO.  616 | Func:   SH | Latency:  284[1;0m
[1;32m[Core 2] PASS PATTERN NO.  617 | Func:  MUL | Latency:    9[1;0m
[1;34m[Core 1] PASS PATTERN NO.  617 | Func:   LH | Latency:  676[1;0m
[1;32m[Core 2] PASS PATTERN NO.  618 | Func:   OR | Latency:  395[1;0m
[1;34m[Core 1] PASS PATTERN NO.  618 | Func:   SH | Latency:  358[1;0m
[1;32m[Core 2] PASS PATTERN NO.  619 | Func:  XOR | Latency:  358[1;0m
[1;34m[Core 1] PASS PATTERN NO.  619 | Func:   LH | Latency:  226[1;0m
[1;34m[Core 1] PASS PATTERN NO.  620 | Func: ADDI | Latency:    6[1;0m
[1;32m[Core 2] PASS PATTERN NO.  620 | Func:  MUL | Latency:  229[1;0m
[1;34m[Core 1] PASS PATTERN NO.  621 | Func:  SUB | Latency:    9[1;0m
[1;32m[Core 2] PASS PATTERN NO.  621 | Func:   SH | Latency:  392[1;0m
[1;32m[Core 2] PASS PATTERN NO.  622 | Func:  XOR | Latency:    6[1;0m
[1;34m[Core 1] PASS PATTERN NO.  622 | Func:   LH | Latency:  658[1;0m
[1;34m[Core 1] PASS PATTERN NO.  623 | Func: SUBI | Latency:    6[1;0m
[1;32m[Core 2] PASS PATTERN NO.  623 | Func:  SLT | Latency:  272[1;0m
[1;34m[Core 1] PASS PATTERN NO.  624 | Func:  ADD | Latency:    9[1;0m
[1;32m[Core 2] PASS PATTERN NO.  624 | Func:   SH | Latency:  513[1;0m
[1;34m[Core 1] PASS PATTERN NO.  625 | Func:  BEQ | Latency:  509[1;0m
[1;32m[Core 2] PASS PATTERN NO.  625 | Func:  BEQ | Latency:    5[1;0m
[1;32m[Core 2] PASS PATTERN NO.  626 | Func:  AND | Latency:    9[1;0m
[1;34m[Core 1] PASS PATTERN NO.  626 | Func:   SH | Latency:  402[1;0m
[1;34m[Core 1] PASS PATTERN NO.  627 | Func:  SLT | Latency:    6[1;0m
[1;32m[Core 2] PASS PATTERN NO.  627 | Func: NAND | Latency:  399[1;0m
[1;34m[Core 1] PASS PATTERN NO.  628 | Func:  NOR | Latency:    9[1;0m
[1;32m[Core 2] PASS PATTERN NO.  628 | Func:  SUB | Latency:    9[1;0m
[1;32m[Core 2] PASS PATTERN NO.  629 | Func:   OR | Latency:  957[1;0m
[1;34m[Core 1] PASS PATTERN NO.  629 | Func:  MUL | Latency:  960[1;0m
[1;34m[Core 1] PASS PATTERN NO.  630 | Func:   SH | Latency:  409[1;0m
[1;32m[Core 2] PASS PATTERN NO.  630 | Func:   LH | Latency:  748[1;0m
[1;32m[Core 2] PASS PATTERN NO.  631 | Func:  NOR | Latency:    6[1;0m
[1;34m[Core 1] PASS PATTERN NO.  631 | Func:   SH | Latency:  752[1;0m
[1;32m[Core 2] PASS PATTERN NO.  632 | Func:  AND | Latency:  416[1;0m
[1;34m[Core 1] PASS PATTERN NO.  632 | Func:   LH | Latency:  253[1;0m
[1;34m[Core 1] PASS PATTERN NO.  633 | Func:  XOR | Latency:    6[1;0m
[1;32m[Core 2] PASS PATTERN NO.  633 | Func: SUBI | Latency:  253[1;0m
[1;32m[Core 2] PASS PATTERN NO.  634 | Func:  ADD | Latency:    9[1;0m
[1;34m[Core 1] PASS PATTERN NO.  634 | Func:   LH | Latency:  249[1;0m
[1;32m[Core 2] PASS PATTERN NO.  635 | Func:   OR | Latency:  246[1;0m
[1;34m[Core 1] PASS PATTERN NO.  635 | Func:   SH | Latency:  223[1;0m
[1;34m[Core 1] PASS PATTERN NO.  636 | Func:   LH | Latency:  249[1;0m
[1;32m[Core 2] PASS PATTERN NO.  636 | Func:   LH | Latency:  647[1;0m
[1;34m[Core 1] PASS PATTERN NO.  637 | Func: NAND | Latency:  187[1;0m
[1;32m[Core 2] PASS PATTERN NO.  637 | Func:  MUL | Latency:    9[1;0m
[1;32m[Core 2] PASS PATTERN NO.  638 | Func:  SLT | Latency:    6[1;0m
[1;34m[Core 1] PASS PATTERN NO.  638 | Func:   LH | Latency:  412[1;0m
[1;34m[Core 1] PASS PATTERN NO.  639 | Func:  SUB | Latency:    6[1;0m
[1;32m[Core 2] PASS PATTERN NO.  639 | Func:  NOR | Latency:  409[1;0m
[1;34m[Core 1] PASS PATTERN NO.  640 | Func: ADDI | Latency:    9[1;0m
[1;32m[Core 2] PASS PATTERN NO.  640 | Func:   SH | Latency:  307[1;0m
[1;34m[Core 1] PASS PATTERN NO.  641 | Func: SUBI | Latency:  304[1;0m
[1;32m[Core 2] PASS PATTERN NO.  641 | Func:  MUL | Latency:    9[1;0m
[1;32m[Core 2] PASS PATTERN NO.  642 | Func:  XOR | Latency:    6[1;0m
[1;34m[Core 1] PASS PATTERN NO.  642 | Func:  MUL | Latency:   12[1;0m
[1;32m[Core 2] PASS PATTERN NO.  643 | Func: SUBI | Latency:    9[1;0m
[1;34m[Core 1] PASS PATTERN NO.  643 | Func:  MUL | Latency:    9[1;0m
[1;32m[Core 2] PASS PATTERN NO.  644 | Func:  NOR | Latency:    9[1;0m
[1;34m[Core 1] PASS PATTERN NO.  644 | Func:   LH | Latency:  332[1;0m
[1;32m[Core 2] PASS PATTERN NO.  645 | Func:  SUB | Latency:  332[1;0m
[1;34m[Core 1] PASS PATTERN NO.  645 | Func:   LH | Latency:  364[1;0m
[1;34m[Core 1] PASS PATTERN NO.  646 | Func:  ADD | Latency:    6[1;0m
[1;32m[Core 2] PASS PATTERN NO.  646 | Func:  AND | Latency:  364[1;0m
[1;34m[Core 1] PASS PATTERN NO.  647 | Func:  ADD | Latency:    9[1;0m
[1;32m[Core 2] PASS PATTERN NO.  647 | Func:  MUL | Latency:   12[1;0m
[1;34m[Core 1] PASS PATTERN NO.  648 | Func:   SH | Latency:  141[1;0m
[1;32m[Core 2] PASS PATTERN NO.  648 | Func:   LH | Latency:  570[1;0m
[1;34m[Core 1] PASS PATTERN NO.  649 | Func:  XOR | Latency:  438[1;0m
[1;32m[Core 2] PASS PATTERN NO.  649 | Func: ADDI | Latency:    6[1;0m
[1;33m[Info] Global Memory Check Passed at IC 50-boundary (Snapshot 12)[1;0m
[1;34m[Core 1] PASS PATTERN NO.  650 | Func:  XOR | Latency:    9[1;0m
[1;32m[Core 2] PASS PATTERN NO.  650 | Func:  XOR | Latency:    9[1;0m
[1;34m[Core 1] PASS PATTERN NO.  651 | Func:  NOR | Latency:    9[1;0m
[1;32m[Core 2] PASS PATTERN NO.  651 | Func:  SUB | Latency:    9[1;0m
[1;32m[Core 2] PASS PATTERN NO.  652 | Func:  MUL | Latency:   12[1;0m
[1;34m[Core 1] PASS PATTERN NO.  652 | Func:   LH | Latency:  263[1;0m
[1;34m[Core 1] PASS PATTERN NO.  653 | Func:  NOR | Latency:    6[1;0m
[1;32m[Core 2] PASS PATTERN NO.  653 | Func:  SLT | Latency:  257[1;0m
[1;34m[Core 1] PASS PATTERN NO.  654 | Func: ADDI | Latency:    9[1;0m
[1;32m[Core 2] PASS PATTERN NO.  654 | Func:  MUL | Latency:   12[1;0m
[1;34m[Core 1] PASS PATTERN NO.  655 | Func:  SLT | Latency:    9[1;0m
[1;32m[Core 2] PASS PATTERN NO.  655 | Func:   SH | Latency:  119[1;0m
[1;34m[Core 1] PASS PATTERN NO.  656 | Func: ADDI | Latency:  119[1;0m
[1;32m[Core 2] PASS PATTERN NO.  656 | Func:  XOR | Latency:    6[1;0m
[1;32m[Core 2] PASS PATTERN NO.  657 | Func:  MUL | Latency:   12[1;0m
[1;34m[Core 1] PASS PATTERN NO.  657 | Func:   LH | Latency:  497[1;0m
[1;34m[Core 1] PASS PATTERN NO.  658 | Func:  SLT | Latency:    6[1;0m
[1;32m[Core 2] PASS PATTERN NO.  658 | Func:   LH | Latency:  724[1;0m
[1;34m[Core 1] PASS PATTERN NO.  659 | Func:   OR | Latency:  239[1;0m
[1;32m[Core 2] PASS PATTERN NO.  659 | Func:  ADD | Latency:    6[1;0m
[1;32m[Core 2] PASS PATTERN NO.  660 | Func: SUBI | Latency:    9[1;0m
[1;34m[Core 1] PASS PATTERN NO.  660 | Func:   LH | Latency:  326[1;0m
[1;34m[Core 1] PASS PATTERN NO.  661 | Func:  ADD | Latency:  285[1;0m
[1;32m[Core 2] PASS PATTERN NO.  661 | Func:   LH | Latency:  993[1;0m
[1;32m[Core 2] PASS PATTERN NO.  662 | Func:  SUB | Latency:    6[1;0m
[1;34m[Core 1] PASS PATTERN NO.  662 | Func:   SH | Latency:  704[1;0m
[1;32m[Core 2] PASS PATTERN NO.  663 | Func:  SUB | Latency:  313[1;0m
[1;34m[Core 1] PASS PATTERN NO.  663 | Func:   SH | Latency:  244[1;0m
[1;32m[Core 2] PASS PATTERN NO.  664 | Func:   OR | Latency:  244[1;0m
[1;34m[Core 1] PASS PATTERN NO.  664 | Func:   SH | Latency:  488[1;0m
[1;34m[Core 1] PASS PATTERN NO.  665 | Func:  XOR | Latency:    6[1;0m
[1;32m[Core 2] PASS PATTERN NO.  665 | Func:  AND | Latency:  488[1;0m
[1;32m[Core 2] PASS PATTERN NO.  666 | Func:   SH | Latency:  168[1;0m
[1;34m[Core 1] PASS PATTERN NO.  666 | Func:   LH | Latency:  299[1;0m
[1;34m[Core 1] PASS PATTERN NO.  667 | Func:  ADD | Latency:    6[1;0m
[1;32m[Core 2] PASS PATTERN NO.  667 | Func:   SH | Latency:  279[1;0m
[1;34m[Core 1] PASS PATTERN NO.  668 | Func:  XOR | Latency:  148[1;0m
[1;32m[Core 2] PASS PATTERN NO.  668 | Func:  MUL | Latency:    9[1;0m
[1;34m[Core 1] PASS PATTERN NO.  669 | Func:   SH | Latency:  263[1;0m
[1;32m[Core 2] PASS PATTERN NO.  669 | Func:   LH | Latency:  693[1;0m
[1;34m[Core 1] PASS PATTERN NO.  670 | Func: SUBI | Latency:  439[1;0m
[1;32m[Core 2] PASS PATTERN NO.  670 | Func:  XOR | Latency:    6[1;0m
[1;34m[Core 1] PASS PATTERN NO.  671 | Func:  SUB | Latency:    9[1;0m
[1;32m[Core 2] PASS PATTERN NO.  671 | Func: SUBI | Latency:    9[1;0m
[1;34m[Core 1] PASS PATTERN NO.  672 | Func:  MUL | Latency:   12[1;0m
[1;32m[Core 2] PASS PATTERN NO.  672 | Func:   LH | Latency:  356[1;0m
[1;34m[Core 1] PASS PATTERN NO.  673 | Func:   SH | Latency:  844[1;0m
[1;32m[Core 2] PASS PATTERN NO.  673 | Func:   LH | Latency:  777[1;0m
[1;34m[Core 1] PASS PATTERN NO.  674 | Func:   SH | Latency:  477[1;0m
[1;32m[Core 2] PASS PATTERN NO.  674 | Func:   LH | Latency:  685[1;0m
[1;34m[Core 1] PASS PATTERN NO.  675 | Func:   SH | Latency:  791[1;0m
[1;32m[Core 2] PASS PATTERN NO.  675 | Func:   LH | Latency:  749[1;0m
[1;34m[Core 1] PASS PATTERN NO.  676 | Func: SUBI | Latency:  449[1;0m
[1;32m[Core 2] PASS PATTERN NO.  676 | Func:   OR | Latency:    6[1;0m
[1;32m[Core 2] PASS PATTERN NO.  677 | Func:  SUB | Latency:    9[1;0m
[1;34m[Core 1] PASS PATTERN NO.  677 | Func:   LH | Latency:  281[1;0m
[1;34m[Core 1] PASS PATTERN NO.  678 | Func:  SLT | Latency:    6[1;0m
[1;32m[Core 2] PASS PATTERN NO.  678 | Func:  AND | Latency:  278[1;0m
[1;34m[Core 1] PASS PATTERN NO.  679 | Func:  XOR | Latency:    9[1;0m
[1;32m[Core 2] PASS PATTERN NO.  679 | Func:  SUB | Latency:    9[1;0m
[1;34m[Core 1] PASS PATTERN NO.  680 | Func:  SLT | Latency:    9[1;0m
[1;32m[Core 2] PASS PATTERN NO.  680 | Func: NAND | Latency:    9[1;0m
[1;32m[Core 2] PASS PATTERN NO.  681 | Func:  MUL | Latency:   12[1;0m
[1;34m[Core 1] PASS PATTERN NO.  681 | Func:   LH | Latency:  200[1;0m
[1;34m[Core 1] PASS PATTERN NO.  682 | Func:  SLT | Latency:    6[1;0m
[1;32m[Core 2] PASS PATTERN NO.  682 | Func: ADDI | Latency:  194[1;0m
[1;34m[Core 1] PASS PATTERN NO.  683 | Func:  SUB | Latency:    9[1;0m
[1;32m[Core 2] PASS PATTERN NO.  683 | Func: NAND | Latency:    9[1;0m
[1;32m[Core 2] PASS PATTERN NO.  684 | Func:  MUL | Latency:   12[1;0m
[1;34m[Core 1] PASS PATTERN NO.  684 | Func:   LH | Latency:  505[1;0m
[1;34m[Core 1] PASS PATTERN NO.  685 | Func:  ADD | Latency:    6[1;0m
[1;32m[Core 2] PASS PATTERN NO.  685 | Func:  AND | Latency:  499[1;0m
[1;34m[Core 1] PASS PATTERN NO.  686 | Func: NAND | Latency:    9[1;0m
[1;32m[Core 2] PASS PATTERN NO.  686 | Func: NAND | Latency:    9[1;0m
[1;32m[Core 2] PASS PATTERN NO.  687 | Func: SUBI | Latency:    9[1;0m
[1;34m[Core 1] PASS PATTERN NO.  687 | Func:   LH | Latency:  300[1;0m
[1;34m[Core 1] PASS PATTERN NO.  688 | Func:  AND | Latency:    6[1;0m
[1;32m[Core 2] PASS PATTERN NO.  688 | Func: SUBI | Latency:  297[1;0m
[1;34m[Core 1] PASS PATTERN NO.  689 | Func:  SLT | Latency:    9[1;0m
[1;32m[Core 2] PASS PATTERN NO.  689 | Func: ADDI | Latency:    9[1;0m
[1;32m[Core 2] PASS PATTERN NO.  690 | Func:  AND | Latency:    9[1;0m
[1;34m[Core 1] PASS PATTERN NO.  690 | Func:   LH | Latency:  426[1;0m
[1;32m[Core 2] PASS PATTERN NO.  691 | Func:  NOR | Latency:  423[1;0m
[1;34m[Core 1] PASS PATTERN NO.  691 | Func:   SH | Latency:  304[1;0m
[1;34m[Core 1] PASS PATTERN NO.  692 | Func:  MUL | Latency:    9[1;0m
[1;32m[Core 2] PASS PATTERN NO.  692 | Func:  MUL | Latency:  308[1;0m
[1;34m[Core 1] PASS PATTERN NO.  693 | Func: SUBI | Latency:  899[1;0m
[1;32m[Core 2] PASS PATTERN NO.  693 | Func:   LH | Latency: 1150[1;0m
[1;34m[Core 1] PASS PATTERN NO.  694 | Func:   SH | Latency:  432[1;0m
[1;32m[Core 2] PASS PATTERN NO.  694 | Func:   LH | Latency:  630[1;0m
[1;34m[Core 1] PASS PATTERN NO.  695 | Func:   LH | Latency:  815[1;0m
[1;32m[Core 2] PASS PATTERN NO.  695 | Func:   LH | Latency:  747[1;0m
[1;32m[Core 2] PASS PATTERN NO.  696 | Func: NAND | Latency:    6[1;0m
[1;34m[Core 1] PASS PATTERN NO.  696 | Func:   LH | Latency:  638[1;0m
[1;34m[Core 1] PASS PATTERN NO.  697 | Func:  ADD | Latency:    6[1;0m
[1;32m[Core 2] PASS PATTERN NO.  697 | Func:  AND | Latency:  256[1;0m
[1;34m[Core 1] PASS PATTERN NO.  698 | Func: SUBI | Latency:    9[1;0m
[1;32m[Core 2] PASS PATTERN NO.  698 | Func: NAND | Latency:    9[1;0m
[1;34m[Core 1] PASS PATTERN NO.  699 | Func:    J | Latency:    8[1;0m
[1;32m[Core 2] PASS PATTERN NO.  699 | Func:    J | Latency:    8[1;0m
[1;33m[Info] Global Memory Check Passed at IC 50-boundary (Snapshot 13)[1;0m
[1;34m[Core 1] PASS PATTERN NO.  700 | Func: ADDI | Latency:  415[1;0m
[1;32m[Core 2] PASS PATTERN NO.  700 | Func:  ADD | Latency:  415[1;0m
[1;34m[Core 1] PASS PATTERN NO.  701 | Func: SUBI | Latency:    9[1;0m
[1;32m[Core 2] PASS PATTERN NO.  701 | Func:   OR | Latency:    9[1;0m
[1;34m[Core 1] PASS PATTERN NO.  702 | Func:   OR | Latency:    9[1;0m
[1;32m[Core 2] PASS PATTERN NO.  702 | Func:  XOR | Latency:    9[1;0m
[1;32m[Core 2] PASS PATTERN NO.  703 | Func:   SH | Latency:  347[1;0m
[1;34m[Core 1] PASS PATTERN NO.  703 | Func:   LH | Latency:  751[1;0m
[1;34m[Core 1] PASS PATTERN NO.  704 | Func: SUBI | Latency:    6[1;0m
[1;32m[Core 2] PASS PATTERN NO.  704 | Func:  XOR | Latency:  410[1;0m
[1;32m[Core 2] PASS PATTERN NO.  705 | Func:  NOR | Latency:    9[1;0m
[1;34m[Core 1] PASS PATTERN NO.  705 | Func:   LH | Latency:  512[1;0m
[1;34m[Core 1] PASS PATTERN NO.  706 | Func: SUBI | Latency:    6[1;0m
[1;32m[Core 2] PASS PATTERN NO.  706 | Func:   SH | Latency:  926[1;0m
[1;34m[Core 1] PASS PATTERN NO.  707 | Func:  ADD | Latency:  423[1;0m
[1;32m[Core 2] PASS PATTERN NO.  707 | Func:   SH | Latency:  320[1;0m
[1;32m[Core 2] PASS PATTERN NO.  708 | Func:  XOR | Latency:    6[1;0m
[1;34m[Core 1] PASS PATTERN NO.  708 | Func:   SH | Latency:  802[1;0m
[1;34m[Core 1] PASS PATTERN NO.  709 | Func:  ADD | Latency:    6[1;0m
[1;32m[Core 2] PASS PATTERN NO.  709 | Func:  NOR | Latency:  488[1;0m
[1;34m[Core 1] PASS PATTERN NO.  710 | Func:  XOR | Latency:    9[1;0m
[1;32m[Core 2] PASS PATTERN NO.  710 | Func:   LH | Latency:  212[1;0m
[1;34m[Core 1] PASS PATTERN NO.  711 | Func:  SUB | Latency:  209[1;0m
[1;32m[Core 2] PASS PATTERN NO.  711 | Func:  XOR | Latency:    6[1;0m
[1;32m[Core 2] PASS PATTERN NO.  712 | Func:   OR | Latency:    9[1;0m
[1;34m[Core 1] PASS PATTERN NO.  712 | Func:   LH | Latency:  306[1;0m
[1;34m[Core 1] PASS PATTERN NO.  713 | Func:   SH | Latency:  151[1;0m
[1;32m[Core 2] PASS PATTERN NO.  713 | Func:   LH | Latency:  911[1;0m
[1;34m[Core 1] PASS PATTERN NO.  714 | Func:  SLT | Latency:  469[1;0m
[1;32m[Core 2] PASS PATTERN NO.  714 | Func:   LH | Latency:  170[1;0m
[1;34m[Core 1] PASS PATTERN NO.  715 | Func: SUBI | Latency:  170[1;0m
[1;32m[Core 2] PASS PATTERN NO.  715 | Func:   SH | Latency:  455[1;0m
[1;34m[Core 1] PASS PATTERN NO.  716 | Func:  SLT | Latency:  455[1;0m
[1;32m[Core 2] PASS PATTERN NO.  716 | Func:  MUL | Latency:    9[1;0m
[1;34m[Core 1] PASS PATTERN NO.  717 | Func:  NOR | Latency:    9[1;0m
[1;32m[Core 2] PASS PATTERN NO.  717 | Func:  SUB | Latency:    6[1;0m
[1;34m[Core 1] PASS PATTERN NO.  718 | Func:  ADD | Latency:    9[1;0m
[1;32m[Core 2] PASS PATTERN NO.  718 | Func:   SH | Latency:  484[1;0m
[1;34m[Core 1] PASS PATTERN NO.  719 | Func:  SLT | Latency:  716[1;0m
[1;32m[Core 2] PASS PATTERN NO.  719 | Func:   OR | Latency:  241[1;0m
[1;34m[Core 1] PASS PATTERN NO.  720 | Func:  MUL | Latency:   12[1;0m
[1;32m[Core 2] PASS PATTERN NO.  720 | Func:   LH | Latency:  463[1;0m
[1;32m[Core 2] PASS PATTERN NO.  721 | Func:  XOR | Latency:    6[1;0m
[1;34m[Core 1] PASS PATTERN NO.  721 | Func:  MUL | Latency:  460[1;0m
[1;34m[Core 1] PASS PATTERN NO.  722 | Func:  XOR | Latency:    6[1;0m
[1;32m[Core 2] PASS PATTERN NO.  722 | Func:   SH | Latency:  128[1;0m
[1;32m[Core 2] PASS PATTERN NO.  723 | Func:  MUL | Latency:    9[1;0m
[1;34m[Core 1] PASS PATTERN NO.  723 | Func:   LH | Latency:  297[1;0m
[1;32m[Core 2] PASS PATTERN NO.  724 | Func:  MUL | Latency:  178[1;0m
[1;34m[Core 1] PASS PATTERN NO.  724 | Func:   LH | Latency:  326[1;0m
[1;34m[Core 1] PASS PATTERN NO.  725 | Func: SUBI | Latency:    6[1;0m
[1;32m[Core 2] PASS PATTERN NO.  725 | Func:   SH | Latency:  611[1;0m
[1;32m[Core 2] PASS PATTERN NO.  726 | Func: SUBI | Latency:    6[1;0m
[1;34m[Core 1] PASS PATTERN NO.  726 | Func:   SH | Latency:  408[1;0m
[1;32m[Core 2] PASS PATTERN NO.  727 | Func:  MUL | Latency:  123[1;0m
[1;34m[Core 1] PASS PATTERN NO.  727 | Func:   LH | Latency:  127[1;0m
[1;32m[Core 2] PASS PATTERN NO.  728 | Func:  SUB | Latency:  124[1;0m
[1;34m[Core 1] PASS PATTERN NO.  728 | Func:   SH | Latency:  114[1;0m
[1;34m[Core 1] PASS PATTERN NO.  729 | Func:  SLT | Latency:    6[1;0m
[1;32m[Core 2] PASS PATTERN NO.  729 | Func:  MUL | Latency:  117[1;0m
[1;34m[Core 1] PASS PATTERN NO.  730 | Func:  XOR | Latency:    9[1;0m
[1;32m[Core 2] PASS PATTERN NO.  730 | Func:  SLT | Latency:    6[1;0m
[1;34m[Core 1] PASS PATTERN NO.  731 | Func:   OR | Latency:    9[1;0m
[1;32m[Core 2] PASS PATTERN NO.  731 | Func:  SLT | Latency:    9[1;0m
[1;32m[Core 2] PASS PATTERN NO.  732 | Func:  SLT | Latency:    9[1;0m
[1;34m[Core 1] PASS PATTERN NO.  732 | Func:   LH | Latency:  437[1;0m
[1;32m[Core 2] PASS PATTERN NO.  733 | Func:  SUB | Latency:  434[1;0m
[1;34m[Core 1] PASS PATTERN NO.  733 | Func:   LH | Latency:  320[1;0m
[1;32m[Core 2] PASS PATTERN NO.  734 | Func:  XOR | Latency:  320[1;0m
[1;34m[Core 1] PASS PATTERN NO.  734 | Func:   LH | Latency:  200[1;0m
[1;34m[Core 1] PASS PATTERN NO.  735 | Func:   SH | Latency:  338[1;0m
[1;32m[Core 2] PASS PATTERN NO.  735 | Func:   LH | Latency:  882[1;0m
[1;32m[Core 2] PASS PATTERN NO.  736 | Func:   OR | Latency:    6[1;0m
[1;34m[Core 1] PASS PATTERN NO.  736 | Func:   LH | Latency:  527[1;0m
[1;34m[Core 1] PASS PATTERN NO.  737 | Func:   OR | Latency:    6[1;0m
[1;32m[Core 2] PASS PATTERN NO.  737 | Func: NAND | Latency:  177[1;0m
[1;34m[Core 1] PASS PATTERN NO.  738 | Func: SUBI | Latency:    9[1;0m
[1;32m[Core 2] PASS PATTERN NO.  738 | Func:  SLT | Latency:    9[1;0m
[1;34m[Core 1] PASS PATTERN NO.  739 | Func:   SH | Latency:  242[1;0m
[1;32m[Core 2] PASS PATTERN NO.  739 | Func:   LH | Latency:  592[1;0m
[1;34m[Core 1] PASS PATTERN NO.  740 | Func: NAND | Latency:  356[1;0m
[1;32m[Core 2] PASS PATTERN NO.  740 | Func:   OR | Latency:    6[1;0m
[1;32m[Core 2] PASS PATTERN NO.  741 | Func:  NOR | Latency:    9[1;0m
[1;34m[Core 1] PASS PATTERN NO.  741 | Func:   SH | Latency:  197[1;0m
[1;34m[Core 1] PASS PATTERN NO.  742 | Func:   OR | Latency:    6[1;0m
[1;32m[Core 2] PASS PATTERN NO.  742 | Func:  MUL | Latency:  197[1;0m
[1;32m[Core 2] PASS PATTERN NO.  743 | Func:   SH | Latency:  389[1;0m
[1;34m[Core 1] PASS PATTERN NO.  743 | Func:   LH | Latency:  644[1;0m
[1;34m[Core 1] PASS PATTERN NO.  744 | Func:  XOR | Latency:    6[1;0m
[1;32m[Core 2] PASS PATTERN NO.  744 | Func: ADDI | Latency:  258[1;0m
[1;34m[Core 1] PASS PATTERN NO.  745 | Func:  SUB | Latency:    9[1;0m
[1;32m[Core 2] PASS PATTERN NO.  745 | Func:   SH | Latency:  505[1;0m
[1;32m[Core 2] PASS PATTERN NO.  746 | Func:  MUL | Latency:    9[1;0m
[1;34m[Core 1] PASS PATTERN NO.  746 | Func:   LH | Latency:  800[1;0m
[1;32m[Core 2] PASS PATTERN NO.  747 | Func: ADDI | Latency:  301[1;0m
[1;34m[Core 1] PASS PATTERN NO.  747 | Func:   SH | Latency:  170[1;0m
[1;32m[Core 2] PASS PATTERN NO.  748 | Func:  SUB | Latency:  170[1;0m
[1;34m[Core 1] PASS PATTERN NO.  748 | Func:  MUL | Latency:    9[1;0m
[1;34m[Core 1] PASS PATTERN NO.  749 | Func:  ADD | Latency:    6[1;0m
[1;32m[Core 2] PASS PATTERN NO.  749 | Func:  AND | Latency:    9[1;0m
[1;33m[Info] Global Memory Check Passed at IC 50-boundary (Snapshot 14)[1;0m
[1;34m[Core 1] PASS PATTERN NO.  750 | Func:   LH | Latency:  239[1;0m
[1;32m[Core 2] PASS PATTERN NO.  750 | Func:   LH | Latency:  655[1;0m
[1;34m[Core 1] PASS PATTERN NO.  751 | Func:   SH | Latency:  713[1;0m
[1;32m[Core 2] PASS PATTERN NO.  751 | Func:   LH | Latency:  542[1;0m
[1;34m[Core 1] PASS PATTERN NO.  752 | Func: NAND | Latency:  251[1;0m
[1;32m[Core 2] PASS PATTERN NO.  752 | Func:  XOR | Latency:    6[1;0m
[1;32m[Core 2] PASS PATTERN NO.  753 | Func: ADDI | Latency:    9[1;0m
[1;34m[Core 1] PASS PATTERN NO.  753 | Func:  MUL | Latency:   12[1;0m
[1;34m[Core 1] PASS PATTERN NO.  754 | Func:   OR | Latency:    6[1;0m
[1;32m[Core 2] PASS PATTERN NO.  754 | Func:  AND | Latency:    9[1;0m
[1;32m[Core 2] PASS PATTERN NO.  755 | Func:  AND | Latency:    9[1;0m
[1;34m[Core 1] PASS PATTERN NO.  755 | Func:   LH | Latency:  348[1;0m
[1;34m[Core 1] PASS PATTERN NO.  756 | Func:  MUL | Latency:    9[1;0m
[1;32m[Core 2] PASS PATTERN NO.  756 | Func:   LH | Latency:  452[1;0m
[1;32m[Core 2] PASS PATTERN NO.  757 | Func: SUBI | Latency:    6[1;0m
[1;34m[Core 1] PASS PATTERN NO.  757 | Func:   LH | Latency:  380[1;0m
[1;34m[Core 1] PASS PATTERN NO.  758 | Func:   SH | Latency:  331[1;0m
[1;32m[Core 2] PASS PATTERN NO.  758 | Func:   LH | Latency: 1088[1;0m
[1;34m[Core 1] PASS PATTERN NO.  759 | Func: ADDI | Latency:  493[1;0m
[1;32m[Core 2] PASS PATTERN NO.  759 | Func: SUBI | Latency:    6[1;0m
[1;34m[Core 1] PASS PATTERN NO.  760 | Func:  BEQ | Latency:    8[1;0m
[1;32m[Core 2] PASS PATTERN NO.  760 | Func:  BEQ | Latency:    8[1;0m
[1;34m[Core 1] PASS PATTERN NO.  761 | Func:  ADD | Latency:    9[1;0m
[1;32m[Core 2] PASS PATTERN NO.  761 | Func:  SLT | Latency:    9[1;0m
[1;32m[Core 2] PASS PATTERN NO.  762 | Func:  ADD | Latency:    9[1;0m
[1;34m[Core 1] PASS PATTERN NO.  762 | Func:   SH | Latency:  194[1;0m
[1;34m[Core 1] PASS PATTERN NO.  763 | Func: SUBI | Latency:    6[1;0m
[1;32m[Core 2] PASS PATTERN NO.  763 | Func: SUBI | Latency:  191[1;0m
[1;32m[Core 2] PASS PATTERN NO.  764 | Func: SUBI | Latency:    9[1;0m
[1;34m[Core 1] PASS PATTERN NO.  764 | Func:   SH | Latency:  324[1;0m
[1;34m[Core 1] PASS PATTERN NO.  765 | Func: NAND | Latency:    6[1;0m
[1;32m[Core 2] PASS PATTERN NO.  765 | Func: ADDI | Latency:  321[1;0m
[1;34m[Core 1] PASS PATTERN NO.  766 | Func:    J | Latency:    8[1;0m
[1;32m[Core 2] PASS PATTERN NO.  766 | Func:    J | Latency:    8[1;0m
[1;34m[Core 1] PASS PATTERN NO.  767 | Func: NAND | Latency:  883[1;0m
[1;32m[Core 2] PASS PATTERN NO.  767 | Func: SUBI | Latency:  883[1;0m
[1;34m[Core 1] PASS PATTERN NO.  768 | Func:  AND | Latency:    9[1;0m
[1;32m[Core 2] PASS PATTERN NO.  768 | Func:   SH | Latency:  348[1;0m
[1;32m[Core 2] PASS PATTERN NO.  769 | Func:  XOR | Latency:    6[1;0m
[1;34m[Core 1] PASS PATTERN NO.  769 | Func:   LH | Latency:  761[1;0m
[1;32m[Core 2] PASS PATTERN NO.  770 | Func: NAND | Latency:  422[1;0m
[1;34m[Core 1] PASS PATTERN NO.  770 | Func:   SH | Latency:  114[1;0m
[1;34m[Core 1] PASS PATTERN NO.  771 | Func:  XOR | Latency:    6[1;0m
[1;32m[Core 2] PASS PATTERN NO.  771 | Func:   SH | Latency:  283[1;0m
[1;34m[Core 1] PASS PATTERN NO.  772 | Func:   OR | Latency:  175[1;0m
[1;32m[Core 2] PASS PATTERN NO.  772 | Func:  AND | Latency:    6[1;0m
[1;32m[Core 2] PASS PATTERN NO.  773 | Func:  MUL | Latency:   12[1;0m
[1;34m[Core 1] PASS PATTERN NO.  773 | Func:   SH | Latency:  310[1;0m
[1;34m[Core 1] PASS PATTERN NO.  774 | Func: SUBI | Latency:  773[1;0m
[1;32m[Core 2] PASS PATTERN NO.  774 | Func:   OR | Latency: 1071[1;0m
[1;32m[Core 2] PASS PATTERN NO.  775 | Func: NAND | Latency:    9[1;0m
[1;34m[Core 1] PASS PATTERN NO.  775 | Func:   LH | Latency:  122[1;0m
[1;34m[Core 1] PASS PATTERN NO.  776 | Func:  MUL | Latency:    9[1;0m
[1;32m[Core 2] PASS PATTERN NO.  776 | Func:   LH | Latency:  298[1;0m
[1;34m[Core 1] PASS PATTERN NO.  777 | Func:   SH | Latency:  490[1;0m
[1;32m[Core 2] PASS PATTERN NO.  777 | Func:   LH | Latency:  529[1;0m
[1;34m[Core 1] PASS PATTERN NO.  778 | Func:   OR | Latency:  221[1;0m
[1;32m[Core 2] PASS PATTERN NO.  778 | Func:   OR | Latency:    6[1;0m
[1;34m[Core 1] PASS PATTERN NO.  779 | Func: SUBI | Latency:    9[1;0m
[1;32m[Core 2] PASS PATTERN NO.  779 | Func:   OR | Latency:    9[1;0m
[1;34m[Core 1] PASS PATTERN NO.  780 | Func:  ADD | Latency:    9[1;0m
[1;32m[Core 2] PASS PATTERN NO.  780 | Func:  XOR | Latency:    9[1;0m
[1;32m[Core 2] PASS PATTERN NO.  781 | Func:  MUL | Latency:   12[1;0m
[1;34m[Core 1] PASS PATTERN NO.  781 | Func:   SH | Latency:  268[1;0m
[1;34m[Core 1] PASS PATTERN NO.  782 | Func:   SH | Latency:  133[1;0m
[1;32m[Core 2] PASS PATTERN NO.  782 | Func:   LH | Latency:  611[1;0m
[1;34m[Core 1] PASS PATTERN NO.  783 | Func:  MUL | Latency:  231[1;0m
[1;32m[Core 2] PASS PATTERN NO.  783 | Func:   SH | Latency:  181[1;0m
[1;32m[Core 2] PASS PATTERN NO.  784 | Func:  NOR | Latency:    6[1;0m
[1;34m[Core 1] PASS PATTERN NO.  784 | Func:  MUL | Latency:  181[1;0m
[1;34m[Core 1] PASS PATTERN NO.  785 | Func: ADDI | Latency:    6[1;0m
[1;32m[Core 2] PASS PATTERN NO.  785 | Func:  MUL | Latency:   12[1;0m
[1;34m[Core 1] PASS PATTERN NO.  786 | Func: SUBI | Latency:    9[1;0m
[1;32m[Core 2] PASS PATTERN NO.  786 | Func:   LH | Latency:  364[1;0m
[1;32m[Core 2] PASS PATTERN NO.  787 | Func:  MUL | Latency:    9[1;0m
[1;34m[Core 1] PASS PATTERN NO.  787 | Func:   LH | Latency:  547[1;0m
[1;34m[Core 1] PASS PATTERN NO.  788 | Func:   LH | Latency:  250[1;0m
[1;32m[Core 2] PASS PATTERN NO.  788 | Func:   LH | Latency:  557[1;0m
[1;34m[Core 1] PASS PATTERN NO.  789 | Func:  SLT | Latency:  133[1;0m
[1;32m[Core 2] PASS PATTERN NO.  789 | Func: ADDI | Latency:    6[1;0m
[1;32m[Core 2] PASS PATTERN NO.  790 | Func:   SH | Latency:  138[1;0m
[1;34m[Core 1] PASS PATTERN NO.  790 | Func:   LH | Latency:  559[1;0m
[1;34m[Core 1] PASS PATTERN NO.  791 | Func:  SUB | Latency:    6[1;0m
[1;32m[Core 2] PASS PATTERN NO.  791 | Func:  SUB | Latency:  427[1;0m
[1;34m[Core 1] PASS PATTERN NO.  792 | Func: SUBI | Latency:    9[1;0m
[1;32m[Core 2] PASS PATTERN NO.  792 | Func:  AND | Latency:    9[1;0m
[1;34m[Core 1] PASS PATTERN NO.  793 | Func: ADDI | Latency:    9[1;0m
[1;32m[Core 2] PASS PATTERN NO.  793 | Func:   SH | Latency:  515[1;0m
[1;34m[Core 1] PASS PATTERN NO.  794 | Func:  MUL | Latency:  515[1;0m
[1;32m[Core 2] PASS PATTERN NO.  794 | Func:   LH | Latency:  146[1;0m
[1;34m[Core 1] PASS PATTERN NO.  795 | Func:  ADD | Latency:  143[1;0m
[1;32m[Core 2] PASS PATTERN NO.  795 | Func:   LH | Latency:  479[1;0m
[1;34m[Core 1] PASS PATTERN NO.  796 | Func:  SLT | Latency:  479[1;0m
[1;32m[Core 2] PASS PATTERN NO.  796 | Func:   SH | Latency:  188[1;0m
[1;34m[Core 1] PASS PATTERN NO.  797 | Func:  XOR | Latency:  188[1;0m
[1;32m[Core 2] PASS PATTERN NO.  797 | Func:  AND | Latency:    6[1;0m
[1;32m[Core 2] PASS PATTERN NO.  798 | Func:  SUB | Latency:    9[1;0m
[1;34m[Core 1] PASS PATTERN NO.  798 | Func:   SH | Latency:  357[1;0m
[1;32m[Core 2] PASS PATTERN NO.  799 | Func: SUBI | Latency:  354[1;0m
[1;34m[Core 1] PASS PATTERN NO.  799 | Func:   SH | Latency:  125[1;0m
[1;33m[Info] Global Memory Check Passed at IC 50-boundary (Snapshot 15)[1;0m
[1;34m[Core 1] PASS PATTERN NO.  800 | Func: ADDI | Latency:    6[1;0m
[1;32m[Core 2] PASS PATTERN NO.  800 | Func:   LH | Latency:  548[1;0m
[1;32m[Core 2] PASS PATTERN NO.  801 | Func:  SLT | Latency:    6[1;0m
[1;34m[Core 1] PASS PATTERN NO.  801 | Func:  MUL | Latency:  432[1;0m
[1;32m[Core 2] PASS PATTERN NO.  802 | Func:   SH | Latency:  369[1;0m
[1;34m[Core 1] PASS PATTERN NO.  802 | Func:   LH | Latency:  805[1;0m
[1;32m[Core 2] PASS PATTERN NO.  803 | Func:   SH | Latency:  615[1;0m
[1;34m[Core 1] PASS PATTERN NO.  803 | Func:   LH | Latency:  510[1;0m
[1;34m[Core 1] PASS PATTERN NO.  804 | Func:  SLT | Latency:    6[1;0m
[1;32m[Core 2] PASS PATTERN NO.  804 | Func: SUBI | Latency:  340[1;0m
[1;34m[Core 1] PASS PATTERN NO.  805 | Func: SUBI | Latency:    9[1;0m
[1;32m[Core 2] PASS PATTERN NO.  805 | Func:  SLT | Latency:    9[1;0m
[1;32m[Core 2] PASS PATTERN NO.  806 | Func:  AND | Latency:  663[1;0m
[1;34m[Core 1] PASS PATTERN NO.  806 | Func:  MUL | Latency:  666[1;0m
[1;32m[Core 2] PASS PATTERN NO.  807 | Func: SUBI | Latency:    9[1;0m
[1;34m[Core 1] PASS PATTERN NO.  807 | Func:  MUL | Latency:    9[1;0m
[1;32m[Core 2] PASS PATTERN NO.  808 | Func: ADDI | Latency:    9[1;0m
[1;34m[Core 1] PASS PATTERN NO.  808 | Func:  MUL | Latency:    9[1;0m
[1;32m[Core 2] PASS PATTERN NO.  809 | Func: NAND | Latency:    9[1;0m
[1;34m[Core 1] PASS PATTERN NO.  809 | Func:  MUL | Latency:    9[1;0m
[1;34m[Core 1] PASS PATTERN NO.  810 | Func: NAND | Latency:    6[1;0m
[1;32m[Core 2] PASS PATTERN NO.  810 | Func:  SUB | Latency:    9[1;0m
[1;34m[Core 1] PASS PATTERN NO.  811 | Func:  XOR | Latency:    9[1;0m
[1;32m[Core 2] PASS PATTERN NO.  811 | Func:  XOR | Latency:    9[1;0m
[1;32m[Core 2] PASS PATTERN NO.  812 | Func:  NOR | Latency:    9[1;0m
[1;34m[Core 1] PASS PATTERN NO.  812 | Func:   SH | Latency:  422[1;0m
[1;32m[Core 2] PASS PATTERN NO.  813 | Func:  AND | Latency:  419[1;0m
[1;34m[Core 1] PASS PATTERN NO.  813 | Func:   LH | Latency:  323[1;0m
[1;34m[Core 1] PASS PATTERN NO.  814 | Func:  AND | Latency:    6[1;0m
[1;32m[Core 2] PASS PATTERN NO.  814 | Func:   SH | Latency:  764[1;0m
[1;34m[Core 1] PASS PATTERN NO.  815 | Func: SUBI | Latency:  447[1;0m
[1;32m[Core 2] PASS PATTERN NO.  815 | Func:  SLT | Latency:    6[1;0m
[1;34m[Core 1] PASS PATTERN NO.  816 | Func:  XOR | Latency:    9[1;0m
[1;32m[Core 2] PASS PATTERN NO.  816 | Func: NAND | Latency:    9[1;0m
[1;32m[Core 2] PASS PATTERN NO.  817 | Func: ADDI | Latency:    9[1;0m
[1;34m[Core 1] PASS PATTERN NO.  817 | Func:   SH | Latency:  418[1;0m
[1;34m[Core 1] PASS PATTERN NO.  818 | Func: ADDI | Latency:    6[1;0m
[1;32m[Core 2] PASS PATTERN NO.  818 | Func:   SH | Latency:  663[1;0m
[1;34m[Core 1] PASS PATTERN NO.  819 | Func:  NOR | Latency:  254[1;0m
[1;32m[Core 2] PASS PATTERN NO.  819 | Func:   SH | Latency:  240[1;0m
[1;32m[Core 2] PASS PATTERN NO.  820 | Func:  ADD | Latency:    6[1;0m
[1;34m[Core 1] PASS PATTERN NO.  820 | Func:   SH | Latency:  515[1;0m
[1;32m[Core 2] PASS PATTERN NO.  821 | Func: SUBI | Latency:  281[1;0m
[1;34m[Core 1] PASS PATTERN NO.  821 | Func:   SH | Latency:  306[1;0m
[1;34m[Core 1] PASS PATTERN NO.  822 | Func:  AND | Latency:    6[1;0m
[1;32m[Core 2] PASS PATTERN NO.  822 | Func:  AND | Latency:  306[1;0m
[1;32m[Core 2] PASS PATTERN NO.  823 | Func: SUBI | Latency:    9[1;0m
[1;34m[Core 1] PASS PATTERN NO.  823 | Func:   LH | Latency:  136[1;0m
[1;34m[Core 1] PASS PATTERN NO.  824 | Func:  MUL | Latency:    9[1;0m
[1;32m[Core 2] PASS PATTERN NO.  824 | Func:  MUL | Latency:  137[1;0m
[1;34m[Core 1] PASS PATTERN NO.  825 | Func:  NOR | Latency:    9[1;0m
[1;32m[Core 2] PASS PATTERN NO.  825 | Func:   LH | Latency:  293[1;0m
[1;34m[Core 1] PASS PATTERN NO.  826 | Func:  MUL | Latency:  294[1;0m
[1;32m[Core 2] PASS PATTERN NO.  826 | Func:   LH | Latency:  457[1;0m
[1;34m[Core 1] PASS PATTERN NO.  827 | Func: NAND | Latency:  454[1;0m
[1;32m[Core 2] PASS PATTERN NO.  827 | Func:   SH | Latency:  240[1;0m
[1;32m[Core 2] PASS PATTERN NO.  828 | Func:  SUB | Latency:    6[1;0m
[1;34m[Core 1] PASS PATTERN NO.  828 | Func:   LH | Latency:  431[1;0m
[1;32m[Core 2] PASS PATTERN NO.  829 | Func:  MUL | Latency:  200[1;0m
[1;34m[Core 1] PASS PATTERN NO.  829 | Func:   SH | Latency:  502[1;0m
[1;32m[Core 2] PASS PATTERN NO.  830 | Func:  AND | Latency:  499[1;0m
[1;34m[Core 1] PASS PATTERN NO.  830 | Func:   LH | Latency:  333[1;0m
[1;32m[Core 2] PASS PATTERN NO.  831 | Func:  SLT | Latency:  333[1;0m
[1;34m[Core 1] PASS PATTERN NO.  831 | Func:   LH | Latency:  498[1;0m
[1;34m[Core 1] PASS PATTERN NO.  832 | Func:   SH | Latency:  168[1;0m
[1;32m[Core 2] PASS PATTERN NO.  832 | Func:   LH | Latency: 1126[1;0m
[1;32m[Core 2] PASS PATTERN NO.  833 | Func:  AND | Latency:    6[1;0m
[1;34m[Core 1] PASS PATTERN NO.  833 | Func:   SH | Latency:  609[1;0m
[1;32m[Core 2] PASS PATTERN NO.  834 | Func:  MUL | Latency:  146[1;0m
[1;34m[Core 1] PASS PATTERN NO.  834 | Func:   SH | Latency:  369[1;0m
[1;32m[Core 2] PASS PATTERN NO.  835 | Func:   SH | Latency:  605[1;0m
[1;34m[Core 1] PASS PATTERN NO.  835 | Func:   LH | Latency:  715[1;0m
[1;32m[Core 2] PASS PATTERN NO.  836 | Func:  SLT | Latency:  476[1;0m
[1;34m[Core 1] PASS PATTERN NO.  836 | Func:   LH | Latency:  316[1;0m
[1;34m[Core 1] PASS PATTERN NO.  837 | Func: SUBI | Latency:    6[1;0m
[1;32m[Core 2] PASS PATTERN NO.  837 | Func: NAND | Latency:  316[1;0m
[1;34m[Core 1] PASS PATTERN NO.  838 | Func:  SLT | Latency:  479[1;0m
[1;32m[Core 2] PASS PATTERN NO.  838 | Func:  MUL | Latency:  482[1;0m
[1;34m[Core 1] PASS PATTERN NO.  839 | Func: ADDI | Latency:    9[1;0m
[1;32m[Core 2] PASS PATTERN NO.  839 | Func:   LH | Latency:  504[1;0m
[1;32m[Core 2] PASS PATTERN NO.  840 | Func: ADDI | Latency:    6[1;0m
[1;34m[Core 1] PASS PATTERN NO.  840 | Func:  MUL | Latency:  507[1;0m
[1;34m[Core 1] PASS PATTERN NO.  841 | Func:  NOR | Latency:    6[1;0m
[1;32m[Core 2] PASS PATTERN NO.  841 | Func:  SUB | Latency:    9[1;0m
[1;34m[Core 1] PASS PATTERN NO.  842 | Func:   LH | Latency:  143[1;0m
[1;32m[Core 2] PASS PATTERN NO.  842 | Func:   LH | Latency:  594[1;0m
[1;32m[Core 2] PASS PATTERN NO.  843 | Func: ADDI | Latency:    6[1;0m
[1;34m[Core 1] PASS PATTERN NO.  843 | Func:   LH | Latency:  741[1;0m
[1;34m[Core 1] PASS PATTERN NO.  844 | Func:  MUL | Latency:    9[1;0m
[1;32m[Core 2] PASS PATTERN NO.  844 | Func:  MUL | Latency:  294[1;0m
[1;34m[Core 1] PASS PATTERN NO.  845 | Func: SUBI | Latency:    9[1;0m
[1;32m[Core 2] PASS PATTERN NO.  845 | Func: ADDI | Latency:    8[1;0m
[1;32m[Core 2] PASS PATTERN NO.  846 | Func:  MUL | Latency:   12[1;0m
[1;34m[Core 1] PASS PATTERN NO.  846 | Func:   LH | Latency:  328[1;0m
[1;34m[Core 1] PASS PATTERN NO.  847 | Func:   OR | Latency:    6[1;0m
[1;32m[Core 2] PASS PATTERN NO.  847 | Func:  ADD | Latency:  322[1;0m
[1;34m[Core 1] PASS PATTERN NO.  848 | Func:   SH | Latency:  376[1;0m
[1;32m[Core 2] PASS PATTERN NO.  848 | Func:   LH | Latency:  509[1;0m
[1;34m[Core 1] PASS PATTERN NO.  849 | Func:  AND | Latency:  139[1;0m
[1;32m[Core 2] PASS PATTERN NO.  849 | Func: NAND | Latency:    6[1;0m
[1;33m[Info] Global Memory Check Passed at IC 50-boundary (Snapshot 16)[1;0m
[1;32m[Core 2] PASS PATTERN NO.  850 | Func: ADDI | Latency:    9[1;0m
[1;34m[Core 1] PASS PATTERN NO.  850 | Func:   SH | Latency:  505[1;0m
[1;32m[Core 2] PASS PATTERN NO.  851 | Func: NAND | Latency:  502[1;0m
[1;34m[Core 1] PASS PATTERN NO.  851 | Func:   LH | Latency:  193[1;0m
[1;34m[Core 1] PASS PATTERN NO.  852 | Func:  SLT | Latency:    6[1;0m
[1;32m[Core 2] PASS PATTERN NO.  852 | Func:   SH | Latency:  567[1;0m
[1;34m[Core 1] PASS PATTERN NO.  853 | Func:  SLT | Latency:  380[1;0m
[1;32m[Core 2] PASS PATTERN NO.  853 | Func:   SH | Latency:  355[1;0m
[1;34m[Core 1] PASS PATTERN NO.  854 | Func:  SUB | Latency:  355[1;0m
[1;32m[Core 2] PASS PATTERN NO.  854 | Func:  SLT | Latency:    6[1;0m
[1;34m[Core 1] PASS PATTERN NO.  855 | Func: SUBI | Latency:    9[1;0m
[1;32m[Core 2] PASS PATTERN NO.  855 | Func:  XOR | Latency:    9[1;0m
[1;34m[Core 1] PASS PATTERN NO.  856 | Func:  AND | Latency:    9[1;0m
[1;32m[Core 2] PASS PATTERN NO.  856 | Func:  AND | Latency:    9[1;0m
[1;34m[Core 1] PASS PATTERN NO.  857 | Func: NAND | Latency:    9[1;0m
[1;32m[Core 2] PASS PATTERN NO.  857 | Func: ADDI | Latency:    9[1;0m
[1;34m[Core 1] PASS PATTERN NO.  858 | Func:  ADD | Latency:    9[1;0m
[1;32m[Core 2] PASS PATTERN NO.  858 | Func:   OR | Latency:    9[1;0m
[1;32m[Core 2] PASS PATTERN NO.  859 | Func: NAND | Latency:    9[1;0m
[1;34m[Core 1] PASS PATTERN NO.  859 | Func:   SH | Latency:  454[1;0m
[1;34m[Core 1] PASS PATTERN NO.  860 | Func: SUBI | Latency:    6[1;0m
[1;32m[Core 2] PASS PATTERN NO.  860 | Func: SUBI | Latency:  451[1;0m
[1;34m[Core 1] PASS PATTERN NO.  861 | Func:  ADD | Latency:    9[1;0m
[1;32m[Core 2] PASS PATTERN NO.  861 | Func:   SH | Latency:  250[1;0m
[1;34m[Core 1] PASS PATTERN NO.  862 | Func:  MUL | Latency:  250[1;0m
[1;32m[Core 2] PASS PATTERN NO.  862 | Func:   SH | Latency:  344[1;0m
[1;32m[Core 2] PASS PATTERN NO.  863 | Func:  XOR | Latency:    6[1;0m
[1;34m[Core 1] PASS PATTERN NO.  863 | Func:   SH | Latency:  471[1;0m
[1;34m[Core 1] PASS PATTERN NO.  864 | Func: SUBI | Latency:    6[1;0m
[1;32m[Core 2] PASS PATTERN NO.  864 | Func:   LH | Latency:  448[1;0m
[1;34m[Core 1] PASS PATTERN NO.  865 | Func: SUBI | Latency:  318[1;0m
[1;32m[Core 2] PASS PATTERN NO.  865 | Func:  XOR | Latency:    6[1;0m
[1;34m[Core 1] PASS PATTERN NO.  866 | Func:  BEQ | Latency:    8[1;0m
[1;32m[Core 2] PASS PATTERN NO.  866 | Func:  BEQ | Latency:    8[1;0m
[1;32m[Core 2] PASS PATTERN NO.  867 | Func:  XOR | Latency: 1001[1;0m
[1;34m[Core 1] PASS PATTERN NO.  867 | Func:   SH | Latency: 1153[1;0m
[1;34m[Core 1] PASS PATTERN NO.  868 | Func: ADDI | Latency:    6[1;0m
[1;32m[Core 2] PASS PATTERN NO.  868 | Func:  MUL | Latency:  161[1;0m
[1;34m[Core 1] PASS PATTERN NO.  869 | Func: ADDI | Latency:    9[1;0m
[1;32m[Core 2] PASS PATTERN NO.  869 | Func:   LH | Latency:  372[1;0m
[1;32m[Core 2] PASS PATTERN NO.  870 | Func:  XOR | Latency:    6[1;0m
[1;34m[Core 1] PASS PATTERN NO.  870 | Func:   SH | Latency:  486[1;0m
[1;34m[Core 1] PASS PATTERN NO.  871 | Func:   LH | Latency:  466[1;0m
[1;32m[Core 2] PASS PATTERN NO.  871 | Func:   LH | Latency:  806[1;0m
[1;34m[Core 1] PASS PATTERN NO.  872 | Func: SUBI | Latency:  232[1;0m
[1;32m[Core 2] PASS PATTERN NO.  872 | Func:   LH | Latency:  123[1;0m
[1;34m[Core 1] PASS PATTERN NO.  873 | Func:   SH | Latency:  523[1;0m
[1;32m[Core 2] PASS PATTERN NO.  873 | Func:   LH | Latency:  780[1;0m
[1;34m[Core 1] PASS PATTERN NO.  874 | Func:   OR | Latency:  380[1;0m
[1;32m[Core 2] PASS PATTERN NO.  874 | Func:   LH | Latency:  285[1;0m
[1;34m[Core 1] PASS PATTERN NO.  875 | Func: ADDI | Latency:  285[1;0m
[1;32m[Core 2] PASS PATTERN NO.  875 | Func:   OR | Latency:    6[1;0m
[1;34m[Core 1] PASS PATTERN NO.  876 | Func:  SUB | Latency:    9[1;0m
[1;32m[Core 2] PASS PATTERN NO.  876 | Func:   LH | Latency:  301[1;0m
[1;34m[Core 1] PASS PATTERN NO.  877 | Func:  NOR | Latency:  298[1;0m
[1;32m[Core 2] PASS PATTERN NO.  877 | Func:  SLT | Latency:    6[1;0m
[1;34m[Core 1] PASS PATTERN NO.  878 | Func:  ADD | Latency:    9[1;0m
[1;32m[Core 2] PASS PATTERN NO.  878 | Func:   SH | Latency:  290[1;0m
[1;34m[Core 1] PASS PATTERN NO.  879 | Func:   SH | Latency:  659[1;0m
[1;32m[Core 2] PASS PATTERN NO.  879 | Func:   LH | Latency:  518[1;0m
[1;34m[Core 1] PASS PATTERN NO.  880 | Func:   OR | Latency:  146[1;0m
[1;32m[Core 2] PASS PATTERN NO.  880 | Func:  ADD | Latency:    6[1;0m
[1;34m[Core 1] PASS PATTERN NO.  881 | Func:  ADD | Latency:    9[1;0m
[1;32m[Core 2] PASS PATTERN NO.  881 | Func:   SH | Latency:  392[1;0m
[1;34m[Core 1] PASS PATTERN NO.  882 | Func:  MUL | Latency:  392[1;0m
[1;32m[Core 2] PASS PATTERN NO.  882 | Func:   LH | Latency:  332[1;0m
[1;32m[Core 2] PASS PATTERN NO.  883 | Func:  SUB | Latency:    6[1;0m
[1;34m[Core 1] PASS PATTERN NO.  883 | Func:   LH | Latency:  584[1;0m
[1;34m[Core 1] PASS PATTERN NO.  884 | Func:  MUL | Latency:    9[1;0m
[1;32m[Core 2] PASS PATTERN NO.  884 | Func:   SH | Latency:  575[1;0m
[1;34m[Core 1] PASS PATTERN NO.  885 | Func:  XOR | Latency:  317[1;0m
[1;32m[Core 2] PASS PATTERN NO.  885 | Func:  AND | Latency:    6[1;0m
[1;32m[Core 2] PASS PATTERN NO.  886 | Func:  XOR | Latency:    9[1;0m
[1;34m[Core 1] PASS PATTERN NO.  886 | Func:   SH | Latency:  186[1;0m
[1;34m[Core 1] PASS PATTERN NO.  887 | Func:  SLT | Latency:    6[1;0m
[1;32m[Core 2] PASS PATTERN NO.  887 | Func:  AND | Latency:  183[1;0m
[1;32m[Core 2] PASS PATTERN NO.  888 | Func:  ADD | Latency:    9[1;0m
[1;34m[Core 1] PASS PATTERN NO.  888 | Func:   SH | Latency:  426[1;0m
[1;34m[Core 1] PASS PATTERN NO.  889 | Func:  ADD | Latency:    6[1;0m
[1;32m[Core 2] PASS PATTERN NO.  889 | Func:   LH | Latency:  699[1;0m
[1;34m[Core 1] PASS PATTERN NO.  890 | Func: SUBI | Latency:  282[1;0m
[1;32m[Core 2] PASS PATTERN NO.  890 | Func:   OR | Latency:    6[1;0m
[1;34m[Core 1] PASS PATTERN NO.  891 | Func:  AND | Latency:    9[1;0m
[1;32m[Core 2] PASS PATTERN NO.  891 | Func:   LH | Latency:  513[1;0m
[1;34m[Core 1] PASS PATTERN NO.  892 | Func:  XOR | Latency:  510[1;0m
[1;32m[Core 2] PASS PATTERN NO.  892 | Func:   SH | Latency:  333[1;0m
[1;34m[Core 1] PASS PATTERN NO.  893 | Func:  NOR | Latency:  622[1;0m
[1;32m[Core 2] PASS PATTERN NO.  893 | Func:   SH | Latency:  590[1;0m
[1;32m[Core 2] PASS PATTERN NO.  894 | Func:   OR | Latency:    6[1;0m
[1;34m[Core 1] PASS PATTERN NO.  894 | Func:   LH | Latency:  788[1;0m
[1;32m[Core 2] PASS PATTERN NO.  895 | Func: SUBI | Latency:  493[1;0m
[1;34m[Core 1] PASS PATTERN NO.  895 | Func:  MUL | Latency:    9[1;0m
[1;32m[Core 2] PASS PATTERN NO.  896 | Func:  NOR | Latency:    9[1;0m
[1;34m[Core 1] PASS PATTERN NO.  896 | Func:   SH | Latency:  441[1;0m
[1;34m[Core 1] PASS PATTERN NO.  897 | Func: SUBI | Latency:    6[1;0m
[1;32m[Core 2] PASS PATTERN NO.  897 | Func:  XOR | Latency:  441[1;0m
[1;34m[Core 1] PASS PATTERN NO.  898 | Func: ADDI | Latency:    9[1;0m
[1;32m[Core 2] PASS PATTERN NO.  898 | Func:   LH | Latency:  360[1;0m
[1;34m[Core 1] PASS PATTERN NO.  899 | Func: NAND | Latency:  357[1;0m
[1;32m[Core 2] PASS PATTERN NO.  899 | Func:  ADD | Latency:    6[1;0m
[1;33m[Info] Global Memory Check Passed at IC 50-boundary (Snapshot 17)[1;0m
[1;34m[Core 1] PASS PATTERN NO.  900 | Func:   OR | Latency:    9[1;0m
[1;32m[Core 2] PASS PATTERN NO.  900 | Func:  XOR | Latency:    9[1;0m
[1;34m[Core 1] PASS PATTERN NO.  901 | Func: SUBI | Latency:    9[1;0m
[1;32m[Core 2] PASS PATTERN NO.  901 | Func:  SLT | Latency:    9[1;0m
[1;32m[Core 2] PASS PATTERN NO.  902 | Func:  MUL | Latency:   12[1;0m
[1;34m[Core 1] PASS PATTERN NO.  902 | Func:   LH | Latency:  275[1;0m
[1;32m[Core 2] PASS PATTERN NO.  903 | Func:  XOR | Latency:  269[1;0m
[1;34m[Core 1] PASS PATTERN NO.  903 | Func:   LH | Latency:  275[1;0m
[1;34m[Core 1] PASS PATTERN NO.  904 | Func: SUBI | Latency:    6[1;0m
[1;32m[Core 2] PASS PATTERN NO.  904 | Func: SUBI | Latency:  275[1;0m
[1;32m[Core 2] PASS PATTERN NO.  905 | Func:  XOR | Latency:    9[1;0m
[1;34m[Core 1] PASS PATTERN NO.  905 | Func:   LH | Latency:  169[1;0m
[1;34m[Core 1] PASS PATTERN NO.  906 | Func: NAND | Latency:    6[1;0m
[1;32m[Core 2] PASS PATTERN NO.  906 | Func: NAND | Latency:  166[1;0m
[1;34m[Core 1] PASS PATTERN NO.  907 | Func:  SLT | Latency:    9[1;0m
[1;32m[Core 2] PASS PATTERN NO.  907 | Func:   SH | Latency:  302[1;0m
[1;34m[Core 1] PASS PATTERN NO.  908 | Func: SUBI | Latency:  299[1;0m
[1;32m[Core 2] PASS PATTERN NO.  908 | Func:  MUL | Latency:    9[1;0m
[1;34m[Core 1] PASS PATTERN NO.  909 | Func:   SH | Latency:  234[1;0m
[1;32m[Core 2] PASS PATTERN NO.  909 | Func:   LH | Latency:  648[1;0m
[1;34m[Core 1] PASS PATTERN NO.  910 | Func:  XOR | Latency:  423[1;0m
[1;32m[Core 2] PASS PATTERN NO.  910 | Func:  NOR | Latency:    6[1;0m
[1;34m[Core 1] PASS PATTERN NO.  911 | Func: ADDI | Latency:    9[1;0m
[1;32m[Core 2] PASS PATTERN NO.  911 | Func:  AND | Latency:    9[1;0m
[1;32m[Core 2] PASS PATTERN NO.  912 | Func: ADDI | Latency:    9[1;0m
[1;34m[Core 1] PASS PATTERN NO.  912 | Func:   SH | Latency:  444[1;0m
[1;34m[Core 1] PASS PATTERN NO.  913 | Func:  SLT | Latency:    6[1;0m
[1;32m[Core 2] PASS PATTERN NO.  913 | Func:  NOR | Latency:  441[1;0m
[1;32m[Core 2] PASS PATTERN NO.  914 | Func:  ADD | Latency:    9[1;0m
[1;34m[Core 1] PASS PATTERN NO.  914 | Func:   LH | Latency:  477[1;0m
[1;34m[Core 1] PASS PATTERN NO.  915 | Func:  ADD | Latency:    6[1;0m
[1;32m[Core 2] PASS PATTERN NO.  915 | Func:   LH | Latency:  872[1;0m
[1;34m[Core 1] PASS PATTERN NO.  916 | Func:   OR | Latency:  404[1;0m
[1;32m[Core 2] PASS PATTERN NO.  916 | Func: SUBI | Latency:    6[1;0m
[1;34m[Core 1] PASS PATTERN NO.  917 | Func:   LH | Latency:  344[1;0m
[1;32m[Core 2] PASS PATTERN NO.  917 | Func:   LH | Latency:  478[1;0m
[1;32m[Core 2] PASS PATTERN NO.  918 | Func:  NOR | Latency:    6[1;0m
[1;34m[Core 1] PASS PATTERN NO.  918 | Func:   SH | Latency:  634[1;0m
[1;34m[Core 1] PASS PATTERN NO.  919 | Func:  XOR | Latency:    6[1;0m
[1;32m[Core 2] PASS PATTERN NO.  919 | Func:  SUB | Latency:  500[1;0m
[1;32m[Core 2] PASS PATTERN NO.  920 | Func: NAND | Latency:    9[1;0m
[1;34m[Core 1] PASS PATTERN NO.  920 | Func:   LH | Latency:  347[1;0m
[1;32m[Core 2] PASS PATTERN NO.  921 | Func:  SUB | Latency:  344[1;0m
[1;34m[Core 1] PASS PATTERN NO.  921 | Func:   SH | Latency:  353[1;0m
[1;34m[Core 1] PASS PATTERN NO.  922 | Func:   OR | Latency:    6[1;0m
[1;32m[Core 2] PASS PATTERN NO.  922 | Func: SUBI | Latency:  353[1;0m
[1;34m[Core 1] PASS PATTERN NO.  923 | Func:  SUB | Latency:    9[1;0m
[1;32m[Core 2] PASS PATTERN NO.  923 | Func:  NOR | Latency:    9[1;0m
[1;34m[Core 1] PASS PATTERN NO.  924 | Func:  ADD | Latency:    9[1;0m
[1;32m[Core 2] PASS PATTERN NO.  924 | Func:   LH | Latency:  419[1;0m
[1;32m[Core 2] PASS PATTERN NO.  925 | Func:  MUL | Latency:  466[1;0m
[1;34m[Core 1] PASS PATTERN NO.  925 | Func:   SH | Latency: 1179[1;0m
[1;34m[Core 1] PASS PATTERN NO.  926 | Func: ADDI | Latency:    6[1;0m
[1;32m[Core 2] PASS PATTERN NO.  926 | Func:  AND | Latency:  309[1;0m
[1;34m[Core 1] PASS PATTERN NO.  927 | Func: ADDI | Latency:    9[1;0m
[1;32m[Core 2] PASS PATTERN NO.  927 | Func:  AND | Latency:    9[1;0m
[1;34m[Core 1] PASS PATTERN NO.  928 | Func: SUBI | Latency:    9[1;0m
[1;32m[Core 2] PASS PATTERN NO.  928 | Func:  AND | Latency:    9[1;0m
[1;34m[Core 1] PASS PATTERN NO.  929 | Func:  NOR | Latency:    9[1;0m
[1;32m[Core 2] PASS PATTERN NO.  929 | Func:  ADD | Latency:    9[1;0m
[1;34m[Core 1] PASS PATTERN NO.  930 | Func: ADDI | Latency:    9[1;0m
[1;32m[Core 2] PASS PATTERN NO.  930 | Func:  AND | Latency:    9[1;0m
[1;34m[Core 1] PASS PATTERN NO.  931 | Func:   SH | Latency:  282[1;0m
[1;32m[Core 2] PASS PATTERN NO.  931 | Func:   LH | Latency:  767[1;0m
[1;34m[Core 1] PASS PATTERN NO.  932 | Func:  ADD | Latency:  491[1;0m
[1;32m[Core 2] PASS PATTERN NO.  932 | Func:   LH | Latency:  118[1;0m
[1;34m[Core 1] PASS PATTERN NO.  933 | Func:  ADD | Latency:  118[1;0m
[1;32m[Core 2] PASS PATTERN NO.  933 | Func:  MUL | Latency:    9[1;0m
[1;34m[Core 1] PASS PATTERN NO.  934 | Func:  NOR | Latency:    9[1;0m
[1;32m[Core 2] PASS PATTERN NO.  934 | Func: NAND | Latency:    6[1;0m
[1;32m[Core 2] PASS PATTERN NO.  935 | Func:  NOR | Latency:    9[1;0m
[1;34m[Core 1] PASS PATTERN NO.  935 | Func:   SH | Latency:  217[1;0m
[1;34m[Core 1] PASS PATTERN NO.  936 | Func:  NOR | Latency:    6[1;0m
[1;32m[Core 2] PASS PATTERN NO.  936 | Func: ADDI | Latency:  214[1;0m
[1;32m[Core 2] PASS PATTERN NO.  937 | Func: SUBI | Latency:    9[1;0m
[1;34m[Core 1] PASS PATTERN NO.  937 | Func:  MUL | Latency:   12[1;0m
[1;34m[Core 1] PASS PATTERN NO.  938 | Func: SUBI | Latency:    6[1;0m
[1;32m[Core 2] PASS PATTERN NO.  938 | Func:  XOR | Latency:    9[1;0m
[1;32m[Core 2] PASS PATTERN NO.  939 | Func: ADDI | Latency:    9[1;0m
[1;34m[Core 1] PASS PATTERN NO.  939 | Func:   LH | Latency:  196[1;0m
[1;34m[Core 1] PASS PATTERN NO.  940 | Func:  SUB | Latency:    6[1;0m
[1;32m[Core 2] PASS PATTERN NO.  940 | Func:   SH | Latency:  500[1;0m
[1;34m[Core 1] PASS PATTERN NO.  941 | Func:  SLT | Latency:  313[1;0m
[1;32m[Core 2] PASS PATTERN NO.  941 | Func:   SH | Latency:  151[1;0m
[1;34m[Core 1] PASS PATTERN NO.  942 | Func:  SLT | Latency:  151[1;0m
[1;32m[Core 2] PASS PATTERN NO.  942 | Func:  SUB | Latency:    6[1;0m
[1;34m[Core 1] PASS PATTERN NO.  943 | Func: SUBI | Latency:    9[1;0m
[1;32m[Core 2] PASS PATTERN NO.  943 | Func:  SLT | Latency:    9[1;0m
[1;34m[Core 1] PASS PATTERN NO.  944 | Func:  NOR | Latency:    9[1;0m
[1;32m[Core 2] PASS PATTERN NO.  944 | Func:  XOR | Latency:    9[1;0m
[1;34m[Core 1] PASS PATTERN NO.  945 | Func:  MUL | Latency:   12[1;0m
[1;32m[Core 2] PASS PATTERN NO.  945 | Func:   LH | Latency:  253[1;0m
[1;32m[Core 2] PASS PATTERN NO.  946 | Func:  AND | Latency:    6[1;0m
[1;34m[Core 1] PASS PATTERN NO.  946 | Func:   LH | Latency:  538[1;0m
[1;32m[Core 2] PASS PATTERN NO.  947 | Func:  ADD | Latency:  297[1;0m
[1;34m[Core 1] PASS PATTERN NO.  947 | Func:   LH | Latency:  128[1;0m
[1;34m[Core 1] PASS PATTERN NO.  948 | Func:  AND | Latency:    6[1;0m
[1;32m[Core 2] PASS PATTERN NO.  948 | Func: ADDI | Latency:  128[1;0m
[1;34m[Core 1] PASS PATTERN NO.  949 | Func:  AND | Latency:    9[1;0m
[1;32m[Core 2] PASS PATTERN NO.  949 | Func:   SH | Latency:  197[1;0m
[1;33m[Info] Global Memory Check Passed at IC 50-boundary (Snapshot 18)[1;0m
[1;32m[Core 2] PASS PATTERN NO.  950 | Func:  NOR | Latency:    6[1;0m
[1;34m[Core 1] PASS PATTERN NO.  950 | Func:   LH | Latency:  400[1;0m
[1;32m[Core 2] PASS PATTERN NO.  951 | Func:  SLT | Latency:  212[1;0m
[1;34m[Core 1] PASS PATTERN NO.  951 | Func:   SH | Latency:  191[1;0m
[1;34m[Core 1] PASS PATTERN NO.  952 | Func:  SLT | Latency:    6[1;0m
[1;32m[Core 2] PASS PATTERN NO.  952 | Func:   LH | Latency:  659[1;0m
[1;34m[Core 1] PASS PATTERN NO.  953 | Func:  MUL | Latency:  477[1;0m
[1;32m[Core 2] PASS PATTERN NO.  953 | Func:   SH | Latency:  340[1;0m
[1;34m[Core 1] PASS PATTERN NO.  954 | Func: NAND | Latency:  337[1;0m
[1;32m[Core 2] PASS PATTERN NO.  954 | Func:  NOR | Latency:    6[1;0m
[1;32m[Core 2] PASS PATTERN NO.  955 | Func:  MUL | Latency:   12[1;0m
[1;34m[Core 1] PASS PATTERN NO.  955 | Func:   SH | Latency:  390[1;0m
[1;34m[Core 1] PASS PATTERN NO.  956 | Func:  AND | Latency:    6[1;0m
[1;32m[Core 2] PASS PATTERN NO.  956 | Func:  SUB | Latency:  384[1;0m
[1;34m[Core 1] PASS PATTERN NO.  957 | Func:  SUB | Latency:  495[1;0m
[1;32m[Core 2] PASS PATTERN NO.  957 | Func:   LH | Latency:  844[1;0m
[1;34m[Core 1] PASS PATTERN NO.  958 | Func:   OR | Latency:  355[1;0m
[1;32m[Core 2] PASS PATTERN NO.  958 | Func:   LH | Latency:  510[1;0m
[1;34m[Core 1] PASS PATTERN NO.  959 | Func:  SUB | Latency:  510[1;0m
[1;32m[Core 2] PASS PATTERN NO.  959 | Func: ADDI | Latency:    6[1;0m
[1;34m[Core 1] PASS PATTERN NO.  960 | Func:   OR | Latency:    9[1;0m
[1;32m[Core 2] PASS PATTERN NO.  960 | Func:  SLT | Latency:    9[1;0m
[1;32m[Core 2] PASS PATTERN NO.  961 | Func:  ADD | Latency:    9[1;0m
[1;34m[Core 1] PASS PATTERN NO.  961 | Func:   LH | Latency:  171[1;0m
[1;32m[Core 2] PASS PATTERN NO.  962 | Func:  NOR | Latency:  168[1;0m
[1;34m[Core 1] PASS PATTERN NO.  962 | Func:   SH | Latency:  498[1;0m
[1;34m[Core 1] PASS PATTERN NO.  963 | Func:  MUL | Latency:    9[1;0m
[1;32m[Core 2] PASS PATTERN NO.  963 | Func:   LH | Latency:  736[1;0m
[1;34m[Core 1] PASS PATTERN NO.  964 | Func: SUBI | Latency:  241[1;0m
[1;32m[Core 2] PASS PATTERN NO.  964 | Func: ADDI | Latency:    6[1;0m
[1;32m[Core 2] PASS PATTERN NO.  965 | Func:  XOR | Latency:    9[1;0m
[1;34m[Core 1] PASS PATTERN NO.  965 | Func:  MUL | Latency:   12[1;0m
[1;32m[Core 2] PASS PATTERN NO.  966 | Func:  SUB | Latency:    9[1;0m
[1;34m[Core 1] PASS PATTERN NO.  966 | Func:  MUL | Latency:    9[1;0m
[1;32m[Core 2] PASS PATTERN NO.  967 | Func: NAND | Latency:    9[1;0m
[1;34m[Core 1] PASS PATTERN NO.  967 | Func:   SH | Latency:  472[1;0m
[1;34m[Core 1] PASS PATTERN NO.  968 | Func:   OR | Latency:    6[1;0m
[1;32m[Core 2] PASS PATTERN NO.  968 | Func:   SH | Latency:  786[1;0m
[1;34m[Core 1] PASS PATTERN NO.  969 | Func:   SH | Latency:  488[1;0m
[1;32m[Core 2] PASS PATTERN NO.  969 | Func:   LH | Latency:  599[1;0m
[1;34m[Core 1] PASS PATTERN NO.  970 | Func:  NOR | Latency:  431[1;0m
[1;32m[Core 2] PASS PATTERN NO.  970 | Func: SUBI | Latency:    6[1;0m
[1;32m[Core 2] PASS PATTERN NO.  971 | Func:  XOR | Latency:    9[1;0m
[1;34m[Core 1] PASS PATTERN NO.  971 | Func:   LH | Latency:  446[1;0m
[1;34m[Core 1] PASS PATTERN NO.  972 | Func:  NOR | Latency:    6[1;0m
[1;32m[Core 2] PASS PATTERN NO.  972 | Func:  AND | Latency:  443[1;0m
[1;34m[Core 1] PASS PATTERN NO.  973 | Func:   OR | Latency:    9[1;0m
[1;32m[Core 2] PASS PATTERN NO.  973 | Func: NAND | Latency:    9[1;0m
[1;32m[Core 2] PASS PATTERN NO.  974 | Func:  ADD | Latency:    9[1;0m
[1;34m[Core 1] PASS PATTERN NO.  974 | Func:  MUL | Latency:   12[1;0m
[1;34m[Core 1] PASS PATTERN NO.  975 | Func: SUBI | Latency:    6[1;0m
[1;32m[Core 2] PASS PATTERN NO.  975 | Func:   OR | Latency:    9[1;0m
[1;34m[Core 1] PASS PATTERN NO.  976 | Func: NAND | Latency:    9[1;0m
[1;32m[Core 2] PASS PATTERN NO.  976 | Func:   LH | Latency:  493[1;0m
[1;32m[Core 2] PASS PATTERN NO.  977 | Func:  SLT | Latency:    6[1;0m
[1;34m[Core 1] PASS PATTERN NO.  977 | Func:   LH | Latency:  626[1;0m
[1;34m[Core 1] PASS PATTERN NO.  978 | Func:  SLT | Latency:    6[1;0m
[1;32m[Core 2] PASS PATTERN NO.  978 | Func:   SH | Latency:  265[1;0m
[1;32m[Core 2] PASS PATTERN NO.  979 | Func:  ADD | Latency:    6[1;0m
[1;34m[Core 1] PASS PATTERN NO.  979 | Func:   SH | Latency:  372[1;0m
[1;34m[Core 1] PASS PATTERN NO.  980 | Func: NAND | Latency:    6[1;0m
[1;32m[Core 2] PASS PATTERN NO.  980 | Func: NAND | Latency:  249[1;0m
[1;34m[Core 1] PASS PATTERN NO.  981 | Func: ADDI | Latency:    9[1;0m
[1;32m[Core 2] PASS PATTERN NO.  981 | Func:   OR | Latency:    9[1;0m
[1;32m[Core 2] PASS PATTERN NO.  982 | Func:  NOR | Latency:    9[1;0m
[1;34m[Core 1] PASS PATTERN NO.  982 | Func:   LH | Latency:  308[1;0m
[1;34m[Core 1] PASS PATTERN NO.  983 | Func: SUBI | Latency:    6[1;0m
[1;32m[Core 2] PASS PATTERN NO.  983 | Func: ADDI | Latency:  305[1;0m
[1;34m[Core 1] PASS PATTERN NO.  984 | Func:  MUL | Latency:   12[1;0m
[1;32m[Core 2] PASS PATTERN NO.  984 | Func:  MUL | Latency:   13[1;0m
[1;34m[Core 1] PASS PATTERN NO.  985 | Func:  XOR | Latency:    9[1;0m
[1;32m[Core 2] PASS PATTERN NO.  985 | Func:  MUL | Latency:   11[1;0m
[1;34m[Core 1] PASS PATTERN NO.  986 | Func: NAND | Latency:    9[1;0m
[1;32m[Core 2] PASS PATTERN NO.  986 | Func:   LH | Latency:  488[1;0m
[1;34m[Core 1] PASS PATTERN NO.  987 | Func: ADDI | Latency:  488[1;0m
[1;32m[Core 2] PASS PATTERN NO.  987 | Func:   SH | Latency:  437[1;0m
[1;34m[Core 1] PASS PATTERN NO.  988 | Func: ADDI | Latency:  437[1;0m
[1;32m[Core 2] PASS PATTERN NO.  988 | Func: SUBI | Latency:    6[1;0m
[1;32m[Core 2] PASS PATTERN NO.  989 | Func:  XOR | Latency:  369[1;0m
[1;34m[Core 1] PASS PATTERN NO.  989 | Func:  MUL | Latency:  372[1;0m
[1;32m[Core 2] PASS PATTERN NO.  990 | Func:  XOR | Latency:    9[1;0m
[1;34m[Core 1] PASS PATTERN NO.  990 | Func:   LH | Latency:  150[1;0m
[1;34m[Core 1] PASS PATTERN NO.  991 | Func:   SH | Latency:  262[1;0m
[1;32m[Core 2] PASS PATTERN NO.  991 | Func:   LH | Latency:  809[1;0m
[1;34m[Core 1] PASS PATTERN NO.  992 | Func: ADDI | Latency:  409[1;0m
[1;32m[Core 2] PASS PATTERN NO.  992 | Func:   SH | Latency:  207[1;0m
[1;34m[Core 1] PASS PATTERN NO.  993 | Func:  SUB | Latency:  207[1;0m
[1;32m[Core 2] PASS PATTERN NO.  993 | Func:  SUB | Latency:    6[1;0m
[1;34m[Core 1] PASS PATTERN NO.  994 | Func:  SLT | Latency:    9[1;0m
[1;32m[Core 2] PASS PATTERN NO.  994 | Func: ADDI | Latency:    9[1;0m
[1;34m[Core 1] PASS PATTERN NO.  995 | Func:   OR | Latency:    9[1;0m
[1;32m[Core 2] PASS PATTERN NO.  995 | Func:  MUL | Latency:   12[1;0m
[1;34m[Core 1] PASS PATTERN NO.  996 | Func:  NOR | Latency:    9[1;0m
[1;32m[Core 2] PASS PATTERN NO.  996 | Func: SUBI | Latency:    6[1;0m
[1;32m[Core 2] PASS PATTERN NO.  997 | Func:  SLT | Latency:    9[1;0m
[1;34m[Core 1] PASS PATTERN NO.  997 | Func:   LH | Latency:  303[1;0m
[1;34m[Core 1] PASS PATTERN NO.  998 | Func:  SLT | Latency:    6[1;0m
[1;32m[Core 2] PASS PATTERN NO.  998 | Func:  AND | Latency:  300[1;0m
[1;34m[Core 1] PASS PATTERN NO.  999 | Func:  SUB | Latency:    9[1;0m
[1;32m[Core 2] PASS PATTERN NO.  999 | Func:  XOR | Latency:    9[1;0m
[1;33m[Info] Global Memory Check Passed at IC 50-boundary (Snapshot 19)[1;0m
[1;32m[Core 2] PASS PATTERN NO. 1000 | Func:  ADD | Latency:    9[1;0m
[1;34m[Core 1] PASS PATTERN NO. 1000 | Func:   LH | Latency:  299[1;0m
[1;34m[Core 1] PASS PATTERN NO. 1001 | Func:  MUL | Latency:    9[1;0m
[1;32m[Core 2] PASS PATTERN NO. 1001 | Func:   LH | Latency:  555[1;0m
[1;34m[Core 1] PASS PATTERN NO. 1002 | Func:  SLT | Latency:  262[1;0m
[1;32m[Core 2] PASS PATTERN NO. 1002 | Func:  AND | Latency:    6[1;0m
[1;34m[Core 1] PASS PATTERN NO. 1003 | Func:   SH | Latency:  171[1;0m
[1;32m[Core 2] PASS PATTERN NO. 1003 | Func:   LH | Latency:  350[1;0m
[1;32m[Core 2] PASS PATTERN NO. 1004 | Func:   SH | Latency:  502[1;0m
[1;34m[Core 1] PASS PATTERN NO. 1004 | Func:   LH | Latency:  936[1;0m
[1;34m[Core 1] PASS PATTERN NO. 1005 | Func:  NOR | Latency:    6[1;0m
[1;32m[Core 2] PASS PATTERN NO. 1005 | Func:   SH | Latency:  638[1;0m
[1;34m[Core 1] PASS PATTERN NO. 1006 | Func:  XOR | Latency:  383[1;0m
[1;32m[Core 2] PASS PATTERN NO. 1006 | Func:   SH | Latency:  193[1;0m
[1;34m[Core 1] PASS PATTERN NO. 1007 | Func:  XOR | Latency:  193[1;0m
[1;32m[Core 2] PASS PATTERN NO. 1007 | Func:  ADD | Latency:    6[1;0m
[1;32m[Core 2] PASS PATTERN NO. 1008 | Func:  MUL | Latency:   12[1;0m
[1;34m[Core 1] PASS PATTERN NO. 1008 | Func:   SH | Latency:  347[1;0m
[1;34m[Core 1] PASS PATTERN NO. 1009 | Func:   OR | Latency:    6[1;0m
[1;32m[Core 2] PASS PATTERN NO. 1009 | Func:  XOR | Latency:  341[1;0m
[1;34m[Core 1] PASS PATTERN NO. 1010 | Func:   SH | Latency:  471[1;0m
[1;32m[Core 2] PASS PATTERN NO. 1010 | Func:   LH | Latency:  652[1;0m
[1;34m[Core 1] PASS PATTERN NO. 1011 | Func:   LH | Latency:  393[1;0m
[1;32m[Core 2] PASS PATTERN NO. 1011 | Func:   LH | Latency:  407[1;0m
[1;34m[Core 1] PASS PATTERN NO. 1012 | Func: SUBI | Latency:  201[1;0m
[1;32m[Core 2] PASS PATTERN NO. 1012 | Func:  XOR | Latency:    6[1;0m
[1;32m[Core 2] PASS PATTERN NO. 1013 | Func: SUBI | Latency:    9[1;0m
[1;34m[Core 1] PASS PATTERN NO. 1013 | Func:   SH | Latency:  381[1;0m
[1;34m[Core 1] PASS PATTERN NO. 1014 | Func:   SH | Latency:  347[1;0m
[1;32m[Core 2] PASS PATTERN NO. 1014 | Func:   LH | Latency: 1013[1;0m
[1;34m[Core 1] PASS PATTERN NO. 1015 | Func:   SH | Latency:  463[1;0m
[1;32m[Core 2] PASS PATTERN NO. 1015 | Func:   LH | Latency:  278[1;0m
[1;32m[Core 2] PASS PATTERN NO. 1016 | Func:   OR | Latency:    6[1;0m
[1;34m[Core 1] PASS PATTERN NO. 1016 | Func:  MUL | Latency:  118[1;0m
[1;32m[Core 2] PASS PATTERN NO. 1017 | Func: ADDI | Latency:    9[1;0m
[1;34m[Core 1] PASS PATTERN NO. 1017 | Func:   LH | Latency:  226[1;0m
[1;34m[Core 1] PASS PATTERN NO. 1018 | Func:   SH | Latency:  141[1;0m
[1;32m[Core 2] PASS PATTERN NO. 1018 | Func:   LH | Latency:  716[1;0m
[1;34m[Core 1] PASS PATTERN NO. 1019 | Func:  NOR | Latency:  361[1;0m
[1;32m[Core 2] PASS PATTERN NO. 1019 | Func:  MUL | Latency:    9[1;0m
[1;34m[Core 1] PASS PATTERN NO. 1020 | Func:   SH | Latency:  485[1;0m
[1;32m[Core 2] PASS PATTERN NO. 1020 | Func:   LH | Latency:  691[1;0m
[1;34m[Core 1] PASS PATTERN NO. 1021 | Func:   SH | Latency:  868[1;0m
[1;32m[Core 2] PASS PATTERN NO. 1021 | Func:   LH | Latency:  847[1;0m
[1;34m[Core 1] PASS PATTERN NO. 1022 | Func:  MUL | Latency:  197[1;0m
[1;32m[Core 2] PASS PATTERN NO. 1022 | Func:   LH | Latency:  198[1;0m
[1;34m[Core 1] PASS PATTERN NO. 1023 | Func:  XOR | Latency:  195[1;0m
[1;32m[Core 2] PASS PATTERN NO. 1023 | Func: NAND | Latency:    6[1;0m
[1;32m[Core 2] PASS PATTERN NO. 1024 | Func: ADDI | Latency:    9[1;0m
[1;34m[Core 1] PASS PATTERN NO. 1024 | Func:   LH | Latency:  250[1;0m
[1;34m[Core 1] PASS PATTERN NO. 1025 | Func:  XOR | Latency:    6[1;0m
[1;32m[Core 2] PASS PATTERN NO. 1025 | Func:  MUL | Latency:  250[1;0m
[1;34m[Core 1] PASS PATTERN NO. 1026 | Func: ADDI | Latency:    9[1;0m
[1;32m[Core 2] PASS PATTERN NO. 1026 | Func:  ADD | Latency:    6[1;0m
[1;34m[Core 1] PASS PATTERN NO. 1027 | Func: SUBI | Latency:    9[1;0m
[1;32m[Core 2] PASS PATTERN NO. 1027 | Func:   SH | Latency:  395[1;0m
[1;34m[Core 1] PASS PATTERN NO. 1028 | Func: ADDI | Latency:  392[1;0m
[1;32m[Core 2] PASS PATTERN NO. 1028 | Func:   SH | Latency:  278[1;0m
[1;34m[Core 1] PASS PATTERN NO. 1029 | Func:  SUB | Latency:  278[1;0m
[1;32m[Core 2] PASS PATTERN NO. 1029 | Func:   LH | Latency:  439[1;0m
[1;34m[Core 1] PASS PATTERN NO. 1030 | Func:  ADD | Latency:  439[1;0m
[1;32m[Core 2] PASS PATTERN NO. 1030 | Func:  SLT | Latency:    6[1;0m
[1;34m[Core 1] PASS PATTERN NO. 1031 | Func:  XOR | Latency:    9[1;0m
[1;32m[Core 2] PASS PATTERN NO. 1031 | Func:  MUL | Latency:   12[1;0m
[1;34m[Core 1] PASS PATTERN NO. 1032 | Func: ADDI | Latency:    9[1;0m
[1;32m[Core 2] PASS PATTERN NO. 1032 | Func:   SH | Latency:  424[1;0m
[1;34m[Core 1] PASS PATTERN NO. 1033 | Func: SUBI | Latency:  424[1;0m
[1;32m[Core 2] PASS PATTERN NO. 1033 | Func:  ADD | Latency:    6[1;0m
[1;34m[Core 1] PASS PATTERN NO. 1034 | Func:  ADD | Latency:    9[1;0m
[1;32m[Core 2] PASS PATTERN NO. 1034 | Func:  XOR | Latency:    9[1;0m
[1;34m[Core 1] PASS PATTERN NO. 1035 | Func: NAND | Latency:    9[1;0m
[1;32m[Core 2] PASS PATTERN NO. 1035 | Func:   LH | Latency:  505[1;0m
[1;34m[Core 1] PASS PATTERN NO. 1036 | Func:   OR | Latency:  502[1;0m
[1;32m[Core 2] PASS PATTERN NO. 1036 | Func:  MUL | Latency:    9[1;0m
[1;32m[Core 2] PASS PATTERN NO. 1037 | Func:  SLT | Latency:    6[1;0m
[1;34m[Core 1] PASS PATTERN NO. 1037 | Func:   SH | Latency:  432[1;0m
[1;34m[Core 1] PASS PATTERN NO. 1038 | Func:  AND | Latency:    6[1;0m
[1;32m[Core 2] PASS PATTERN NO. 1038 | Func:  XOR | Latency:  429[1;0m
[1;34m[Core 1] PASS PATTERN NO. 1039 | Func:  AND | Latency:    9[1;0m
[1;32m[Core 2] PASS PATTERN NO. 1039 | Func:  SUB | Latency:    9[1;0m
[1;34m[Core 1] PASS PATTERN NO. 1040 | Func:   OR | Latency:    9[1;0m
[1;32m[Core 2] PASS PATTERN NO. 1040 | Func: SUBI | Latency:    9[1;0m
[1;32m[Core 2] PASS PATTERN NO. 1041 | Func:  XOR | Latency:    9[1;0m
[1;34m[Core 1] PASS PATTERN NO. 1041 | Func:   LH | Latency:  399[1;0m
[1;34m[Core 1] PASS PATTERN NO. 1042 | Func:  AND | Latency:    6[1;0m
[1;32m[Core 2] PASS PATTERN NO. 1042 | Func:  XOR | Latency:  396[1;0m
[1;32m[Core 2] PASS PATTERN NO. 1043 | Func: ADDI | Latency:    9[1;0m
[1;34m[Core 1] PASS PATTERN NO. 1043 | Func:  MUL | Latency:   12[1;0m
[1;34m[Core 1] PASS PATTERN NO. 1044 | Func:  MUL | Latency:    9[1;0m
[1;32m[Core 2] PASS PATTERN NO. 1044 | Func:   SH | Latency:  280[1;0m
[1;34m[Core 1] PASS PATTERN NO. 1045 | Func: SUBI | Latency:  274[1;0m
[1;32m[Core 2] PASS PATTERN NO. 1045 | Func: SUBI | Latency:    6[1;0m
[1;32m[Core 2] PASS PATTERN NO. 1046 | Func:  AND | Latency:    9[1;0m
[1;34m[Core 1] PASS PATTERN NO. 1046 | Func:   SH | Latency:  134[1;0m
[1;34m[Core 1] PASS PATTERN NO. 1047 | Func: ADDI | Latency:    6[1;0m
[1;32m[Core 2] PASS PATTERN NO. 1047 | Func:  AND | Latency:  131[1;0m
[1;34m[Core 1] PASS PATTERN NO. 1048 | Func:   SH | Latency:  186[1;0m
[1;32m[Core 2] PASS PATTERN NO. 1048 | Func:   LH | Latency:  620[1;0m
[1;34m[Core 1] PASS PATTERN NO. 1049 | Func:  MUL | Latency:  443[1;0m
[1;32m[Core 2] PASS PATTERN NO. 1049 | Func:  MUL | Latency:   10[1;0m
[1;33m[Info] Global Memory Check Passed at IC 50-boundary (Snapshot 20)[1;0m
[1;34m[Core 1] PASS PATTERN NO. 1050 | Func:   SH | Latency:  447[1;0m
[1;32m[Core 2] PASS PATTERN NO. 1050 | Func:   LH | Latency:  761[1;0m
[1;32m[Core 2] PASS PATTERN NO. 1051 | Func: SUBI | Latency:    6[1;0m
[1;34m[Core 1] PASS PATTERN NO. 1051 | Func:   SH | Latency:  735[1;0m
[1;32m[Core 2] PASS PATTERN NO. 1052 | Func:  ADD | Latency:  420[1;0m
[1;34m[Core 1] PASS PATTERN NO. 1052 | Func:   SH | Latency:  480[1;0m
[1;32m[Core 2] PASS PATTERN NO. 1053 | Func: NAND | Latency: 1031[1;0m
[1;34m[Core 1] PASS PATTERN NO. 1053 | Func:   LH | Latency:  701[1;0m
[1;34m[Core 1] PASS PATTERN NO. 1054 | Func: SUBI | Latency:    6[1;0m
[1;32m[Core 2] PASS PATTERN NO. 1054 | Func:  AND | Latency:  150[1;0m
[1;32m[Core 2] PASS PATTERN NO. 1055 | Func:   SH | Latency:  239[1;0m
[1;34m[Core 1] PASS PATTERN NO. 1055 | Func:   LH | Latency:  619[1;0m
[1;32m[Core 2] PASS PATTERN NO. 1056 | Func: ADDI | Latency:  386[1;0m
[1;34m[Core 1] PASS PATTERN NO. 1056 | Func:   LH | Latency:  507[1;0m
[1;34m[Core 1] PASS PATTERN NO. 1057 | Func:  XOR | Latency:    6[1;0m
[1;32m[Core 2] PASS PATTERN NO. 1057 | Func:   SH | Latency:  744[1;0m
[1;32m[Core 2] PASS PATTERN NO. 1058 | Func:  NOR | Latency:    6[1;0m
[1;34m[Core 1] PASS PATTERN NO. 1058 | Func:   LH | Latency:  696[1;0m
[1;34m[Core 1] PASS PATTERN NO. 1059 | Func:   OR | Latency:    6[1;0m
[1;32m[Core 2] PASS PATTERN NO. 1059 | Func: ADDI | Latency:  459[1;0m
[1;32m[Core 2] PASS PATTERN NO. 1060 | Func:   OR | Latency:    9[1;0m
[1;34m[Core 1] PASS PATTERN NO. 1060 | Func:  MUL | Latency:   12[1;0m
[1;34m[Core 1] PASS PATTERN NO. 1061 | Func:  NOR | Latency:    6[1;0m
[1;32m[Core 2] PASS PATTERN NO. 1061 | Func: NAND | Latency:    9[1;0m
[1;32m[Core 2] PASS PATTERN NO. 1062 | Func: ADDI | Latency:    9[1;0m
[1;34m[Core 1] PASS PATTERN NO. 1062 | Func:   LH | Latency:  146[1;0m
[1;32m[Core 2] PASS PATTERN NO. 1063 | Func: SUBI | Latency:  143[1;0m
[1;34m[Core 1] PASS PATTERN NO. 1063 | Func:   SH | Latency:  392[1;0m
[1;32m[Core 2] PASS PATTERN NO. 1064 | Func: ADDI | Latency:  392[1;0m
[1;34m[Core 1] PASS PATTERN NO. 1064 | Func:   SH | Latency:  445[1;0m
[1;32m[Core 2] PASS PATTERN NO. 1065 | Func:  AND | Latency:  445[1;0m
[1;34m[Core 1] PASS PATTERN NO. 1065 | Func:  MUL | Latency:    9[1;0m
[1;32m[Core 2] PASS PATTERN NO. 1066 | Func:   OR | Latency:    9[1;0m
[1;34m[Core 1] PASS PATTERN NO. 1066 | Func:   SH | Latency:  179[1;0m
[1;34m[Core 1] PASS PATTERN NO. 1067 | Func: SUBI | Latency:    6[1;0m
[1;32m[Core 2] PASS PATTERN NO. 1067 | Func: ADDI | Latency:  179[1;0m
[1;34m[Core 1] PASS PATTERN NO. 1068 | Func:   SH | Latency:  508[1;0m
[1;32m[Core 2] PASS PATTERN NO. 1068 | Func:   LH | Latency:  694[1;0m
[1;34m[Core 1] PASS PATTERN NO. 1069 | Func:   OR | Latency:  192[1;0m
[1;32m[Core 2] PASS PATTERN NO. 1069 | Func:  ADD | Latency:    6[1;0m
[1;34m[Core 1] PASS PATTERN NO. 1070 | Func: SUBI | Latency:    9[1;0m
[1;32m[Core 2] PASS PATTERN NO. 1070 | Func:  ADD | Latency:    9[1;0m
[1;34m[Core 1] PASS PATTERN NO. 1071 | Func:  NOR | Latency:    9[1;0m
[1;32m[Core 2] PASS PATTERN NO. 1071 | Func:  SLT | Latency:    9[1;0m
[1;34m[Core 1] PASS PATTERN NO. 1072 | Func:  ADD | Latency:    9[1;0m
[1;32m[Core 2] PASS PATTERN NO. 1072 | Func:   LH | Latency:  467[1;0m
[1;34m[Core 1] PASS PATTERN NO. 1073 | Func:   LH | Latency:  614[1;0m
[1;32m[Core 2] PASS PATTERN NO. 1073 | Func:   LH | Latency:  624[1;0m
[1;32m[Core 2] PASS PATTERN NO. 1074 | Func: SUBI | Latency:    6[1;0m
[1;34m[Core 1] PASS PATTERN NO. 1074 | Func:   LH | Latency:  754[1;0m
[1;34m[Core 1] PASS PATTERN NO. 1075 | Func:   OR | Latency:    6[1;0m
[1;32m[Core 2] PASS PATTERN NO. 1075 | Func: SUBI | Latency:  286[1;0m
[1;34m[Core 1] PASS PATTERN NO. 1076 | Func: NAND | Latency:    9[1;0m
[1;32m[Core 2] PASS PATTERN NO. 1076 | Func:  MUL | Latency:   12[1;0m
[1;34m[Core 1] PASS PATTERN NO. 1077 | Func:  AND | Latency:    9[1;0m
[1;32m[Core 2] PASS PATTERN NO. 1077 | Func: SUBI | Latency:    6[1;0m
[1;34m[Core 1] PASS PATTERN NO. 1078 | Func:  AND | Latency:    9[1;0m
[1;32m[Core 2] PASS PATTERN NO. 1078 | Func: SUBI | Latency:    9[1;0m
[1;32m[Core 2] PASS PATTERN NO. 1079 | Func:  AND | Latency:    9[1;0m
[1;34m[Core 1] PASS PATTERN NO. 1079 | Func:   SH | Latency:  379[1;0m
[1;32m[Core 2] PASS PATTERN NO. 1080 | Func: NAND | Latency:  376[1;0m
[1;34m[Core 1] PASS PATTERN NO. 1080 | Func:   SH | Latency:  411[1;0m
[1;34m[Core 1] PASS PATTERN NO. 1081 | Func: NAND | Latency:    6[1;0m
[1;32m[Core 2] PASS PATTERN NO. 1081 | Func:   SH | Latency:  699[1;0m
[1;34m[Core 1] PASS PATTERN NO. 1082 | Func: SUBI | Latency:  294[1;0m
[1;32m[Core 2] PASS PATTERN NO. 1082 | Func:   LH | Latency:  381[1;0m
[1;34m[Core 1] PASS PATTERN NO. 1083 | Func:  ADD | Latency:  381[1;0m
[1;32m[Core 2] PASS PATTERN NO. 1083 | Func: SUBI | Latency:    6[1;0m
[1;34m[Core 1] PASS PATTERN NO. 1084 | Func:   SH | Latency:  482[1;0m
[1;32m[Core 2] PASS PATTERN NO. 1084 | Func:   LH | Latency:  952[1;0m
[1;32m[Core 2] PASS PATTERN NO. 1085 | Func: SUBI | Latency:  183[1;0m
[1;34m[Core 1] PASS PATTERN NO. 1085 | Func:   LH | Latency:  828[1;0m
[1;34m[Core 1] PASS PATTERN NO. 1086 | Func:  SLT | Latency:    6[1;0m
[1;32m[Core 2] PASS PATTERN NO. 1086 | Func:   SH | Latency:  648[1;0m
[1;34m[Core 1] PASS PATTERN NO. 1087 | Func:  SLT | Latency:  473[1;0m
[1;32m[Core 2] PASS PATTERN NO. 1087 | Func:  MUL | Latency:    9[1;0m
[1;34m[Core 1] PASS PATTERN NO. 1088 | Func:   OR | Latency:    9[1;0m
[1;32m[Core 2] PASS PATTERN NO. 1088 | Func:  AND | Latency:    6[1;0m
[1;32m[Core 2] PASS PATTERN NO. 1089 | Func:  ADD | Latency:    9[1;0m
[1;34m[Core 1] PASS PATTERN NO. 1089 | Func:   LH | Latency:  427[1;0m
[1;34m[Core 1] PASS PATTERN NO. 1090 | Func: NAND | Latency:    6[1;0m
[1;32m[Core 2] PASS PATTERN NO. 1090 | Func:  ADD | Latency:  424[1;0m
[1;34m[Core 1] PASS PATTERN NO. 1091 | Func:   LH | Latency:  489[1;0m
[1;32m[Core 2] PASS PATTERN NO. 1091 | Func:   LH | Latency:  938[1;0m
[1;34m[Core 1] PASS PATTERN NO. 1092 | Func:   SH | Latency:  882[1;0m
[1;32m[Core 2] PASS PATTERN NO. 1092 | Func:   LH | Latency:  695[1;0m
[1;34m[Core 1] PASS PATTERN NO. 1093 | Func:   LH | Latency:  526[1;0m
[1;32m[Core 2] PASS PATTERN NO. 1093 | Func:   LH | Latency:  398[1;0m
[1;34m[Core 1] PASS PATTERN NO. 1094 | Func: SUBI | Latency:  140[1;0m
[1;32m[Core 2] PASS PATTERN NO. 1094 | Func:   LH | Latency:  237[1;0m
[1;34m[Core 1] PASS PATTERN NO. 1095 | Func:   OR | Latency:  237[1;0m
[1;32m[Core 2] PASS PATTERN NO. 1095 | Func:   OR | Latency:    6[1;0m
[1;34m[Core 1] PASS PATTERN NO. 1096 | Func: SUBI | Latency:    9[1;0m
[1;32m[Core 2] PASS PATTERN NO. 1096 | Func:  SUB | Latency:    9[1;0m
[1;34m[Core 1] PASS PATTERN NO. 1097 | Func:  SUB | Latency:    9[1;0m
[1;32m[Core 2] PASS PATTERN NO. 1097 | Func:   SH | Latency:  506[1;0m
[1;34m[Core 1] PASS PATTERN NO. 1098 | Func:  ADD | Latency:  503[1;0m
[1;32m[Core 2] PASS PATTERN NO. 1098 | Func:  SUB | Latency:    6[1;0m
[1;32m[Core 2] PASS PATTERN NO. 1099 | Func:  AND | Latency:    9[1;0m
[1;34m[Core 1] PASS PATTERN NO. 1099 | Func:   LH | Latency:  208[1;0m
[1;33m[Info] Global Memory Check Passed at IC 50-boundary (Snapshot 21)[1;0m
[1;34m[Core 1] PASS PATTERN NO. 1100 | Func:  NOR | Latency:    6[1;0m
[1;32m[Core 2] PASS PATTERN NO. 1100 | Func:  AND | Latency:  205[1;0m
[1;32m[Core 2] PASS PATTERN NO. 1101 | Func:   SH | Latency:  305[1;0m
[1;34m[Core 1] PASS PATTERN NO. 1101 | Func:   LH | Latency:  593[1;0m
[1;34m[Core 1] PASS PATTERN NO. 1102 | Func:   OR | Latency:    6[1;0m
[1;32m[Core 2] PASS PATTERN NO. 1102 | Func:   LH | Latency:  796[1;0m
[1;32m[Core 2] PASS PATTERN NO. 1103 | Func: SUBI | Latency:    6[1;0m
[1;34m[Core 1] PASS PATTERN NO. 1103 | Func:   SH | Latency:  865[1;0m
[1;34m[Core 1] PASS PATTERN NO. 1104 | Func:   SH | Latency:  363[1;0m
[1;32m[Core 2] PASS PATTERN NO. 1104 | Func:   LH | Latency: 1160[1;0m
[1;32m[Core 2] PASS PATTERN NO. 1105 | Func: ADDI | Latency:    6[1;0m
[1;34m[Core 1] PASS PATTERN NO. 1105 | Func:  MUL | Latency:  449[1;0m
[1;34m[Core 1] PASS PATTERN NO. 1106 | Func:  NOR | Latency:    6[1;0m
[1;32m[Core 2] PASS PATTERN NO. 1106 | Func:  SUB | Latency:    9[1;0m
[1;34m[Core 1] PASS PATTERN NO. 1107 | Func: ADDI | Latency:    9[1;0m
[1;32m[Core 2] PASS PATTERN NO. 1107 | Func:  ADD | Latency:    9[1;0m
[1;34m[Core 1] PASS PATTERN NO. 1108 | Func: NAND | Latency:    9[1;0m
[1;32m[Core 2] PASS PATTERN NO. 1108 | Func:   SH | Latency:  381[1;0m
[1;34m[Core 1] PASS PATTERN NO. 1109 | Func: ADDI | Latency:  378[1;0m
[1;32m[Core 2] PASS PATTERN NO. 1109 | Func:   SH | Latency:  460[1;0m
[1;34m[Core 1] PASS PATTERN NO. 1110 | Func: ADDI | Latency:  460[1;0m
[1;32m[Core 2] PASS PATTERN NO. 1110 | Func:   LH | Latency:  396[1;0m
[1;34m[Core 1] PASS PATTERN NO. 1111 | Func:  NOR | Latency:  396[1;0m
[1;32m[Core 2] PASS PATTERN NO. 1111 | Func: SUBI | Latency:    6[1;0m
[1;34m[Core 1] PASS PATTERN NO. 1112 | Func:   LH | Latency:  471[1;0m
[1;32m[Core 2] PASS PATTERN NO. 1112 | Func:   LH | Latency:  890[1;0m
[1;32m[Core 2] PASS PATTERN NO. 1113 | Func:  SUB | Latency:    6[1;0m
[1;34m[Core 1] PASS PATTERN NO. 1113 | Func:  MUL | Latency:  428[1;0m
[1;34m[Core 1] PASS PATTERN NO. 1114 | Func:  XOR | Latency:    6[1;0m
[1;32m[Core 2] PASS PATTERN NO. 1114 | Func:   SH | Latency:  122[1;0m
[1;32m[Core 2] PASS PATTERN NO. 1115 | Func: ADDI | Latency:    6[1;0m
[1;34m[Core 1] PASS PATTERN NO. 1115 | Func:   SH | Latency:  558[1;0m
[1;34m[Core 1] PASS PATTERN NO. 1116 | Func: SUBI | Latency:    6[1;0m
[1;32m[Core 2] PASS PATTERN NO. 1116 | Func: SUBI | Latency:  445[1;0m
[1;32m[Core 2] PASS PATTERN NO. 1117 | Func:   SH | Latency:  556[1;0m
[1;34m[Core 1] PASS PATTERN NO. 1117 | Func:   LH | Latency:  897[1;0m
[1;34m[Core 1] PASS PATTERN NO. 1118 | Func:   SH | Latency:  119[1;0m
[1;32m[Core 2] PASS PATTERN NO. 1118 | Func:   LH | Latency:  640[1;0m
[1;34m[Core 1] PASS PATTERN NO. 1119 | Func:   SH | Latency:  589[1;0m
[1;32m[Core 2] PASS PATTERN NO. 1119 | Func:   LH | Latency:  560[1;0m
[1;34m[Core 1] PASS PATTERN NO. 1120 | Func: SUBI | Latency:  157[1;0m
[1;32m[Core 2] PASS PATTERN NO. 1120 | Func:   LH | Latency:  263[1;0m
[1;34m[Core 1] PASS PATTERN NO. 1121 | Func:   SH | Latency:  529[1;0m
[1;32m[Core 2] PASS PATTERN NO. 1121 | Func:   LH | Latency:  513[1;0m
[1;34m[Core 1] PASS PATTERN NO. 1122 | Func:   OR | Latency:  247[1;0m
[1;32m[Core 2] PASS PATTERN NO. 1122 | Func:   SH | Latency:  482[1;0m
[1;34m[Core 1] PASS PATTERN NO. 1123 | Func:   SH | Latency:  600[1;0m
[1;32m[Core 2] PASS PATTERN NO. 1123 | Func:   LH | Latency:  609[1;0m
[1;34m[Core 1] PASS PATTERN NO. 1124 | Func:  SLT | Latency:  491[1;0m
[1;32m[Core 2] PASS PATTERN NO. 1124 | Func: NAND | Latency:    6[1;0m
[1;34m[Core 1] PASS PATTERN NO. 1125 | Func:  AND | Latency:    9[1;0m
[1;32m[Core 2] PASS PATTERN NO. 1125 | Func:  SUB | Latency:    9[1;0m
[1;34m[Core 1] PASS PATTERN NO. 1126 | Func:  MUL | Latency:   12[1;0m
[1;32m[Core 2] PASS PATTERN NO. 1126 | Func:   LH | Latency:  187[1;0m
[1;34m[Core 1] PASS PATTERN NO. 1127 | Func:  AND | Latency:  181[1;0m
[1;32m[Core 2] PASS PATTERN NO. 1127 | Func:   LH | Latency:  247[1;0m
[1;34m[Core 1] PASS PATTERN NO. 1128 | Func:  XOR | Latency:  247[1;0m
[1;32m[Core 2] PASS PATTERN NO. 1128 | Func:  XOR | Latency:    6[1;0m
[1;34m[Core 1] PASS PATTERN NO. 1129 | Func: ADDI | Latency:    9[1;0m
[1;32m[Core 2] PASS PATTERN NO. 1129 | Func:   SH | Latency:  268[1;0m
[1;32m[Core 2] PASS PATTERN NO. 1130 | Func:   SH | Latency:  426[1;0m
[1;34m[Core 1] PASS PATTERN NO. 1130 | Func:   LH | Latency: 1083[1;0m
[1;32m[Core 2] PASS PATTERN NO. 1131 | Func:  XOR | Latency:  404[1;0m
[1;34m[Core 1] PASS PATTERN NO. 1131 | Func:   LH | Latency:  370[1;0m
[1;34m[Core 1] PASS PATTERN NO. 1132 | Func: ADDI | Latency:    6[1;0m
[1;32m[Core 2] PASS PATTERN NO. 1132 | Func: SUBI | Latency:  370[1;0m
[1;34m[Core 1] PASS PATTERN NO. 1133 | Func:   LH | Latency:  212[1;0m
[1;32m[Core 2] PASS PATTERN NO. 1133 | Func:   LH | Latency:  523[1;0m
[1;34m[Core 1] PASS PATTERN NO. 1134 | Func: NAND | Latency:  317[1;0m
[1;32m[Core 2] PASS PATTERN NO. 1134 | Func:  NOR | Latency:    6[1;0m
[1;34m[Core 1] PASS PATTERN NO. 1135 | Func:  XOR | Latency:    9[1;0m
[1;32m[Core 2] PASS PATTERN NO. 1135 | Func:  MUL | Latency:   12[1;0m
[1;34m[Core 1] PASS PATTERN NO. 1136 | Func:  ADD | Latency:    9[1;0m
[1;32m[Core 2] PASS PATTERN NO. 1136 | Func: NAND | Latency:    6[1;0m
[1;34m[Core 1] PASS PATTERN NO. 1137 | Func: ADDI | Latency:    9[1;0m
[1;32m[Core 2] PASS PATTERN NO. 1137 | Func:   SH | Latency:  355[1;0m
[1;34m[Core 1] PASS PATTERN NO. 1138 | Func:  XOR | Latency:  352[1;0m
[1;32m[Core 2] PASS PATTERN NO. 1138 | Func: SUBI | Latency:    6[1;0m
[1;34m[Core 1] PASS PATTERN NO. 1139 | Func:    J | Latency:    8[1;0m
[1;32m[Core 2] PASS PATTERN NO. 1139 | Func:    J | Latency:    8[1;0m
[1;34m[Core 1] PASS PATTERN NO. 1140 | Func:   OR | Latency:  295[1;0m
[1;32m[Core 2] PASS PATTERN NO. 1140 | Func:   SH | Latency:  610[1;0m
[1;32m[Core 2] PASS PATTERN NO. 1141 | Func:  MUL | Latency:    9[1;0m
[1;34m[Core 1] PASS PATTERN NO. 1141 | Func:   LH | Latency:  503[1;0m
[1;32m[Core 2] PASS PATTERN NO. 1142 | Func:  SLT | Latency:  185[1;0m
[1;34m[Core 1] PASS PATTERN NO. 1142 | Func:   LH | Latency:  199[1;0m
[1;34m[Core 1] PASS PATTERN NO. 1143 | Func:  SUB | Latency:    6[1;0m
[1;32m[Core 2] PASS PATTERN NO. 1143 | Func:  ADD | Latency:  199[1;0m
[1;34m[Core 1] PASS PATTERN NO. 1144 | Func:   OR | Latency:    9[1;0m
[1;32m[Core 2] PASS PATTERN NO. 1144 | Func: NAND | Latency:    9[1;0m
[1;34m[Core 1] PASS PATTERN NO. 1145 | Func:  NOR | Latency:    9[1;0m
[1;32m[Core 2] PASS PATTERN NO. 1145 | Func:   LH | Latency:  171[1;0m
[1;34m[Core 1] PASS PATTERN NO. 1146 | Func:   OR | Latency:  168[1;0m
[1;32m[Core 2] PASS PATTERN NO. 1146 | Func:   SH | Latency:  272[1;0m
[1;32m[Core 2] PASS PATTERN NO. 1147 | Func:  XOR | Latency:    6[1;0m
[1;34m[Core 1] PASS PATTERN NO. 1147 | Func:   SH | Latency:  454[1;0m
[1;34m[Core 1] PASS PATTERN NO. 1148 | Func:  ADD | Latency:    6[1;0m
[1;32m[Core 2] PASS PATTERN NO. 1148 | Func:  XOR | Latency:  188[1;0m
[1;34m[Core 1] PASS PATTERN NO. 1149 | Func:  MUL | Latency:   12[1;0m
[1;32m[Core 2] PASS PATTERN NO. 1149 | Func:   LH | Latency:  123[1;0m
[1;33m[Info] Global Memory Check Passed at IC 50-boundary (Snapshot 22)[1;0m
[1;34m[Core 1] PASS PATTERN NO. 1150 | Func:   SH | Latency:  391[1;0m
[1;32m[Core 2] PASS PATTERN NO. 1150 | Func:   LH | Latency:  427[1;0m
[1;34m[Core 1] PASS PATTERN NO. 1151 | Func:  SLT | Latency:  153[1;0m
[1;32m[Core 2] PASS PATTERN NO. 1151 | Func:   OR | Latency:    6[1;0m
[1;34m[Core 1] PASS PATTERN NO. 1152 | Func:  MUL | Latency:  630[1;0m
[1;32m[Core 2] PASS PATTERN NO. 1152 | Func:   LH | Latency:  889[1;0m
[1;34m[Core 1] PASS PATTERN NO. 1153 | Func: NAND | Latency:  265[1;0m
[1;32m[Core 2] PASS PATTERN NO. 1153 | Func:   SH | Latency:  451[1;0m
[1;34m[Core 1] PASS PATTERN NO. 1154 | Func:  SUB | Latency:  451[1;0m
[1;32m[Core 2] PASS PATTERN NO. 1154 | Func:   LH | Latency:  245[1;0m
[1;34m[Core 1] PASS PATTERN NO. 1155 | Func: ADDI | Latency:  245[1;0m
[1;32m[Core 2] PASS PATTERN NO. 1155 | Func:  SUB | Latency:    6[1;0m
[1;32m[Core 2] PASS PATTERN NO. 1156 | Func: NAND | Latency:    9[1;0m
[1;34m[Core 1] PASS PATTERN NO. 1156 | Func:   LH | Latency:  427[1;0m
[1;32m[Core 2] PASS PATTERN NO. 1157 | Func:  XOR | Latency:  424[1;0m
[1;34m[Core 1] PASS PATTERN NO. 1157 | Func:   SH | Latency:  323[1;0m
[1;34m[Core 1] PASS PATTERN NO. 1158 | Func: ADDI | Latency:    6[1;0m
[1;32m[Core 2] PASS PATTERN NO. 1158 | Func: SUBI | Latency:  323[1;0m
[1;34m[Core 1] PASS PATTERN NO. 1159 | Func:  ADD | Latency:    9[1;0m
[1;32m[Core 2] PASS PATTERN NO. 1159 | Func:  ADD | Latency:    9[1;0m
[1;32m[Core 2] PASS PATTERN NO. 1160 | Func: SUBI | Latency:    9[1;0m
[1;34m[Core 1] PASS PATTERN NO. 1160 | Func:   LH | Latency:  458[1;0m
[1;34m[Core 1] PASS PATTERN NO. 1161 | Func:  MUL | Latency:    9[1;0m
[1;32m[Core 2] PASS PATTERN NO. 1161 | Func:   SH | Latency:  727[1;0m
[1;34m[Core 1] PASS PATTERN NO. 1162 | Func: ADDI | Latency:  275[1;0m
[1;32m[Core 2] PASS PATTERN NO. 1162 | Func:  XOR | Latency:    6[1;0m
[1;32m[Core 2] PASS PATTERN NO. 1163 | Func:  XOR | Latency:    9[1;0m
[1;34m[Core 1] PASS PATTERN NO. 1163 | Func:  MUL | Latency:   12[1;0m
[1;34m[Core 1] PASS PATTERN NO. 1164 | Func:  NOR | Latency:    6[1;0m
[1;32m[Core 2] PASS PATTERN NO. 1164 | Func:  NOR | Latency:    9[1;0m
[1;34m[Core 1] PASS PATTERN NO. 1165 | Func:  ADD | Latency:    9[1;0m
[1;32m[Core 2] PASS PATTERN NO. 1165 | Func: ADDI | Latency:    9[1;0m
[1;32m[Core 2] PASS PATTERN NO. 1166 | Func:  SLT | Latency:    9[1;0m
[1;34m[Core 1] PASS PATTERN NO. 1166 | Func:   SH | Latency:  478[1;0m
[1;34m[Core 1] PASS PATTERN NO. 1167 | Func:   SH | Latency:  191[1;0m
[1;32m[Core 2] PASS PATTERN NO. 1167 | Func:   LH | Latency:  771[1;0m
[1;34m[Core 1] PASS PATTERN NO. 1168 | Func:   SH | Latency:  546[1;0m
[1;32m[Core 2] PASS PATTERN NO. 1168 | Func:   LH | Latency:  786[1;0m
[1;34m[Core 1] PASS PATTERN NO. 1169 | Func:  MUL | Latency:  360[1;0m
[1;32m[Core 2] PASS PATTERN NO. 1169 | Func:   LH | Latency:  169[1;0m
[1;32m[Core 2] PASS PATTERN NO. 1170 | Func:  MUL | Latency:    9[1;0m
[1;34m[Core 1] PASS PATTERN NO. 1170 | Func:   SH | Latency:  575[1;0m
[1;32m[Core 2] PASS PATTERN NO. 1171 | Func:   SH | Latency:  906[1;0m
[1;34m[Core 1] PASS PATTERN NO. 1171 | Func:   LH | Latency:  990[1;0m
[1;32m[Core 2] PASS PATTERN NO. 1172 | Func:  AND | Latency:  496[1;0m
[1;34m[Core 1] PASS PATTERN NO. 1172 | Func:  MUL | Latency:    9[1;0m
[1;34m[Core 1] PASS PATTERN NO. 1173 | Func:  XOR | Latency:    6[1;0m
[1;32m[Core 2] PASS PATTERN NO. 1173 | Func:  MUL | Latency:   12[1;0m
[1;34m[Core 1] PASS PATTERN NO. 1174 | Func:  XOR | Latency:    9[1;0m
[1;32m[Core 2] PASS PATTERN NO. 1174 | Func:  XOR | Latency:    6[1;0m
[1;34m[Core 1] PASS PATTERN NO. 1175 | Func:  MUL | Latency:   12[1;0m
[1;32m[Core 2] PASS PATTERN NO. 1175 | Func:   SH | Latency:  492[1;0m
[1;32m[Core 2] PASS PATTERN NO. 1176 | Func:  MUL | Latency:    9[1;0m
[1;34m[Core 1] PASS PATTERN NO. 1176 | Func:   LH | Latency:  911[1;0m
[1;34m[Core 1] PASS PATTERN NO. 1177 | Func: NAND | Latency:    6[1;0m
[1;32m[Core 2] PASS PATTERN NO. 1177 | Func:  MUL | Latency:  431[1;0m
[1;34m[Core 1] PASS PATTERN NO. 1178 | Func:  AND | Latency:    9[1;0m
[1;32m[Core 2] PASS PATTERN NO. 1178 | Func:   SH | Latency:  408[1;0m
[1;34m[Core 1] PASS PATTERN NO. 1179 | Func:   SH | Latency:  594[1;0m
[1;32m[Core 2] PASS PATTERN NO. 1179 | Func:   LH | Latency:  652[1;0m
[1;34m[Core 1] PASS PATTERN NO. 1180 | Func:  MUL | Latency:  469[1;0m
[1;32m[Core 2] PASS PATTERN NO. 1180 | Func:   SH | Latency:  455[1;0m
[1;32m[Core 2] PASS PATTERN NO. 1181 | Func:  NOR | Latency:    6[1;0m
[1;34m[Core 1] PASS PATTERN NO. 1181 | Func:   LH | Latency:  771[1;0m
[1;34m[Core 1] PASS PATTERN NO. 1182 | Func:  MUL | Latency:    9[1;0m
[1;32m[Core 2] PASS PATTERN NO. 1182 | Func:   LH | Latency:  707[1;0m
[1;34m[Core 1] PASS PATTERN NO. 1183 | Func:  SUB | Latency:  385[1;0m
[1;32m[Core 2] PASS PATTERN NO. 1183 | Func:  SUB | Latency:    6[1;0m
[1;34m[Core 1] PASS PATTERN NO. 1184 | Func:  SLT | Latency:  435[1;0m
[1;32m[Core 2] PASS PATTERN NO. 1184 | Func:  AND | Latency:  435[1;0m
[1;32m[Core 2] PASS PATTERN NO. 1185 | Func: ADDI | Latency:    9[1;0m
[1;34m[Core 1] PASS PATTERN NO. 1185 | Func:   SH | Latency:  186[1;0m
[1;34m[Core 1] PASS PATTERN NO. 1186 | Func:  XOR | Latency:    6[1;0m
[1;32m[Core 2] PASS PATTERN NO. 1186 | Func:  AND | Latency:  183[1;0m
[1;32m[Core 2] PASS PATTERN NO. 1187 | Func:  MUL | Latency:   12[1;0m
[1;34m[Core 1] PASS PATTERN NO. 1187 | Func:   LH | Latency:  217[1;0m
[1;34m[Core 1] PASS PATTERN NO. 1188 | Func:  AND | Latency:    6[1;0m
[1;32m[Core 2] PASS PATTERN NO. 1188 | Func:  XOR | Latency:  211[1;0m
[1;34m[Core 1] PASS PATTERN NO. 1189 | Func: SUBI | Latency:    9[1;0m
[1;32m[Core 2] PASS PATTERN NO. 1189 | Func:   LH | Latency:  430[1;0m
[1;34m[Core 1] PASS PATTERN NO. 1190 | Func:  SUB | Latency:  427[1;0m
[1;32m[Core 2] PASS PATTERN NO. 1190 | Func:  XOR | Latency:    6[1;0m
[1;34m[Core 1] PASS PATTERN NO. 1191 | Func:   OR | Latency:    9[1;0m
[1;32m[Core 2] PASS PATTERN NO. 1191 | Func:  NOR | Latency:    9[1;0m
[1;34m[Core 1] PASS PATTERN NO. 1192 | Func: ADDI | Latency:    9[1;0m
[1;32m[Core 2] PASS PATTERN NO. 1192 | Func:  XOR | Latency:    9[1;0m
[1;34m[Core 1] PASS PATTERN NO. 1193 | Func:  ADD | Latency:    9[1;0m
[1;32m[Core 2] PASS PATTERN NO. 1193 | Func:   SH | Latency:  249[1;0m
[1;32m[Core 2] PASS PATTERN NO. 1194 | Func:  MUL | Latency:    9[1;0m
[1;34m[Core 1] PASS PATTERN NO. 1194 | Func:   LH | Latency:  572[1;0m
[1;32m[Core 2] PASS PATTERN NO. 1195 | Func:  XOR | Latency:  329[1;0m
[1;34m[Core 1] PASS PATTERN NO. 1195 | Func:   LH | Latency:  193[1;0m
[1;32m[Core 2] PASS PATTERN NO. 1196 | Func:  SUB | Latency:  193[1;0m
[1;34m[Core 1] PASS PATTERN NO. 1196 | Func:   LH | Latency:  176[1;0m
[1;34m[Core 1] PASS PATTERN NO. 1197 | Func:  SUB | Latency:    6[1;0m
[1;32m[Core 2] PASS PATTERN NO. 1197 | Func:   SH | Latency:  657[1;0m
[1;34m[Core 1] PASS PATTERN NO. 1198 | Func: ADDI | Latency:  487[1;0m
[1;32m[Core 2] PASS PATTERN NO. 1198 | Func:  MUL | Latency:    9[1;0m
[1;34m[Core 1] PASS PATTERN NO. 1199 | Func:  SUB | Latency:    9[1;0m
[1;32m[Core 2] PASS PATTERN NO. 1199 | Func:  SLT | Latency:    6[1;0m
[1;33m[Info] Global Memory Check Passed at IC 50-boundary (Snapshot 23)[1;0m
[1;32m[Core 2] PASS PATTERN NO. 1200 | Func:   OR | Latency:    9[1;0m
[1;34m[Core 1] PASS PATTERN NO. 1200 | Func:   LH | Latency:  399[1;0m
[1;32m[Core 2] PASS PATTERN NO. 1201 | Func: NAND | Latency:  396[1;0m
[1;34m[Core 1] PASS PATTERN NO. 1201 | Func:   LH | Latency:  174[1;0m
[1;34m[Core 1] PASS PATTERN NO. 1202 | Func:  SUB | Latency:    6[1;0m
[1;32m[Core 2] PASS PATTERN NO. 1202 | Func: NAND | Latency:  174[1;0m
[1;34m[Core 1] PASS PATTERN NO. 1203 | Func:  ADD | Latency:    9[1;0m
[1;32m[Core 2] PASS PATTERN NO. 1203 | Func:  AND | Latency:    9[1;0m
[1;32m[Core 2] PASS PATTERN NO. 1204 | Func:   OR | Latency:    9[1;0m
[1;34m[Core 1] PASS PATTERN NO. 1204 | Func:   LH | Latency:  453[1;0m
[1;34m[Core 1] PASS PATTERN NO. 1205 | Func: SUBI | Latency:    6[1;0m
[1;32m[Core 2] PASS PATTERN NO. 1205 | Func: SUBI | Latency:  450[1;0m
[1;34m[Core 1] PASS PATTERN NO. 1206 | Func:   SH | Latency:  297[1;0m
[1;32m[Core 2] PASS PATTERN NO. 1206 | Func:   LH | Latency:  513[1;0m
[1;32m[Core 2] PASS PATTERN NO. 1207 | Func:  SUB | Latency:    6[1;0m
[1;34m[Core 1] PASS PATTERN NO. 1207 | Func:   LH | Latency:  672[1;0m
[1;34m[Core 1] PASS PATTERN NO. 1208 | Func: NAND | Latency:    6[1;0m
[1;32m[Core 2] PASS PATTERN NO. 1208 | Func:  AND | Latency:  456[1;0m
[1;32m[Core 2] PASS PATTERN NO. 1209 | Func:  MUL | Latency:   12[1;0m
[1;34m[Core 1] PASS PATTERN NO. 1209 | Func:   LH | Latency:  417[1;0m
[1;34m[Core 1] PASS PATTERN NO. 1210 | Func:   SH | Latency:  277[1;0m
[1;32m[Core 2] PASS PATTERN NO. 1210 | Func:   LH | Latency:  886[1;0m
[1;34m[Core 1] PASS PATTERN NO. 1211 | Func:  ADD | Latency:  210[1;0m
[1;32m[Core 2] PASS PATTERN NO. 1211 | Func:  ADD | Latency:    6[1;0m
[1;34m[Core 1] PASS PATTERN NO. 1212 | Func: SUBI | Latency:    9[1;0m
[1;32m[Core 2] PASS PATTERN NO. 1212 | Func:   LH | Latency:  143[1;0m
[1;32m[Core 2] PASS PATTERN NO. 1213 | Func:  AND | Latency:    6[1;0m
[1;34m[Core 1] PASS PATTERN NO. 1213 | Func:   LH | Latency:  251[1;0m
[1;32m[Core 2] PASS PATTERN NO. 1214 | Func: SUBI | Latency:  117[1;0m
[1;34m[Core 1] PASS PATTERN NO. 1214 | Func:   LH | Latency:  466[1;0m
[1;34m[Core 1] PASS PATTERN NO. 1215 | Func:  AND | Latency:    6[1;0m
[1;32m[Core 2] PASS PATTERN NO. 1215 | Func:  MUL | Latency:  469[1;0m
[1;32m[Core 2] PASS PATTERN NO. 1216 | Func:   SH | Latency: 1160[1;0m
[1;34m[Core 1] PASS PATTERN NO. 1216 | Func:   LH | Latency: 1358[1;0m
[1;34m[Core 1] PASS PATTERN NO. 1217 | Func:   LH | Latency:  316[1;0m
[1;32m[Core 2] PASS PATTERN NO. 1217 | Func:   LH | Latency:  657[1;0m
[1;34m[Core 1] PASS PATTERN NO. 1218 | Func: NAND | Latency:  152[1;0m
[1;32m[Core 2] PASS PATTERN NO. 1218 | Func:  SLT | Latency:    6[1;0m
[1;34m[Core 1] PASS PATTERN NO. 1219 | Func: NAND | Latency:    9[1;0m
[1;32m[Core 2] PASS PATTERN NO. 1219 | Func:  SUB | Latency:    9[1;0m
[1;34m[Core 1] PASS PATTERN NO. 1220 | Func:  ADD | Latency:    9[1;0m
[1;32m[Core 2] PASS PATTERN NO. 1220 | Func:  MUL | Latency:   12[1;0m
[1;34m[Core 1] PASS PATTERN NO. 1221 | Func:  ADD | Latency:    9[1;0m
[1;32m[Core 2] PASS PATTERN NO. 1221 | Func:  AND | Latency:    6[1;0m
[1;34m[Core 1] PASS PATTERN NO. 1222 | Func:  AND | Latency:    9[1;0m
[1;32m[Core 2] PASS PATTERN NO. 1222 | Func:  SLT | Latency:    9[1;0m
[1;34m[Core 1] PASS PATTERN NO. 1223 | Func: ADDI | Latency:    9[1;0m
[1;32m[Core 2] PASS PATTERN NO. 1223 | Func:  XOR | Latency:    9[1;0m
[1;34m[Core 1] PASS PATTERN NO. 1224 | Func:   SH | Latency:  500[1;0m
[1;32m[Core 2] PASS PATTERN NO. 1224 | Func:   LH | Latency:  773[1;0m
[1;34m[Core 1] PASS PATTERN NO. 1225 | Func:  MUL | Latency:  282[1;0m
[1;32m[Core 2] PASS PATTERN NO. 1225 | Func:  MUL | Latency:   10[1;0m
[1;34m[Core 1] PASS PATTERN NO. 1226 | Func: SUBI | Latency:    9[1;0m
[1;32m[Core 2] PASS PATTERN NO. 1226 | Func:   LH | Latency:  171[1;0m
[1;32m[Core 2] PASS PATTERN NO. 1227 | Func:  ADD | Latency:    6[1;0m
[1;34m[Core 1] PASS PATTERN NO. 1227 | Func:  MUL | Latency:  172[1;0m
[1;34m[Core 1] PASS PATTERN NO. 1228 | Func:  ADD | Latency:    6[1;0m
[1;32m[Core 2] PASS PATTERN NO. 1228 | Func:   LH | Latency:  360[1;0m
[1;32m[Core 2] PASS PATTERN NO. 1229 | Func:  SUB | Latency:    6[1;0m
[1;34m[Core 1] PASS PATTERN NO. 1229 | Func:   LH | Latency:  750[1;0m
[1;34m[Core 1] PASS PATTERN NO. 1230 | Func:   OR | Latency:    6[1;0m
[1;32m[Core 2] PASS PATTERN NO. 1230 | Func:   SH | Latency:  639[1;0m
[1;34m[Core 1] PASS PATTERN NO. 1231 | Func: NAND | Latency:  246[1;0m
[1;32m[Core 2] PASS PATTERN NO. 1231 | Func:   SH | Latency:  327[1;0m
[1;32m[Core 2] PASS PATTERN NO. 1232 | Func: NAND | Latency:    6[1;0m
[1;34m[Core 1] PASS PATTERN NO. 1232 | Func:   SH | Latency:  455[1;0m
[1;34m[Core 1] PASS PATTERN NO. 1233 | Func:  AND | Latency:    6[1;0m
[1;32m[Core 2] PASS PATTERN NO. 1233 | Func:  NOR | Latency:  134[1;0m
[1;34m[Core 1] PASS PATTERN NO. 1234 | Func:  NOR | Latency:    9[1;0m
[1;32m[Core 2] PASS PATTERN NO. 1234 | Func:   LH | Latency:  475[1;0m
[1;34m[Core 1] PASS PATTERN NO. 1235 | Func:  SLT | Latency:  472[1;0m
[1;32m[Core 2] PASS PATTERN NO. 1235 | Func:  XOR | Latency:    6[1;0m
[1;32m[Core 2] PASS PATTERN NO. 1236 | Func:  AND | Latency:    9[1;0m
[1;34m[Core 1] PASS PATTERN NO. 1236 | Func:  MUL | Latency:   12[1;0m
[1;34m[Core 1] PASS PATTERN NO. 1237 | Func:  ADD | Latency:    6[1;0m
[1;32m[Core 2] PASS PATTERN NO. 1237 | Func:   LH | Latency:  135[1;0m
[1;32m[Core 2] PASS PATTERN NO. 1238 | Func: ADDI | Latency:    6[1;0m
[1;34m[Core 1] PASS PATTERN NO. 1238 | Func:   LH | Latency:  571[1;0m
[1;34m[Core 1] PASS PATTERN NO. 1239 | Func:   OR | Latency:    6[1;0m
[1;32m[Core 2] PASS PATTERN NO. 1239 | Func:  AND | Latency:  445[1;0m
[1;34m[Core 1] PASS PATTERN NO. 1240 | Func:  ADD | Latency:    9[1;0m
[1;32m[Core 2] PASS PATTERN NO. 1240 | Func:  SLT | Latency:    9[1;0m
[1;34m[Core 1] PASS PATTERN NO. 1241 | Func:  NOR | Latency:    9[1;0m
[1;32m[Core 2] PASS PATTERN NO. 1241 | Func:  XOR | Latency:    9[1;0m
[1;34m[Core 1] PASS PATTERN NO. 1242 | Func:  SUB | Latency:    9[1;0m
[1;32m[Core 2] PASS PATTERN NO. 1242 | Func:  XOR | Latency:    9[1;0m
[1;32m[Core 2] PASS PATTERN NO. 1243 | Func: ADDI | Latency:    9[1;0m
[1;34m[Core 1] PASS PATTERN NO. 1243 | Func:   LH | Latency:  382[1;0m
[1;34m[Core 1] PASS PATTERN NO. 1244 | Func:  SUB | Latency:    6[1;0m
[1;32m[Core 2] PASS PATTERN NO. 1244 | Func:   LH | Latency:  579[1;0m
[1;34m[Core 1] PASS PATTERN NO. 1245 | Func:  XOR | Latency:  206[1;0m
[1;32m[Core 2] PASS PATTERN NO. 1245 | Func:  SUB | Latency:    6[1;0m
[1;34m[Core 1] PASS PATTERN NO. 1246 | Func:   OR | Latency:    9[1;0m
[1;32m[Core 2] PASS PATTERN NO. 1246 | Func:  ADD | Latency:    9[1;0m
[1;32m[Core 2] PASS PATTERN NO. 1247 | Func:   OR | Latency:    9[1;0m
[1;34m[Core 1] PASS PATTERN NO. 1247 | Func:  MUL | Latency:   12[1;0m
[1;34m[Core 1] PASS PATTERN NO. 1248 | Func:  MUL | Latency:  647[1;0m
[1;32m[Core 2] PASS PATTERN NO. 1248 | Func:  MUL | Latency:  651[1;0m
[1;32m[Core 2] PASS PATTERN NO. 1249 | Func:  SUB | Latency:    8[1;0m
[1;34m[Core 1] PASS PATTERN NO. 1249 | Func:   LH | Latency:  175[1;0m
[1;33m[Info] Global Memory Check Passed at IC 50-boundary (Snapshot 24)[1;0m
[1;34m[Core 1] PASS PATTERN NO. 1250 | Func: SUBI | Latency:    6[1;0m
[1;32m[Core 2] PASS PATTERN NO. 1250 | Func:  MUL | Latency:  175[1;0m
[1;34m[Core 1] PASS PATTERN NO. 1251 | Func:  SUB | Latency:    9[1;0m
[1;32m[Core 2] PASS PATTERN NO. 1251 | Func:  XOR | Latency:    6[1;0m
[1;34m[Core 1] PASS PATTERN NO. 1252 | Func:   SH | Latency:  383[1;0m
[1;32m[Core 2] PASS PATTERN NO. 1252 | Func:   LH | Latency:  741[1;0m
[1;32m[Core 2] PASS PATTERN NO. 1253 | Func: ADDI | Latency:    6[1;0m
[1;34m[Core 1] PASS PATTERN NO. 1253 | Func:   SH | Latency:  840[1;0m
[1;32m[Core 2] PASS PATTERN NO. 1254 | Func: NAND | Latency:  482[1;0m
[1;34m[Core 1] PASS PATTERN NO. 1254 | Func:  MUL | Latency:    9[1;0m
[1;34m[Core 1] PASS PATTERN NO. 1255 | Func:   OR | Latency:    6[1;0m
[1;32m[Core 2] PASS PATTERN NO. 1255 | Func:   SH | Latency:  286[1;0m
[1;34m[Core 1] PASS PATTERN NO. 1256 | Func: SUBI | Latency:  283[1;0m
[1;32m[Core 2] PASS PATTERN NO. 1256 | Func:   OR | Latency:    6[1;0m
[1;34m[Core 1] PASS PATTERN NO. 1257 | Func:  NOR | Latency:    9[1;0m
[1;32m[Core 2] PASS PATTERN NO. 1257 | Func:   LH | Latency:  348[1;0m
[1;32m[Core 2] PASS PATTERN NO. 1258 | Func:   SH | Latency:  408[1;0m
[1;34m[Core 1] PASS PATTERN NO. 1258 | Func:   LH | Latency:  865[1;0m
[1;32m[Core 2] PASS PATTERN NO. 1259 | Func:  AND | Latency:  124[1;0m
[1;34m[Core 1] PASS PATTERN NO. 1259 | Func:  MUL | Latency:    9[1;0m
[1;32m[Core 2] PASS PATTERN NO. 1260 | Func:  XOR | Latency:    9[1;0m
[1;34m[Core 1] PASS PATTERN NO. 1260 | Func:   LH | Latency:  142[1;0m
[1;34m[Core 1] PASS PATTERN NO. 1261 | Func:  SUB | Latency:    6[1;0m
[1;32m[Core 2] PASS PATTERN NO. 1261 | Func: SUBI | Latency:  142[1;0m
[1;32m[Core 2] PASS PATTERN NO. 1262 | Func: NAND | Latency:    9[1;0m
[1;34m[Core 1] PASS PATTERN NO. 1262 | Func:   LH | Latency:  267[1;0m
[1;34m[Core 1] PASS PATTERN NO. 1263 | Func: ADDI | Latency:    6[1;0m
[1;32m[Core 2] PASS PATTERN NO. 1263 | Func:  SUB | Latency:  264[1;0m
[1;32m[Core 2] PASS PATTERN NO. 1264 | Func:  SUB | Latency:    9[1;0m
[1;34m[Core 1] PASS PATTERN NO. 1264 | Func:   SH | Latency:  442[1;0m
[1;34m[Core 1] PASS PATTERN NO. 1265 | Func:   SH | Latency:  340[1;0m
[1;32m[Core 2] PASS PATTERN NO. 1265 | Func:   LH | Latency: 1169[1;0m
[1;34m[Core 1] PASS PATTERN NO. 1266 | Func:  SUB | Latency:  402[1;0m
[1;32m[Core 2] PASS PATTERN NO. 1266 | Func:  XOR | Latency:    6[1;0m
[1;34m[Core 1] PASS PATTERN NO. 1267 | Func:  ADD | Latency:    9[1;0m
[1;32m[Core 2] PASS PATTERN NO. 1267 | Func: NAND | Latency:    9[1;0m
[1;34m[Core 1] PASS PATTERN NO. 1268 | Func:  AND | Latency:    9[1;0m
[1;32m[Core 2] PASS PATTERN NO. 1268 | Func:  MUL | Latency:   12[1;0m
[1;34m[Core 1] PASS PATTERN NO. 1269 | Func: ADDI | Latency:    9[1;0m
[1;32m[Core 2] PASS PATTERN NO. 1269 | Func: SUBI | Latency:    6[1;0m
[1;34m[Core 1] PASS PATTERN NO. 1270 | Func:  XOR | Latency:    9[1;0m
[1;32m[Core 2] PASS PATTERN NO. 1270 | Func:  XOR | Latency:    9[1;0m
[1;34m[Core 1] PASS PATTERN NO. 1271 | Func:  SUB | Latency:    9[1;0m
[1;32m[Core 2] PASS PATTERN NO. 1271 | Func:  NOR | Latency:    9[1;0m
[1;34m[Core 1] PASS PATTERN NO. 1272 | Func:   LH | Latency:  215[1;0m
[1;32m[Core 2] PASS PATTERN NO. 1272 | Func:   LH | Latency:  642[1;0m
[1;34m[Core 1] PASS PATTERN NO. 1273 | Func:  MUL | Latency:  436[1;0m
[1;32m[Core 2] PASS PATTERN NO. 1273 | Func:  MUL | Latency:   10[1;0m
[1;34m[Core 1] PASS PATTERN NO. 1274 | Func:   LH | Latency:  163[1;0m
[1;32m[Core 2] PASS PATTERN NO. 1274 | Func:   LH | Latency:  403[1;0m
[1;34m[Core 1] PASS PATTERN NO. 1275 | Func:   LH | Latency:  666[1;0m
[1;32m[Core 2] PASS PATTERN NO. 1275 | Func:   LH | Latency:  800[1;0m
[1;32m[Core 2] PASS PATTERN NO. 1276 | Func: ADDI | Latency:    6[1;0m
[1;34m[Core 1] PASS PATTERN NO. 1276 | Func:   SH | Latency:  529[1;0m
[1;34m[Core 1] PASS PATTERN NO. 1277 | Func:   LH | Latency:  424[1;0m
[1;32m[Core 2] PASS PATTERN NO. 1277 | Func:   LH | Latency:  951[1;0m
[1;34m[Core 1] PASS PATTERN NO. 1278 | Func:  XOR | Latency:  385[1;0m
[1;32m[Core 2] PASS PATTERN NO. 1278 | Func:  NOR | Latency:    6[1;0m
[1;32m[Core 2] PASS PATTERN NO. 1279 | Func: SUBI | Latency:    9[1;0m
[1;34m[Core 1] PASS PATTERN NO. 1279 | Func:  MUL | Latency:   12[1;0m
[1;34m[Core 1] PASS PATTERN NO. 1280 | Func: SUBI | Latency:  868[1;0m
[1;32m[Core 2] PASS PATTERN NO. 1280 | Func:   SH | Latency: 1245[1;0m
[1;34m[Core 1] PASS PATTERN NO. 1281 | Func: NAND | Latency:  380[1;0m
[1;32m[Core 2] PASS PATTERN NO. 1281 | Func:   SH | Latency:  317[1;0m
[1;34m[Core 1] PASS PATTERN NO. 1282 | Func: NAND | Latency:  317[1;0m
[1;32m[Core 2] PASS PATTERN NO. 1282 | Func:   SH | Latency:  131[1;0m
[1;34m[Core 1] PASS PATTERN NO. 1283 | Func:  SLT | Latency:  131[1;0m
[1;32m[Core 2] PASS PATTERN NO. 1283 | Func: NAND | Latency:    6[1;0m
[1;34m[Core 1] PASS PATTERN NO. 1284 | Func: ADDI | Latency:    9[1;0m
[1;32m[Core 2] PASS PATTERN NO. 1284 | Func:   SH | Latency:  441[1;0m
[1;34m[Core 1] PASS PATTERN NO. 1285 | Func: ADDI | Latency:  438[1;0m
[1;32m[Core 2] PASS PATTERN NO. 1285 | Func:  XOR | Latency:    6[1;0m
[1;34m[Core 1] PASS PATTERN NO. 1286 | Func: NAND | Latency:    9[1;0m
[1;32m[Core 2] PASS PATTERN NO. 1286 | Func:  SLT | Latency:    9[1;0m
[1;34m[Core 1] PASS PATTERN NO. 1287 | Func:   OR | Latency:    9[1;0m
[1;32m[Core 2] PASS PATTERN NO. 1287 | Func: ADDI | Latency:    9[1;0m
[1;34m[Core 1] PASS PATTERN NO. 1288 | Func:  ADD | Latency:    9[1;0m
[1;32m[Core 2] PASS PATTERN NO. 1288 | Func:   OR | Latency:    9[1;0m
[1;34m[Core 1] PASS PATTERN NO. 1289 | Func:  AND | Latency:    9[1;0m
[1;32m[Core 2] PASS PATTERN NO. 1289 | Func:   LH | Latency:  183[1;0m
[1;32m[Core 2] PASS PATTERN NO. 1290 | Func: SUBI | Latency:    6[1;0m
[1;34m[Core 1] PASS PATTERN NO. 1290 | Func:   SH | Latency:  588[1;0m
[1;34m[Core 1] PASS PATTERN NO. 1291 | Func: SUBI | Latency:    6[1;0m
[1;32m[Core 2] PASS PATTERN NO. 1291 | Func:  SUB | Latency:  414[1;0m
[1;34m[Core 1] PASS PATTERN NO. 1292 | Func: NAND | Latency:    9[1;0m
[1;32m[Core 2] PASS PATTERN NO. 1292 | Func:  MUL | Latency:   12[1;0m
[1;34m[Core 1] PASS PATTERN NO. 1293 | Func: SUBI | Latency:    9[1;0m
[1;32m[Core 2] PASS PATTERN NO. 1293 | Func:   SH | Latency:  340[1;0m
[1;34m[Core 1] PASS PATTERN NO. 1294 | Func: NAND | Latency:  340[1;0m
[1;32m[Core 2] PASS PATTERN NO. 1294 | Func:   LH | Latency:  189[1;0m
[1;34m[Core 1] PASS PATTERN NO. 1295 | Func:  SUB | Latency:  189[1;0m
[1;32m[Core 2] PASS PATTERN NO. 1295 | Func:  MUL | Latency:    9[1;0m
[1;34m[Core 1] PASS PATTERN NO. 1296 | Func: SUBI | Latency:    9[1;0m
[1;32m[Core 2] PASS PATTERN NO. 1296 | Func:   SH | Latency:  114[1;0m
[1;32m[Core 2] PASS PATTERN NO. 1297 | Func: SUBI | Latency:    6[1;0m
[1;34m[Core 1] PASS PATTERN NO. 1297 | Func:   SH | Latency:  418[1;0m
[1;34m[Core 1] PASS PATTERN NO. 1298 | Func: ADDI | Latency:    6[1;0m
[1;32m[Core 2] PASS PATTERN NO. 1298 | Func:   LH | Latency:  744[1;0m
[1;34m[Core 1] PASS PATTERN NO. 1299 | Func:   OR | Latency:  440[1;0m
[1;32m[Core 2] PASS PATTERN NO. 1299 | Func:  MUL | Latency:    9[1;0m
[1;33m[Info] Global Memory Check Passed at IC 50-boundary (Snapshot 25)[1;0m
[1;32m[Core 2] PASS PATTERN NO. 1300 | Func:  SLT | Latency:    6[1;0m
[1;34m[Core 1] PASS PATTERN NO. 1300 | Func:   SH | Latency:  172[1;0m
[1;34m[Core 1] PASS PATTERN NO. 1301 | Func: SUBI | Latency:    6[1;0m
[1;32m[Core 2] PASS PATTERN NO. 1301 | Func: SUBI | Latency:  169[1;0m
[1;34m[Core 1] PASS PATTERN NO. 1302 | Func: ADDI | Latency:    9[1;0m
[1;32m[Core 2] PASS PATTERN NO. 1302 | Func:  NOR | Latency:    9[1;0m
[1;34m[Core 1] PASS PATTERN NO. 1303 | Func:  NOR | Latency:    9[1;0m
[1;32m[Core 2] PASS PATTERN NO. 1303 | Func:   SH | Latency:  469[1;0m
[1;32m[Core 2] PASS PATTERN NO. 1304 | Func:  AND | Latency:    6[1;0m
[1;34m[Core 1] PASS PATTERN NO. 1304 | Func:   SH | Latency:  687[1;0m
[1;34m[Core 1] PASS PATTERN NO. 1305 | Func:  SUB | Latency:    6[1;0m
[1;32m[Core 2] PASS PATTERN NO. 1305 | Func:   OR | Latency:  227[1;0m
[1;32m[Core 2] PASS PATTERN NO. 1306 | Func: ADDI | Latency:    9[1;0m
[1;34m[Core 1] PASS PATTERN NO. 1306 | Func:   SH | Latency:  317[1;0m
[1;34m[Core 1] PASS PATTERN NO. 1307 | Func:  XOR | Latency:    6[1;0m
[1;32m[Core 2] PASS PATTERN NO. 1307 | Func:  XOR | Latency:  314[1;0m
[1;34m[Core 1] PASS PATTERN NO. 1308 | Func: ADDI | Latency:    9[1;0m
[1;32m[Core 2] PASS PATTERN NO. 1308 | Func: NAND | Latency:    9[1;0m
[1;34m[Core 1] PASS PATTERN NO. 1309 | Func: ADDI | Latency:    9[1;0m
[1;32m[Core 2] PASS PATTERN NO. 1309 | Func:  NOR | Latency:    9[1;0m
[1;34m[Core 1] PASS PATTERN NO. 1310 | Func: ADDI | Latency:    9[1;0m
[1;32m[Core 2] PASS PATTERN NO. 1310 | Func: SUBI | Latency:    9[1;0m
[1;34m[Core 1] PASS PATTERN NO. 1311 | Func:  ADD | Latency:    9[1;0m
[1;32m[Core 2] PASS PATTERN NO. 1311 | Func: NAND | Latency:    9[1;0m
[1;34m[Core 1] PASS PATTERN NO. 1312 | Func:   SH | Latency: 1067[1;0m
[1;32m[Core 2] PASS PATTERN NO. 1312 | Func:   LH | Latency: 1465[1;0m
[1;34m[Core 1] PASS PATTERN NO. 1313 | Func:  MUL | Latency:  407[1;0m
[1;32m[Core 2] PASS PATTERN NO. 1313 | Func:   SH | Latency:  466[1;0m
[1;34m[Core 1] PASS PATTERN NO. 1314 | Func:  MUL | Latency:  466[1;0m
[1;32m[Core 2] PASS PATTERN NO. 1314 | Func:   LH | Latency:  505[1;0m
[1;32m[Core 2] PASS PATTERN NO. 1315 | Func:  MUL | Latency:    9[1;0m
[1;34m[Core 1] PASS PATTERN NO. 1315 | Func:   LH | Latency:  985[1;0m
[1;34m[Core 1] PASS PATTERN NO. 1316 | Func: SUBI | Latency:    6[1;0m
[1;32m[Core 2] PASS PATTERN NO. 1316 | Func:  MUL | Latency:  489[1;0m
[1;34m[Core 1] PASS PATTERN NO. 1317 | Func:  XOR | Latency:    9[1;0m
[1;32m[Core 2] PASS PATTERN NO. 1317 | Func:   SH | Latency:  235[1;0m
[1;34m[Core 1] PASS PATTERN NO. 1318 | Func:  XOR | Latency:  235[1;0m
[1;32m[Core 2] PASS PATTERN NO. 1318 | Func:  SUB | Latency:    6[1;0m
[1;34m[Core 1] PASS PATTERN NO. 1319 | Func:   LH | Latency:  117[1;0m
[1;32m[Core 2] PASS PATTERN NO. 1319 | Func:   LH | Latency:  306[1;0m
[1;34m[Core 1] PASS PATTERN NO. 1320 | Func: NAND | Latency:  195[1;0m
[1;32m[Core 2] PASS PATTERN NO. 1320 | Func:  MUL | Latency:    9[1;0m
[1;32m[Core 2] PASS PATTERN NO. 1321 | Func:  SUB | Latency:    6[1;0m
[1;34m[Core 1] PASS PATTERN NO. 1321 | Func:   LH | Latency:  255[1;0m
[1;34m[Core 1] PASS PATTERN NO. 1322 | Func:  XOR | Latency:    6[1;0m
[1;32m[Core 2] PASS PATTERN NO. 1322 | Func:  SLT | Latency:  252[1;0m
[1;34m[Core 1] PASS PATTERN NO. 1323 | Func: NAND | Latency:    9[1;0m
[1;32m[Core 2] PASS PATTERN NO. 1323 | Func:  MUL | Latency:   12[1;0m
[1;34m[Core 1] PASS PATTERN NO. 1324 | Func: NAND | Latency:    9[1;0m
[1;32m[Core 2] PASS PATTERN NO. 1324 | Func: SUBI | Latency:    6[1;0m
[1;34m[Core 1] PASS PATTERN NO. 1325 | Func:  XOR | Latency:    9[1;0m
[1;32m[Core 2] PASS PATTERN NO. 1325 | Func:   LH | Latency:  168[1;0m
[1;32m[Core 2] PASS PATTERN NO. 1326 | Func:  NOR | Latency:    6[1;0m
[1;34m[Core 1] PASS PATTERN NO. 1326 | Func:   SH | Latency:  608[1;0m
[1;34m[Core 1] PASS PATTERN NO. 1327 | Func:  XOR | Latency:    6[1;0m
[1;32m[Core 2] PASS PATTERN NO. 1327 | Func:   LH | Latency:  818[1;0m
[1;34m[Core 1] PASS PATTERN NO. 1328 | Func:  MUL | Latency:  378[1;0m
[1;32m[Core 2] PASS PATTERN NO. 1328 | Func:   SH | Latency:  150[1;0m
[1;34m[Core 1] PASS PATTERN NO. 1329 | Func:  ADD | Latency:  147[1;0m
[1;32m[Core 2] PASS PATTERN NO. 1329 | Func:   LH | Latency:  142[1;0m
[1;34m[Core 1] PASS PATTERN NO. 1330 | Func:   SH | Latency:  647[1;0m
[1;32m[Core 2] PASS PATTERN NO. 1330 | Func:   LH | Latency:  901[1;0m
[1;34m[Core 1] PASS PATTERN NO. 1331 | Func:  MUL | Latency:  399[1;0m
[1;32m[Core 2] PASS PATTERN NO. 1331 | Func:   SH | Latency:  366[1;0m
[1;34m[Core 1] PASS PATTERN NO. 1332 | Func: SUBI | Latency:  363[1;0m
[1;32m[Core 2] PASS PATTERN NO. 1332 | Func:  NOR | Latency:    6[1;0m
[1;34m[Core 1] PASS PATTERN NO. 1333 | Func:  NOR | Latency:    9[1;0m
[1;32m[Core 2] PASS PATTERN NO. 1333 | Func:   LH | Latency:  393[1;0m
[1;34m[Core 1] PASS PATTERN NO. 1334 | Func: ADDI | Latency:  390[1;0m
[1;32m[Core 2] PASS PATTERN NO. 1334 | Func:   SH | Latency:  487[1;0m
[1;32m[Core 2] PASS PATTERN NO. 1335 | Func:  NOR | Latency:    6[1;0m
[1;34m[Core 1] PASS PATTERN NO. 1335 | Func:   SH | Latency:  757[1;0m
[1;34m[Core 1] PASS PATTERN NO. 1336 | Func:  SUB | Latency:    6[1;0m
[1;32m[Core 2] PASS PATTERN NO. 1336 | Func:  SLT | Latency:  276[1;0m
[1;34m[Core 1] PASS PATTERN NO. 1337 | Func: NAND | Latency:    9[1;0m
[1;32m[Core 2] PASS PATTERN NO. 1337 | Func:   LH | Latency:  409[1;0m
[1;32m[Core 2] PASS PATTERN NO. 1338 | Func:  SLT | Latency:    6[1;0m
[1;34m[Core 1] PASS PATTERN NO. 1338 | Func:   LH | Latency:  635[1;0m
[1;34m[Core 1] PASS PATTERN NO. 1339 | Func:   LH | Latency:  111[1;0m
[1;32m[Core 2] PASS PATTERN NO. 1339 | Func:   LH | Latency:  798[1;0m
[1;34m[Core 1] PASS PATTERN NO. 1340 | Func: SUBI | Latency:  464[1;0m
[1;32m[Core 2] PASS PATTERN NO. 1340 | Func:  MUL | Latency:    9[1;0m
[1;34m[Core 1] PASS PATTERN NO. 1341 | Func:  XOR | Latency:    9[1;0m
[1;32m[Core 2] PASS PATTERN NO. 1341 | Func:  NOR | Latency:    6[1;0m
[1;34m[Core 1] PASS PATTERN NO. 1342 | Func: SUBI | Latency:    9[1;0m
[1;32m[Core 2] PASS PATTERN NO. 1342 | Func: NAND | Latency:    9[1;0m
[1;34m[Core 1] PASS PATTERN NO. 1343 | Func:   SH | Latency:  310[1;0m
[1;32m[Core 2] PASS PATTERN NO. 1343 | Func:   LH | Latency:  446[1;0m
[1;34m[Core 1] PASS PATTERN NO. 1344 | Func: SUBI | Latency:  887[1;0m
[1;32m[Core 2] PASS PATTERN NO. 1344 | Func:  ADD | Latency:  751[1;0m
[1;32m[Core 2] PASS PATTERN NO. 1345 | Func:   OR | Latency:    9[1;0m
[1;34m[Core 1] PASS PATTERN NO. 1345 | Func:   SH | Latency:  131[1;0m
[1;34m[Core 1] PASS PATTERN NO. 1346 | Func:  NOR | Latency:    6[1;0m
[1;32m[Core 2] PASS PATTERN NO. 1346 | Func:  XOR | Latency:  128[1;0m
[1;34m[Core 1] PASS PATTERN NO. 1347 | Func:  SUB | Latency:    9[1;0m
[1;32m[Core 2] PASS PATTERN NO. 1347 | Func:  SUB | Latency:    9[1;0m
[1;34m[Core 1] PASS PATTERN NO. 1348 | Func:  SUB | Latency:    9[1;0m
[1;32m[Core 2] PASS PATTERN NO. 1348 | Func: ADDI | Latency:    9[1;0m
[1;34m[Core 1] PASS PATTERN NO. 1349 | Func:  MUL | Latency:   12[1;0m
[1;32m[Core 2] PASS PATTERN NO. 1349 | Func:   SH | Latency:  406[1;0m
[1;33m[Info] Global Memory Check Passed at IC 50-boundary (Snapshot 26)[1;0m
[1;34m[Core 1] PASS PATTERN NO. 1350 | Func:   OR | Latency:  400[1;0m
[1;32m[Core 2] PASS PATTERN NO. 1350 | Func:  MUL | Latency:    9[1;0m
[1;34m[Core 1] PASS PATTERN NO. 1351 | Func:   LH | Latency:  163[1;0m
[1;32m[Core 2] PASS PATTERN NO. 1351 | Func:   LH | Latency:  611[1;0m
[1;34m[Core 1] PASS PATTERN NO. 1352 | Func:  XOR | Latency:  457[1;0m
[1;32m[Core 2] PASS PATTERN NO. 1352 | Func:   SH | Latency:  494[1;0m
[1;34m[Core 1] PASS PATTERN NO. 1353 | Func:  SUB | Latency:  494[1;0m
[1;32m[Core 2] PASS PATTERN NO. 1353 | Func:   SH | Latency:  501[1;0m
[1;32m[Core 2] PASS PATTERN NO. 1354 | Func: ADDI | Latency:    6[1;0m
[1;34m[Core 1] PASS PATTERN NO. 1354 | Func:   SH | Latency:  676[1;0m
[1;32m[Core 2] PASS PATTERN NO. 1355 | Func:  AND | Latency:  181[1;0m
[1;34m[Core 1] PASS PATTERN NO. 1355 | Func:   SH | Latency:  492[1;0m
[1;34m[Core 1] PASS PATTERN NO. 1356 | Func:  XOR | Latency:    6[1;0m
[1;32m[Core 2] PASS PATTERN NO. 1356 | Func:  SLT | Latency:  492[1;0m
[1;32m[Core 2] PASS PATTERN NO. 1357 | Func:  ADD | Latency:    9[1;0m
[1;34m[Core 1] PASS PATTERN NO. 1357 | Func:  MUL | Latency:   12[1;0m
[1;34m[Core 1] PASS PATTERN NO. 1358 | Func: SUBI | Latency:    6[1;0m
[1;32m[Core 2] PASS PATTERN NO. 1358 | Func:  NOR | Latency:    9[1;0m
[1;34m[Core 1] PASS PATTERN NO. 1359 | Func:   OR | Latency:    9[1;0m
[1;32m[Core 2] PASS PATTERN NO. 1359 | Func:   OR | Latency:    9[1;0m
[1;34m[Core 1] PASS PATTERN NO. 1360 | Func: SUBI | Latency:    9[1;0m
[1;32m[Core 2] PASS PATTERN NO. 1360 | Func:  XOR | Latency:    9[1;0m
[1;34m[Core 1] PASS PATTERN NO. 1361 | Func:  AND | Latency:    9[1;0m
[1;32m[Core 2] PASS PATTERN NO. 1361 | Func:   LH | Latency:  117[1;0m
[1;34m[Core 1] PASS PATTERN NO. 1362 | Func:  XOR | Latency:  114[1;0m
[1;32m[Core 2] PASS PATTERN NO. 1362 | Func:   SH | Latency:  323[1;0m
[1;34m[Core 1] PASS PATTERN NO. 1363 | Func:  AND | Latency:  323[1;0m
[1;32m[Core 2] PASS PATTERN NO. 1363 | Func: NAND | Latency:    6[1;0m
[1;34m[Core 1] PASS PATTERN NO. 1364 | Func:   LH | Latency:  393[1;0m
[1;32m[Core 2] PASS PATTERN NO. 1364 | Func:   LH | Latency:  787[1;0m
[1;34m[Core 1] PASS PATTERN NO. 1365 | Func:  NOR | Latency:  400[1;0m
[1;32m[Core 2] PASS PATTERN NO. 1365 | Func:   SH | Latency:  235[1;0m
[1;32m[Core 2] PASS PATTERN NO. 1366 | Func: ADDI | Latency:    6[1;0m
[1;34m[Core 1] PASS PATTERN NO. 1366 | Func:  MUL | Latency:  238[1;0m
[1;34m[Core 1] PASS PATTERN NO. 1367 | Func: SUBI | Latency:    6[1;0m
[1;32m[Core 2] PASS PATTERN NO. 1367 | Func: SUBI | Latency:    9[1;0m
[1;32m[Core 2] PASS PATTERN NO. 1368 | Func: ADDI | Latency:    9[1;0m
[1;34m[Core 1] PASS PATTERN NO. 1368 | Func:   SH | Latency:  256[1;0m
[1;34m[Core 1] PASS PATTERN NO. 1369 | Func:  SUB | Latency:    6[1;0m
[1;32m[Core 2] PASS PATTERN NO. 1369 | Func:   LH | Latency:  425[1;0m
[1;34m[Core 1] PASS PATTERN NO. 1370 | Func:  AND | Latency:  178[1;0m
[1;32m[Core 2] PASS PATTERN NO. 1370 | Func:   SH | Latency:  151[1;0m
[1;34m[Core 1] PASS PATTERN NO. 1371 | Func:   LH | Latency:  404[1;0m
[1;32m[Core 2] PASS PATTERN NO. 1371 | Func:   LH | Latency:  602[1;0m
[1;34m[Core 1] PASS PATTERN NO. 1372 | Func:   LH | Latency:  816[1;0m
[1;32m[Core 2] PASS PATTERN NO. 1372 | Func:   LH | Latency:  797[1;0m
[1;34m[Core 1] PASS PATTERN NO. 1373 | Func: SUBI | Latency:  330[1;0m
[1;32m[Core 2] PASS PATTERN NO. 1373 | Func: SUBI | Latency:    6[1;0m
[1;34m[Core 1] PASS PATTERN NO. 1374 | Func:  MUL | Latency:   12[1;0m
[1;32m[Core 2] PASS PATTERN NO. 1374 | Func:   SH | Latency:  439[1;0m
[1;34m[Core 1] PASS PATTERN NO. 1375 | Func: SUBI | Latency:  433[1;0m
[1;32m[Core 2] PASS PATTERN NO. 1375 | Func: NAND | Latency:    6[1;0m
[1;34m[Core 1] PASS PATTERN NO. 1376 | Func:   SH | Latency: 1065[1;0m
[1;32m[Core 2] PASS PATTERN NO. 1376 | Func:   LH | Latency: 1536[1;0m
[1;34m[Core 1] PASS PATTERN NO. 1377 | Func:   OR | Latency:  477[1;0m
[1;32m[Core 2] PASS PATTERN NO. 1377 | Func: SUBI | Latency:    6[1;0m
[1;34m[Core 1] PASS PATTERN NO. 1378 | Func:  AND | Latency:    9[1;0m
[1;32m[Core 2] PASS PATTERN NO. 1378 | Func:  SUB | Latency:    9[1;0m
[1;32m[Core 2] PASS PATTERN NO. 1379 | Func:  NOR | Latency:    9[1;0m
[1;34m[Core 1] PASS PATTERN NO. 1379 | Func:   SH | Latency:  317[1;0m
[1;34m[Core 1] PASS PATTERN NO. 1380 | Func: SUBI | Latency:    6[1;0m
[1;32m[Core 2] PASS PATTERN NO. 1380 | Func:  XOR | Latency:  314[1;0m
[1;34m[Core 1] PASS PATTERN NO. 1381 | Func: NAND | Latency:    9[1;0m
[1;32m[Core 2] PASS PATTERN NO. 1381 | Func: ADDI | Latency:    9[1;0m
[1;32m[Core 2] PASS PATTERN NO. 1382 | Func:   SH | Latency:  303[1;0m
[1;34m[Core 1] PASS PATTERN NO. 1382 | Func:   LH | Latency:  529[1;0m
[1;34m[Core 1] PASS PATTERN NO. 1383 | Func: ADDI | Latency:    6[1;0m
[1;32m[Core 2] PASS PATTERN NO. 1383 | Func:   LH | Latency:  654[1;0m
[1;34m[Core 1] PASS PATTERN NO. 1384 | Func:   SH | Latency:  852[1;0m
[1;32m[Core 2] PASS PATTERN NO. 1384 | Func:   LH | Latency:  809[1;0m
[1;34m[Core 1] PASS PATTERN NO. 1385 | Func:  AND | Latency:  385[1;0m
[1;32m[Core 2] PASS PATTERN NO. 1385 | Func:   SH | Latency:  178[1;0m
[1;34m[Core 1] PASS PATTERN NO. 1386 | Func:  XOR | Latency:  178[1;0m
[1;32m[Core 2] PASS PATTERN NO. 1386 | Func:  NOR | Latency:    6[1;0m
[1;32m[Core 2] PASS PATTERN NO. 1387 | Func:   SH | Latency:  345[1;0m
[1;34m[Core 1] PASS PATTERN NO. 1387 | Func:   LH | Latency:  558[1;0m
[1;34m[Core 1] PASS PATTERN NO. 1388 | Func: NAND | Latency:    6[1;0m
[1;32m[Core 2] PASS PATTERN NO. 1388 | Func:  MUL | Latency:  222[1;0m
[1;34m[Core 1] PASS PATTERN NO. 1389 | Func:  XOR | Latency:    9[1;0m
[1;32m[Core 2] PASS PATTERN NO. 1389 | Func:  XOR | Latency:    6[1;0m
[1;32m[Core 2] PASS PATTERN NO. 1390 | Func:  SUB | Latency:    9[1;0m
[1;34m[Core 1] PASS PATTERN NO. 1390 | Func:   LH | Latency:  370[1;0m
[1;32m[Core 2] PASS PATTERN NO. 1391 | Func:  ADD | Latency:  367[1;0m
[1;34m[Core 1] PASS PATTERN NO. 1391 | Func:  MUL | Latency:    9[1;0m
[1;34m[Core 1] PASS PATTERN NO. 1392 | Func: NAND | Latency:    6[1;0m
[1;32m[Core 2] PASS PATTERN NO. 1392 | Func:   OR | Latency:    9[1;0m
[1;34m[Core 1] PASS PATTERN NO. 1393 | Func:   SH | Latency:  385[1;0m
[1;32m[Core 2] PASS PATTERN NO. 1393 | Func:   LH | Latency:  773[1;0m
[1;34m[Core 1] PASS PATTERN NO. 1394 | Func: NAND | Latency:  394[1;0m
[1;32m[Core 2] PASS PATTERN NO. 1394 | Func:  SUB | Latency:    6[1;0m
[1;34m[Core 1] PASS PATTERN NO. 1395 | Func: SUBI | Latency:    9[1;0m
[1;32m[Core 2] PASS PATTERN NO. 1395 | Func:  AND | Latency:    9[1;0m
[1;34m[Core 1] PASS PATTERN NO. 1396 | Func:  AND | Latency:    9[1;0m
[1;32m[Core 2] PASS PATTERN NO. 1396 | Func:   LH | Latency:  319[1;0m
[1;32m[Core 2] PASS PATTERN NO. 1397 | Func:  XOR | Latency:    6[1;0m
[1;34m[Core 1] PASS PATTERN NO. 1397 | Func:  MUL | Latency:  319[1;0m
[1;32m[Core 2] PASS PATTERN NO. 1398 | Func: NAND | Latency:    9[1;0m
[1;34m[Core 1] PASS PATTERN NO. 1398 | Func:   LH | Latency:  199[1;0m
[1;34m[Core 1] PASS PATTERN NO. 1399 | Func:  XOR | Latency:    6[1;0m
[1;32m[Core 2] PASS PATTERN NO. 1399 | Func:  SUB | Latency:  199[1;0m
[1;33m[Info] Global Memory Check Passed at IC 50-boundary (Snapshot 27)[1;0m
[1;32m[Core 2] PASS PATTERN NO. 1400 | Func: ADDI | Latency:    9[1;0m
[1;34m[Core 1] PASS PATTERN NO. 1400 | Func:   SH | Latency:  386[1;0m
[1;32m[Core 2] PASS PATTERN NO. 1401 | Func:  SUB | Latency:  383[1;0m
[1;34m[Core 1] PASS PATTERN NO. 1401 | Func:   SH | Latency:  407[1;0m
[1;34m[Core 1] PASS PATTERN NO. 1402 | Func:  NOR | Latency:    6[1;0m
[1;32m[Core 2] PASS PATTERN NO. 1402 | Func: ADDI | Latency:  407[1;0m
[1;32m[Core 2] PASS PATTERN NO. 1403 | Func:  SUB | Latency:    9[1;0m
[1;34m[Core 1] PASS PATTERN NO. 1403 | Func:   LH | Latency:  478[1;0m
[1;34m[Core 1] PASS PATTERN NO. 1404 | Func:    J | Latency:    5[1;0m
[1;32m[Core 2] PASS PATTERN NO. 1404 | Func:    J | Latency:  474[1;0m
[1;34m[Core 1] PASS PATTERN NO. 1405 | Func:  MUL | Latency:  326[1;0m
[1;32m[Core 2] PASS PATTERN NO. 1405 | Func:   SH | Latency:  562[1;0m
[1;32m[Core 2] PASS PATTERN NO. 1406 | Func: NAND | Latency:    6[1;0m
[1;34m[Core 1] PASS PATTERN NO. 1406 | Func:   LH | Latency:  705[1;0m
[1;34m[Core 1] PASS PATTERN NO. 1407 | Func:  XOR | Latency:    6[1;0m
[1;32m[Core 2] PASS PATTERN NO. 1407 | Func: ADDI | Latency:  469[1;0m
[1;32m[Core 2] PASS PATTERN NO. 1408 | Func:  ADD | Latency:    9[1;0m
[1;34m[Core 1] PASS PATTERN NO. 1408 | Func:  MUL | Latency:   12[1;0m
[1;34m[Core 1] PASS PATTERN NO. 1409 | Func:  SLT | Latency:    6[1;0m
[1;32m[Core 2] PASS PATTERN NO. 1409 | Func:   LH | Latency:  297[1;0m
[1;34m[Core 1] PASS PATTERN NO. 1410 | Func: SUBI | Latency:  294[1;0m
[1;32m[Core 2] PASS PATTERN NO. 1410 | Func: ADDI | Latency:    6[1;0m
[1;32m[Core 2] PASS PATTERN NO. 1411 | Func:   OR | Latency:    9[1;0m
[1;34m[Core 1] PASS PATTERN NO. 1411 | Func:   LH | Latency:  213[1;0m
[1;32m[Core 2] PASS PATTERN NO. 1412 | Func:  AND | Latency:  210[1;0m
[1;34m[Core 1] PASS PATTERN NO. 1412 | Func:  MUL | Latency:    9[1;0m
[1;34m[Core 1] PASS PATTERN NO. 1413 | Func:  MUL | Latency:    9[1;0m
[1;32m[Core 2] PASS PATTERN NO. 1413 | Func:   SH | Latency:  440[1;0m
[1;34m[Core 1] PASS PATTERN NO. 1414 | Func: SUBI | Latency:  434[1;0m
[1;32m[Core 2] PASS PATTERN NO. 1414 | Func:   LH | Latency:  428[1;0m
[1;32m[Core 2] PASS PATTERN NO. 1415 | Func:  ADD | Latency:    6[1;0m
[1;34m[Core 1] PASS PATTERN NO. 1415 | Func:   LH | Latency:  606[1;0m
[1;34m[Core 1] PASS PATTERN NO. 1416 | Func: ADDI | Latency:    6[1;0m
[1;32m[Core 2] PASS PATTERN NO. 1416 | Func:  XOR | Latency:  184[1;0m
[1;34m[Core 1] PASS PATTERN NO. 1417 | Func:   OR | Latency:    9[1;0m
[1;32m[Core 2] PASS PATTERN NO. 1417 | Func:   OR | Latency:    9[1;0m
[1;32m[Core 2] PASS PATTERN NO. 1418 | Func:  XOR | Latency:    9[1;0m
[1;34m[Core 1] PASS PATTERN NO. 1418 | Func:   LH | Latency:  169[1;0m
[1;34m[Core 1] PASS PATTERN NO. 1419 | Func:    J | Latency:    5[1;0m
[1;32m[Core 2] PASS PATTERN NO. 1419 | Func:    J | Latency:  165[1;0m
[1;34m[Core 1] PASS PATTERN NO. 1420 | Func:   SH | Latency: 1262[1;0m
[1;32m[Core 2] PASS PATTERN NO. 1420 | Func:   LH | Latency: 1711[1;0m
[1;32m[Core 2] PASS PATTERN NO. 1421 | Func:  MUL | Latency:    9[1;0m
[1;34m[Core 1] PASS PATTERN NO. 1421 | Func:   LH | Latency:  572[1;0m
[1;34m[Core 1] PASS PATTERN NO. 1422 | Func:  MUL | Latency:    9[1;0m
[1;32m[Core 2] PASS PATTERN NO. 1422 | Func:   LH | Latency:  512[1;0m
[1;34m[Core 1] PASS PATTERN NO. 1423 | Func:  AND | Latency:  395[1;0m
[1;32m[Core 2] PASS PATTERN NO. 1423 | Func:   LH | Latency:  460[1;0m
[1;32m[Core 2] PASS PATTERN NO. 1424 | Func:   SH | Latency:  271[1;0m
[1;34m[Core 1] PASS PATTERN NO. 1424 | Func:   LH | Latency: 1118[1;0m
[1;34m[Core 1] PASS PATTERN NO. 1425 | Func:   OR | Latency:  166[1;0m
[1;32m[Core 2] PASS PATTERN NO. 1425 | Func:   LH | Latency:  862[1;0m
[1;34m[Core 1] PASS PATTERN NO. 1426 | Func:  XOR | Latency:  309[1;0m
[1;32m[Core 2] PASS PATTERN NO. 1426 | Func:   SH | Latency:  405[1;0m
[1;34m[Core 1] PASS PATTERN NO. 1427 | Func:  AND | Latency:  405[1;0m
[1;32m[Core 2] PASS PATTERN NO. 1427 | Func:   SH | Latency:  249[1;0m
[1;34m[Core 1] PASS PATTERN NO. 1428 | Func:  NOR | Latency:  249[1;0m
[1;32m[Core 2] PASS PATTERN NO. 1428 | Func:  MUL | Latency:    9[1;0m
[1;32m[Core 2] PASS PATTERN NO. 1429 | Func: ADDI | Latency:    6[1;0m
[1;34m[Core 1] PASS PATTERN NO. 1429 | Func:   LH | Latency:  477[1;0m
[1;34m[Core 1] PASS PATTERN NO. 1430 | Func: ADDI | Latency:    6[1;0m
[1;32m[Core 2] PASS PATTERN NO. 1430 | Func:  SLT | Latency:  474[1;0m
[1;34m[Core 1] PASS PATTERN NO. 1431 | Func:   SH | Latency:  362[1;0m
[1;32m[Core 2] PASS PATTERN NO. 1431 | Func:   LH | Latency:  472[1;0m
[1;34m[Core 1] PASS PATTERN NO. 1432 | Func:  NOR | Latency:  116[1;0m
[1;32m[Core 2] PASS PATTERN NO. 1432 | Func:  SLT | Latency:    6[1;0m
[1;34m[Core 1] PASS PATTERN NO. 1433 | Func: ADDI | Latency:    9[1;0m
[1;32m[Core 2] PASS PATTERN NO. 1433 | Func:  ADD | Latency:    9[1;0m
[1;32m[Core 2] PASS PATTERN NO. 1434 | Func:  ADD | Latency:    9[1;0m
[1;34m[Core 1] PASS PATTERN NO. 1434 | Func:   SH | Latency:  420[1;0m
[1;34m[Core 1] PASS PATTERN NO. 1435 | Func:   LH | Latency:  391[1;0m
[1;32m[Core 2] PASS PATTERN NO. 1435 | Func:   LH | Latency:  939[1;0m
[1;34m[Core 1] PASS PATTERN NO. 1436 | Func:  MUL | Latency:  146[1;0m
[1;32m[Core 2] PASS PATTERN NO. 1436 | Func:  MUL | Latency:   10[1;0m
[1;34m[Core 1] PASS PATTERN NO. 1437 | Func: SUBI | Latency:    9[1;0m
[1;32m[Core 2] PASS PATTERN NO. 1437 | Func:   LH | Latency:  315[1;0m
[1;32m[Core 2] PASS PATTERN NO. 1438 | Func:   OR | Latency:    6[1;0m
[1;34m[Core 1] PASS PATTERN NO. 1438 | Func:   LH | Latency:  526[1;0m
[1;32m[Core 2] PASS PATTERN NO. 1439 | Func:  SUB | Latency:  219[1;0m
[1;34m[Core 1] PASS PATTERN NO. 1439 | Func:   LH | Latency:  356[1;0m
[1;34m[Core 1] PASS PATTERN NO. 1440 | Func:  SLT | Latency:    6[1;0m
[1;32m[Core 2] PASS PATTERN NO. 1440 | Func:  AND | Latency:  356[1;0m
[1;32m[Core 2] PASS PATTERN NO. 1441 | Func: SUBI | Latency:    9[1;0m
[1;34m[Core 1] PASS PATTERN NO. 1441 | Func:   SH | Latency:  279[1;0m
[1;34m[Core 1] PASS PATTERN NO. 1442 | Func: ADDI | Latency:    6[1;0m
[1;32m[Core 2] PASS PATTERN NO. 1442 | Func:   LH | Latency:  388[1;0m
[1;34m[Core 1] PASS PATTERN NO. 1443 | Func:  MUL | Latency:  121[1;0m
[1;32m[Core 2] PASS PATTERN NO. 1443 | Func:   LH | Latency:  399[1;0m
[1;34m[Core 1] PASS PATTERN NO. 1444 | Func:  SLT | Latency:  396[1;0m
[1;32m[Core 2] PASS PATTERN NO. 1444 | Func:  MUL | Latency:    9[1;0m
[1;32m[Core 2] PASS PATTERN NO. 1445 | Func: ADDI | Latency:    6[1;0m
[1;34m[Core 1] PASS PATTERN NO. 1445 | Func:   LH | Latency:  308[1;0m
[1;32m[Core 2] PASS PATTERN NO. 1446 | Func: ADDI | Latency:  305[1;0m
[1;34m[Core 1] PASS PATTERN NO. 1446 | Func:  MUL | Latency:    9[1;0m
[1;34m[Core 1] PASS PATTERN NO. 1447 | Func: NAND | Latency:    6[1;0m
[1;32m[Core 2] PASS PATTERN NO. 1447 | Func: NAND | Latency:    9[1;0m
[1;32m[Core 2] PASS PATTERN NO. 1448 | Func:   OR | Latency:    9[1;0m
[1;34m[Core 1] PASS PATTERN NO. 1448 | Func:   LH | Latency:  401[1;0m
[1;34m[Core 1] PASS PATTERN NO. 1449 | Func:  ADD | Latency:    6[1;0m
[1;32m[Core 2] PASS PATTERN NO. 1449 | Func:   OR | Latency:  398[1;0m
[1;33m[Info] Global Memory Check Passed at IC 50-boundary (Snapshot 28)[1;0m
[1;34m[Core 1] PASS PATTERN NO. 1450 | Func:  AND | Latency:    9[1;0m
[1;32m[Core 2] PASS PATTERN NO. 1450 | Func:   SH | Latency:  121[1;0m
[1;34m[Core 1] PASS PATTERN NO. 1451 | Func: ADDI | Latency:  118[1;0m
[1;32m[Core 2] PASS PATTERN NO. 1451 | Func:  NOR | Latency:    6[1;0m
[1;32m[Core 2] PASS PATTERN NO. 1452 | Func: SUBI | Latency:    9[1;0m
[1;34m[Core 1] PASS PATTERN NO. 1452 | Func:   SH | Latency:  343[1;0m
[1;34m[Core 1] PASS PATTERN NO. 1453 | Func:  AND | Latency:    6[1;0m
[1;32m[Core 2] PASS PATTERN NO. 1453 | Func: ADDI | Latency:  340[1;0m
[1;34m[Core 1] PASS PATTERN NO. 1454 | Func:  MUL | Latency:   12[1;0m
[1;32m[Core 2] PASS PATTERN NO. 1454 | Func:  MUL | Latency:   13[1;0m
[1;34m[Core 1] PASS PATTERN NO. 1455 | Func: NAND | Latency:    9[1;0m
[1;32m[Core 2] PASS PATTERN NO. 1455 | Func:  AND | Latency:    8[1;0m
[1;32m[Core 2] PASS PATTERN NO. 1456 | Func:  AND | Latency:    9[1;0m
[1;34m[Core 1] PASS PATTERN NO. 1456 | Func:   SH | Latency:  439[1;0m
[1;34m[Core 1] PASS PATTERN NO. 1457 | Func:  MUL | Latency:  304[1;0m
[1;32m[Core 2] PASS PATTERN NO. 1457 | Func:   SH | Latency:  997[1;0m
[1;32m[Core 2] PASS PATTERN NO. 1458 | Func:  ADD | Latency:    6[1;0m
[1;34m[Core 1] PASS PATTERN NO. 1458 | Func:   LH | Latency:  429[1;0m
[1;34m[Core 1] PASS PATTERN NO. 1459 | Func:   SH | Latency:  280[1;0m
[1;32m[Core 2] PASS PATTERN NO. 1459 | Func:   LH | Latency:  556[1;0m
[1;34m[Core 1] PASS PATTERN NO. 1460 | Func: NAND | Latency:  122[1;0m
[1;32m[Core 2] PASS PATTERN NO. 1460 | Func:  ADD | Latency:    6[1;0m
[1;32m[Core 2] PASS PATTERN NO. 1461 | Func:  AND | Latency:    9[1;0m
[1;34m[Core 1] PASS PATTERN NO. 1461 | Func:  MUL | Latency:   12[1;0m
[1;34m[Core 1] PASS PATTERN NO. 1462 | Func:  SUB | Latency:    6[1;0m
[1;32m[Core 2] PASS PATTERN NO. 1462 | Func:   LH | Latency:  463[1;0m
[1;34m[Core 1] PASS PATTERN NO. 1463 | Func:   SH | Latency:  734[1;0m
[1;32m[Core 2] PASS PATTERN NO. 1463 | Func:   LH | Latency:  664[1;0m
[1;34m[Core 1] PASS PATTERN NO. 1464 | Func:   LH | Latency:  581[1;0m
[1;32m[Core 2] PASS PATTERN NO. 1464 | Func:   LH | Latency:  415[1;0m
[1;34m[Core 1] PASS PATTERN NO. 1465 | Func:   OR | Latency:  224[1;0m
[1;32m[Core 2] PASS PATTERN NO. 1465 | Func:  ADD | Latency:    6[1;0m
[1;34m[Core 1] PASS PATTERN NO. 1466 | Func:  ADD | Latency:    9[1;0m
[1;32m[Core 2] PASS PATTERN NO. 1466 | Func: ADDI | Latency:    9[1;0m
[1;34m[Core 1] PASS PATTERN NO. 1467 | Func:   SH | Latency:  266[1;0m
[1;32m[Core 2] PASS PATTERN NO. 1467 | Func:   LH | Latency:  461[1;0m
[1;32m[Core 2] PASS PATTERN NO. 1468 | Func:  MUL | Latency:    9[1;0m
[1;34m[Core 1] PASS PATTERN NO. 1468 | Func:   LH | Latency:  560[1;0m
[1;32m[Core 2] PASS PATTERN NO. 1469 | Func: SUBI | Latency:  362[1;0m
[1;34m[Core 1] PASS PATTERN NO. 1469 | Func:   LH | Latency:  491[1;0m
[1;34m[Core 1] PASS PATTERN NO. 1470 | Func: ADDI | Latency:    6[1;0m
[1;32m[Core 2] PASS PATTERN NO. 1470 | Func:   SH | Latency:  652[1;0m
[1;34m[Core 1] PASS PATTERN NO. 1471 | Func:   OR | Latency:  167[1;0m
[1;32m[Core 2] PASS PATTERN NO. 1471 | Func:  NOR | Latency:    6[1;0m
[1;34m[Core 1] PASS PATTERN NO. 1472 | Func:   OR | Latency:    9[1;0m
[1;32m[Core 2] PASS PATTERN NO. 1472 | Func:   LH | Latency:  142[1;0m
[1;34m[Core 1] PASS PATTERN NO. 1473 | Func: ADDI | Latency:  139[1;0m
[1;32m[Core 2] PASS PATTERN NO. 1473 | Func:  AND | Latency:    6[1;0m
[1;34m[Core 1] PASS PATTERN NO. 1474 | Func: SUBI | Latency:    9[1;0m
[1;32m[Core 2] PASS PATTERN NO. 1474 | Func:  SLT | Latency:    9[1;0m
[1;32m[Core 2] PASS PATTERN NO. 1475 | Func:  SUB | Latency:    9[1;0m
[1;34m[Core 1] PASS PATTERN NO. 1475 | Func:   LH | Latency:  119[1;0m
[1;34m[Core 1] PASS PATTERN NO. 1476 | Func:   OR | Latency:    6[1;0m
[1;32m[Core 2] PASS PATTERN NO. 1476 | Func:   LH | Latency:  380[1;0m
[1;32m[Core 2] PASS PATTERN NO. 1477 | Func:  ADD | Latency:    6[1;0m
[1;34m[Core 1] PASS PATTERN NO. 1477 | Func:  MUL | Latency:  273[1;0m
[1;34m[Core 1] PASS PATTERN NO. 1478 | Func:  SLT | Latency:    6[1;0m
[1;32m[Core 2] PASS PATTERN NO. 1478 | Func:  XOR | Latency:    9[1;0m
[1;34m[Core 1] PASS PATTERN NO. 1479 | Func: NAND | Latency:    9[1;0m
[1;32m[Core 2] PASS PATTERN NO. 1479 | Func:  SUB | Latency:    9[1;0m
[1;34m[Core 1] PASS PATTERN NO. 1480 | Func: ADDI | Latency:    9[1;0m
[1;32m[Core 2] PASS PATTERN NO. 1480 | Func:  XOR | Latency:    9[1;0m
[1;34m[Core 1] PASS PATTERN NO. 1481 | Func:  NOR | Latency:    9[1;0m
[1;32m[Core 2] PASS PATTERN NO. 1481 | Func: SUBI | Latency:    9[1;0m
[1;32m[Core 2] PASS PATTERN NO. 1482 | Func:  NOR | Latency:    9[1;0m
[1;34m[Core 1] PASS PATTERN NO. 1482 | Func:   SH | Latency:  353[1;0m
[1;34m[Core 1] PASS PATTERN NO. 1483 | Func:   OR | Latency:    6[1;0m
[1;32m[Core 2] PASS PATTERN NO. 1483 | Func:   LH | Latency:  546[1;0m
[1;34m[Core 1] PASS PATTERN NO. 1484 | Func: SUBI | Latency:  202[1;0m
[1;32m[Core 2] PASS PATTERN NO. 1484 | Func:  SLT | Latency:    6[1;0m
[1;34m[Core 1] PASS PATTERN NO. 1485 | Func:  NOR | Latency:    9[1;0m
[1;32m[Core 2] PASS PATTERN NO. 1485 | Func:   SH | Latency:  132[1;0m
[1;34m[Core 1] PASS PATTERN NO. 1486 | Func:  MUL | Latency:  132[1;0m
[1;32m[Core 2] PASS PATTERN NO. 1486 | Func:   LH | Latency:  220[1;0m
[1;34m[Core 1] PASS PATTERN NO. 1487 | Func: SUBI | Latency:  217[1;0m
[1;32m[Core 2] PASS PATTERN NO. 1487 | Func:   SH | Latency:  119[1;0m
[1;32m[Core 2] PASS PATTERN NO. 1488 | Func:  SLT | Latency:    6[1;0m
[1;34m[Core 1] PASS PATTERN NO. 1488 | Func:   LH | Latency:  423[1;0m
[1;32m[Core 2] PASS PATTERN NO. 1489 | Func:  SLT | Latency:  568[1;0m
[1;34m[Core 1] PASS PATTERN NO. 1489 | Func:   SH | Latency:  398[1;0m
[1;34m[Core 1] PASS PATTERN NO. 1490 | Func:  BEQ | Latency:    5[1;0m
[1;32m[Core 2] PASS PATTERN NO. 1490 | Func:  BEQ | Latency:  139[1;0m
[1;32m[Core 2] PASS PATTERN NO. 1491 | Func:  SLT | Latency:    9[1;0m
[1;34m[Core 1] PASS PATTERN NO. 1491 | Func:   SH | Latency:  251[1;0m
[1;32m[Core 2] PASS PATTERN NO. 1492 | Func:   SH | Latency:  676[1;0m
[1;34m[Core 1] PASS PATTERN NO. 1492 | Func:   LH | Latency:  742[1;0m
[1;34m[Core 1] PASS PATTERN NO. 1493 | Func:  NOR | Latency:    6[1;0m
[1;32m[Core 2] PASS PATTERN NO. 1493 | Func:   SH | Latency:  632[1;0m
[1;34m[Core 1] PASS PATTERN NO. 1494 | Func:  XOR | Latency:  324[1;0m
[1;32m[Core 2] PASS PATTERN NO. 1494 | Func:  SLT | Latency:    6[1;0m
[1;32m[Core 2] PASS PATTERN NO. 1495 | Func:  MUL | Latency:   12[1;0m
[1;34m[Core 1] PASS PATTERN NO. 1495 | Func:   SH | Latency:  401[1;0m
[1;32m[Core 2] PASS PATTERN NO. 1496 | Func:  SLT | Latency:  395[1;0m
[1;34m[Core 1] PASS PATTERN NO. 1496 | Func:   SH | Latency:  236[1;0m
[1;34m[Core 1] PASS PATTERN NO. 1497 | Func:   OR | Latency:    6[1;0m
[1;32m[Core 2] PASS PATTERN NO. 1497 | Func:   LH | Latency:  456[1;0m
[1;34m[Core 1] PASS PATTERN NO. 1498 | Func:  XOR | Latency:  226[1;0m
[1;32m[Core 2] PASS PATTERN NO. 1498 | Func: NAND | Latency:    6[1;0m
[1;34m[Core 1] PASS PATTERN NO. 1499 | Func:  NOR | Latency:    9[1;0m
[1;32m[Core 2] PASS PATTERN NO. 1499 | Func:   LH | Latency:  485[1;0m
[1;33m[Info] Global Memory Check Passed at IC 50-boundary (Snapshot 29)[1;0m
[1;32m[Core 2] PASS PATTERN NO. 1500 | Func:  MUL | Latency:    9[1;0m
[1;34m[Core 1] PASS PATTERN NO. 1500 | Func:   SH | Latency:  982[1;0m
[1;34m[Core 1] PASS PATTERN NO. 1501 | Func:  AND | Latency:    6[1;0m
[1;32m[Core 2] PASS PATTERN NO. 1501 | Func: SUBI | Latency:  503[1;0m
[1;34m[Core 1] PASS PATTERN NO. 1502 | Func:  ADD | Latency:    9[1;0m
[1;32m[Core 2] PASS PATTERN NO. 1502 | Func:   LH | Latency:  347[1;0m
[1;34m[Core 1] PASS PATTERN NO. 1503 | Func: SUBI | Latency:  344[1;0m
[1;32m[Core 2] PASS PATTERN NO. 1503 | Func: SUBI | Latency:    6[1;0m
[1;34m[Core 1] PASS PATTERN NO. 1504 | Func:  NOR | Latency:    9[1;0m
[1;32m[Core 2] PASS PATTERN NO. 1504 | Func: NAND | Latency:    9[1;0m
[1;34m[Core 1] PASS PATTERN NO. 1505 | Func:  XOR | Latency:    9[1;0m
[1;32m[Core 2] PASS PATTERN NO. 1505 | Func:  NOR | Latency:    9[1;0m
[1;34m[Core 1] PASS PATTERN NO. 1506 | Func: NAND | Latency:    9[1;0m
[1;32m[Core 2] PASS PATTERN NO. 1506 | Func:  XOR | Latency:    9[1;0m
[1;34m[Core 1] PASS PATTERN NO. 1507 | Func: NAND | Latency:    9[1;0m
[1;32m[Core 2] PASS PATTERN NO. 1507 | Func:  NOR | Latency:    9[1;0m
[1;32m[Core 2] PASS PATTERN NO. 1508 | Func:  AND | Latency:    9[1;0m
[1;34m[Core 1] PASS PATTERN NO. 1508 | Func:  MUL | Latency:   12[1;0m
[1;34m[Core 1] PASS PATTERN NO. 1509 | Func:   OR | Latency:    6[1;0m
[1;32m[Core 2] PASS PATTERN NO. 1509 | Func: SUBI | Latency:    9[1;0m
[1;34m[Core 1] PASS PATTERN NO. 1510 | Func:   LH | Latency:  164[1;0m
[1;32m[Core 2] PASS PATTERN NO. 1510 | Func:   LH | Latency:  391[1;0m
[1;32m[Core 2] PASS PATTERN NO. 1511 | Func:  NOR | Latency:    6[1;0m
[1;34m[Core 1] PASS PATTERN NO. 1511 | Func:   SH | Latency:  558[1;0m
[1;34m[Core 1] PASS PATTERN NO. 1512 | Func: ADDI | Latency:    6[1;0m
[1;32m[Core 2] PASS PATTERN NO. 1512 | Func:   LH | Latency:  448[1;0m
[1;32m[Core 2] PASS PATTERN NO. 1513 | Func:  MUL | Latency:    9[1;0m
[1;34m[Core 1] PASS PATTERN NO. 1513 | Func:   LH | Latency:  533[1;0m
[1;34m[Core 1] PASS PATTERN NO. 1514 | Func:  AND | Latency:    6[1;0m
[1;32m[Core 2] PASS PATTERN NO. 1514 | Func:   LH | Latency:  584[1;0m
[1;34m[Core 1] PASS PATTERN NO. 1515 | Func:  AND | Latency:  177[1;0m
[1;32m[Core 2] PASS PATTERN NO. 1515 | Func:   SH | Latency:  168[1;0m
[1;34m[Core 1] PASS PATTERN NO. 1516 | Func:  AND | Latency:  168[1;0m
[1;32m[Core 2] PASS PATTERN NO. 1516 | Func:  XOR | Latency:    6[1;0m
[1;34m[Core 1] PASS PATTERN NO. 1517 | Func: SUBI | Latency:  859[1;0m
[1;32m[Core 2] PASS PATTERN NO. 1517 | Func: SUBI | Latency:  859[1;0m
[1;34m[Core 1] PASS PATTERN NO. 1518 | Func:  NOR | Latency:    9[1;0m
[1;32m[Core 2] PASS PATTERN NO. 1518 | Func:   LH | Latency:  134[1;0m
[1;34m[Core 1] PASS PATTERN NO. 1519 | Func:  XOR | Latency:  131[1;0m
[1;32m[Core 2] PASS PATTERN NO. 1519 | Func:   OR | Latency:    6[1;0m
[1;34m[Core 1] PASS PATTERN NO. 1520 | Func:  XOR | Latency:    9[1;0m
[1;32m[Core 2] PASS PATTERN NO. 1520 | Func:  ADD | Latency:    9[1;0m
[1;34m[Core 1] PASS PATTERN NO. 1521 | Func:   LH | Latency:  282[1;0m
[1;32m[Core 2] PASS PATTERN NO. 1521 | Func:   LH | Latency:  590[1;0m
[1;32m[Core 2] PASS PATTERN NO. 1522 | Func:  MUL | Latency:    9[1;0m
[1;34m[Core 1] PASS PATTERN NO. 1522 | Func:   LH | Latency:  650[1;0m
[1;32m[Core 2] PASS PATTERN NO. 1523 | Func:  MUL | Latency:  342[1;0m
[1;34m[Core 1] PASS PATTERN NO. 1523 | Func:   LH | Latency:  478[1;0m
[1;34m[Core 1] PASS PATTERN NO. 1524 | Func: ADDI | Latency:    6[1;0m
[1;32m[Core 2] PASS PATTERN NO. 1524 | Func:  SUB | Latency:  475[1;0m
[1;34m[Core 1] PASS PATTERN NO. 1525 | Func:   OR | Latency:    9[1;0m
[1;32m[Core 2] PASS PATTERN NO. 1525 | Func:   LH | Latency:  480[1;0m
[1;34m[Core 1] PASS PATTERN NO. 1526 | Func: SUBI | Latency:  477[1;0m
[1;32m[Core 2] PASS PATTERN NO. 1526 | Func:   SH | Latency:  384[1;0m
[1;32m[Core 2] PASS PATTERN NO. 1527 | Func:  NOR | Latency:    6[1;0m
[1;34m[Core 1] PASS PATTERN NO. 1527 | Func:   SH | Latency:  645[1;0m
[1;32m[Core 2] PASS PATTERN NO. 1528 | Func:  MUL | Latency:  270[1;0m
[1;34m[Core 1] PASS PATTERN NO. 1528 | Func:   LH | Latency:  299[1;0m
[1;34m[Core 1] PASS PATTERN NO. 1529 | Func:   SH | Latency:  400[1;0m
[1;32m[Core 2] PASS PATTERN NO. 1529 | Func:   LH | Latency:  904[1;0m
[1;34m[Core 1] PASS PATTERN NO. 1530 | Func: SUBI | Latency:  220[1;0m
[1;32m[Core 2] PASS PATTERN NO. 1530 | Func:   SH | Latency:  143[1;0m
[1;32m[Core 2] PASS PATTERN NO. 1531 | Func:  MUL | Latency:    9[1;0m
[1;34m[Core 1] PASS PATTERN NO. 1531 | Func:   SH | Latency:  486[1;0m
[1;34m[Core 1] PASS PATTERN NO. 1532 | Func: SUBI | Latency:    6[1;0m
[1;32m[Core 2] PASS PATTERN NO. 1532 | Func: SUBI | Latency:  346[1;0m
[1;34m[Core 1] PASS PATTERN NO. 1533 | Func: ADDI | Latency:    9[1;0m
[1;32m[Core 2] PASS PATTERN NO. 1533 | Func:  MUL | Latency:   12[1;0m
[1;34m[Core 1] PASS PATTERN NO. 1534 | Func:  MUL | Latency:   12[1;0m
[1;32m[Core 2] PASS PATTERN NO. 1534 | Func:   LH | Latency:  419[1;0m
[1;34m[Core 1] PASS PATTERN NO. 1535 | Func:   OR | Latency:  416[1;0m
[1;32m[Core 2] PASS PATTERN NO. 1535 | Func:   SH | Latency:  384[1;0m
[1;34m[Core 1] PASS PATTERN NO. 1536 | Func:  ADD | Latency:  384[1;0m
[1;32m[Core 2] PASS PATTERN NO. 1536 | Func:   SH | Latency:  332[1;0m
[1;32m[Core 2] PASS PATTERN NO. 1537 | Func:  ADD | Latency:    6[1;0m
[1;34m[Core 1] PASS PATTERN NO. 1537 | Func:   LH | Latency:  550[1;0m
[1;32m[Core 2] PASS PATTERN NO. 1538 | Func: ADDI | Latency:  224[1;0m
[1;34m[Core 1] PASS PATTERN NO. 1538 | Func:   LH | Latency:  263[1;0m
[1;34m[Core 1] PASS PATTERN NO. 1539 | Func: ADDI | Latency:    6[1;0m
[1;32m[Core 2] PASS PATTERN NO. 1539 | Func:  NOR | Latency:  263[1;0m
[1;34m[Core 1] PASS PATTERN NO. 1540 | Func:  AND | Latency:    9[1;0m
[1;32m[Core 2] PASS PATTERN NO. 1540 | Func:   SH | Latency:  502[1;0m
[1;34m[Core 1] PASS PATTERN NO. 1541 | Func: SUBI | Latency:  499[1;0m
[1;32m[Core 2] PASS PATTERN NO. 1541 | Func:   LH | Latency:  464[1;0m
[1;32m[Core 2] PASS PATTERN NO. 1542 | Func: NAND | Latency:    6[1;0m
[1;34m[Core 1] PASS PATTERN NO. 1542 | Func:  MUL | Latency:  467[1;0m
[1;34m[Core 1] PASS PATTERN NO. 1543 | Func: ADDI | Latency:    6[1;0m
[1;32m[Core 2] PASS PATTERN NO. 1543 | Func: NAND | Latency:    9[1;0m
[1;34m[Core 1] PASS PATTERN NO. 1544 | Func:  SUB | Latency:    9[1;0m
[1;32m[Core 2] PASS PATTERN NO. 1544 | Func:  MUL | Latency:   12[1;0m
[1;34m[Core 1] PASS PATTERN NO. 1545 | Func:  MUL | Latency:   12[1;0m
[1;32m[Core 2] PASS PATTERN NO. 1545 | Func:   SH | Latency:  213[1;0m
[1;34m[Core 1] PASS PATTERN NO. 1546 | Func:  ADD | Latency:  210[1;0m
[1;32m[Core 2] PASS PATTERN NO. 1546 | Func:  ADD | Latency:    6[1;0m
[1;32m[Core 2] PASS PATTERN NO. 1547 | Func: SUBI | Latency:    9[1;0m
[1;34m[Core 1] PASS PATTERN NO. 1547 | Func:   SH | Latency:  423[1;0m
[1;32m[Core 2] PASS PATTERN NO. 1548 | Func:  SLT | Latency:  420[1;0m
[1;34m[Core 1] PASS PATTERN NO. 1548 | Func:  MUL | Latency:    9[1;0m
[1;34m[Core 1] PASS PATTERN NO. 1549 | Func:   SH | Latency: 1279[1;0m
[1;32m[Core 2] PASS PATTERN NO. 1549 | Func:   LH | Latency: 1506[1;0m
[1;33m[Info] Global Memory Check Passed at IC 50-boundary (Snapshot 30)[1;0m
[1;34m[Core 1] PASS PATTERN NO. 1550 | Func:  SUB | Latency:  230[1;0m
[1;32m[Core 2] PASS PATTERN NO. 1550 | Func:  ADD | Latency:    6[1;0m
[1;34m[Core 1] PASS PATTERN NO. 1551 | Func:  XOR | Latency:    9[1;0m
[1;32m[Core 2] PASS PATTERN NO. 1551 | Func:   LH | Latency:  130[1;0m
[1;34m[Core 1] PASS PATTERN NO. 1552 | Func:  MUL | Latency:  130[1;0m
[1;32m[Core 2] PASS PATTERN NO. 1552 | Func:   SH | Latency:  274[1;0m
[1;32m[Core 2] PASS PATTERN NO. 1553 | Func:  MUL | Latency:    9[1;0m
[1;34m[Core 1] PASS PATTERN NO. 1553 | Func:   LH | Latency:  672[1;0m
[1;32m[Core 2] PASS PATTERN NO. 1554 | Func: NAND | Latency:  404[1;0m
[1;34m[Core 1] PASS PATTERN NO. 1554 | Func:   SH | Latency:  445[1;0m
[1;34m[Core 1] PASS PATTERN NO. 1555 | Func:  SLT | Latency:    6[1;0m
[1;32m[Core 2] PASS PATTERN NO. 1555 | Func:  MUL | Latency:  448[1;0m
[1;34m[Core 1] PASS PATTERN NO. 1556 | Func: NAND | Latency:    9[1;0m
[1;32m[Core 2] PASS PATTERN NO. 1556 | Func:   LH | Latency:  170[1;0m
[1;34m[Core 1] PASS PATTERN NO. 1557 | Func: NAND | Latency:  170[1;0m
[1;32m[Core 2] PASS PATTERN NO. 1557 | Func: SUBI | Latency:    6[1;0m
[1;32m[Core 2] PASS PATTERN NO. 1558 | Func:  SUB | Latency:    9[1;0m
[1;34m[Core 1] PASS PATTERN NO. 1558 | Func:   LH | Latency:  462[1;0m
[1;34m[Core 1] PASS PATTERN NO. 1559 | Func:  XOR | Latency:    6[1;0m
[1;32m[Core 2] PASS PATTERN NO. 1559 | Func:  SLT | Latency:  459[1;0m
[1;34m[Core 1] PASS PATTERN NO. 1560 | Func: ADDI | Latency:    9[1;0m
[1;32m[Core 2] PASS PATTERN NO. 1560 | Func: NAND | Latency:    9[1;0m
[1;32m[Core 2] PASS PATTERN NO. 1561 | Func: ADDI | Latency:    9[1;0m
[1;34m[Core 1] PASS PATTERN NO. 1561 | Func:   LH | Latency:  232[1;0m
[1;34m[Core 1] PASS PATTERN NO. 1562 | Func:  SUB | Latency:    6[1;0m
[1;32m[Core 2] PASS PATTERN NO. 1562 | Func: ADDI | Latency:  229[1;0m
[1;34m[Core 1] PASS PATTERN NO. 1563 | Func:  SUB | Latency:    9[1;0m
[1;32m[Core 2] PASS PATTERN NO. 1563 | Func:  XOR | Latency:    9[1;0m
[1;34m[Core 1] PASS PATTERN NO. 1564 | Func:  SLT | Latency:    9[1;0m
[1;32m[Core 2] PASS PATTERN NO. 1564 | Func:   SH | Latency:  449[1;0m
[1;34m[Core 1] PASS PATTERN NO. 1565 | Func:   SH | Latency:  742[1;0m
[1;32m[Core 2] PASS PATTERN NO. 1565 | Func:   LH | Latency:  747[1;0m
[1;34m[Core 1] PASS PATTERN NO. 1566 | Func:  AND | Latency:  451[1;0m
[1;32m[Core 2] PASS PATTERN NO. 1566 | Func:   SH | Latency:  465[1;0m
[1;32m[Core 2] PASS PATTERN NO. 1567 | Func: SUBI | Latency:    6[1;0m
[1;34m[Core 1] PASS PATTERN NO. 1567 | Func:   SH | Latency:  719[1;0m
[1;32m[Core 2] PASS PATTERN NO. 1568 | Func:   SH | Latency:  571[1;0m
[1;34m[Core 1] PASS PATTERN NO. 1568 | Func:   LH | Latency:  586[1;0m
[1;34m[Core 1] PASS PATTERN NO. 1569 | Func:  ADD | Latency:    6[1;0m
[1;32m[Core 2] PASS PATTERN NO. 1569 | Func:  SUB | Latency:  275[1;0m
[1;34m[Core 1] PASS PATTERN NO. 1570 | Func:  SLT | Latency:    9[1;0m
[1;32m[Core 2] PASS PATTERN NO. 1570 | Func:  ADD | Latency:    9[1;0m
[1;34m[Core 1] PASS PATTERN NO. 1571 | Func:  SLT | Latency:    9[1;0m
[1;32m[Core 2] PASS PATTERN NO. 1571 | Func:   SH | Latency:  134[1;0m
[1;32m[Core 2] PASS PATTERN NO. 1572 | Func:  NOR | Latency:    6[1;0m
[1;34m[Core 1] PASS PATTERN NO. 1572 | Func:  MUL | Latency:  134[1;0m
[1;32m[Core 2] PASS PATTERN NO. 1573 | Func:  AND | Latency:    9[1;0m
[1;34m[Core 1] PASS PATTERN NO. 1573 | Func:   LH | Latency:  480[1;0m
[1;34m[Core 1] PASS PATTERN NO. 1574 | Func: NAND | Latency:    6[1;0m
[1;32m[Core 2] PASS PATTERN NO. 1574 | Func:  SUB | Latency:  480[1;0m
[1;32m[Core 2] PASS PATTERN NO. 1575 | Func:  SLT | Latency:    9[1;0m
[1;34m[Core 1] PASS PATTERN NO. 1575 | Func:  MUL | Latency:   12[1;0m
[1;34m[Core 1] PASS PATTERN NO. 1576 | Func: ADDI | Latency:    6[1;0m
[1;32m[Core 2] PASS PATTERN NO. 1576 | Func:  MUL | Latency:   12[1;0m
[1;34m[Core 1] PASS PATTERN NO. 1577 | Func:  XOR | Latency:    9[1;0m
[1;32m[Core 2] PASS PATTERN NO. 1577 | Func:  SUB | Latency:    6[1;0m
[1;32m[Core 2] PASS PATTERN NO. 1578 | Func: SUBI | Latency:    9[1;0m
[1;34m[Core 1] PASS PATTERN NO. 1578 | Func:   LH | Latency:  485[1;0m
[1;34m[Core 1] PASS PATTERN NO. 1579 | Func:  AND | Latency:    6[1;0m
[1;32m[Core 2] PASS PATTERN NO. 1579 | Func:   LH | Latency:  937[1;0m
[1;34m[Core 1] PASS PATTERN NO. 1580 | Func: ADDI | Latency:  461[1;0m
[1;32m[Core 2] PASS PATTERN NO. 1580 | Func:  SLT | Latency:    6[1;0m
[1;32m[Core 2] PASS PATTERN NO. 1581 | Func:   SH | Latency: 1222[1;0m
[1;34m[Core 1] PASS PATTERN NO. 1581 | Func:   LH | Latency: 1591[1;0m
[1;34m[Core 1] PASS PATTERN NO. 1582 | Func: SUBI | Latency:    6[1;0m
[1;32m[Core 2] PASS PATTERN NO. 1582 | Func:   SH | Latency:  616[1;0m
[1;32m[Core 2] PASS PATTERN NO. 1583 | Func: SUBI | Latency:    6[1;0m
[1;34m[Core 1] PASS PATTERN NO. 1583 | Func:   LH | Latency:  614[1;0m
[1;34m[Core 1] PASS PATTERN NO. 1584 | Func:   OR | Latency:    6[1;0m
[1;32m[Core 2] PASS PATTERN NO. 1584 | Func: SUBI | Latency:  373[1;0m
[1;34m[Core 1] PASS PATTERN NO. 1585 | Func: ADDI | Latency:    9[1;0m
[1;32m[Core 2] PASS PATTERN NO. 1585 | Func:   SH | Latency:  461[1;0m
[1;32m[Core 2] PASS PATTERN NO. 1586 | Func: SUBI | Latency:    6[1;0m
[1;34m[Core 1] PASS PATTERN NO. 1586 | Func:   LH | Latency:  947[1;0m
[1;34m[Core 1] PASS PATTERN NO. 1587 | Func: ADDI | Latency:    6[1;0m
[1;32m[Core 2] PASS PATTERN NO. 1587 | Func:   SH | Latency:  814[1;0m
[1;32m[Core 2] PASS PATTERN NO. 1588 | Func:  MUL | Latency:    9[1;0m
[1;34m[Core 1] PASS PATTERN NO. 1588 | Func:   LH | Latency:  526[1;0m
[1;34m[Core 1] PASS PATTERN NO. 1589 | Func:  NOR | Latency:    6[1;0m
[1;32m[Core 2] PASS PATTERN NO. 1589 | Func:   LH | Latency:  316[1;0m
[1;32m[Core 2] PASS PATTERN NO. 1590 | Func:  NOR | Latency:    6[1;0m
[1;34m[Core 1] PASS PATTERN NO. 1590 | Func:   LH | Latency:  448[1;0m
[1;34m[Core 1] PASS PATTERN NO. 1591 | Func:  SUB | Latency:    6[1;0m
[1;32m[Core 2] PASS PATTERN NO. 1591 | Func:  NOR | Latency:  336[1;0m
[1;34m[Core 1] PASS PATTERN NO. 1592 | Func: ADDI | Latency:    9[1;0m
[1;32m[Core 2] PASS PATTERN NO. 1592 | Func: ADDI | Latency:    9[1;0m
[1;32m[Core 2] PASS PATTERN NO. 1593 | Func:  NOR | Latency:    9[1;0m
[1;34m[Core 1] PASS PATTERN NO. 1593 | Func:   LH | Latency:  395[1;0m
[1;34m[Core 1] PASS PATTERN NO. 1594 | Func: NAND | Latency:    6[1;0m
[1;32m[Core 2] PASS PATTERN NO. 1594 | Func:   SH | Latency:  544[1;0m
[1;32m[Core 2] PASS PATTERN NO. 1595 | Func:  XOR | Latency:    6[1;0m
[1;34m[Core 1] PASS PATTERN NO. 1595 | Func:   SH | Latency:  574[1;0m
[1;32m[Core 2] PASS PATTERN NO. 1596 | Func:  ADD | Latency:  422[1;0m
[1;34m[Core 1] PASS PATTERN NO. 1596 | Func:   LH | Latency:  237[1;0m
[1;34m[Core 1] PASS PATTERN NO. 1597 | Func:  NOR | Latency:    6[1;0m
[1;32m[Core 2] PASS PATTERN NO. 1597 | Func:   SH | Latency:  394[1;0m
[1;34m[Core 1] PASS PATTERN NO. 1598 | Func:  ADD | Latency:  163[1;0m
[1;32m[Core 2] PASS PATTERN NO. 1598 | Func:   LH | Latency:  307[1;0m
[1;34m[Core 1] PASS PATTERN NO. 1599 | Func:  ADD | Latency:  307[1;0m
[1;32m[Core 2] PASS PATTERN NO. 1599 | Func:   SH | Latency:  324[1;0m
[1;33m[Info] Global Memory Check Passed at IC 50-boundary (Snapshot 31)[1;0m
[1;34m[Core 1] PASS PATTERN NO. 1600 | Func:   LH | Latency:  634[1;0m
[1;32m[Core 2] PASS PATTERN NO. 1600 | Func:   LH | Latency:  728[1;0m
[1;32m[Core 2] PASS PATTERN NO. 1601 | Func: SUBI | Latency:    6[1;0m
[1;34m[Core 1] PASS PATTERN NO. 1601 | Func:   SH | Latency:  825[1;0m
[1;34m[Core 1] PASS PATTERN NO. 1602 | Func:  SLT | Latency:    6[1;0m
[1;32m[Core 2] PASS PATTERN NO. 1602 | Func: ADDI | Latency:  413[1;0m
[1;34m[Core 1] PASS PATTERN NO. 1603 | Func:  XOR | Latency:    9[1;0m
[1;32m[Core 2] PASS PATTERN NO. 1603 | Func:  AND | Latency:    9[1;0m
[1;34m[Core 1] PASS PATTERN NO. 1604 | Func:  ADD | Latency:    9[1;0m
[1;32m[Core 2] PASS PATTERN NO. 1604 | Func:  SLT | Latency:    9[1;0m
[1;34m[Core 1] PASS PATTERN NO. 1605 | Func:   SH | Latency:  455[1;0m
[1;32m[Core 2] PASS PATTERN NO. 1605 | Func:   LH | Latency:  931[1;0m
[1;32m[Core 2] PASS PATTERN NO. 1606 | Func:  SLT | Latency:    6[1;0m
[1;34m[Core 1] PASS PATTERN NO. 1606 | Func:  MUL | Latency:  485[1;0m
[1;34m[Core 1] PASS PATTERN NO. 1607 | Func:   SH | Latency:  139[1;0m
[1;32m[Core 2] PASS PATTERN NO. 1607 | Func:   LH | Latency:  626[1;0m
[1;32m[Core 2] PASS PATTERN NO. 1608 | Func:  ADD | Latency:    6[1;0m
[1;34m[Core 1] PASS PATTERN NO. 1608 | Func:   LH | Latency:  814[1;0m
[1;32m[Core 2] PASS PATTERN NO. 1609 | Func:   SH | Latency:  441[1;0m
[1;34m[Core 1] PASS PATTERN NO. 1609 | Func:   LH | Latency:  523[1;0m
[1;34m[Core 1] PASS PATTERN NO. 1610 | Func:  ADD | Latency:    6[1;0m
[1;32m[Core 2] PASS PATTERN NO. 1610 | Func:  MUL | Latency:  415[1;0m
[1;32m[Core 2] PASS PATTERN NO. 1611 | Func:  AND | Latency:    6[1;0m
[1;34m[Core 1] PASS PATTERN NO. 1611 | Func:   SH | Latency:  241[1;0m
[1;34m[Core 1] PASS PATTERN NO. 1612 | Func:  SLT | Latency:    6[1;0m
[1;32m[Core 2] PASS PATTERN NO. 1612 | Func: SUBI | Latency:  238[1;0m
[1;32m[Core 2] PASS PATTERN NO. 1613 | Func: ADDI | Latency:  627[1;0m
[1;34m[Core 1] PASS PATTERN NO. 1613 | Func:  MUL | Latency:  630[1;0m
[1;34m[Core 1] PASS PATTERN NO. 1614 | Func: NAND | Latency:    6[1;0m
[1;32m[Core 2] PASS PATTERN NO. 1614 | Func:   LH | Latency:  293[1;0m
[1;34m[Core 1] PASS PATTERN NO. 1615 | Func:  NOR | Latency:  290[1;0m
[1;32m[Core 2] PASS PATTERN NO. 1615 | Func:  NOR | Latency:    6[1;0m
[1;34m[Core 1] PASS PATTERN NO. 1616 | Func:   OR | Latency:    9[1;0m
[1;32m[Core 2] PASS PATTERN NO. 1616 | Func:  NOR | Latency:    9[1;0m
[1;34m[Core 1] PASS PATTERN NO. 1617 | Func:  XOR | Latency:    9[1;0m
[1;32m[Core 2] PASS PATTERN NO. 1617 | Func:   LH | Latency:  468[1;0m
[1;34m[Core 1] PASS PATTERN NO. 1618 | Func:   OR | Latency:  465[1;0m
[1;32m[Core 2] PASS PATTERN NO. 1618 | Func:   SH | Latency:  253[1;0m
[1;34m[Core 1] PASS PATTERN NO. 1619 | Func:  SUB | Latency:  253[1;0m
[1;32m[Core 2] PASS PATTERN NO. 1619 | Func:   SH | Latency:  470[1;0m
[1;32m[Core 2] PASS PATTERN NO. 1620 | Func: ADDI | Latency:    6[1;0m
[1;34m[Core 1] PASS PATTERN NO. 1620 | Func:   LH | Latency:  574[1;0m
[1;32m[Core 2] PASS PATTERN NO. 1621 | Func:  ADD | Latency:  110[1;0m
[1;34m[Core 1] PASS PATTERN NO. 1621 | Func:   LH | Latency:  273[1;0m
[1;34m[Core 1] PASS PATTERN NO. 1622 | Func:  MUL | Latency:    9[1;0m
[1;32m[Core 2] PASS PATTERN NO. 1622 | Func:   SH | Latency:  578[1;0m
[1;34m[Core 1] PASS PATTERN NO. 1623 | Func:  AND | Latency:  308[1;0m
[1;32m[Core 2] PASS PATTERN NO. 1623 | Func:   LH | Latency:  390[1;0m
[1;34m[Core 1] PASS PATTERN NO. 1624 | Func:   SH | Latency:  570[1;0m
[1;32m[Core 2] PASS PATTERN NO. 1624 | Func:   LH | Latency:  422[1;0m
[1;34m[Core 1] PASS PATTERN NO. 1625 | Func:  AND | Latency:  242[1;0m
[1;32m[Core 2] PASS PATTERN NO. 1625 | Func:   LH | Latency:  363[1;0m
[1;34m[Core 1] PASS PATTERN NO. 1626 | Func:  ADD | Latency:  363[1;0m
[1;32m[Core 2] PASS PATTERN NO. 1626 | Func:   SH | Latency:  368[1;0m
[1;32m[Core 2] PASS PATTERN NO. 1627 | Func:  ADD | Latency:    6[1;0m
[1;34m[Core 1] PASS PATTERN NO. 1627 | Func:   SH | Latency:  588[1;0m
[1;32m[Core 2] PASS PATTERN NO. 1628 | Func:   SH | Latency:  550[1;0m
[1;34m[Core 1] PASS PATTERN NO. 1628 | Func:   LH | Latency:  616[1;0m
[1;34m[Core 1] PASS PATTERN NO. 1629 | Func:  XOR | Latency:    6[1;0m
[1;32m[Core 2] PASS PATTERN NO. 1629 | Func:  NOR | Latency:  292[1;0m
[1;32m[Core 2] PASS PATTERN NO. 1630 | Func:  MUL | Latency:   12[1;0m
[1;34m[Core 1] PASS PATTERN NO. 1630 | Func:   LH | Latency:  126[1;0m
[1;32m[Core 2] PASS PATTERN NO. 1631 | Func:  MUL | Latency:  123[1;0m
[1;34m[Core 1] PASS PATTERN NO. 1631 | Func:   SH | Latency:  477[1;0m
[1;34m[Core 1] PASS PATTERN NO. 1632 | Func: ADDI | Latency:    6[1;0m
[1;32m[Core 2] PASS PATTERN NO. 1632 | Func:   SH | Latency:  725[1;0m
[1;34m[Core 1] PASS PATTERN NO. 1633 | Func:  SLT | Latency:  257[1;0m
[1;32m[Core 2] PASS PATTERN NO. 1633 | Func:   SH | Latency:  394[1;0m
[1;34m[Core 1] PASS PATTERN NO. 1634 | Func: SUBI | Latency:  394[1;0m
[1;32m[Core 2] PASS PATTERN NO. 1634 | Func:  AND | Latency:    6[1;0m
[1;34m[Core 1] PASS PATTERN NO. 1635 | Func:  XOR | Latency:    9[1;0m
[1;32m[Core 2] PASS PATTERN NO. 1635 | Func:  MUL | Latency:   12[1;0m
[1;32m[Core 2] PASS PATTERN NO. 1636 | Func:  SLT | Latency:    6[1;0m
[1;34m[Core 1] PASS PATTERN NO. 1636 | Func:   LH | Latency:  467[1;0m
[1;34m[Core 1] PASS PATTERN NO. 1637 | Func:  NOR | Latency:    6[1;0m
[1;32m[Core 2] PASS PATTERN NO. 1637 | Func:   LH | Latency:  811[1;0m
[1;32m[Core 2] PASS PATTERN NO. 1638 | Func: SUBI | Latency:    6[1;0m
[1;34m[Core 1] PASS PATTERN NO. 1638 | Func:  MUL | Latency:  356[1;0m
[1;34m[Core 1] PASS PATTERN NO. 1639 | Func:  NOR | Latency:    6[1;0m
[1;32m[Core 2] PASS PATTERN NO. 1639 | Func:   LH | Latency:  451[1;0m
[1;34m[Core 1] PASS PATTERN NO. 1640 | Func:  ADD | Latency:  448[1;0m
[1;32m[Core 2] PASS PATTERN NO. 1640 | Func:   SH | Latency:  265[1;0m
[1;34m[Core 1] PASS PATTERN NO. 1641 | Func:  XOR | Latency:  265[1;0m
[1;32m[Core 2] PASS PATTERN NO. 1641 | Func:   LH | Latency:  156[1;0m
[1;34m[Core 1] PASS PATTERN NO. 1642 | Func:  ADD | Latency:  156[1;0m
[1;32m[Core 2] PASS PATTERN NO. 1642 | Func:   SH | Latency:  120[1;0m
[1;34m[Core 1] PASS PATTERN NO. 1643 | Func:  ADD | Latency:  120[1;0m
[1;32m[Core 2] PASS PATTERN NO. 1643 | Func:  SLT | Latency:    6[1;0m
[1;34m[Core 1] PASS PATTERN NO. 1644 | Func:   OR | Latency:    9[1;0m
[1;32m[Core 2] PASS PATTERN NO. 1644 | Func:  NOR | Latency:    9[1;0m
[1;32m[Core 2] PASS PATTERN NO. 1645 | Func:   SH | Latency:  772[1;0m
[1;34m[Core 1] PASS PATTERN NO. 1645 | Func:   LH | Latency: 1191[1;0m
[1;34m[Core 1] PASS PATTERN NO. 1646 | Func: NAND | Latency:    6[1;0m
[1;32m[Core 2] PASS PATTERN NO. 1646 | Func:   SH | Latency:  621[1;0m
[1;32m[Core 2] PASS PATTERN NO. 1647 | Func:   SH | Latency:  339[1;0m
[1;34m[Core 1] PASS PATTERN NO. 1647 | Func:   LH | Latency:  737[1;0m
[1;32m[Core 2] PASS PATTERN NO. 1648 | Func:   SH | Latency:  428[1;0m
[1;34m[Core 1] PASS PATTERN NO. 1648 | Func:   LH | Latency:  658[1;0m
[1;34m[Core 1] PASS PATTERN NO. 1649 | Func:  NOR | Latency:    6[1;0m
[1;32m[Core 2] PASS PATTERN NO. 1649 | Func:   OR | Latency:  438[1;0m
[1;33m[Info] Global Memory Check Passed at IC 50-boundary (Snapshot 32)[1;0m
[1;32m[Core 2] PASS PATTERN NO. 1650 | Func:  XOR | Latency:    9[1;0m
[1;34m[Core 1] PASS PATTERN NO. 1650 | Func:   SH | Latency:  234[1;0m
[1;32m[Core 2] PASS PATTERN NO. 1651 | Func: SUBI | Latency:  231[1;0m
[1;34m[Core 1] PASS PATTERN NO. 1651 | Func:   LH | Latency:  313[1;0m
[1;34m[Core 1] PASS PATTERN NO. 1652 | Func:  NOR | Latency:    6[1;0m
[1;32m[Core 2] PASS PATTERN NO. 1652 | Func: SUBI | Latency:  313[1;0m
[1;34m[Core 1] PASS PATTERN NO. 1653 | Func: NAND | Latency:    9[1;0m
[1;32m[Core 2] PASS PATTERN NO. 1653 | Func: NAND | Latency:    9[1;0m
[1;34m[Core 1] PASS PATTERN NO. 1654 | Func:   OR | Latency:    9[1;0m
[1;32m[Core 2] PASS PATTERN NO. 1654 | Func: SUBI | Latency:    9[1;0m
[1;34m[Core 1] PASS PATTERN NO. 1655 | Func:  ADD | Latency:    9[1;0m
[1;32m[Core 2] PASS PATTERN NO. 1655 | Func:  MUL | Latency:   12[1;0m
[1;34m[Core 1] PASS PATTERN NO. 1656 | Func:  NOR | Latency:    9[1;0m
[1;32m[Core 2] PASS PATTERN NO. 1656 | Func: SUBI | Latency:    6[1;0m
[1;34m[Core 1] PASS PATTERN NO. 1657 | Func:  NOR | Latency:    9[1;0m
[1;32m[Core 2] PASS PATTERN NO. 1657 | Func:  AND | Latency:    9[1;0m
[1;32m[Core 2] PASS PATTERN NO. 1658 | Func: SUBI | Latency:    9[1;0m
[1;34m[Core 1] PASS PATTERN NO. 1658 | Func:   LH | Latency:  178[1;0m
[1;34m[Core 1] PASS PATTERN NO. 1659 | Func:  SUB | Latency:    6[1;0m
[1;32m[Core 2] PASS PATTERN NO. 1659 | Func:   SH | Latency:  504[1;0m
[1;32m[Core 2] PASS PATTERN NO. 1660 | Func:  MUL | Latency:    9[1;0m
[1;34m[Core 1] PASS PATTERN NO. 1660 | Func:   SH | Latency:  625[1;0m
[1;34m[Core 1] PASS PATTERN NO. 1661 | Func:  AND | Latency:    6[1;0m
[1;32m[Core 2] PASS PATTERN NO. 1661 | Func:   SH | Latency:  760[1;0m
[1;32m[Core 2] PASS PATTERN NO. 1662 | Func: ADDI | Latency:    6[1;0m
[1;34m[Core 1] PASS PATTERN NO. 1662 | Func:   LH | Latency:  586[1;0m
[1;34m[Core 1] PASS PATTERN NO. 1663 | Func:   OR | Latency:    6[1;0m
[1;32m[Core 2] PASS PATTERN NO. 1663 | Func: NAND | Latency:  119[1;0m
[1;32m[Core 2] PASS PATTERN NO. 1664 | Func:  MUL | Latency:   12[1;0m
[1;34m[Core 1] PASS PATTERN NO. 1664 | Func:   LH | Latency:  217[1;0m
[1;34m[Core 1] PASS PATTERN NO. 1665 | Func: ADDI | Latency:    6[1;0m
[1;32m[Core 2] PASS PATTERN NO. 1665 | Func:   LH | Latency:  677[1;0m
[1;34m[Core 1] PASS PATTERN NO. 1666 | Func: ADDI | Latency:  472[1;0m
[1;32m[Core 2] PASS PATTERN NO. 1666 | Func:   OR | Latency:    6[1;0m
[1;32m[Core 2] PASS PATTERN NO. 1667 | Func:  MUL | Latency:   12[1;0m
[1;34m[Core 1] PASS PATTERN NO. 1667 | Func:   LH | Latency:  477[1;0m
[1;34m[Core 1] PASS PATTERN NO. 1668 | Func:   SH | Latency:  392[1;0m
[1;32m[Core 2] PASS PATTERN NO. 1668 | Func:   LH | Latency: 1248[1;0m
[1;34m[Core 1] PASS PATTERN NO. 1669 | Func:  SUB | Latency:  397[1;0m
[1;32m[Core 2] PASS PATTERN NO. 1669 | Func:  NOR | Latency:    6[1;0m
[1;32m[Core 2] PASS PATTERN NO. 1670 | Func:  NOR | Latency:    9[1;0m
[1;34m[Core 1] PASS PATTERN NO. 1670 | Func:   LH | Latency:  184[1;0m
[1;34m[Core 1] PASS PATTERN NO. 1671 | Func:  MUL | Latency:    9[1;0m
[1;32m[Core 2] PASS PATTERN NO. 1671 | Func:  MUL | Latency:  185[1;0m
[1;34m[Core 1] PASS PATTERN NO. 1672 | Func: SUBI | Latency:    9[1;0m
[1;32m[Core 2] PASS PATTERN NO. 1672 | Func:   SH | Latency:  256[1;0m
[1;34m[Core 1] PASS PATTERN NO. 1673 | Func:  AND | Latency:  254[1;0m
[1;32m[Core 2] PASS PATTERN NO. 1673 | Func:   LH | Latency:  196[1;0m
[1;32m[Core 2] PASS PATTERN NO. 1674 | Func:  XOR | Latency:    6[1;0m
[1;34m[Core 1] PASS PATTERN NO. 1674 | Func:   LH | Latency:  306[1;0m
[1;34m[Core 1] PASS PATTERN NO. 1675 | Func:  XOR | Latency:    6[1;0m
[1;32m[Core 2] PASS PATTERN NO. 1675 | Func: SUBI | Latency:  116[1;0m
[1;34m[Core 1] PASS PATTERN NO. 1676 | Func:  ADD | Latency:    9[1;0m
[1;32m[Core 2] PASS PATTERN NO. 1676 | Func:   LH | Latency:  208[1;0m
[1;32m[Core 2] PASS PATTERN NO. 1677 | Func:   OR | Latency:  350[1;0m
[1;34m[Core 1] PASS PATTERN NO. 1677 | Func:   LH | Latency: 1052[1;0m
[1;34m[Core 1] PASS PATTERN NO. 1678 | Func:  SUB | Latency:    6[1;0m
[1;32m[Core 2] PASS PATTERN NO. 1678 | Func:  MUL | Latency:  512[1;0m
[1;32m[Core 2] PASS PATTERN NO. 1679 | Func:   OR | Latency:    6[1;0m
[1;34m[Core 1] PASS PATTERN NO. 1679 | Func:  MUL | Latency:   12[1;0m
[1;34m[Core 1] PASS PATTERN NO. 1680 | Func: ADDI | Latency:    6[1;0m
[1;32m[Core 2] PASS PATTERN NO. 1680 | Func:   SH | Latency:  422[1;0m
[1;34m[Core 1] PASS PATTERN NO. 1681 | Func:  MUL | Latency:  422[1;0m
[1;32m[Core 2] PASS PATTERN NO. 1681 | Func:  MUL | Latency:   10[1;0m
[1;32m[Core 2] PASS PATTERN NO. 1682 | Func: NAND | Latency:    8[1;0m
[1;34m[Core 1] PASS PATTERN NO. 1682 | Func:   SH | Latency:  455[1;0m
[1;32m[Core 2] PASS PATTERN NO. 1683 | Func:   OR | Latency:  452[1;0m
[1;34m[Core 1] PASS PATTERN NO. 1683 | Func:   LH | Latency:  252[1;0m
[1;32m[Core 2] PASS PATTERN NO. 1684 | Func:  NOR | Latency:  252[1;0m
[1;34m[Core 1] PASS PATTERN NO. 1684 | Func:   LH | Latency:  137[1;0m
[1;34m[Core 1] PASS PATTERN NO. 1685 | Func:  ADD | Latency:    6[1;0m
[1;32m[Core 2] PASS PATTERN NO. 1685 | Func:  SUB | Latency:  137[1;0m
[1;34m[Core 1] PASS PATTERN NO. 1686 | Func:  ADD | Latency:    9[1;0m
[1;32m[Core 2] PASS PATTERN NO. 1686 | Func:   LH | Latency:  244[1;0m
[1;32m[Core 2] PASS PATTERN NO. 1687 | Func:  NOR | Latency:    6[1;0m
[1;34m[Core 1] PASS PATTERN NO. 1687 | Func:   LH | Latency:  569[1;0m
[1;32m[Core 2] PASS PATTERN NO. 1688 | Func: SUBI | Latency:  334[1;0m
[1;34m[Core 1] PASS PATTERN NO. 1688 | Func:   LH | Latency:  224[1;0m
[1;32m[Core 2] PASS PATTERN NO. 1689 | Func:  SUB | Latency:  224[1;0m
[1;34m[Core 1] PASS PATTERN NO. 1689 | Func:   SH | Latency:  144[1;0m
[1;32m[Core 2] PASS PATTERN NO. 1690 | Func:   OR | Latency:  144[1;0m
[1;34m[Core 1] PASS PATTERN NO. 1690 | Func:   LH | Latency:  359[1;0m
[1;34m[Core 1] PASS PATTERN NO. 1691 | Func:  XOR | Latency:    6[1;0m
[1;32m[Core 2] PASS PATTERN NO. 1691 | Func:   LH | Latency:  486[1;0m
[1;32m[Core 2] PASS PATTERN NO. 1692 | Func:  ADD | Latency:    6[1;0m
[1;34m[Core 1] PASS PATTERN NO. 1692 | Func:   LH | Latency:  606[1;0m
[1;34m[Core 1] PASS PATTERN NO. 1693 | Func: SUBI | Latency:    6[1;0m
[1;32m[Core 2] PASS PATTERN NO. 1693 | Func:  SLT | Latency:  479[1;0m
[1;34m[Core 1] PASS PATTERN NO. 1694 | Func:  NOR | Latency:    9[1;0m
[1;32m[Core 2] PASS PATTERN NO. 1694 | Func:   SH | Latency:  435[1;0m
[1;34m[Core 1] PASS PATTERN NO. 1695 | Func:  SUB | Latency:  432[1;0m
[1;32m[Core 2] PASS PATTERN NO. 1695 | Func:   SH | Latency:  446[1;0m
[1;32m[Core 2] PASS PATTERN NO. 1696 | Func: ADDI | Latency:    6[1;0m
[1;34m[Core 1] PASS PATTERN NO. 1696 | Func:   LH | Latency:  783[1;0m
[1;32m[Core 2] PASS PATTERN NO. 1697 | Func:  SLT | Latency:  343[1;0m
[1;34m[Core 1] PASS PATTERN NO. 1697 | Func:   SH | Latency:  214[1;0m
[1;34m[Core 1] PASS PATTERN NO. 1698 | Func:  NOR | Latency:    6[1;0m
[1;32m[Core 2] PASS PATTERN NO. 1698 | Func:   SH | Latency:  456[1;0m
[1;34m[Core 1] PASS PATTERN NO. 1699 | Func: ADDI | Latency:  248[1;0m
[1;32m[Core 2] PASS PATTERN NO. 1699 | Func:   LH | Latency:  119[1;0m
[1;33m[Info] Global Memory Check Passed at IC 50-boundary (Snapshot 33)[1;0m
[1;34m[Core 1] PASS PATTERN NO. 1700 | Func:  XOR | Latency:  119[1;0m
[1;32m[Core 2] PASS PATTERN NO. 1700 | Func:   SH | Latency:  334[1;0m
[1;34m[Core 1] PASS PATTERN NO. 1701 | Func:  MUL | Latency:  337[1;0m
[1;32m[Core 2] PASS PATTERN NO. 1701 | Func:  MUL | Latency:   10[1;0m
[1;34m[Core 1] PASS PATTERN NO. 1702 | Func: ADDI | Latency:    9[1;0m
[1;32m[Core 2] PASS PATTERN NO. 1702 | Func:  NOR | Latency:    8[1;0m
[1;34m[Core 1] PASS PATTERN NO. 1703 | Func:  SUB | Latency:    9[1;0m
[1;32m[Core 2] PASS PATTERN NO. 1703 | Func:  SLT | Latency:    9[1;0m
[1;34m[Core 1] PASS PATTERN NO. 1704 | Func:    J | Latency:    8[1;0m
[1;32m[Core 2] PASS PATTERN NO. 1704 | Func:    J | Latency:    8[1;0m
[1;34m[Core 1] PASS PATTERN NO. 1705 | Func:  NOR | Latency:  863[1;0m
[1;32m[Core 2] PASS PATTERN NO. 1705 | Func:  XOR | Latency:  863[1;0m
[1;32m[Core 2] PASS PATTERN NO. 1706 | Func:  ADD | Latency:    9[1;0m
[1;34m[Core 1] PASS PATTERN NO. 1706 | Func:  MUL | Latency:   12[1;0m
[1;34m[Core 1] PASS PATTERN NO. 1707 | Func: NAND | Latency:    6[1;0m
[1;32m[Core 2] PASS PATTERN NO. 1707 | Func:   LH | Latency:  505[1;0m
[1;34m[Core 1] PASS PATTERN NO. 1708 | Func:   OR | Latency:  502[1;0m
[1;32m[Core 2] PASS PATTERN NO. 1708 | Func:   OR | Latency:    6[1;0m
[1;34m[Core 1] PASS PATTERN NO. 1709 | Func: SUBI | Latency:    9[1;0m
[1;32m[Core 2] PASS PATTERN NO. 1709 | Func: ADDI | Latency:    9[1;0m
[1;34m[Core 1] PASS PATTERN NO. 1710 | Func:  MUL | Latency:   12[1;0m
[1;32m[Core 2] PASS PATTERN NO. 1710 | Func:   SH | Latency:  198[1;0m
[1;32m[Core 2] PASS PATTERN NO. 1711 | Func:  XOR | Latency:    6[1;0m
[1;34m[Core 1] PASS PATTERN NO. 1711 | Func:   LH | Latency:  520[1;0m
[1;34m[Core 1] PASS PATTERN NO. 1712 | Func: ADDI | Latency:    6[1;0m
[1;32m[Core 2] PASS PATTERN NO. 1712 | Func:  SLT | Latency:  334[1;0m
[1;34m[Core 1] PASS PATTERN NO. 1713 | Func: ADDI | Latency:    9[1;0m
[1;32m[Core 2] PASS PATTERN NO. 1713 | Func: SUBI | Latency:    9[1;0m
[1;34m[Core 1] PASS PATTERN NO. 1714 | Func:  AND | Latency:    9[1;0m
[1;32m[Core 2] PASS PATTERN NO. 1714 | Func:  MUL | Latency:   12[1;0m
[1;34m[Core 1] PASS PATTERN NO. 1715 | Func:  SUB | Latency:    9[1;0m
[1;32m[Core 2] PASS PATTERN NO. 1715 | Func:  SUB | Latency:    6[1;0m
[1;34m[Core 1] PASS PATTERN NO. 1716 | Func: NAND | Latency:    9[1;0m
[1;32m[Core 2] PASS PATTERN NO. 1716 | Func:   OR | Latency:    9[1;0m
[1;32m[Core 2] PASS PATTERN NO. 1717 | Func:  ADD | Latency:    9[1;0m
[1;34m[Core 1] PASS PATTERN NO. 1717 | Func:   LH | Latency:  492[1;0m
[1;34m[Core 1] PASS PATTERN NO. 1718 | Func: ADDI | Latency:    6[1;0m
[1;32m[Core 2] PASS PATTERN NO. 1718 | Func:   SH | Latency:  874[1;0m
[1;34m[Core 1] PASS PATTERN NO. 1719 | Func:  AND | Latency:  391[1;0m
[1;32m[Core 2] PASS PATTERN NO. 1719 | Func:  ADD | Latency:    6[1;0m
[1;34m[Core 1] PASS PATTERN NO. 1720 | Func:  XOR | Latency:    9[1;0m
[1;32m[Core 2] PASS PATTERN NO. 1720 | Func:  MUL | Latency:   12[1;0m
[1;32m[Core 2] PASS PATTERN NO. 1721 | Func:   SH | Latency:  504[1;0m
[1;34m[Core 1] PASS PATTERN NO. 1721 | Func:   LH | Latency:  697[1;0m
[1;32m[Core 2] PASS PATTERN NO. 1722 | Func:   SH | Latency:  364[1;0m
[1;34m[Core 1] PASS PATTERN NO. 1722 | Func:   LH | Latency:  323[1;0m
[1;32m[Core 2] PASS PATTERN NO. 1723 | Func: SUBI | Latency:  155[1;0m
[1;34m[Core 1] PASS PATTERN NO. 1723 | Func:   SH | Latency:  430[1;0m
[1;34m[Core 1] PASS PATTERN NO. 1724 | Func: ADDI | Latency:    6[1;0m
[1;32m[Core 2] PASS PATTERN NO. 1724 | Func:   LH | Latency:  541[1;0m
[1;34m[Core 1] PASS PATTERN NO. 1725 | Func:  SLT | Latency:  117[1;0m
[1;32m[Core 2] PASS PATTERN NO. 1725 | Func:  MUL | Latency:    9[1;0m
[1;34m[Core 1] PASS PATTERN NO. 1726 | Func:  AND | Latency:    9[1;0m
[1;32m[Core 2] PASS PATTERN NO. 1726 | Func:  NOR | Latency:    6[1;0m
[1;32m[Core 2] PASS PATTERN NO. 1727 | Func:  XOR | Latency:    9[1;0m
[1;34m[Core 1] PASS PATTERN NO. 1727 | Func:   LH | Latency:  296[1;0m
[1;32m[Core 2] PASS PATTERN NO. 1728 | Func: ADDI | Latency:  293[1;0m
[1;34m[Core 1] PASS PATTERN NO. 1728 | Func:  MUL | Latency:    9[1;0m
[1;32m[Core 2] PASS PATTERN NO. 1729 | Func: ADDI | Latency:    9[1;0m
[1;34m[Core 1] PASS PATTERN NO. 1729 | Func:   LH | Latency:  438[1;0m
[1;34m[Core 1] PASS PATTERN NO. 1730 | Func:  ADD | Latency:    6[1;0m
[1;32m[Core 2] PASS PATTERN NO. 1730 | Func:  MUL | Latency:  441[1;0m
[1;34m[Core 1] PASS PATTERN NO. 1731 | Func:  AND | Latency:    9[1;0m
[1;32m[Core 2] PASS PATTERN NO. 1731 | Func: SUBI | Latency:    6[1;0m
[1;34m[Core 1] PASS PATTERN NO. 1732 | Func: SUBI | Latency:  435[1;0m
[1;32m[Core 2] PASS PATTERN NO. 1732 | Func:   SH | Latency:  811[1;0m
[1;32m[Core 2] PASS PATTERN NO. 1733 | Func: NAND | Latency:    6[1;0m
[1;34m[Core 1] PASS PATTERN NO. 1733 | Func:   LH | Latency:  581[1;0m
[1;32m[Core 2] PASS PATTERN NO. 1734 | Func:  NOR | Latency:  205[1;0m
[1;34m[Core 1] PASS PATTERN NO. 1734 | Func:   SH | Latency:  368[1;0m
[1;34m[Core 1] PASS PATTERN NO. 1735 | Func: ADDI | Latency:    6[1;0m
[1;32m[Core 2] PASS PATTERN NO. 1735 | Func:  SUB | Latency:  368[1;0m
[1;32m[Core 2] PASS PATTERN NO. 1736 | Func:  XOR | Latency:    9[1;0m
[1;34m[Core 1] PASS PATTERN NO. 1736 | Func:   LH | Latency:  231[1;0m
[1;34m[Core 1] PASS PATTERN NO. 1737 | Func:   OR | Latency:    6[1;0m
[1;32m[Core 2] PASS PATTERN NO. 1737 | Func: ADDI | Latency:  228[1;0m
[1;32m[Core 2] PASS PATTERN NO. 1738 | Func:  SLT | Latency:    9[1;0m
[1;34m[Core 1] PASS PATTERN NO. 1738 | Func:   LH | Latency:  445[1;0m
[1;32m[Core 2] PASS PATTERN NO. 1739 | Func:  AND | Latency:  442[1;0m
[1;34m[Core 1] PASS PATTERN NO. 1739 | Func:   SH | Latency:  146[1;0m
[1;32m[Core 2] PASS PATTERN NO. 1740 | Func:  SLT | Latency:  146[1;0m
[1;34m[Core 1] PASS PATTERN NO. 1740 | Func:   SH | Latency:  155[1;0m
[1;34m[Core 1] PASS PATTERN NO. 1741 | Func:  XOR | Latency:    6[1;0m
[1;32m[Core 2] PASS PATTERN NO. 1741 | Func: ADDI | Latency:  155[1;0m
[1;32m[Core 2] PASS PATTERN NO. 1742 | Func: ADDI | Latency:    9[1;0m
[1;34m[Core 1] PASS PATTERN NO. 1742 | Func:   SH | Latency:  325[1;0m
[1;32m[Core 2] PASS PATTERN NO. 1743 | Func:  SLT | Latency:  322[1;0m
[1;34m[Core 1] PASS PATTERN NO. 1743 | Func:   SH | Latency:  479[1;0m
[1;32m[Core 2] PASS PATTERN NO. 1744 | Func:  MUL | Latency:  482[1;0m
[1;34m[Core 1] PASS PATTERN NO. 1744 | Func:   SH | Latency:  380[1;0m
[1;34m[Core 1] PASS PATTERN NO. 1745 | Func:  ADD | Latency:    6[1;0m
[1;32m[Core 2] PASS PATTERN NO. 1745 | Func: NAND | Latency:  377[1;0m
[1;34m[Core 1] PASS PATTERN NO. 1746 | Func:   SH | Latency:  209[1;0m
[1;32m[Core 2] PASS PATTERN NO. 1746 | Func:   LH | Latency:  395[1;0m
[1;34m[Core 1] PASS PATTERN NO. 1747 | Func:   LH | Latency:  663[1;0m
[1;32m[Core 2] PASS PATTERN NO. 1747 | Func:   LH | Latency:  837[1;0m
[1;34m[Core 1] PASS PATTERN NO. 1748 | Func:  SUB | Latency:  366[1;0m
[1;32m[Core 2] PASS PATTERN NO. 1748 | Func:  XOR | Latency:    6[1;0m
[1;32m[Core 2] PASS PATTERN NO. 1749 | Func:   OR | Latency:    9[1;0m
[1;34m[Core 1] PASS PATTERN NO. 1749 | Func:   SH | Latency:  426[1;0m
[1;33m[Info] Global Memory Check Passed at IC 50-boundary (Snapshot 34)[1;0m
[1;34m[Core 1] PASS PATTERN NO. 1750 | Func: NAND | Latency:    6[1;0m
[1;32m[Core 2] PASS PATTERN NO. 1750 | Func:  AND | Latency:  423[1;0m
[1;34m[Core 1] PASS PATTERN NO. 1751 | Func:  XOR | Latency:    9[1;0m
[1;32m[Core 2] PASS PATTERN NO. 1751 | Func:   LH | Latency:  255[1;0m
[1;34m[Core 1] PASS PATTERN NO. 1752 | Func:  MUL | Latency:  255[1;0m
[1;32m[Core 2] PASS PATTERN NO. 1752 | Func:   SH | Latency:  231[1;0m
[1;34m[Core 1] PASS PATTERN NO. 1753 | Func: ADDI | Latency:  228[1;0m
[1;32m[Core 2] PASS PATTERN NO. 1753 | Func: NAND | Latency:    6[1;0m
[1;34m[Core 1] PASS PATTERN NO. 1754 | Func:  SLT | Latency:    9[1;0m
[1;32m[Core 2] PASS PATTERN NO. 1754 | Func:   OR | Latency:    9[1;0m
[1;32m[Core 2] PASS PATTERN NO. 1755 | Func:  SLT | Latency:    9[1;0m
[1;34m[Core 1] PASS PATTERN NO. 1755 | Func:   SH | Latency:  232[1;0m
[1;32m[Core 2] PASS PATTERN NO. 1756 | Func:  MUL | Latency:  232[1;0m
[1;34m[Core 1] PASS PATTERN NO. 1756 | Func:   LH | Latency:  248[1;0m
[1;32m[Core 2] PASS PATTERN NO. 1757 | Func:  XOR | Latency:  245[1;0m
[1;34m[Core 1] PASS PATTERN NO. 1757 | Func:  MUL | Latency:    9[1;0m
[1;34m[Core 1] PASS PATTERN NO. 1758 | Func:  MUL | Latency:    9[1;0m
[1;32m[Core 2] PASS PATTERN NO. 1758 | Func:   LH | Latency:  424[1;0m
[1;34m[Core 1] PASS PATTERN NO. 1759 | Func:   SH | Latency:  747[1;0m
[1;32m[Core 2] PASS PATTERN NO. 1759 | Func:   LH | Latency:  494[1;0m
[1;34m[Core 1] PASS PATTERN NO. 1760 | Func:   OR | Latency:  165[1;0m
[1;32m[Core 2] PASS PATTERN NO. 1760 | Func:  MUL | Latency:    9[1;0m
[1;34m[Core 1] PASS PATTERN NO. 1761 | Func:  NOR | Latency:    9[1;0m
[1;32m[Core 2] PASS PATTERN NO. 1761 | Func:  ADD | Latency:    6[1;0m
[1;34m[Core 1] PASS PATTERN NO. 1762 | Func: SUBI | Latency:    9[1;0m
[1;32m[Core 2] PASS PATTERN NO. 1762 | Func:  ADD | Latency:    9[1;0m
[1;32m[Core 2] PASS PATTERN NO. 1763 | Func:  AND | Latency:    9[1;0m
[1;34m[Core 1] PASS PATTERN NO. 1763 | Func:   LH | Latency:  345[1;0m
[1;34m[Core 1] PASS PATTERN NO. 1764 | Func:  SUB | Latency:  663[1;0m
[1;32m[Core 2] PASS PATTERN NO. 1764 | Func:   SH | Latency: 1457[1;0m
[1;34m[Core 1] PASS PATTERN NO. 1765 | Func:  SLT | Latency:  464[1;0m
[1;32m[Core 2] PASS PATTERN NO. 1765 | Func:   SH | Latency:  372[1;0m
[1;34m[Core 1] PASS PATTERN NO. 1766 | Func:  NOR | Latency:  372[1;0m
[1;32m[Core 2] PASS PATTERN NO. 1766 | Func: SUBI | Latency:    6[1;0m
[1;34m[Core 1] PASS PATTERN NO. 1767 | Func: SUBI | Latency:    9[1;0m
[1;32m[Core 2] PASS PATTERN NO. 1767 | Func:   LH | Latency:  259[1;0m
[1;34m[Core 1] PASS PATTERN NO. 1768 | Func: SUBI | Latency:  256[1;0m
[1;32m[Core 2] PASS PATTERN NO. 1768 | Func:   SH | Latency:  312[1;0m
[1;34m[Core 1] PASS PATTERN NO. 1769 | Func:   SH | Latency:  630[1;0m
[1;32m[Core 2] PASS PATTERN NO. 1769 | Func:   LH | Latency:  789[1;0m
[1;34m[Core 1] PASS PATTERN NO. 1770 | Func:   OR | Latency:  471[1;0m
[1;32m[Core 2] PASS PATTERN NO. 1770 | Func:   SH | Latency:  356[1;0m
[1;34m[Core 1] PASS PATTERN NO. 1771 | Func:  NOR | Latency:  356[1;0m
[1;32m[Core 2] PASS PATTERN NO. 1771 | Func:  MUL | Latency:    9[1;0m
[1;34m[Core 1] PASS PATTERN NO. 1772 | Func:   OR | Latency:    9[1;0m
[1;32m[Core 2] PASS PATTERN NO. 1772 | Func:  AND | Latency:    6[1;0m
[1;34m[Core 1] PASS PATTERN NO. 1773 | Func:  SUB | Latency:    9[1;0m
[1;32m[Core 2] PASS PATTERN NO. 1773 | Func:  SUB | Latency:    9[1;0m
[1;34m[Core 1] PASS PATTERN NO. 1774 | Func:  ADD | Latency:    9[1;0m
[1;32m[Core 2] PASS PATTERN NO. 1774 | Func:   LH | Latency:  369[1;0m
[1;34m[Core 1] PASS PATTERN NO. 1775 | Func:  NOR | Latency:  366[1;0m
[1;32m[Core 2] PASS PATTERN NO. 1775 | Func: NAND | Latency:    6[1;0m
[1;34m[Core 1] PASS PATTERN NO. 1776 | Func:  NOR | Latency:    9[1;0m
[1;32m[Core 2] PASS PATTERN NO. 1776 | Func:  SLT | Latency:    9[1;0m
[1;32m[Core 2] PASS PATTERN NO. 1777 | Func:  SLT | Latency:    9[1;0m
[1;34m[Core 1] PASS PATTERN NO. 1777 | Func:   LH | Latency:  457[1;0m
[1;32m[Core 2] PASS PATTERN NO. 1778 | Func:  AND | Latency:  454[1;0m
[1;34m[Core 1] PASS PATTERN NO. 1778 | Func:   SH | Latency:  298[1;0m
[1;32m[Core 2] PASS PATTERN NO. 1779 | Func:  XOR | Latency:  298[1;0m
[1;34m[Core 1] PASS PATTERN NO. 1779 | Func:   SH | Latency:  272[1;0m
[1;34m[Core 1] PASS PATTERN NO. 1780 | Func: ADDI | Latency:    6[1;0m
[1;32m[Core 2] PASS PATTERN NO. 1780 | Func:  AND | Latency:  272[1;0m
[1;34m[Core 1] PASS PATTERN NO. 1781 | Func:  SUB | Latency:    9[1;0m
[1;32m[Core 2] PASS PATTERN NO. 1781 | Func: SUBI | Latency:    9[1;0m
[1;34m[Core 1] PASS PATTERN NO. 1782 | Func:  SLT | Latency:    9[1;0m
[1;32m[Core 2] PASS PATTERN NO. 1782 | Func: ADDI | Latency:    9[1;0m
[1;34m[Core 1] PASS PATTERN NO. 1783 | Func:   OR | Latency:    9[1;0m
[1;32m[Core 2] PASS PATTERN NO. 1783 | Func:  SLT | Latency:    9[1;0m
[1;34m[Core 1] PASS PATTERN NO. 1784 | Func:  NOR | Latency:    9[1;0m
[1;32m[Core 2] PASS PATTERN NO. 1784 | Func:   LH | Latency:  311[1;0m
[1;34m[Core 1] PASS PATTERN NO. 1785 | Func:  MUL | Latency:  311[1;0m
[1;32m[Core 2] PASS PATTERN NO. 1785 | Func:  MUL | Latency:   10[1;0m
[1;32m[Core 2] PASS PATTERN NO. 1786 | Func: SUBI | Latency:    8[1;0m
[1;34m[Core 1] PASS PATTERN NO. 1786 | Func:   LH | Latency:  433[1;0m
[1;34m[Core 1] PASS PATTERN NO. 1787 | Func:  AND | Latency:    6[1;0m
[1;32m[Core 2] PASS PATTERN NO. 1787 | Func:  AND | Latency:  430[1;0m
[1;34m[Core 1] PASS PATTERN NO. 1788 | Func:  XOR | Latency:    9[1;0m
[1;32m[Core 2] PASS PATTERN NO. 1788 | Func:   SH | Latency:  335[1;0m
[1;34m[Core 1] PASS PATTERN NO. 1789 | Func: NAND | Latency:  332[1;0m
[1;32m[Core 2] PASS PATTERN NO. 1789 | Func:  MUL | Latency:    9[1;0m
[1;34m[Core 1] PASS PATTERN NO. 1790 | Func: ADDI | Latency:    9[1;0m
[1;32m[Core 2] PASS PATTERN NO. 1790 | Func:  XOR | Latency:    6[1;0m
[1;32m[Core 2] PASS PATTERN NO. 1791 | Func:   OR | Latency:    9[1;0m
[1;34m[Core 1] PASS PATTERN NO. 1791 | Func:   SH | Latency:  403[1;0m
[1;34m[Core 1] PASS PATTERN NO. 1792 | Func: NAND | Latency:    6[1;0m
[1;32m[Core 2] PASS PATTERN NO. 1792 | Func:  MUL | Latency:  403[1;0m
[1;34m[Core 1] PASS PATTERN NO. 1793 | Func: SUBI | Latency:    9[1;0m
[1;32m[Core 2] PASS PATTERN NO. 1793 | Func:   LH | Latency:  509[1;0m
[1;34m[Core 1] PASS PATTERN NO. 1794 | Func:  SUB | Latency:  509[1;0m
[1;32m[Core 2] PASS PATTERN NO. 1794 | Func:  SUB | Latency:    6[1;0m
[1;34m[Core 1] PASS PATTERN NO. 1795 | Func: ADDI | Latency:    9[1;0m
[1;32m[Core 2] PASS PATTERN NO. 1795 | Func: SUBI | Latency:    9[1;0m
[1;32m[Core 2] PASS PATTERN NO. 1796 | Func:  SUB | Latency:  793[1;0m
[1;34m[Core 1] PASS PATTERN NO. 1796 | Func:   LH | Latency: 1160[1;0m
[1;32m[Core 2] PASS PATTERN NO. 1797 | Func:  SUB | Latency:  373[1;0m
[1;34m[Core 1] PASS PATTERN NO. 1797 | Func:   SH | Latency:  376[1;0m
[1;34m[Core 1] PASS PATTERN NO. 1798 | Func: ADDI | Latency:    6[1;0m
[1;32m[Core 2] PASS PATTERN NO. 1798 | Func:   LH | Latency:  684[1;0m
[1;32m[Core 2] PASS PATTERN NO. 1799 | Func:  AND | Latency:    6[1;0m
[1;34m[Core 1] PASS PATTERN NO. 1799 | Func:   SH | Latency:  778[1;0m
[1;33m[Info] Global Memory Check Passed at IC 50-boundary (Snapshot 35)[1;0m
[1;34m[Core 1] PASS PATTERN NO. 1800 | Func: SUBI | Latency:    6[1;0m
[1;32m[Core 2] PASS PATTERN NO. 1800 | Func:  AND | Latency:  470[1;0m
[1;34m[Core 1] PASS PATTERN NO. 1801 | Func:  MUL | Latency:   12[1;0m
[1;32m[Core 2] PASS PATTERN NO. 1801 | Func:   SH | Latency:  463[1;0m
[1;34m[Core 1] PASS PATTERN NO. 1802 | Func:  AND | Latency:  457[1;0m
[1;32m[Core 2] PASS PATTERN NO. 1802 | Func:   SH | Latency:  292[1;0m
[1;34m[Core 1] PASS PATTERN NO. 1803 | Func:  XOR | Latency:  292[1;0m
[1;32m[Core 2] PASS PATTERN NO. 1803 | Func:  XOR | Latency:    6[1;0m
[1;32m[Core 2] PASS PATTERN NO. 1804 | Func: ADDI | Latency:    9[1;0m
[1;34m[Core 1] PASS PATTERN NO. 1804 | Func:   SH | Latency:  476[1;0m
[1;32m[Core 2] PASS PATTERN NO. 1805 | Func: ADDI | Latency:  473[1;0m
[1;34m[Core 1] PASS PATTERN NO. 1805 | Func:  MUL | Latency:    9[1;0m
[1;34m[Core 1] PASS PATTERN NO. 1806 | Func: NAND | Latency:    6[1;0m
[1;32m[Core 2] PASS PATTERN NO. 1806 | Func:  XOR | Latency:    9[1;0m
[1;34m[Core 1] PASS PATTERN NO. 1807 | Func: ADDI | Latency:    9[1;0m
[1;32m[Core 2] PASS PATTERN NO. 1807 | Func: SUBI | Latency:    9[1;0m
[1;34m[Core 1] PASS PATTERN NO. 1808 | Func: SUBI | Latency:    9[1;0m
[1;32m[Core 2] PASS PATTERN NO. 1808 | Func:  MUL | Latency:   12[1;0m
[1;34m[Core 1] PASS PATTERN NO. 1809 | Func: ADDI | Latency:    9[1;0m
[1;32m[Core 2] PASS PATTERN NO. 1809 | Func:  MUL | Latency:    9[1;0m
[1;32m[Core 2] PASS PATTERN NO. 1810 | Func:  AND | Latency:    6[1;0m
[1;34m[Core 1] PASS PATTERN NO. 1810 | Func:   SH | Latency:  185[1;0m
[1;34m[Core 1] PASS PATTERN NO. 1811 | Func:   SH | Latency:  162[1;0m
[1;32m[Core 2] PASS PATTERN NO. 1811 | Func:   LH | Latency:  673[1;0m
[1;34m[Core 1] PASS PATTERN NO. 1812 | Func:  AND | Latency:  341[1;0m
[1;32m[Core 2] PASS PATTERN NO. 1812 | Func:   LH | Latency:  262[1;0m
[1;32m[Core 2] PASS PATTERN NO. 1813 | Func: ADDI | Latency:    6[1;0m
[1;34m[Core 1] PASS PATTERN NO. 1813 | Func:   LH | Latency:  366[1;0m
[1;32m[Core 2] PASS PATTERN NO. 1814 | Func:  MUL | Latency:  113[1;0m
[1;34m[Core 1] PASS PATTERN NO. 1814 | Func:   LH | Latency:  243[1;0m
[1;34m[Core 1] PASS PATTERN NO. 1815 | Func:  NOR | Latency:    6[1;0m
[1;32m[Core 2] PASS PATTERN NO. 1815 | Func:  MUL | Latency:  243[1;0m
[1;34m[Core 1] PASS PATTERN NO. 1816 | Func:  AND | Latency:    9[1;0m
[1;32m[Core 2] PASS PATTERN NO. 1816 | Func:   SH | Latency:  510[1;0m
[1;34m[Core 1] PASS PATTERN NO. 1817 | Func:  XOR | Latency:  510[1;0m
[1;32m[Core 2] PASS PATTERN NO. 1817 | Func:  NOR | Latency:    6[1;0m
[1;32m[Core 2] PASS PATTERN NO. 1818 | Func:   SH | Latency:  151[1;0m
[1;34m[Core 1] PASS PATTERN NO. 1818 | Func:   LH | Latency:  470[1;0m
[1;32m[Core 2] PASS PATTERN NO. 1819 | Func: NAND | Latency:  325[1;0m
[1;34m[Core 1] PASS PATTERN NO. 1819 | Func:  MUL | Latency:    9[1;0m
[1;32m[Core 2] PASS PATTERN NO. 1820 | Func:  MUL | Latency:   12[1;0m
[1;34m[Core 1] PASS PATTERN NO. 1820 | Func:   LH | Latency:  416[1;0m
[1;34m[Core 1] PASS PATTERN NO. 1821 | Func:  SUB | Latency:    6[1;0m
[1;32m[Core 2] PASS PATTERN NO. 1821 | Func: SUBI | Latency:  413[1;0m
[1;34m[Core 1] PASS PATTERN NO. 1822 | Func: NAND | Latency:    9[1;0m
[1;32m[Core 2] PASS PATTERN NO. 1822 | Func: SUBI | Latency:    9[1;0m
[1;34m[Core 1] PASS PATTERN NO. 1823 | Func:  SLT | Latency:    9[1;0m
[1;32m[Core 2] PASS PATTERN NO. 1823 | Func:   SH | Latency:  196[1;0m
[1;34m[Core 1] PASS PATTERN NO. 1824 | Func:  SUB | Latency:  193[1;0m
[1;32m[Core 2] PASS PATTERN NO. 1824 | Func:  SUB | Latency:    6[1;0m
[1;32m[Core 2] PASS PATTERN NO. 1825 | Func: NAND | Latency:    9[1;0m
[1;34m[Core 1] PASS PATTERN NO. 1825 | Func:  MUL | Latency:   12[1;0m
[1;34m[Core 1] PASS PATTERN NO. 1826 | Func:  SUB | Latency:    6[1;0m
[1;32m[Core 2] PASS PATTERN NO. 1826 | Func:  NOR | Latency:    9[1;0m
[1;34m[Core 1] PASS PATTERN NO. 1827 | Func:   LH | Latency:  385[1;0m
[1;32m[Core 2] PASS PATTERN NO. 1827 | Func:   LH | Latency:  855[1;0m
[1;34m[Core 1] PASS PATTERN NO. 1828 | Func:  AND | Latency:  829[1;0m
[1;32m[Core 2] PASS PATTERN NO. 1828 | Func:  NOR | Latency:  359[1;0m
[1;34m[Core 1] PASS PATTERN NO. 1829 | Func:  NOR | Latency:    9[1;0m
[1;32m[Core 2] PASS PATTERN NO. 1829 | Func: NAND | Latency:    9[1;0m
[1;32m[Core 2] PASS PATTERN NO. 1830 | Func:  AND | Latency:    9[1;0m
[1;34m[Core 1] PASS PATTERN NO. 1830 | Func:   SH | Latency:  212[1;0m
[1;32m[Core 2] PASS PATTERN NO. 1831 | Func:  NOR | Latency:  209[1;0m
[1;34m[Core 1] PASS PATTERN NO. 1831 | Func:   SH | Latency:  329[1;0m
[1;34m[Core 1] PASS PATTERN NO. 1832 | Func:  SUB | Latency:    6[1;0m
[1;32m[Core 2] PASS PATTERN NO. 1832 | Func: SUBI | Latency:  329[1;0m
[1;32m[Core 2] PASS PATTERN NO. 1833 | Func:  SUB | Latency:    9[1;0m
[1;34m[Core 1] PASS PATTERN NO. 1833 | Func:   LH | Latency:  423[1;0m
[1;34m[Core 1] PASS PATTERN NO. 1834 | Func:  SLT | Latency:    6[1;0m
[1;32m[Core 2] PASS PATTERN NO. 1834 | Func:   LH | Latency:  639[1;0m
[1;34m[Core 1] PASS PATTERN NO. 1835 | Func:  ADD | Latency:  225[1;0m
[1;32m[Core 2] PASS PATTERN NO. 1835 | Func: NAND | Latency:    6[1;0m
[1;34m[Core 1] PASS PATTERN NO. 1836 | Func:  SUB | Latency:    9[1;0m
[1;32m[Core 2] PASS PATTERN NO. 1836 | Func:   SH | Latency:  481[1;0m
[1;34m[Core 1] PASS PATTERN NO. 1837 | Func:  SLT | Latency:  478[1;0m
[1;32m[Core 2] PASS PATTERN NO. 1837 | Func:   LH | Latency:  323[1;0m
[1;34m[Core 1] PASS PATTERN NO. 1838 | Func:  NOR | Latency:  323[1;0m
[1;32m[Core 2] PASS PATTERN NO. 1838 | Func:  NOR | Latency:    6[1;0m
[1;34m[Core 1] PASS PATTERN NO. 1839 | Func: SUBI | Latency:    9[1;0m
[1;32m[Core 2] PASS PATTERN NO. 1839 | Func:   SH | Latency:  341[1;0m
[1;34m[Core 1] PASS PATTERN NO. 1840 | Func:  SUB | Latency:  338[1;0m
[1;32m[Core 2] PASS PATTERN NO. 1840 | Func:   LH | Latency:  434[1;0m
[1;32m[Core 2] PASS PATTERN NO. 1841 | Func:   OR | Latency:    6[1;0m
[1;34m[Core 1] PASS PATTERN NO. 1841 | Func:   LH | Latency:  774[1;0m
[1;32m[Core 2] PASS PATTERN NO. 1842 | Func:  ADD | Latency:  346[1;0m
[1;34m[Core 1] PASS PATTERN NO. 1842 | Func:   LH | Latency:  293[1;0m
[1;34m[Core 1] PASS PATTERN NO. 1843 | Func: NAND | Latency:    6[1;0m
[1;32m[Core 2] PASS PATTERN NO. 1843 | Func: SUBI | Latency:  293[1;0m
[1;34m[Core 1] PASS PATTERN NO. 1844 | Func:  XOR | Latency:    9[1;0m
[1;32m[Core 2] PASS PATTERN NO. 1844 | Func:  ADD | Latency:    9[1;0m
[1;34m[Core 1] PASS PATTERN NO. 1845 | Func:  MUL | Latency:   12[1;0m
[1;32m[Core 2] PASS PATTERN NO. 1845 | Func:   LH | Latency:  397[1;0m
[1;34m[Core 1] PASS PATTERN NO. 1846 | Func: NAND | Latency:  391[1;0m
[1;32m[Core 2] PASS PATTERN NO. 1846 | Func:   SH | Latency:  378[1;0m
[1;34m[Core 1] PASS PATTERN NO. 1847 | Func:  ADD | Latency:  378[1;0m
[1;32m[Core 2] PASS PATTERN NO. 1847 | Func: SUBI | Latency:    6[1;0m
[1;34m[Core 1] PASS PATTERN NO. 1848 | Func: ADDI | Latency:    9[1;0m
[1;32m[Core 2] PASS PATTERN NO. 1848 | Func:  AND | Latency:    9[1;0m
[1;34m[Core 1] PASS PATTERN NO. 1849 | Func: ADDI | Latency:    9[1;0m
[1;32m[Core 2] PASS PATTERN NO. 1849 | Func:  MUL | Latency:   12[1;0m
[1;33m[Info] Global Memory Check Passed at IC 50-boundary (Snapshot 36)[1;0m
[1;32m[Core 2] PASS PATTERN NO. 1850 | Func:  ADD | Latency:    6[1;0m
[1;34m[Core 1] PASS PATTERN NO. 1850 | Func:   SH | Latency:  211[1;0m
[1;34m[Core 1] PASS PATTERN NO. 1851 | Func:  AND | Latency:    6[1;0m
[1;32m[Core 2] PASS PATTERN NO. 1851 | Func:   SH | Latency:  393[1;0m
[1;34m[Core 1] PASS PATTERN NO. 1852 | Func:  MUL | Latency:  194[1;0m
[1;32m[Core 2] PASS PATTERN NO. 1852 | Func:   SH | Latency:  288[1;0m
[1;34m[Core 1] PASS PATTERN NO. 1853 | Func:  XOR | Latency:  285[1;0m
[1;32m[Core 2] PASS PATTERN NO. 1853 | Func:  NOR | Latency:    6[1;0m
[1;32m[Core 2] PASS PATTERN NO. 1854 | Func:  AND | Latency:    9[1;0m
[1;34m[Core 1] PASS PATTERN NO. 1854 | Func:   SH | Latency:  296[1;0m
[1;34m[Core 1] PASS PATTERN NO. 1855 | Func:  ADD | Latency:    6[1;0m
[1;32m[Core 2] PASS PATTERN NO. 1855 | Func:  XOR | Latency:  293[1;0m
[1;34m[Core 1] PASS PATTERN NO. 1856 | Func:  NOR | Latency:    9[1;0m
[1;32m[Core 2] PASS PATTERN NO. 1856 | Func:  SUB | Latency:    9[1;0m
[1;34m[Core 1] PASS PATTERN NO. 1857 | Func:  SUB | Latency:    9[1;0m
[1;32m[Core 2] PASS PATTERN NO. 1857 | Func:  MUL | Latency:   12[1;0m
[1;32m[Core 2] PASS PATTERN NO. 1858 | Func:  NOR | Latency:    6[1;0m
[1;34m[Core 1] PASS PATTERN NO. 1858 | Func:   LH | Latency:  151[1;0m
[1;32m[Core 2] PASS PATTERN NO. 1859 | Func:  ADD | Latency:  148[1;0m
[1;34m[Core 1] PASS PATTERN NO. 1859 | Func:   SH | Latency:  406[1;0m
[1;32m[Core 2] PASS PATTERN NO. 1860 | Func:  NOR | Latency:  672[1;0m
[1;34m[Core 1] PASS PATTERN NO. 1860 | Func:   SH | Latency:  437[1;0m
[1;34m[Core 1] PASS PATTERN NO. 1861 | Func:  SUB | Latency:    6[1;0m
[1;32m[Core 2] PASS PATTERN NO. 1861 | Func:  MUL | Latency:  174[1;0m
[1;34m[Core 1] PASS PATTERN NO. 1862 | Func:   SH | Latency:  311[1;0m
[1;32m[Core 2] PASS PATTERN NO. 1862 | Func:   LH | Latency:  433[1;0m
[1;32m[Core 2] PASS PATTERN NO. 1863 | Func:  MUL | Latency:    9[1;0m
[1;34m[Core 1] PASS PATTERN NO. 1863 | Func:   LH | Latency:  399[1;0m
[1;32m[Core 2] PASS PATTERN NO. 1864 | Func:  SUB | Latency:  271[1;0m
[1;34m[Core 1] PASS PATTERN NO. 1864 | Func:   LH | Latency:  374[1;0m
[1;32m[Core 2] PASS PATTERN NO. 1865 | Func:  NOR | Latency:  374[1;0m
[1;34m[Core 1] PASS PATTERN NO. 1865 | Func:  MUL | Latency:    9[1;0m
[1;32m[Core 2] PASS PATTERN NO. 1866 | Func: ADDI | Latency:    9[1;0m
[1;34m[Core 1] PASS PATTERN NO. 1866 | Func:   SH | Latency:  411[1;0m
[1;34m[Core 1] PASS PATTERN NO. 1867 | Func: ADDI | Latency:    6[1;0m
[1;32m[Core 2] PASS PATTERN NO. 1867 | Func:  MUL | Latency:  414[1;0m
[1;34m[Core 1] PASS PATTERN NO. 1868 | Func:   OR | Latency:    9[1;0m
[1;32m[Core 2] PASS PATTERN NO. 1868 | Func: ADDI | Latency:    6[1;0m
[1;32m[Core 2] PASS PATTERN NO. 1869 | Func:   OR | Latency:    9[1;0m
[1;34m[Core 1] PASS PATTERN NO. 1869 | Func:   LH | Latency:  312[1;0m
[1;34m[Core 1] PASS PATTERN NO. 1870 | Func:  XOR | Latency:    6[1;0m
[1;32m[Core 2] PASS PATTERN NO. 1870 | Func:   OR | Latency:  309[1;0m
[1;34m[Core 1] PASS PATTERN NO. 1871 | Func:  SUB | Latency:    9[1;0m
[1;32m[Core 2] PASS PATTERN NO. 1871 | Func:   LH | Latency:  281[1;0m
[1;32m[Core 2] PASS PATTERN NO. 1872 | Func:  AND | Latency:    6[1;0m
[1;34m[Core 1] PASS PATTERN NO. 1872 | Func:  MUL | Latency:  281[1;0m
[1;34m[Core 1] PASS PATTERN NO. 1873 | Func:  SUB | Latency:    6[1;0m
[1;32m[Core 2] PASS PATTERN NO. 1873 | Func: NAND | Latency:    9[1;0m
[1;34m[Core 1] PASS PATTERN NO. 1874 | Func:  SLT | Latency:    9[1;0m
[1;32m[Core 2] PASS PATTERN NO. 1874 | Func:  NOR | Latency:    9[1;0m
[1;34m[Core 1] PASS PATTERN NO. 1875 | Func:   SH | Latency:  454[1;0m
[1;32m[Core 2] PASS PATTERN NO. 1875 | Func:   LH | Latency:  826[1;0m
[1;34m[Core 1] PASS PATTERN NO. 1876 | Func:  AND | Latency:  378[1;0m
[1;32m[Core 2] PASS PATTERN NO. 1876 | Func:   SH | Latency:  406[1;0m
[1;34m[Core 1] PASS PATTERN NO. 1877 | Func: SUBI | Latency:  406[1;0m
[1;32m[Core 2] PASS PATTERN NO. 1877 | Func:   LH | Latency:  311[1;0m
[1;34m[Core 1] PASS PATTERN NO. 1878 | Func:  NOR | Latency:  311[1;0m
[1;32m[Core 2] PASS PATTERN NO. 1878 | Func: SUBI | Latency:    6[1;0m
[1;34m[Core 1] PASS PATTERN NO. 1879 | Func:  NOR | Latency:    9[1;0m
[1;32m[Core 2] PASS PATTERN NO. 1879 | Func:   SH | Latency:  337[1;0m
[1;32m[Core 2] PASS PATTERN NO. 1880 | Func:  MUL | Latency:    9[1;0m
[1;34m[Core 1] PASS PATTERN NO. 1880 | Func:   SH | Latency:  667[1;0m
[1;34m[Core 1] PASS PATTERN NO. 1881 | Func:  NOR | Latency:    6[1;0m
[1;32m[Core 2] PASS PATTERN NO. 1881 | Func:   SH | Latency:  684[1;0m
[1;34m[Core 1] PASS PATTERN NO. 1882 | Func:   OR | Latency:  354[1;0m
[1;32m[Core 2] PASS PATTERN NO. 1882 | Func:  AND | Latency:    6[1;0m
[1;34m[Core 1] PASS PATTERN NO. 1883 | Func:   OR | Latency:    9[1;0m
[1;32m[Core 2] PASS PATTERN NO. 1883 | Func: SUBI | Latency:    9[1;0m
[1;34m[Core 1] PASS PATTERN NO. 1884 | Func:   OR | Latency:    9[1;0m
[1;32m[Core 2] PASS PATTERN NO. 1884 | Func:   SH | Latency:  360[1;0m
[1;34m[Core 1] PASS PATTERN NO. 1885 | Func:   OR | Latency:  357[1;0m
[1;32m[Core 2] PASS PATTERN NO. 1885 | Func:  SLT | Latency:    6[1;0m
[1;32m[Core 2] PASS PATTERN NO. 1886 | Func:  MUL | Latency:   12[1;0m
[1;34m[Core 1] PASS PATTERN NO. 1886 | Func:   LH | Latency:  176[1;0m
[1;34m[Core 1] PASS PATTERN NO. 1887 | Func: SUBI | Latency:    6[1;0m
[1;32m[Core 2] PASS PATTERN NO. 1887 | Func:  SLT | Latency:  170[1;0m
[1;32m[Core 2] PASS PATTERN NO. 1888 | Func:  NOR | Latency:    9[1;0m
[1;34m[Core 1] PASS PATTERN NO. 1888 | Func:   SH | Latency:  257[1;0m
[1;34m[Core 1] PASS PATTERN NO. 1889 | Func:  NOR | Latency:    6[1;0m
[1;32m[Core 2] PASS PATTERN NO. 1889 | Func:   LH | Latency:  514[1;0m
[1;34m[Core 1] PASS PATTERN NO. 1890 | Func:   SH | Latency:  529[1;0m
[1;32m[Core 2] PASS PATTERN NO. 1890 | Func:   LH | Latency:  714[1;0m
[1;34m[Core 1] PASS PATTERN NO. 1891 | Func: ADDI | Latency:  451[1;0m
[1;32m[Core 2] PASS PATTERN NO. 1891 | Func:   SH | Latency:  246[1;0m
[1;34m[Core 1] PASS PATTERN NO. 1892 | Func: SUBI | Latency:  415[1;0m
[1;32m[Core 2] PASS PATTERN NO. 1892 | Func:   SH | Latency:  322[1;0m
[1;34m[Core 1] PASS PATTERN NO. 1893 | Func:   SH | Latency:  534[1;0m
[1;32m[Core 2] PASS PATTERN NO. 1893 | Func:   LH | Latency:  564[1;0m
[1;34m[Core 1] PASS PATTERN NO. 1894 | Func:  AND | Latency:  183[1;0m
[1;32m[Core 2] PASS PATTERN NO. 1894 | Func:  NOR | Latency:    6[1;0m
[1;32m[Core 2] PASS PATTERN NO. 1895 | Func:  NOR | Latency:    9[1;0m
[1;34m[Core 1] PASS PATTERN NO. 1895 | Func:   SH | Latency:  309[1;0m
[1;34m[Core 1] PASS PATTERN NO. 1896 | Func:  MUL | Latency:    9[1;0m
[1;32m[Core 2] PASS PATTERN NO. 1896 | Func:   LH | Latency:  467[1;0m
[1;34m[Core 1] PASS PATTERN NO. 1897 | Func: ADDI | Latency:  164[1;0m
[1;32m[Core 2] PASS PATTERN NO. 1897 | Func:   SH | Latency:  477[1;0m
[1;32m[Core 2] PASS PATTERN NO. 1898 | Func:  NOR | Latency:    6[1;0m
[1;34m[Core 1] PASS PATTERN NO. 1898 | Func:   LH | Latency:  850[1;0m
[1;34m[Core 1] PASS PATTERN NO. 1899 | Func:   SH | Latency:  437[1;0m
[1;32m[Core 2] PASS PATTERN NO. 1899 | Func:   LH | Latency: 1252[1;0m
[1;33m[Info] Global Memory Check Passed at IC 50-boundary (Snapshot 37)[1;0m
[1;32m[Core 2] PASS PATTERN NO. 1900 | Func: SUBI | Latency:    6[1;0m
[1;34m[Core 1] PASS PATTERN NO. 1900 | Func:   LH | Latency:  760[1;0m
[1;32m[Core 2] PASS PATTERN NO. 1901 | Func:  ADD | Latency:  318[1;0m
[1;34m[Core 1] PASS PATTERN NO. 1901 | Func:  MUL | Latency:    9[1;0m
[1;34m[Core 1] PASS PATTERN NO. 1902 | Func: ADDI | Latency:    6[1;0m
[1;32m[Core 2] PASS PATTERN NO. 1902 | Func: SUBI | Latency:    9[1;0m
[1;34m[Core 1] PASS PATTERN NO. 1903 | Func: ADDI | Latency:    9[1;0m
[1;32m[Core 2] PASS PATTERN NO. 1903 | Func:   SH | Latency:  352[1;0m
[1;32m[Core 2] PASS PATTERN NO. 1904 | Func: NAND | Latency:    6[1;0m
[1;34m[Core 1] PASS PATTERN NO. 1904 | Func:  MUL | Latency:  352[1;0m
[1;34m[Core 1] PASS PATTERN NO. 1905 | Func: SUBI | Latency:    6[1;0m
[1;32m[Core 2] PASS PATTERN NO. 1905 | Func: NAND | Latency:    9[1;0m
[1;34m[Core 1] PASS PATTERN NO. 1906 | Func: NAND | Latency:    9[1;0m
[1;32m[Core 2] PASS PATTERN NO. 1906 | Func:   SH | Latency:  508[1;0m
[1;32m[Core 2] PASS PATTERN NO. 1907 | Func: SUBI | Latency:    6[1;0m
[1;34m[Core 1] PASS PATTERN NO. 1907 | Func:   SH | Latency:  707[1;0m
[1;34m[Core 1] PASS PATTERN NO. 1908 | Func: ADDI | Latency:    6[1;0m
[1;32m[Core 2] PASS PATTERN NO. 1908 | Func:  AND | Latency:  208[1;0m
[1;34m[Core 1] PASS PATTERN NO. 1909 | Func:  ADD | Latency:    9[1;0m
[1;32m[Core 2] PASS PATTERN NO. 1909 | Func:  MUL | Latency:   12[1;0m
[1;32m[Core 2] PASS PATTERN NO. 1910 | Func: ADDI | Latency:    6[1;0m
[1;34m[Core 1] PASS PATTERN NO. 1910 | Func:   SH | Latency:  121[1;0m
[1;34m[Core 1] PASS PATTERN NO. 1911 | Func:  XOR | Latency:    6[1;0m
[1;32m[Core 2] PASS PATTERN NO. 1911 | Func:   SH | Latency:  328[1;0m
[1;34m[Core 1] PASS PATTERN NO. 1912 | Func:  SLT | Latency:  216[1;0m
[1;32m[Core 2] PASS PATTERN NO. 1912 | Func:   LH | Latency:  215[1;0m
[1;34m[Core 1] PASS PATTERN NO. 1913 | Func:  MUL | Latency:  218[1;0m
[1;32m[Core 2] PASS PATTERN NO. 1913 | Func:   SH | Latency:  204[1;0m
[1;32m[Core 2] PASS PATTERN NO. 1914 | Func: NAND | Latency:    6[1;0m
[1;34m[Core 1] PASS PATTERN NO. 1914 | Func:   SH | Latency:  396[1;0m
[1;32m[Core 2] PASS PATTERN NO. 1915 | Func:  SUB | Latency:  201[1;0m
[1;34m[Core 1] PASS PATTERN NO. 1915 | Func:   LH | Latency:  265[1;0m
[1;34m[Core 1] PASS PATTERN NO. 1916 | Func:   OR | Latency:    6[1;0m
[1;32m[Core 2] PASS PATTERN NO. 1916 | Func:  SLT | Latency:  265[1;0m
[1;34m[Core 1] PASS PATTERN NO. 1917 | Func: SUBI | Latency:    9[1;0m
[1;32m[Core 2] PASS PATTERN NO. 1917 | Func:   OR | Latency:    9[1;0m
[1;34m[Core 1] PASS PATTERN NO. 1918 | Func:  MUL | Latency:   12[1;0m
[1;32m[Core 2] PASS PATTERN NO. 1918 | Func:  MUL | Latency:   13[1;0m
[1;34m[Core 1] PASS PATTERN NO. 1919 | Func:   SH | Latency:  159[1;0m
[1;32m[Core 2] PASS PATTERN NO. 1919 | Func:   LH | Latency:  368[1;0m
[1;34m[Core 1] PASS PATTERN NO. 1920 | Func: SUBI | Latency:  216[1;0m
[1;32m[Core 2] PASS PATTERN NO. 1920 | Func:  SUB | Latency:    6[1;0m
[1;34m[Core 1] PASS PATTERN NO. 1921 | Func:   OR | Latency:    9[1;0m
[1;32m[Core 2] PASS PATTERN NO. 1921 | Func: ADDI | Latency:    9[1;0m
[1;34m[Core 1] PASS PATTERN NO. 1922 | Func:  SLT | Latency:    9[1;0m
[1;32m[Core 2] PASS PATTERN NO. 1922 | Func:   LH | Latency:  469[1;0m
[1;32m[Core 2] PASS PATTERN NO. 1923 | Func:  SLT | Latency:    6[1;0m
[1;34m[Core 1] PASS PATTERN NO. 1923 | Func:   LH | Latency:  831[1;0m
[1;32m[Core 2] PASS PATTERN NO. 1924 | Func: SUBI | Latency:  845[1;0m
[1;34m[Core 1] PASS PATTERN NO. 1924 | Func:  MUL | Latency:  483[1;0m
[1;34m[Core 1] PASS PATTERN NO. 1925 | Func:   OR | Latency:    6[1;0m
[1;32m[Core 2] PASS PATTERN NO. 1925 | Func:   SH | Latency:  434[1;0m
[1;32m[Core 2] PASS PATTERN NO. 1926 | Func:  SLT | Latency:    6[1;0m
[1;34m[Core 1] PASS PATTERN NO. 1926 | Func:   SH | Latency:  633[1;0m
[1;34m[Core 1] PASS PATTERN NO. 1927 | Func: SUBI | Latency:    6[1;0m
[1;32m[Core 2] PASS PATTERN NO. 1927 | Func:   SH | Latency:  326[1;0m
[1;34m[Core 1] PASS PATTERN NO. 1928 | Func: SUBI | Latency:  124[1;0m
[1;32m[Core 2] PASS PATTERN NO. 1928 | Func:  AND | Latency:    6[1;0m
[1;34m[Core 1] PASS PATTERN NO. 1929 | Func: SUBI | Latency:    9[1;0m
[1;32m[Core 2] PASS PATTERN NO. 1929 | Func:   SH | Latency:  489[1;0m
[1;34m[Core 1] PASS PATTERN NO. 1930 | Func:  SLT | Latency:  486[1;0m
[1;32m[Core 2] PASS PATTERN NO. 1930 | Func:  SLT | Latency:    6[1;0m
[1;34m[Core 1] PASS PATTERN NO. 1931 | Func:  ADD | Latency:    9[1;0m
[1;32m[Core 2] PASS PATTERN NO. 1931 | Func:  MUL | Latency:   12[1;0m
[1;32m[Core 2] PASS PATTERN NO. 1932 | Func:  SLT | Latency:    6[1;0m
[1;34m[Core 1] PASS PATTERN NO. 1932 | Func:  MUL | Latency:   12[1;0m
[1;32m[Core 2] PASS PATTERN NO. 1933 | Func:  NOR | Latency:    9[1;0m
[1;34m[Core 1] PASS PATTERN NO. 1933 | Func:  MUL | Latency:    9[1;0m
[1;34m[Core 1] PASS PATTERN NO. 1934 | Func: ADDI | Latency:    6[1;0m
[1;32m[Core 2] PASS PATTERN NO. 1934 | Func:  XOR | Latency:    9[1;0m
[1;32m[Core 2] PASS PATTERN NO. 1935 | Func: SUBI | Latency:    9[1;0m
[1;34m[Core 1] PASS PATTERN NO. 1935 | Func:   LH | Latency:  270[1;0m
[1;34m[Core 1] PASS PATTERN NO. 1936 | Func: SUBI | Latency:    6[1;0m
[1;32m[Core 2] PASS PATTERN NO. 1936 | Func:  AND | Latency:  267[1;0m
[1;34m[Core 1] PASS PATTERN NO. 1937 | Func: ADDI | Latency:    9[1;0m
[1;32m[Core 2] PASS PATTERN NO. 1937 | Func:  SUB | Latency:    9[1;0m
[1;32m[Core 2] PASS PATTERN NO. 1938 | Func:  ADD | Latency:    9[1;0m
[1;34m[Core 1] PASS PATTERN NO. 1938 | Func:  MUL | Latency:   12[1;0m
[1;32m[Core 2] PASS PATTERN NO. 1939 | Func: SUBI | Latency:    9[1;0m
[1;34m[Core 1] PASS PATTERN NO. 1939 | Func:  MUL | Latency:    9[1;0m
[1;34m[Core 1] PASS PATTERN NO. 1940 | Func:   SH | Latency:  277[1;0m
[1;32m[Core 2] PASS PATTERN NO. 1940 | Func:   LH | Latency:  727[1;0m
[1;34m[Core 1] PASS PATTERN NO. 1941 | Func:  SUB | Latency:  453[1;0m
[1;32m[Core 2] PASS PATTERN NO. 1941 | Func:   LH | Latency:  184[1;0m
[1;34m[Core 1] PASS PATTERN NO. 1942 | Func:   OR | Latency:  184[1;0m
[1;32m[Core 2] PASS PATTERN NO. 1942 | Func:  NOR | Latency:    6[1;0m
[1;34m[Core 1] PASS PATTERN NO. 1943 | Func: ADDI | Latency:    9[1;0m
[1;32m[Core 2] PASS PATTERN NO. 1943 | Func: ADDI | Latency:    9[1;0m
[1;34m[Core 1] PASS PATTERN NO. 1944 | Func:   LH | Latency:  235[1;0m
[1;32m[Core 2] PASS PATTERN NO. 1944 | Func:   LH | Latency:  695[1;0m
[1;32m[Core 2] PASS PATTERN NO. 1945 | Func:  MUL | Latency:    9[1;0m
[1;34m[Core 1] PASS PATTERN NO. 1945 | Func:   LH | Latency:  923[1;0m
[1;34m[Core 1] PASS PATTERN NO. 1946 | Func:  NOR | Latency:    6[1;0m
[1;32m[Core 2] PASS PATTERN NO. 1946 | Func:  MUL | Latency:  463[1;0m
[1;34m[Core 1] PASS PATTERN NO. 1947 | Func: NAND | Latency:    9[1;0m
[1;32m[Core 2] PASS PATTERN NO. 1947 | Func:   OR | Latency:    6[1;0m
[1;34m[Core 1] PASS PATTERN NO. 1948 | Func: NAND | Latency:    9[1;0m
[1;32m[Core 2] PASS PATTERN NO. 1948 | Func:  XOR | Latency:    9[1;0m
[1;34m[Core 1] PASS PATTERN NO. 1949 | Func:   OR | Latency:    9[1;0m
[1;32m[Core 2] PASS PATTERN NO. 1949 | Func:   LH | Latency:  470[1;0m
[1;33m[Info] Global Memory Check Passed at IC 50-boundary (Snapshot 38)[1;0m
[1;34m[Core 1] PASS PATTERN NO. 1950 | Func:   SH | Latency:  691[1;0m
[1;32m[Core 2] PASS PATTERN NO. 1950 | Func:   LH | Latency:  626[1;0m
[1;32m[Core 2] PASS PATTERN NO. 1951 | Func: ADDI | Latency:    6[1;0m
[1;34m[Core 1] PASS PATTERN NO. 1951 | Func:  MUL | Latency:  405[1;0m
[1;34m[Core 1] PASS PATTERN NO. 1952 | Func: NAND | Latency:    6[1;0m
[1;32m[Core 2] PASS PATTERN NO. 1952 | Func:   OR | Latency:    9[1;0m
[1;32m[Core 2] PASS PATTERN NO. 1953 | Func: ADDI | Latency:    9[1;0m
[1;34m[Core 1] PASS PATTERN NO. 1953 | Func:   LH | Latency:  442[1;0m
[1;32m[Core 2] PASS PATTERN NO. 1954 | Func:  SLT | Latency:  439[1;0m
[1;34m[Core 1] PASS PATTERN NO. 1954 | Func:   SH | Latency:  485[1;0m
[1;34m[Core 1] PASS PATTERN NO. 1955 | Func:   SH | Latency:  286[1;0m
[1;32m[Core 2] PASS PATTERN NO. 1955 | Func:   LH | Latency: 1024[1;0m
[1;32m[Core 2] PASS PATTERN NO. 1956 | Func:   SH | Latency:  725[1;0m
[1;34m[Core 1] PASS PATTERN NO. 1956 | Func:   LH | Latency: 1205[1;0m
[1;34m[Core 1] PASS PATTERN NO. 1957 | Func: ADDI | Latency:    6[1;0m
[1;32m[Core 2] PASS PATTERN NO. 1957 | Func:   SH | Latency:  716[1;0m
[1;32m[Core 2] PASS PATTERN NO. 1958 | Func:  NOR | Latency:    6[1;0m
[1;34m[Core 1] PASS PATTERN NO. 1958 | Func:   LH | Latency:  768[1;0m
[1;34m[Core 1] PASS PATTERN NO. 1959 | Func: ADDI | Latency:    6[1;0m
[1;32m[Core 2] PASS PATTERN NO. 1959 | Func:  ADD | Latency:  279[1;0m
[1;34m[Core 1] PASS PATTERN NO. 1960 | Func: NAND | Latency:    9[1;0m
[1;32m[Core 2] PASS PATTERN NO. 1960 | Func:  NOR | Latency:    9[1;0m
[1;32m[Core 2] PASS PATTERN NO. 1961 | Func: SUBI | Latency:    9[1;0m
[1;34m[Core 1] PASS PATTERN NO. 1961 | Func:   LH | Latency:  468[1;0m
[1;34m[Core 1] PASS PATTERN NO. 1962 | Func:  XOR | Latency:    6[1;0m
[1;32m[Core 2] PASS PATTERN NO. 1962 | Func:  SUB | Latency:  465[1;0m
[1;32m[Core 2] PASS PATTERN NO. 1963 | Func: SUBI | Latency:    9[1;0m
[1;34m[Core 1] PASS PATTERN NO. 1963 | Func:  MUL | Latency:   12[1;0m
[1;32m[Core 2] PASS PATTERN NO. 1964 | Func:  SLT | Latency:    9[1;0m
[1;34m[Core 1] PASS PATTERN NO. 1964 | Func:   LH | Latency:  377[1;0m
[1;32m[Core 2] PASS PATTERN NO. 1965 | Func:   OR | Latency:  377[1;0m
[1;34m[Core 1] PASS PATTERN NO. 1965 | Func:   LH | Latency:  345[1;0m
[1;34m[Core 1] PASS PATTERN NO. 1966 | Func: SUBI | Latency:    6[1;0m
[1;32m[Core 2] PASS PATTERN NO. 1966 | Func:   SH | Latency:  684[1;0m
[1;34m[Core 1] PASS PATTERN NO. 1967 | Func:  XOR | Latency:  345[1;0m
[1;32m[Core 2] PASS PATTERN NO. 1967 | Func:   LH | Latency:  429[1;0m
[1;34m[Core 1] PASS PATTERN NO. 1968 | Func: SUBI | Latency:  429[1;0m
[1;32m[Core 2] PASS PATTERN NO. 1968 | Func: SUBI | Latency:    6[1;0m
[1;34m[Core 1] PASS PATTERN NO. 1969 | Func:   SH | Latency:  445[1;0m
[1;32m[Core 2] PASS PATTERN NO. 1969 | Func:   LH | Latency:  661[1;0m
[1;34m[Core 1] PASS PATTERN NO. 1970 | Func: ADDI | Latency:  222[1;0m
[1;32m[Core 2] PASS PATTERN NO. 1970 | Func:   LH | Latency:  186[1;0m
[1;32m[Core 2] PASS PATTERN NO. 1971 | Func: SUBI | Latency:    6[1;0m
[1;34m[Core 1] PASS PATTERN NO. 1971 | Func:   LH | Latency:  529[1;0m
[1;32m[Core 2] PASS PATTERN NO. 1972 | Func:  AND | Latency:  349[1;0m
[1;34m[Core 1] PASS PATTERN NO. 1972 | Func:  MUL | Latency:    9[1;0m
[1;34m[Core 1] PASS PATTERN NO. 1973 | Func:   SH | Latency:  474[1;0m
[1;32m[Core 2] PASS PATTERN NO. 1973 | Func:   LH | Latency:  606[1;0m
[1;34m[Core 1] PASS PATTERN NO. 1974 | Func:  XOR | Latency:  135[1;0m
[1;32m[Core 2] PASS PATTERN NO. 1974 | Func:  AND | Latency:    6[1;0m
[1;34m[Core 1] PASS PATTERN NO. 1975 | Func:  SLT | Latency:    9[1;0m
[1;32m[Core 2] PASS PATTERN NO. 1975 | Func: SUBI | Latency:    9[1;0m
[1;34m[Core 1] PASS PATTERN NO. 1976 | Func:  SLT | Latency:    9[1;0m
[1;32m[Core 2] PASS PATTERN NO. 1976 | Func:  MUL | Latency:   12[1;0m
[1;34m[Core 1] PASS PATTERN NO. 1977 | Func:  SUB | Latency:    9[1;0m
[1;32m[Core 2] PASS PATTERN NO. 1977 | Func:  AND | Latency:    6[1;0m
[1;32m[Core 2] PASS PATTERN NO. 1978 | Func: NAND | Latency:    9[1;0m
[1;34m[Core 1] PASS PATTERN NO. 1978 | Func:   SH | Latency:  141[1;0m
[1;34m[Core 1] PASS PATTERN NO. 1979 | Func:  SUB | Latency:    6[1;0m
[1;32m[Core 2] PASS PATTERN NO. 1979 | Func: ADDI | Latency:  138[1;0m
[1;34m[Core 1] PASS PATTERN NO. 1980 | Func:  SUB | Latency:    9[1;0m
[1;32m[Core 2] PASS PATTERN NO. 1980 | Func:   SH | Latency:  324[1;0m
[1;34m[Core 1] PASS PATTERN NO. 1981 | Func:  SUB | Latency:  321[1;0m
[1;32m[Core 2] PASS PATTERN NO. 1981 | Func:   LH | Latency:  335[1;0m
[1;34m[Core 1] PASS PATTERN NO. 1982 | Func:   OR | Latency:  335[1;0m
[1;32m[Core 2] PASS PATTERN NO. 1982 | Func:   SH | Latency:  420[1;0m
[1;34m[Core 1] PASS PATTERN NO. 1983 | Func:  ADD | Latency:  420[1;0m
[1;32m[Core 2] PASS PATTERN NO. 1983 | Func:   LH | Latency:  252[1;0m
[1;34m[Core 1] PASS PATTERN NO. 1984 | Func:   SH | Latency:  436[1;0m
[1;32m[Core 2] PASS PATTERN NO. 1984 | Func:   LH | Latency:  557[1;0m
[1;34m[Core 1] PASS PATTERN NO. 1985 | Func:  AND | Latency:  373[1;0m
[1;32m[Core 2] PASS PATTERN NO. 1985 | Func:   SH | Latency:  240[1;0m
[1;32m[Core 2] PASS PATTERN NO. 1986 | Func: SUBI | Latency:    6[1;0m
[1;34m[Core 1] PASS PATTERN NO. 1986 | Func:   SH | Latency:  544[1;0m
[1;32m[Core 2] PASS PATTERN NO. 1987 | Func:   OR | Latency:  310[1;0m
[1;34m[Core 1] PASS PATTERN NO. 1987 | Func:  MUL | Latency:    9[1;0m
[1;34m[Core 1] PASS PATTERN NO. 1988 | Func:  ADD | Latency:  390[1;0m
[1;32m[Core 2] PASS PATTERN NO. 1988 | Func:   SH | Latency:  794[1;0m
[1;34m[Core 1] PASS PATTERN NO. 1989 | Func:  XOR | Latency:  407[1;0m
[1;32m[Core 2] PASS PATTERN NO. 1989 | Func: SUBI | Latency:    6[1;0m
[1;34m[Core 1] PASS PATTERN NO. 1990 | Func:   SH | Latency:  496[1;0m
[1;32m[Core 2] PASS PATTERN NO. 1990 | Func:   LH | Latency:  891[1;0m
[1;34m[Core 1] PASS PATTERN NO. 1991 | Func:  SLT | Latency:  401[1;0m
[1;32m[Core 2] PASS PATTERN NO. 1991 | Func:   SH | Latency:  260[1;0m
[1;32m[Core 2] PASS PATTERN NO. 1992 | Func:  XOR | Latency:    6[1;0m
[1;34m[Core 1] PASS PATTERN NO. 1992 | Func:   SH | Latency:  618[1;0m
[1;32m[Core 2] PASS PATTERN NO. 1993 | Func:  XOR | Latency:  364[1;0m
[1;34m[Core 1] PASS PATTERN NO. 1993 | Func:  MUL | Latency:    9[1;0m
[1;34m[Core 1] PASS PATTERN NO. 1994 | Func:  SLT | Latency:    6[1;0m
[1;32m[Core 2] PASS PATTERN NO. 1994 | Func:   OR | Latency:    9[1;0m
[1;34m[Core 1] PASS PATTERN NO. 1995 | Func:  MUL | Latency:   12[1;0m
[1;32m[Core 2] PASS PATTERN NO. 1995 | Func:   LH | Latency:  282[1;0m
[1;34m[Core 1] PASS PATTERN NO. 1996 | Func:  NOR | Latency:  276[1;0m
[1;32m[Core 2] PASS PATTERN NO. 1996 | Func:  SUB | Latency:    6[1;0m
[1;34m[Core 1] PASS PATTERN NO. 1997 | Func:   SH | Latency:  248[1;0m
[1;32m[Core 2] PASS PATTERN NO. 1997 | Func:   LH | Latency:  607[1;0m
[1;34m[Core 1] PASS PATTERN NO. 1998 | Func:   LH | Latency:  657[1;0m
[1;32m[Core 2] PASS PATTERN NO. 1998 | Func:   LH | Latency:  730[1;0m
[1;34m[Core 1] PASS PATTERN NO. 1999 | Func:  ADD | Latency:  438[1;0m
[1;32m[Core 2] PASS PATTERN NO. 1999 | Func:  SLT | Latency:    6[1;0m
[1;33m[Info] Global Memory Check Passed at IC 50-boundary (Snapshot 39)[1;0m
[1;32m[Core 2] PASS PATTERN NO. 2000 | Func:  SLT | Latency:    9[1;0m
[1;34m[Core 1] PASS PATTERN NO. 2000 | Func:   LH | Latency:  468[1;0m
[1;34m[Core 1] PASS PATTERN NO. 2001 | Func:   SH | Latency:  278[1;0m
[1;32m[Core 2] PASS PATTERN NO. 2001 | Func:   LH | Latency:  896[1;0m
[1;34m[Core 1] PASS PATTERN NO. 2002 | Func:  SLT | Latency:  165[1;0m
[1;32m[Core 2] PASS PATTERN NO. 2002 | Func:   SH | Latency:  472[1;0m
[1;32m[Core 2] PASS PATTERN NO. 2003 | Func:  XOR | Latency:    6[1;0m
[1;34m[Core 1] PASS PATTERN NO. 2003 | Func:   LH | Latency:  684[1;0m
[1;34m[Core 1] PASS PATTERN NO. 2004 | Func:  SLT | Latency:    6[1;0m
[1;32m[Core 2] PASS PATTERN NO. 2004 | Func:   LH | Latency:  376[1;0m
[1;34m[Core 1] PASS PATTERN NO. 2005 | Func:  ADD | Latency:  164[1;0m
[1;32m[Core 2] PASS PATTERN NO. 2005 | Func: ADDI | Latency:    6[1;0m
[1;34m[Core 1] PASS PATTERN NO. 2006 | Func:   SH | Latency:  171[1;0m
[1;32m[Core 2] PASS PATTERN NO. 2006 | Func:   LH | Latency:  544[1;0m
[1;34m[Core 1] PASS PATTERN NO. 2007 | Func:   SH | Latency:  797[1;0m
[1;32m[Core 2] PASS PATTERN NO. 2007 | Func:   LH | Latency:  839[1;0m
[1;34m[Core 1] PASS PATTERN NO. 2008 | Func: ADDI | Latency:  421[1;0m
[1;32m[Core 2] PASS PATTERN NO. 2008 | Func:  SUB | Latency:    6[1;0m
[1;34m[Core 1] PASS PATTERN NO. 2009 | Func:   SH | Latency:  202[1;0m
[1;32m[Core 2] PASS PATTERN NO. 2009 | Func:   LH | Latency:  533[1;0m
[1;32m[Core 2] PASS PATTERN NO. 2010 | Func:  SLT | Latency:    6[1;0m
[1;34m[Core 1] PASS PATTERN NO. 2010 | Func:   LH | Latency:  734[1;0m
[1;32m[Core 2] PASS PATTERN NO. 2011 | Func: NAND | Latency:  403[1;0m
[1;34m[Core 1] PASS PATTERN NO. 2011 | Func:   LH | Latency:  439[1;0m
[1;34m[Core 1] PASS PATTERN NO. 2012 | Func:  SUB | Latency:    6[1;0m
[1;32m[Core 2] PASS PATTERN NO. 2012 | Func:   OR | Latency:  439[1;0m
[1;34m[Core 1] PASS PATTERN NO. 2013 | Func: SUBI | Latency:    9[1;0m
[1;32m[Core 2] PASS PATTERN NO. 2013 | Func:   LH | Latency:  156[1;0m
[1;34m[Core 1] PASS PATTERN NO. 2014 | Func: ADDI | Latency:  153[1;0m
[1;32m[Core 2] PASS PATTERN NO. 2014 | Func:   SH | Latency:  264[1;0m
[1;34m[Core 1] PASS PATTERN NO. 2015 | Func: NAND | Latency:  264[1;0m
[1;32m[Core 2] PASS PATTERN NO. 2015 | Func:   SH | Latency:  327[1;0m
[1;34m[Core 1] PASS PATTERN NO. 2016 | Func: SUBI | Latency:  327[1;0m
[1;32m[Core 2] PASS PATTERN NO. 2016 | Func:   LH | Latency:  335[1;0m
[1;34m[Core 1] PASS PATTERN NO. 2017 | Func:  AND | Latency:  335[1;0m
[1;32m[Core 2] PASS PATTERN NO. 2017 | Func:   SH | Latency:  506[1;0m
[1;34m[Core 1] PASS PATTERN NO. 2018 | Func:  ADD | Latency:  506[1;0m
[1;32m[Core 2] PASS PATTERN NO. 2018 | Func: NAND | Latency:    6[1;0m
[1;34m[Core 1] PASS PATTERN NO. 2019 | Func: ADDI | Latency:    9[1;0m
[1;32m[Core 2] PASS PATTERN NO. 2019 | Func:   LH | Latency:  182[1;0m
[1;34m[Core 1] PASS PATTERN NO. 2020 | Func: NAND | Latency:  997[1;0m
[1;32m[Core 2] PASS PATTERN NO. 2020 | Func:  AND | Latency:  824[1;0m
[1;32m[Core 2] PASS PATTERN NO. 2021 | Func:   SH | Latency:  125[1;0m
[1;34m[Core 1] PASS PATTERN NO. 2021 | Func:   LH | Latency:  524[1;0m
[1;32m[Core 2] PASS PATTERN NO. 2022 | Func:  ADD | Latency:  405[1;0m
[1;34m[Core 1] PASS PATTERN NO. 2022 | Func:   LH | Latency:  302[1;0m
[1;34m[Core 1] PASS PATTERN NO. 2023 | Func:  ADD | Latency:    6[1;0m
[1;32m[Core 2] PASS PATTERN NO. 2023 | Func: NAND | Latency:  302[1;0m
[1;34m[Core 1] PASS PATTERN NO. 2024 | Func:   LH | Latency:  219[1;0m
[1;32m[Core 2] PASS PATTERN NO. 2024 | Func:   LH | Latency:  454[1;0m
[1;34m[Core 1] PASS PATTERN NO. 2025 | Func:   OR | Latency:  241[1;0m
[1;32m[Core 2] PASS PATTERN NO. 2025 | Func:   SH | Latency:  270[1;0m
[1;34m[Core 1] PASS PATTERN NO. 2026 | Func:   OR | Latency:  270[1;0m
[1;32m[Core 2] PASS PATTERN NO. 2026 | Func:  AND | Latency:    6[1;0m
[1;34m[Core 1] PASS PATTERN NO. 2027 | Func:  MUL | Latency:   12[1;0m
[1;32m[Core 2] PASS PATTERN NO. 2027 | Func:   LH | Latency:  438[1;0m
[1;32m[Core 2] PASS PATTERN NO. 2028 | Func:  ADD | Latency:    6[1;0m
[1;34m[Core 1] PASS PATTERN NO. 2028 | Func:  MUL | Latency:  435[1;0m
[1;34m[Core 1] PASS PATTERN NO. 2029 | Func: ADDI | Latency:    6[1;0m
[1;32m[Core 2] PASS PATTERN NO. 2029 | Func:   LH | Latency:  407[1;0m
[1;34m[Core 1] PASS PATTERN NO. 2030 | Func:  NOR | Latency:  404[1;0m
[1;32m[Core 2] PASS PATTERN NO. 2030 | Func:   SH | Latency:  159[1;0m
[1;32m[Core 2] PASS PATTERN NO. 2031 | Func:  SUB | Latency:    6[1;0m
[1;34m[Core 1] PASS PATTERN NO. 2031 | Func:   SH | Latency:  421[1;0m
[1;32m[Core 2] PASS PATTERN NO. 2032 | Func:  NOR | Latency:  268[1;0m
[1;34m[Core 1] PASS PATTERN NO. 2032 | Func:   SH | Latency:  511[1;0m
[1;34m[Core 1] PASS PATTERN NO. 2033 | Func:  SLT | Latency:    6[1;0m
[1;32m[Core 2] PASS PATTERN NO. 2033 | Func:   SH | Latency:  683[1;0m
[1;32m[Core 2] PASS PATTERN NO. 2034 | Func:  ADD | Latency:    6[1;0m
[1;34m[Core 1] PASS PATTERN NO. 2034 | Func:   SH | Latency:  388[1;0m
[1;32m[Core 2] PASS PATTERN NO. 2035 | Func:   OR | Latency:  216[1;0m
[1;34m[Core 1] PASS PATTERN NO. 2035 | Func:   SH | Latency:  422[1;0m
[1;34m[Core 1] PASS PATTERN NO. 2036 | Func:   SH | Latency:  497[1;0m
[1;32m[Core 2] PASS PATTERN NO. 2036 | Func:   LH | Latency: 1098[1;0m
[1;32m[Core 2] PASS PATTERN NO. 2037 | Func: ADDI | Latency:    6[1;0m
[1;34m[Core 1] PASS PATTERN NO. 2037 | Func:   LH | Latency:  513[1;0m
[1;34m[Core 1] PASS PATTERN NO. 2038 | Func:  AND | Latency:    6[1;0m
[1;32m[Core 2] PASS PATTERN NO. 2038 | Func: SUBI | Latency:  328[1;0m
[1;34m[Core 1] PASS PATTERN NO. 2039 | Func: NAND | Latency:    9[1;0m
[1;32m[Core 2] PASS PATTERN NO. 2039 | Func:  MUL | Latency:   12[1;0m
[1;34m[Core 1] PASS PATTERN NO. 2040 | Func: NAND | Latency:    9[1;0m
[1;32m[Core 2] PASS PATTERN NO. 2040 | Func:   OR | Latency:    6[1;0m
[1;32m[Core 2] PASS PATTERN NO. 2041 | Func:   SH | Latency:  141[1;0m
[1;34m[Core 1] PASS PATTERN NO. 2041 | Func:   LH | Latency:  351[1;0m
[1;32m[Core 2] PASS PATTERN NO. 2042 | Func:  MUL | Latency:  219[1;0m
[1;34m[Core 1] PASS PATTERN NO. 2042 | Func:   SH | Latency:  260[1;0m
[1;32m[Core 2] PASS PATTERN NO. 2043 | Func:  NOR | Latency:  257[1;0m
[1;34m[Core 1] PASS PATTERN NO. 2043 | Func:   LH | Latency:  501[1;0m
[1;34m[Core 1] PASS PATTERN NO. 2044 | Func: ADDI | Latency:    6[1;0m
[1;32m[Core 2] PASS PATTERN NO. 2044 | Func:  NOR | Latency:  501[1;0m
[1;34m[Core 1] PASS PATTERN NO. 2045 | Func: ADDI | Latency:    9[1;0m
[1;32m[Core 2] PASS PATTERN NO. 2045 | Func:   LH | Latency:  183[1;0m
[1;32m[Core 2] PASS PATTERN NO. 2046 | Func: ADDI | Latency:    6[1;0m
[1;34m[Core 1] PASS PATTERN NO. 2046 | Func:   SH | Latency:  549[1;0m
[1;32m[Core 2] PASS PATTERN NO. 2047 | Func:   OR | Latency:  375[1;0m
[1;34m[Core 1] PASS PATTERN NO. 2047 | Func:   SH | Latency:  359[1;0m
[1;34m[Core 1] PASS PATTERN NO. 2048 | Func: NAND | Latency:    6[1;0m
[1;32m[Core 2] PASS PATTERN NO. 2048 | Func: NAND | Latency:  359[1;0m
[1;34m[Core 1] PASS PATTERN NO. 2049 | Func:  SLT | Latency:    9[1;0m
[1;32m[Core 2] PASS PATTERN NO. 2049 | Func: SUBI | Latency:    9[1;0m
[1;33m[Info] Global Memory Check Passed at IC 50-boundary (Snapshot 40)[1;0m
[1;34m[Core 1] PASS PATTERN NO. 2050 | Func:   OR | Latency:    9[1;0m
[1;32m[Core 2] PASS PATTERN NO. 2050 | Func:  AND | Latency:    9[1;0m
[1;34m[Core 1] PASS PATTERN NO. 2051 | Func:   LH | Latency:  196[1;0m
[1;32m[Core 2] PASS PATTERN NO. 2051 | Func:   LH | Latency:  667[1;0m
[1;34m[Core 1] PASS PATTERN NO. 2052 | Func:   SH | Latency: 1046[1;0m
[1;32m[Core 2] PASS PATTERN NO. 2052 | Func:   LH | Latency:  700[1;0m
[1;34m[Core 1] PASS PATTERN NO. 2053 | Func:   OR | Latency:  131[1;0m
[1;32m[Core 2] PASS PATTERN NO. 2053 | Func:  MUL | Latency:    9[1;0m
[1;34m[Core 1] PASS PATTERN NO. 2054 | Func:  SLT | Latency:    9[1;0m
[1;32m[Core 2] PASS PATTERN NO. 2054 | Func:  SLT | Latency:    6[1;0m
[1;34m[Core 1] PASS PATTERN NO. 2055 | Func:  MUL | Latency:   12[1;0m
[1;32m[Core 2] PASS PATTERN NO. 2055 | Func:  MUL | Latency:   13[1;0m
[1;34m[Core 1] PASS PATTERN NO. 2056 | Func:  SLT | Latency:    9[1;0m
[1;32m[Core 2] PASS PATTERN NO. 2056 | Func:   SH | Latency:  166[1;0m
[1;34m[Core 1] PASS PATTERN NO. 2057 | Func: SUBI | Latency:  164[1;0m
[1;32m[Core 2] PASS PATTERN NO. 2057 | Func:  XOR | Latency:    6[1;0m
[1;32m[Core 2] PASS PATTERN NO. 2058 | Func:  NOR | Latency:    9[1;0m
[1;34m[Core 1] PASS PATTERN NO. 2058 | Func:  MUL | Latency:   12[1;0m
[1;34m[Core 1] PASS PATTERN NO. 2059 | Func:  ADD | Latency:    6[1;0m
[1;32m[Core 2] PASS PATTERN NO. 2059 | Func:   SH | Latency:  159[1;0m
[1;34m[Core 1] PASS PATTERN NO. 2060 | Func: SUBI | Latency:  156[1;0m
[1;32m[Core 2] PASS PATTERN NO. 2060 | Func:   SH | Latency:  140[1;0m
[1;34m[Core 1] PASS PATTERN NO. 2061 | Func:  SLT | Latency:  140[1;0m
[1;32m[Core 2] PASS PATTERN NO. 2061 | Func:  AND | Latency:    6[1;0m
[1;34m[Core 1] PASS PATTERN NO. 2062 | Func:   LH | Latency:  504[1;0m
[1;32m[Core 2] PASS PATTERN NO. 2062 | Func:   LH | Latency:  766[1;0m
[1;34m[Core 1] PASS PATTERN NO. 2063 | Func:  AND | Latency:  268[1;0m
[1;32m[Core 2] PASS PATTERN NO. 2063 | Func:   SH | Latency:  512[1;0m
[1;34m[Core 1] PASS PATTERN NO. 2064 | Func:  SLT | Latency:  512[1;0m
[1;32m[Core 2] PASS PATTERN NO. 2064 | Func:  XOR | Latency:    6[1;0m
[1;34m[Core 1] PASS PATTERN NO. 2065 | Func:  ADD | Latency:    9[1;0m
[1;32m[Core 2] PASS PATTERN NO. 2065 | Func:   SH | Latency:  127[1;0m
[1;34m[Core 1] PASS PATTERN NO. 2066 | Func: SUBI | Latency:  124[1;0m
[1;32m[Core 2] PASS PATTERN NO. 2066 | Func:   LH | Latency:  189[1;0m
[1;34m[Core 1] PASS PATTERN NO. 2067 | Func:  ADD | Latency:  189[1;0m
[1;32m[Core 2] PASS PATTERN NO. 2067 | Func:   LH | Latency:  332[1;0m
[1;34m[Core 1] PASS PATTERN NO. 2068 | Func:  AND | Latency:  332[1;0m
[1;32m[Core 2] PASS PATTERN NO. 2068 | Func:   SH | Latency:  221[1;0m
[1;34m[Core 1] PASS PATTERN NO. 2069 | Func:  MUL | Latency:  224[1;0m
[1;32m[Core 2] PASS PATTERN NO. 2069 | Func:  MUL | Latency:   10[1;0m
[1;34m[Core 1] PASS PATTERN NO. 2070 | Func:   OR | Latency:    9[1;0m
[1;32m[Core 2] PASS PATTERN NO. 2070 | Func:  NOR | Latency:    8[1;0m
[1;34m[Core 1] PASS PATTERN NO. 2071 | Func:   OR | Latency:    9[1;0m
[1;32m[Core 2] PASS PATTERN NO. 2071 | Func:  SUB | Latency:    9[1;0m
[1;34m[Core 1] PASS PATTERN NO. 2072 | Func: NAND | Latency:    9[1;0m
[1;32m[Core 2] PASS PATTERN NO. 2072 | Func:   SH | Latency:  182[1;0m
[1;34m[Core 1] PASS PATTERN NO. 2073 | Func:  NOR | Latency:  179[1;0m
[1;32m[Core 2] PASS PATTERN NO. 2073 | Func:   SH | Latency:  218[1;0m
[1;32m[Core 2] PASS PATTERN NO. 2074 | Func:  XOR | Latency:    6[1;0m
[1;34m[Core 1] PASS PATTERN NO. 2074 | Func:   SH | Latency:  469[1;0m
[1;32m[Core 2] PASS PATTERN NO. 2075 | Func:  AND | Latency:  257[1;0m
[1;34m[Core 1] PASS PATTERN NO. 2075 | Func:   LH | Latency:  446[1;0m
[1;34m[Core 1] PASS PATTERN NO. 2076 | Func:  NOR | Latency:    6[1;0m
[1;32m[Core 2] PASS PATTERN NO. 2076 | Func:   OR | Latency:  446[1;0m
[1;34m[Core 1] PASS PATTERN NO. 2077 | Func:  SLT | Latency:    9[1;0m
[1;32m[Core 2] PASS PATTERN NO. 2077 | Func:   LH | Latency:  476[1;0m
[1;34m[Core 1] PASS PATTERN NO. 2078 | Func:  NOR | Latency:  473[1;0m
[1;32m[Core 2] PASS PATTERN NO. 2078 | Func:   SH | Latency:  465[1;0m
[1;32m[Core 2] PASS PATTERN NO. 2079 | Func: ADDI | Latency:    6[1;0m
[1;34m[Core 1] PASS PATTERN NO. 2079 | Func:  MUL | Latency:  468[1;0m
[1;34m[Core 1] PASS PATTERN NO. 2080 | Func:   SH | Latency:  193[1;0m
[1;32m[Core 2] PASS PATTERN NO. 2080 | Func:   LH | Latency:  501[1;0m
[1;34m[Core 1] PASS PATTERN NO. 2081 | Func:  ADD | Latency:  311[1;0m
[1;32m[Core 2] PASS PATTERN NO. 2081 | Func:  ADD | Latency:    6[1;0m
[1;34m[Core 1] PASS PATTERN NO. 2082 | Func:  XOR | Latency:    9[1;0m
[1;32m[Core 2] PASS PATTERN NO. 2082 | Func:   OR | Latency:    9[1;0m
[1;34m[Core 1] PASS PATTERN NO. 2083 | Func:  AND | Latency:    9[1;0m
[1;32m[Core 2] PASS PATTERN NO. 2083 | Func:   LH | Latency:  264[1;0m
[1;34m[Core 1] PASS PATTERN NO. 2084 | Func:  SLT | Latency:  797[1;0m
[1;32m[Core 2] PASS PATTERN NO. 2084 | Func:  MUL | Latency:  545[1;0m
[1;32m[Core 2] PASS PATTERN NO. 2085 | Func:  SUB | Latency:    6[1;0m
[1;34m[Core 1] PASS PATTERN NO. 2085 | Func:  MUL | Latency:   12[1;0m
[1;32m[Core 2] PASS PATTERN NO. 2086 | Func: NAND | Latency:    9[1;0m
[1;34m[Core 1] PASS PATTERN NO. 2086 | Func:  MUL | Latency:    9[1;0m
[1;34m[Core 1] PASS PATTERN NO. 2087 | Func:  SUB | Latency:    6[1;0m
[1;32m[Core 2] PASS PATTERN NO. 2087 | Func: SUBI | Latency:    9[1;0m
[1;32m[Core 2] PASS PATTERN NO. 2088 | Func:  NOR | Latency:    9[1;0m
[1;34m[Core 1] PASS PATTERN NO. 2088 | Func:   SH | Latency:  128[1;0m
[1;32m[Core 2] PASS PATTERN NO. 2089 | Func:  XOR | Latency:  125[1;0m
[1;34m[Core 1] PASS PATTERN NO. 2089 | Func:   LH | Latency:  170[1;0m
[1;32m[Core 2] PASS PATTERN NO. 2090 | Func:  MUL | Latency:  173[1;0m
[1;34m[Core 1] PASS PATTERN NO. 2090 | Func:   SH | Latency:  370[1;0m
[1;34m[Core 1] PASS PATTERN NO. 2091 | Func:  SLT | Latency:    6[1;0m
[1;32m[Core 2] PASS PATTERN NO. 2091 | Func:   LH | Latency:  685[1;0m
[1;34m[Core 1] PASS PATTERN NO. 2092 | Func: SUBI | Latency:  324[1;0m
[1;32m[Core 2] PASS PATTERN NO. 2092 | Func:  AND | Latency:    6[1;0m
[1;34m[Core 1] PASS PATTERN NO. 2093 | Func:   OR | Latency:    9[1;0m
[1;32m[Core 2] PASS PATTERN NO. 2093 | Func:   SH | Latency:  300[1;0m
[1;32m[Core 2] PASS PATTERN NO. 2094 | Func:  SLT | Latency:    6[1;0m
[1;34m[Core 1] PASS PATTERN NO. 2094 | Func:   SH | Latency:  677[1;0m
[1;34m[Core 1] PASS PATTERN NO. 2095 | Func:   LH | Latency:  237[1;0m
[1;32m[Core 2] PASS PATTERN NO. 2095 | Func:   LH | Latency:  892[1;0m
[1;34m[Core 1] PASS PATTERN NO. 2096 | Func: ADDI | Latency:  281[1;0m
[1;32m[Core 2] PASS PATTERN NO. 2096 | Func:  SLT | Latency:    6[1;0m
[1;34m[Core 1] PASS PATTERN NO. 2097 | Func: SUBI | Latency:    9[1;0m
[1;32m[Core 2] PASS PATTERN NO. 2097 | Func:  XOR | Latency:    9[1;0m
[1;34m[Core 1] PASS PATTERN NO. 2098 | Func:  MUL | Latency:   12[1;0m
[1;32m[Core 2] PASS PATTERN NO. 2098 | Func:   LH | Latency:  205[1;0m
[1;32m[Core 2] PASS PATTERN NO. 2099 | Func: NAND | Latency:    6[1;0m
[1;34m[Core 1] PASS PATTERN NO. 2099 | Func:   SH | Latency:  606[1;0m
[1;33m[Info] Global Memory Check Passed at IC 50-boundary (Snapshot 41)[1;0m
[1;32m[Core 2] PASS PATTERN NO. 2100 | Func:  MUL | Latency:  416[1;0m
[1;34m[Core 1] PASS PATTERN NO. 2100 | Func:   LH | Latency:  195[1;0m
[1;32m[Core 2] PASS PATTERN NO. 2101 | Func: NAND | Latency:  192[1;0m
[1;34m[Core 1] PASS PATTERN NO. 2101 | Func:   SH | Latency:  470[1;0m
[1;34m[Core 1] PASS PATTERN NO. 2102 | Func:  SUB | Latency:    6[1;0m
[1;32m[Core 2] PASS PATTERN NO. 2102 | Func:  XOR | Latency:  470[1;0m
[1;32m[Core 2] PASS PATTERN NO. 2103 | Func:  XOR | Latency:    9[1;0m
[1;34m[Core 1] PASS PATTERN NO. 2103 | Func:  MUL | Latency:   12[1;0m
[1;34m[Core 1] PASS PATTERN NO. 2104 | Func:   OR | Latency:    6[1;0m
[1;32m[Core 2] PASS PATTERN NO. 2104 | Func:  MUL | Latency:   12[1;0m
[1;34m[Core 1] PASS PATTERN NO. 2105 | Func: SUBI | Latency:    9[1;0m
[1;32m[Core 2] PASS PATTERN NO. 2105 | Func:   OR | Latency:    6[1;0m
[1;34m[Core 1] PASS PATTERN NO. 2106 | Func:   OR | Latency:    9[1;0m
[1;32m[Core 2] PASS PATTERN NO. 2106 | Func:  MUL | Latency:   12[1;0m
[1;34m[Core 1] PASS PATTERN NO. 2107 | Func:   OR | Latency:    9[1;0m
[1;32m[Core 2] PASS PATTERN NO. 2107 | Func:   LH | Latency:  471[1;0m
[1;34m[Core 1] PASS PATTERN NO. 2108 | Func:  SUB | Latency:  471[1;0m
[1;32m[Core 2] PASS PATTERN NO. 2108 | Func:  AND | Latency:    6[1;0m
[1;34m[Core 1] PASS PATTERN NO. 2109 | Func:  NOR | Latency:    9[1;0m
[1;32m[Core 2] PASS PATTERN NO. 2109 | Func:  SUB | Latency:    9[1;0m
[1;34m[Core 1] PASS PATTERN NO. 2110 | Func: SUBI | Latency:    9[1;0m
[1;32m[Core 2] PASS PATTERN NO. 2110 | Func:  MUL | Latency:   12[1;0m
[1;34m[Core 1] PASS PATTERN NO. 2111 | Func:   OR | Latency:    9[1;0m
[1;32m[Core 2] PASS PATTERN NO. 2111 | Func: SUBI | Latency:    6[1;0m
[1;34m[Core 1] PASS PATTERN NO. 2112 | Func: SUBI | Latency:    9[1;0m
[1;32m[Core 2] PASS PATTERN NO. 2112 | Func:  NOR | Latency:    9[1;0m
[1;34m[Core 1] PASS PATTERN NO. 2113 | Func: SUBI | Latency:    9[1;0m
[1;32m[Core 2] PASS PATTERN NO. 2113 | Func:   SH | Latency:  246[1;0m
[1;34m[Core 1] PASS PATTERN NO. 2114 | Func: ADDI | Latency:  243[1;0m
[1;32m[Core 2] PASS PATTERN NO. 2114 | Func: ADDI | Latency:    6[1;0m
[1;32m[Core 2] PASS PATTERN NO. 2115 | Func:   SH | Latency:  353[1;0m
[1;34m[Core 1] PASS PATTERN NO. 2115 | Func:   LH | Latency:  660[1;0m
[1;34m[Core 1] PASS PATTERN NO. 2116 | Func:  NOR | Latency:  498[1;0m
[1;32m[Core 2] PASS PATTERN NO. 2116 | Func: SUBI | Latency:  805[1;0m
[1;34m[Core 1] PASS PATTERN NO. 2117 | Func:   OR | Latency:    9[1;0m
[1;32m[Core 2] PASS PATTERN NO. 2117 | Func:  SLT | Latency:    9[1;0m
[1;34m[Core 1] PASS PATTERN NO. 2118 | Func:  AND | Latency:    9[1;0m
[1;32m[Core 2] PASS PATTERN NO. 2118 | Func:  AND | Latency:    9[1;0m
[1;32m[Core 2] PASS PATTERN NO. 2119 | Func:  ADD | Latency:    9[1;0m
[1;34m[Core 1] PASS PATTERN NO. 2119 | Func:   SH | Latency:  510[1;0m
[1;34m[Core 1] PASS PATTERN NO. 2120 | Func:  NOR | Latency:    6[1;0m
[1;32m[Core 2] PASS PATTERN NO. 2120 | Func:  SUB | Latency:  507[1;0m
[1;32m[Core 2] PASS PATTERN NO. 2121 | Func: ADDI | Latency:    9[1;0m
[1;34m[Core 1] PASS PATTERN NO. 2121 | Func:   SH | Latency:  180[1;0m
[1;32m[Core 2] PASS PATTERN NO. 2122 | Func:  ADD | Latency:  177[1;0m
[1;34m[Core 1] PASS PATTERN NO. 2122 | Func:  MUL | Latency:    9[1;0m
[1;34m[Core 1] PASS PATTERN NO. 2123 | Func:   OR | Latency:    6[1;0m
[1;32m[Core 2] PASS PATTERN NO. 2123 | Func:  XOR | Latency:    9[1;0m
[1;34m[Core 1] PASS PATTERN NO. 2124 | Func:  NOR | Latency:    9[1;0m
[1;32m[Core 2] PASS PATTERN NO. 2124 | Func:   SH | Latency:  497[1;0m
[1;34m[Core 1] PASS PATTERN NO. 2125 | Func: SUBI | Latency:  494[1;0m
[1;32m[Core 2] PASS PATTERN NO. 2125 | Func:  AND | Latency:    6[1;0m
[1;32m[Core 2] PASS PATTERN NO. 2126 | Func:  MUL | Latency:   12[1;0m
[1;34m[Core 1] PASS PATTERN NO. 2126 | Func:   LH | Latency:  226[1;0m
[1;34m[Core 1] PASS PATTERN NO. 2127 | Func:   OR | Latency:    6[1;0m
[1;32m[Core 2] PASS PATTERN NO. 2127 | Func: NAND | Latency:  220[1;0m
[1;34m[Core 1] PASS PATTERN NO. 2128 | Func:  SUB | Latency:    9[1;0m
[1;32m[Core 2] PASS PATTERN NO. 2128 | Func:  NOR | Latency:    9[1;0m
[1;34m[Core 1] PASS PATTERN NO. 2129 | Func:  MUL | Latency:   12[1;0m
[1;32m[Core 2] PASS PATTERN NO. 2129 | Func:   SH | Latency:  444[1;0m
[1;34m[Core 1] PASS PATTERN NO. 2130 | Func:  SLT | Latency:  438[1;0m
[1;32m[Core 2] PASS PATTERN NO. 2130 | Func:   OR | Latency:    6[1;0m
[1;34m[Core 1] PASS PATTERN NO. 2131 | Func:   SH | Latency:  139[1;0m
[1;32m[Core 2] PASS PATTERN NO. 2131 | Func:   LH | Latency:  600[1;0m
[1;34m[Core 1] PASS PATTERN NO. 2132 | Func: ADDI | Latency:  467[1;0m
[1;32m[Core 2] PASS PATTERN NO. 2132 | Func:  SUB | Latency:    6[1;0m
[1;32m[Core 2] PASS PATTERN NO. 2133 | Func: NAND | Latency:    9[1;0m
[1;34m[Core 1] PASS PATTERN NO. 2133 | Func:   SH | Latency:  422[1;0m
[1;34m[Core 1] PASS PATTERN NO. 2134 | Func:   LH | Latency:  384[1;0m
[1;32m[Core 2] PASS PATTERN NO. 2134 | Func:   LH | Latency:  956[1;0m
[1;34m[Core 1] PASS PATTERN NO. 2135 | Func:   SH | Latency:  302[1;0m
[1;32m[Core 2] PASS PATTERN NO. 2135 | Func:   LH | Latency:  325[1;0m
[1;34m[Core 1] PASS PATTERN NO. 2136 | Func:   LH | Latency:  632[1;0m
[1;32m[Core 2] PASS PATTERN NO. 2136 | Func:   LH | Latency:  813[1;0m
[1;32m[Core 2] PASS PATTERN NO. 2137 | Func:  NOR | Latency:    6[1;0m
[1;34m[Core 1] PASS PATTERN NO. 2137 | Func:   LH | Latency:  812[1;0m
[1;32m[Core 2] PASS PATTERN NO. 2138 | Func: NAND | Latency:  449[1;0m
[1;34m[Core 1] PASS PATTERN NO. 2138 | Func:   SH | Latency:  200[1;0m
[1;32m[Core 2] PASS PATTERN NO. 2139 | Func:  NOR | Latency:  200[1;0m
[1;34m[Core 1] PASS PATTERN NO. 2139 | Func:   SH | Latency:  132[1;0m
[1;34m[Core 1] PASS PATTERN NO. 2140 | Func:   OR | Latency:    6[1;0m
[1;32m[Core 2] PASS PATTERN NO. 2140 | Func:   SH | Latency:  420[1;0m
[1;32m[Core 2] PASS PATTERN NO. 2141 | Func:   SH | Latency:  370[1;0m
[1;34m[Core 1] PASS PATTERN NO. 2141 | Func:   LH | Latency: 1154[1;0m
[1;32m[Core 2] PASS PATTERN NO. 2142 | Func: SUBI | Latency:  502[1;0m
[1;34m[Core 1] PASS PATTERN NO. 2142 | Func:   SH | Latency:  236[1;0m
[1;34m[Core 1] PASS PATTERN NO. 2143 | Func:  MUL | Latency:    9[1;0m
[1;32m[Core 2] PASS PATTERN NO. 2143 | Func:   LH | Latency:  673[1;0m
[1;34m[Core 1] PASS PATTERN NO. 2144 | Func:  MUL | Latency:  443[1;0m
[1;32m[Core 2] PASS PATTERN NO. 2144 | Func:   LH | Latency:  507[1;0m
[1;32m[Core 2] PASS PATTERN NO. 2145 | Func:  SUB | Latency:    6[1;0m
[1;34m[Core 1] PASS PATTERN NO. 2145 | Func:   LH | Latency:  813[1;0m
[1;32m[Core 2] PASS PATTERN NO. 2146 | Func:  SUB | Latency:  315[1;0m
[1;34m[Core 1] PASS PATTERN NO. 2146 | Func:   SH | Latency:  363[1;0m
[1;34m[Core 1] PASS PATTERN NO. 2147 | Func:  MUL | Latency:    9[1;0m
[1;32m[Core 2] PASS PATTERN NO. 2147 | Func:   SH | Latency:  790[1;0m
[1;34m[Core 1] PASS PATTERN NO. 2148 | Func: SUBI | Latency: 1051[1;0m
[1;32m[Core 2] PASS PATTERN NO. 2148 | Func:   SH | Latency:  943[1;0m
[1;34m[Core 1] PASS PATTERN NO. 2149 | Func:   OR | Latency:  322[1;0m
[1;32m[Core 2] PASS PATTERN NO. 2149 | Func: NAND | Latency:    6[1;0m
[1;33m[Info] Global Memory Check Passed at IC 50-boundary (Snapshot 42)[1;0m
[1;34m[Core 1] PASS PATTERN NO. 2150 | Func:  XOR | Latency:    9[1;0m
[1;32m[Core 2] PASS PATTERN NO. 2150 | Func:  AND | Latency:    9[1;0m
[1;32m[Core 2] PASS PATTERN NO. 2151 | Func:   SH | Latency:  315[1;0m
[1;34m[Core 1] PASS PATTERN NO. 2151 | Func:   LH | Latency:  502[1;0m
[1;32m[Core 2] PASS PATTERN NO. 2152 | Func:  AND | Latency:  193[1;0m
[1;34m[Core 1] PASS PATTERN NO. 2152 | Func:   LH | Latency:  118[1;0m
[1;32m[Core 2] PASS PATTERN NO. 2153 | Func:  AND | Latency:  118[1;0m
[1;34m[Core 1] PASS PATTERN NO. 2153 | Func:  MUL | Latency:    9[1;0m
[1;34m[Core 1] PASS PATTERN NO. 2154 | Func:  ADD | Latency:    6[1;0m
[1;32m[Core 2] PASS PATTERN NO. 2154 | Func: SUBI | Latency:    9[1;0m
[1;34m[Core 1] PASS PATTERN NO. 2155 | Func:   OR | Latency:    9[1;0m
[1;32m[Core 2] PASS PATTERN NO. 2155 | Func:  AND | Latency:    9[1;0m
[1;34m[Core 1] PASS PATTERN NO. 2156 | Func: SUBI | Latency:    9[1;0m
[1;32m[Core 2] PASS PATTERN NO. 2156 | Func:   SH | Latency:  327[1;0m
[1;32m[Core 2] PASS PATTERN NO. 2157 | Func:  MUL | Latency:    9[1;0m
[1;34m[Core 1] PASS PATTERN NO. 2157 | Func:   LH | Latency:  769[1;0m
[1;32m[Core 2] PASS PATTERN NO. 2158 | Func:  ADD | Latency:  448[1;0m
[1;34m[Core 1] PASS PATTERN NO. 2158 | Func:   LH | Latency:  177[1;0m
[1;34m[Core 1] PASS PATTERN NO. 2159 | Func:  SLT | Latency:    6[1;0m
[1;32m[Core 2] PASS PATTERN NO. 2159 | Func:  NOR | Latency:  177[1;0m
[1;34m[Core 1] PASS PATTERN NO. 2160 | Func: SUBI | Latency:    9[1;0m
[1;32m[Core 2] PASS PATTERN NO. 2160 | Func:   SH | Latency:  263[1;0m
[1;34m[Core 1] PASS PATTERN NO. 2161 | Func: SUBI | Latency:  260[1;0m
[1;32m[Core 2] PASS PATTERN NO. 2161 | Func:  SLT | Latency:    6[1;0m
[1;32m[Core 2] PASS PATTERN NO. 2162 | Func:  XOR | Latency:    9[1;0m
[1;34m[Core 1] PASS PATTERN NO. 2162 | Func:   SH | Latency:  157[1;0m
[1;34m[Core 1] PASS PATTERN NO. 2163 | Func:   OR | Latency:    6[1;0m
[1;32m[Core 2] PASS PATTERN NO. 2163 | Func: NAND | Latency:  154[1;0m
[1;34m[Core 1] PASS PATTERN NO. 2164 | Func:  ADD | Latency:    9[1;0m
[1;32m[Core 2] PASS PATTERN NO. 2164 | Func:  SUB | Latency:    9[1;0m
[1;32m[Core 2] PASS PATTERN NO. 2165 | Func: SUBI | Latency:    9[1;0m
[1;34m[Core 1] PASS PATTERN NO. 2165 | Func:   LH | Latency:  375[1;0m
[1;34m[Core 1] PASS PATTERN NO. 2166 | Func: NAND | Latency:    6[1;0m
[1;32m[Core 2] PASS PATTERN NO. 2166 | Func: NAND | Latency:  372[1;0m
[1;34m[Core 1] PASS PATTERN NO. 2167 | Func:  BEQ | Latency:    8[1;0m
[1;32m[Core 2] PASS PATTERN NO. 2167 | Func:  BEQ | Latency:    8[1;0m
[1;32m[Core 2] PASS PATTERN NO. 2168 | Func:  ADD | Latency:    9[1;0m
[1;34m[Core 1] PASS PATTERN NO. 2168 | Func:   LH | Latency:  297[1;0m
[1;34m[Core 1] PASS PATTERN NO. 2169 | Func:  AND | Latency:    6[1;0m
[1;32m[Core 2] PASS PATTERN NO. 2169 | Func: SUBI | Latency:  294[1;0m
[1;32m[Core 2] PASS PATTERN NO. 2170 | Func: NAND | Latency:    9[1;0m
[1;34m[Core 1] PASS PATTERN NO. 2170 | Func:   LH | Latency:  470[1;0m
[1;32m[Core 2] PASS PATTERN NO. 2171 | Func:  ADD | Latency:  467[1;0m
[1;34m[Core 1] PASS PATTERN NO. 2171 | Func:  MUL | Latency:    9[1;0m
[1;34m[Core 1] PASS PATTERN NO. 2172 | Func:   SH | Latency:  403[1;0m
[1;32m[Core 2] PASS PATTERN NO. 2172 | Func:   LH | Latency:  618[1;0m
[1;32m[Core 2] PASS PATTERN NO. 2173 | Func: NAND | Latency:    6[1;0m
[1;34m[Core 1] PASS PATTERN NO. 2173 | Func:   SH | Latency:  581[1;0m
[1;32m[Core 2] PASS PATTERN NO. 2174 | Func:   OR | Latency:  821[1;0m
[1;34m[Core 1] PASS PATTERN NO. 2174 | Func:   LH | Latency:  778[1;0m
[1;34m[Core 1] PASS PATTERN NO. 2175 | Func:  BEQ | Latency:    5[1;0m
[1;32m[Core 2] PASS PATTERN NO. 2175 | Func:  BEQ | Latency:  325[1;0m
[1;34m[Core 1] PASS PATTERN NO. 2176 | Func: ADDI | Latency:    9[1;0m
[1;32m[Core 2] PASS PATTERN NO. 2176 | Func:   SH | Latency:  289[1;0m
[1;34m[Core 1] PASS PATTERN NO. 2177 | Func:  MUL | Latency:  289[1;0m
[1;32m[Core 2] PASS PATTERN NO. 2177 | Func:  MUL | Latency:   10[1;0m
[1;32m[Core 2] PASS PATTERN NO. 2178 | Func: ADDI | Latency:    8[1;0m
[1;34m[Core 1] PASS PATTERN NO. 2178 | Func:   SH | Latency:  252[1;0m
[1;34m[Core 1] PASS PATTERN NO. 2179 | Func:   OR | Latency:    6[1;0m
[1;32m[Core 2] PASS PATTERN NO. 2179 | Func: SUBI | Latency:  249[1;0m
[1;32m[Core 2] PASS PATTERN NO. 2180 | Func: NAND | Latency:    9[1;0m
[1;34m[Core 1] PASS PATTERN NO. 2180 | Func:   LH | Latency:  146[1;0m
[1;34m[Core 1] PASS PATTERN NO. 2181 | Func:  AND | Latency:    6[1;0m
[1;32m[Core 2] PASS PATTERN NO. 2181 | Func:   LH | Latency:  473[1;0m
[1;32m[Core 2] PASS PATTERN NO. 2182 | Func:  MUL | Latency:    9[1;0m
[1;34m[Core 1] PASS PATTERN NO. 2182 | Func:   SH | Latency:  749[1;0m
[1;32m[Core 2] PASS PATTERN NO. 2183 | Func:   OR | Latency:  416[1;0m
[1;34m[Core 1] PASS PATTERN NO. 2183 | Func:   LH | Latency:  380[1;0m
[1;34m[Core 1] PASS PATTERN NO. 2184 | Func:  NOR | Latency:    6[1;0m
[1;32m[Core 2] PASS PATTERN NO. 2184 | Func: ADDI | Latency:  380[1;0m
[1;32m[Core 2] PASS PATTERN NO. 2185 | Func:  SUB | Latency:    9[1;0m
[1;34m[Core 1] PASS PATTERN NO. 2185 | Func:   SH | Latency:  418[1;0m
[1;34m[Core 1] PASS PATTERN NO. 2186 | Func: NAND | Latency:    6[1;0m
[1;32m[Core 2] PASS PATTERN NO. 2186 | Func:   LH | Latency:  523[1;0m
[1;32m[Core 2] PASS PATTERN NO. 2187 | Func:  MUL | Latency:    9[1;0m
[1;34m[Core 1] PASS PATTERN NO. 2187 | Func:   LH | Latency:  366[1;0m
[1;34m[Core 1] PASS PATTERN NO. 2188 | Func:  ADD | Latency:    6[1;0m
[1;32m[Core 2] PASS PATTERN NO. 2188 | Func: SUBI | Latency:  255[1;0m
[1;32m[Core 2] PASS PATTERN NO. 2189 | Func: SUBI | Latency:    9[1;0m
[1;34m[Core 1] PASS PATTERN NO. 2189 | Func:   SH | Latency:  164[1;0m
[1;34m[Core 1] PASS PATTERN NO. 2190 | Func:   OR | Latency:    6[1;0m
[1;32m[Core 2] PASS PATTERN NO. 2190 | Func:   LH | Latency:  562[1;0m
[1;32m[Core 2] PASS PATTERN NO. 2191 | Func:  SLT | Latency:    6[1;0m
[1;34m[Core 1] PASS PATTERN NO. 2191 | Func:   LH | Latency:  754[1;0m
[1;34m[Core 1] PASS PATTERN NO. 2192 | Func:  AND | Latency:    6[1;0m
[1;32m[Core 2] PASS PATTERN NO. 2192 | Func:   LH | Latency:  806[1;0m
[1;34m[Core 1] PASS PATTERN NO. 2193 | Func:  BEQ | Latency:  458[1;0m
[1;32m[Core 2] PASS PATTERN NO. 2193 | Func:  BEQ | Latency:    5[1;0m
[1;34m[Core 1] PASS PATTERN NO. 2194 | Func: NAND | Latency:    9[1;0m
[1;32m[Core 2] PASS PATTERN NO. 2194 | Func:   SH | Latency:  485[1;0m
[1;32m[Core 2] PASS PATTERN NO. 2195 | Func:  SUB | Latency:    6[1;0m
[1;34m[Core 1] PASS PATTERN NO. 2195 | Func:  MUL | Latency:  485[1;0m
[1;34m[Core 1] PASS PATTERN NO. 2196 | Func: ADDI | Latency:  920[1;0m
[1;32m[Core 2] PASS PATTERN NO. 2196 | Func:  ADD | Latency:  923[1;0m
[1;32m[Core 2] PASS PATTERN NO. 2197 | Func: SUBI | Latency:    9[1;0m
[1;34m[Core 1] PASS PATTERN NO. 2197 | Func:   LH | Latency:  341[1;0m
[1;34m[Core 1] PASS PATTERN NO. 2198 | Func:  ADD | Latency:    6[1;0m
[1;32m[Core 2] PASS PATTERN NO. 2198 | Func: ADDI | Latency:  338[1;0m
[1;34m[Core 1] PASS PATTERN NO. 2199 | Func:  AND | Latency:    9[1;0m
[1;32m[Core 2] PASS PATTERN NO. 2199 | Func:   LH | Latency:  202[1;0m
[1;33m[Info] Global Memory Check Passed at IC 50-boundary (Snapshot 43)[1;0m
[1;34m[Core 1] PASS PATTERN NO. 2200 | Func:  MUL | Latency:  202[1;0m
[1;32m[Core 2] PASS PATTERN NO. 2200 | Func:   LH | Latency:  405[1;0m
[1;32m[Core 2] PASS PATTERN NO. 2201 | Func:  MUL | Latency:    9[1;0m
[1;34m[Core 1] PASS PATTERN NO. 2201 | Func:   SH | Latency:  546[1;0m
[1;34m[Core 1] PASS PATTERN NO. 2202 | Func:   OR | Latency:    6[1;0m
[1;32m[Core 2] PASS PATTERN NO. 2202 | Func: NAND | Latency:  147[1;0m
[1;34m[Core 1] PASS PATTERN NO. 2203 | Func:  XOR | Latency:    9[1;0m
[1;32m[Core 2] PASS PATTERN NO. 2203 | Func:  SLT | Latency:    9[1;0m
[1;34m[Core 1] PASS PATTERN NO. 2204 | Func:  MUL | Latency:   12[1;0m
[1;32m[Core 2] PASS PATTERN NO. 2204 | Func:   LH | Latency:  142[1;0m
[1;34m[Core 1] PASS PATTERN NO. 2205 | Func: NAND | Latency:  136[1;0m
[1;32m[Core 2] PASS PATTERN NO. 2205 | Func:  SLT | Latency:    6[1;0m
[1;32m[Core 2] PASS PATTERN NO. 2206 | Func:  SLT | Latency:    9[1;0m
[1;34m[Core 1] PASS PATTERN NO. 2206 | Func:   LH | Latency:  447[1;0m
[1;32m[Core 2] PASS PATTERN NO. 2207 | Func:   OR | Latency:  444[1;0m
[1;34m[Core 1] PASS PATTERN NO. 2207 | Func:   SH | Latency:  484[1;0m
[1;32m[Core 2] PASS PATTERN NO. 2208 | Func:  AND | Latency:  484[1;0m
[1;34m[Core 1] PASS PATTERN NO. 2208 | Func:   SH | Latency:  325[1;0m
[1;34m[Core 1] PASS PATTERN NO. 2209 | Func:   OR | Latency:    6[1;0m
[1;32m[Core 2] PASS PATTERN NO. 2209 | Func: SUBI | Latency:  325[1;0m
[1;34m[Core 1] PASS PATTERN NO. 2210 | Func:   OR | Latency:    9[1;0m
[1;32m[Core 2] PASS PATTERN NO. 2210 | Func:  SLT | Latency:    9[1;0m
[1;34m[Core 1] PASS PATTERN NO. 2211 | Func:  SLT | Latency:    9[1;0m
[1;32m[Core 2] PASS PATTERN NO. 2211 | Func: ADDI | Latency:    9[1;0m
[1;34m[Core 1] PASS PATTERN NO. 2212 | Func:   SH | Latency:  171[1;0m
[1;32m[Core 2] PASS PATTERN NO. 2212 | Func:   LH | Latency:  316[1;0m
[1;34m[Core 1] PASS PATTERN NO. 2213 | Func:   LH | Latency:  532[1;0m
[1;32m[Core 2] PASS PATTERN NO. 2213 | Func:   LH | Latency:  604[1;0m
[1;34m[Core 1] PASS PATTERN NO. 2214 | Func:  MUL | Latency:  226[1;0m
[1;32m[Core 2] PASS PATTERN NO. 2214 | Func:   LH | Latency:  460[1;0m
[1;34m[Core 1] PASS PATTERN NO. 2215 | Func:    J | Latency:  456[1;0m
[1;32m[Core 2] PASS PATTERN NO. 2215 | Func:    J | Latency:    5[1;0m
[1;32m[Core 2] PASS PATTERN NO. 2216 | Func:   SH | Latency: 1123[1;0m
[1;34m[Core 1] PASS PATTERN NO. 2216 | Func:   LH | Latency: 1388[1;0m
[1;32m[Core 2] PASS PATTERN NO. 2217 | Func:  XOR | Latency:  271[1;0m
[1;34m[Core 1] PASS PATTERN NO. 2217 | Func:   LH | Latency:  472[1;0m
[1;32m[Core 2] PASS PATTERN NO. 2218 | Func:  XOR | Latency:  472[1;0m
[1;34m[Core 1] PASS PATTERN NO. 2218 | Func:   LH | Latency:  482[1;0m
[1;32m[Core 2] PASS PATTERN NO. 2219 | Func:  MUL | Latency:  485[1;0m
[1;34m[Core 1] PASS PATTERN NO. 2219 | Func:   SH | Latency:  501[1;0m
[1;32m[Core 2] PASS PATTERN NO. 2220 | Func:  ADD | Latency:  498[1;0m
[1;34m[Core 1] PASS PATTERN NO. 2220 | Func:   SH | Latency:  236[1;0m
[1;34m[Core 1] PASS PATTERN NO. 2221 | Func:  SUB | Latency:    6[1;0m
[1;32m[Core 2] PASS PATTERN NO. 2221 | Func:  ADD | Latency:  236[1;0m
[1;34m[Core 1] PASS PATTERN NO. 2222 | Func:  SUB | Latency:    9[1;0m
[1;32m[Core 2] PASS PATTERN NO. 2222 | Func:   LH | Latency:  149[1;0m
[1;34m[Core 1] PASS PATTERN NO. 2223 | Func:  SUB | Latency:  146[1;0m
[1;32m[Core 2] PASS PATTERN NO. 2223 | Func: NAND | Latency:    6[1;0m
[1;32m[Core 2] PASS PATTERN NO. 2224 | Func:  NOR | Latency:    9[1;0m
[1;34m[Core 1] PASS PATTERN NO. 2224 | Func:   SH | Latency:  193[1;0m
[1;34m[Core 1] PASS PATTERN NO. 2225 | Func: NAND | Latency:    6[1;0m
[1;32m[Core 2] PASS PATTERN NO. 2225 | Func:   LH | Latency:  359[1;0m
[1;34m[Core 1] PASS PATTERN NO. 2226 | Func:   LH | Latency:  371[1;0m
[1;32m[Core 2] PASS PATTERN NO. 2226 | Func:   LH | Latency:  546[1;0m
[1;32m[Core 2] PASS PATTERN NO. 2227 | Func:  SUB | Latency:    6[1;0m
[1;34m[Core 1] PASS PATTERN NO. 2227 | Func:  MUL | Latency:  353[1;0m
[1;34m[Core 1] PASS PATTERN NO. 2228 | Func:   LH | Latency: 1058[1;0m
[1;32m[Core 2] PASS PATTERN NO. 2228 | Func:   LH | Latency: 1405[1;0m
[1;34m[Core 1] PASS PATTERN NO. 2229 | Func:  NOR | Latency:  350[1;0m
[1;32m[Core 2] PASS PATTERN NO. 2229 | Func:   LH | Latency:  201[1;0m
[1;34m[Core 1] PASS PATTERN NO. 2230 | Func:   LH | Latency:  376[1;0m
[1;32m[Core 2] PASS PATTERN NO. 2230 | Func:   LH | Latency:  520[1;0m
[1;34m[Core 1] PASS PATTERN NO. 2231 | Func: SUBI | Latency:  345[1;0m
[1;32m[Core 2] PASS PATTERN NO. 2231 | Func:  MUL | Latency:    9[1;0m
[1;34m[Core 1] PASS PATTERN NO. 2232 | Func:  AND | Latency:    9[1;0m
[1;32m[Core 2] PASS PATTERN NO. 2232 | Func:   SH | Latency:  253[1;0m
[1;32m[Core 2] PASS PATTERN NO. 2233 | Func:   SH | Latency:  382[1;0m
[1;34m[Core 1] PASS PATTERN NO. 2233 | Func:   LH | Latency:  891[1;0m
[1;34m[Core 1] PASS PATTERN NO. 2234 | Func:  MUL | Latency:    9[1;0m
[1;32m[Core 2] PASS PATTERN NO. 2234 | Func:   LH | Latency:  575[1;0m
[1;34m[Core 1] PASS PATTERN NO. 2235 | Func:  SUB | Latency:  310[1;0m
[1;32m[Core 2] PASS PATTERN NO. 2235 | Func:   OR | Latency:    6[1;0m
[1;32m[Core 2] PASS PATTERN NO. 2236 | Func:  ADD | Latency:    9[1;0m
[1;34m[Core 1] PASS PATTERN NO. 2236 | Func:   LH | Latency:  497[1;0m
[1;34m[Core 1] PASS PATTERN NO. 2237 | Func:  ADD | Latency:    6[1;0m
[1;32m[Core 2] PASS PATTERN NO. 2237 | Func:  SUB | Latency:  494[1;0m
[1;34m[Core 1] PASS PATTERN NO. 2238 | Func:   OR | Latency:    9[1;0m
[1;32m[Core 2] PASS PATTERN NO. 2238 | Func:  SUB | Latency:    9[1;0m
[1;34m[Core 1] PASS PATTERN NO. 2239 | Func:  MUL | Latency:   12[1;0m
[1;32m[Core 2] PASS PATTERN NO. 2239 | Func:   LH | Latency:  287[1;0m
[1;34m[Core 1] PASS PATTERN NO. 2240 | Func:  SUB | Latency:  281[1;0m
[1;32m[Core 2] PASS PATTERN NO. 2240 | Func:  NOR | Latency:    6[1;0m
[1;32m[Core 2] PASS PATTERN NO. 2241 | Func:  SUB | Latency:    9[1;0m
[1;34m[Core 1] PASS PATTERN NO. 2241 | Func:  MUL | Latency:   12[1;0m
[1;32m[Core 2] PASS PATTERN NO. 2242 | Func:  MUL | Latency:   12[1;0m
[1;34m[Core 1] PASS PATTERN NO. 2242 | Func:   LH | Latency:  182[1;0m
[1;34m[Core 1] PASS PATTERN NO. 2243 | Func:  ADD | Latency:    6[1;0m
[1;32m[Core 2] PASS PATTERN NO. 2243 | Func:   SH | Latency:  292[1;0m
[1;34m[Core 1] PASS PATTERN NO. 2244 | Func:  AND | Latency:  119[1;0m
[1;32m[Core 2] PASS PATTERN NO. 2244 | Func:   LH | Latency:  128[1;0m
[1;34m[Core 1] PASS PATTERN NO. 2245 | Func:  ADD | Latency:  128[1;0m
[1;32m[Core 2] PASS PATTERN NO. 2245 | Func:  MUL | Latency:    9[1;0m
[1;34m[Core 1] PASS PATTERN NO. 2246 | Func:   OR | Latency:    9[1;0m
[1;32m[Core 2] PASS PATTERN NO. 2246 | Func:  AND | Latency:    6[1;0m
[1;32m[Core 2] PASS PATTERN NO. 2247 | Func:   OR | Latency:    9[1;0m
[1;34m[Core 1] PASS PATTERN NO. 2247 | Func:   SH | Latency:  130[1;0m
[1;34m[Core 1] PASS PATTERN NO. 2248 | Func:   OR | Latency:    6[1;0m
[1;32m[Core 2] PASS PATTERN NO. 2248 | Func:  ADD | Latency:  127[1;0m
[1;34m[Core 1] PASS PATTERN NO. 2249 | Func:  AND | Latency:    9[1;0m
[1;32m[Core 2] PASS PATTERN NO. 2249 | Func:   SH | Latency:  256[1;0m
[1;33m[Info] Global Memory Check Passed at IC 50-boundary (Snapshot 44)[1;0m
[1;32m[Core 2] PASS PATTERN NO. 2250 | Func:  NOR | Latency:    6[1;0m
[1;34m[Core 1] PASS PATTERN NO. 2250 | Func:   LH | Latency:  637[1;0m
[1;34m[Core 1] PASS PATTERN NO. 2251 | Func:  NOR | Latency:    6[1;0m
[1;32m[Core 2] PASS PATTERN NO. 2251 | Func: SUBI | Latency:  390[1;0m
[1;34m[Core 1] PASS PATTERN NO. 2252 | Func:  MUL | Latency:   12[1;0m
[1;32m[Core 2] PASS PATTERN NO. 2252 | Func:   SH | Latency:  335[1;0m
[1;32m[Core 2] PASS PATTERN NO. 2253 | Func:  AND | Latency:    6[1;0m
[1;34m[Core 1] PASS PATTERN NO. 2253 | Func:   LH | Latency:  479[1;0m
[1;34m[Core 1] PASS PATTERN NO. 2254 | Func:  SLT | Latency:    6[1;0m
[1;32m[Core 2] PASS PATTERN NO. 2254 | Func:   SH | Latency:  302[1;0m
[1;32m[Core 2] PASS PATTERN NO. 2255 | Func:   OR | Latency:    6[1;0m
[1;34m[Core 1] PASS PATTERN NO. 2255 | Func:   SH | Latency:  371[1;0m
[1;32m[Core 2] PASS PATTERN NO. 2256 | Func:  ADD | Latency:  225[1;0m
[1;34m[Core 1] PASS PATTERN NO. 2256 | Func:   LH | Latency:  236[1;0m
[1;32m[Core 2] PASS PATTERN NO. 2257 | Func:  SLT | Latency:  236[1;0m
[1;34m[Core 1] PASS PATTERN NO. 2257 | Func:   SH | Latency:  226[1;0m
[1;32m[Core 2] PASS PATTERN NO. 2258 | Func: NAND | Latency:  226[1;0m
[1;34m[Core 1] PASS PATTERN NO. 2258 | Func:  MUL | Latency:    9[1;0m
[1;34m[Core 1] PASS PATTERN NO. 2259 | Func:  MUL | Latency:    9[1;0m
[1;32m[Core 2] PASS PATTERN NO. 2259 | Func:  MUL | Latency:   13[1;0m
[1;34m[Core 1] PASS PATTERN NO. 2260 | Func:  ADD | Latency: 1081[1;0m
[1;32m[Core 2] PASS PATTERN NO. 2260 | Func:  SLT | Latency: 1080[1;0m
[1;34m[Core 1] PASS PATTERN NO. 2261 | Func: SUBI | Latency:    9[1;0m
[1;32m[Core 2] PASS PATTERN NO. 2261 | Func: ADDI | Latency:    9[1;0m
[1;34m[Core 1] PASS PATTERN NO. 2262 | Func:  SLT | Latency:    9[1;0m
[1;32m[Core 2] PASS PATTERN NO. 2262 | Func:   LH | Latency:  225[1;0m
[1;32m[Core 2] PASS PATTERN NO. 2263 | Func:   OR | Latency:    6[1;0m
[1;34m[Core 1] PASS PATTERN NO. 2263 | Func:   LH | Latency:  444[1;0m
[1;34m[Core 1] PASS PATTERN NO. 2264 | Func: ADDI | Latency:    6[1;0m
[1;32m[Core 2] PASS PATTERN NO. 2264 | Func:   SH | Latency:  675[1;0m
[1;34m[Core 1] PASS PATTERN NO. 2265 | Func:  XOR | Latency:  453[1;0m
[1;32m[Core 2] PASS PATTERN NO. 2265 | Func:   SH | Latency:  293[1;0m
[1;34m[Core 1] PASS PATTERN NO. 2266 | Func:   SH | Latency:  671[1;0m
[1;32m[Core 2] PASS PATTERN NO. 2266 | Func:   LH | Latency:  572[1;0m
[1;34m[Core 1] PASS PATTERN NO. 2267 | Func: SUBI | Latency:  194[1;0m
[1;32m[Core 2] PASS PATTERN NO. 2267 | Func:  MUL | Latency:    9[1;0m
[1;34m[Core 1] PASS PATTERN NO. 2268 | Func:   SH | Latency:  230[1;0m
[1;32m[Core 2] PASS PATTERN NO. 2268 | Func:   LH | Latency:  689[1;0m
[1;32m[Core 2] PASS PATTERN NO. 2269 | Func: NAND | Latency:    6[1;0m
[1;34m[Core 1] PASS PATTERN NO. 2269 | Func:  MUL | Latency:  471[1;0m
[1;34m[Core 1] PASS PATTERN NO. 2270 | Func:  ADD | Latency:    6[1;0m
[1;32m[Core 2] PASS PATTERN NO. 2270 | Func: NAND | Latency:    9[1;0m
[1;34m[Core 1] PASS PATTERN NO. 2271 | Func:  ADD | Latency:    9[1;0m
[1;32m[Core 2] PASS PATTERN NO. 2271 | Func:   SH | Latency:  501[1;0m
[1;34m[Core 1] PASS PATTERN NO. 2272 | Func:   SH | Latency:  768[1;0m
[1;32m[Core 2] PASS PATTERN NO. 2272 | Func:   LH | Latency:  735[1;0m
[1;34m[Core 1] PASS PATTERN NO. 2273 | Func:  NOR | Latency:  465[1;0m
[1;32m[Core 2] PASS PATTERN NO. 2273 | Func:   SH | Latency:  279[1;0m
[1;34m[Core 1] PASS PATTERN NO. 2274 | Func:  NOR | Latency:  279[1;0m
[1;32m[Core 2] PASS PATTERN NO. 2274 | Func:  SUB | Latency:    6[1;0m
[1;34m[Core 1] PASS PATTERN NO. 2275 | Func: SUBI | Latency:    9[1;0m
[1;32m[Core 2] PASS PATTERN NO. 2275 | Func:   LH | Latency:  281[1;0m
[1;34m[Core 1] PASS PATTERN NO. 2276 | Func: ADDI | Latency:  278[1;0m
[1;32m[Core 2] PASS PATTERN NO. 2276 | Func:   LH | Latency:  181[1;0m
[1;32m[Core 2] PASS PATTERN NO. 2277 | Func:  XOR | Latency:    6[1;0m
[1;34m[Core 1] PASS PATTERN NO. 2277 | Func:  MUL | Latency:  184[1;0m
[1;34m[Core 1] PASS PATTERN NO. 2278 | Func:   SH | Latency:  226[1;0m
[1;32m[Core 2] PASS PATTERN NO. 2278 | Func:   LH | Latency:  494[1;0m
[1;34m[Core 1] PASS PATTERN NO. 2279 | Func:   OR | Latency:  271[1;0m
[1;32m[Core 2] PASS PATTERN NO. 2279 | Func:   SH | Latency:  483[1;0m
[1;34m[Core 1] PASS PATTERN NO. 2280 | Func:  MUL | Latency:  486[1;0m
[1;32m[Core 2] PASS PATTERN NO. 2280 | Func:  MUL | Latency:   10[1;0m
[1;32m[Core 2] PASS PATTERN NO. 2281 | Func:  MUL | Latency:   11[1;0m
[1;34m[Core 1] PASS PATTERN NO. 2281 | Func:   LH | Latency:  430[1;0m
[1;34m[Core 1] PASS PATTERN NO. 2282 | Func:  AND | Latency:    6[1;0m
[1;32m[Core 2] PASS PATTERN NO. 2282 | Func:   LH | Latency:  554[1;0m
[1;34m[Core 1] PASS PATTERN NO. 2283 | Func:  AND | Latency:  136[1;0m
[1;32m[Core 2] PASS PATTERN NO. 2283 | Func:   SH | Latency:  498[1;0m
[1;34m[Core 1] PASS PATTERN NO. 2284 | Func:  XOR | Latency:  498[1;0m
[1;32m[Core 2] PASS PATTERN NO. 2284 | Func:   LH | Latency:  277[1;0m
[1;34m[Core 1] PASS PATTERN NO. 2285 | Func:   SH | Latency:  399[1;0m
[1;32m[Core 2] PASS PATTERN NO. 2285 | Func:   LH | Latency:  371[1;0m
[1;34m[Core 1] PASS PATTERN NO. 2286 | Func: NAND | Latency:  249[1;0m
[1;32m[Core 2] PASS PATTERN NO. 2286 | Func:   LH | Latency:  175[1;0m
[1;32m[Core 2] PASS PATTERN NO. 2287 | Func:  NOR | Latency:    6[1;0m
[1;34m[Core 1] PASS PATTERN NO. 2287 | Func:   LH | Latency:  396[1;0m
[1;34m[Core 1] PASS PATTERN NO. 2288 | Func:  SLT | Latency:    6[1;0m
[1;32m[Core 2] PASS PATTERN NO. 2288 | Func:  XOR | Latency:  227[1;0m
[1;34m[Core 1] PASS PATTERN NO. 2289 | Func:  NOR | Latency:    9[1;0m
[1;32m[Core 2] PASS PATTERN NO. 2289 | Func: SUBI | Latency:    9[1;0m
[1;32m[Core 2] PASS PATTERN NO. 2290 | Func: SUBI | Latency:    9[1;0m
[1;34m[Core 1] PASS PATTERN NO. 2290 | Func:   LH | Latency:  343[1;0m
[1;32m[Core 2] PASS PATTERN NO. 2291 | Func:  MUL | Latency:  343[1;0m
[1;34m[Core 1] PASS PATTERN NO. 2291 | Func:   LH | Latency:  459[1;0m
[1;34m[Core 1] PASS PATTERN NO. 2292 | Func: NAND | Latency:  386[1;0m
[1;32m[Core 2] PASS PATTERN NO. 2292 | Func: ADDI | Latency:  836[1;0m
[1;34m[Core 1] PASS PATTERN NO. 2293 | Func:  SUB | Latency:    9[1;0m
[1;32m[Core 2] PASS PATTERN NO. 2293 | Func: SUBI | Latency:    9[1;0m
[1;32m[Core 2] PASS PATTERN NO. 2294 | Func:  MUL | Latency:   12[1;0m
[1;34m[Core 1] PASS PATTERN NO. 2294 | Func:   SH | Latency:  301[1;0m
[1;34m[Core 1] PASS PATTERN NO. 2295 | Func:   OR | Latency:    6[1;0m
[1;32m[Core 2] PASS PATTERN NO. 2295 | Func:   SH | Latency:  749[1;0m
[1;34m[Core 1] PASS PATTERN NO. 2296 | Func: SUBI | Latency:  460[1;0m
[1;32m[Core 2] PASS PATTERN NO. 2296 | Func:   SH | Latency:  458[1;0m
[1;32m[Core 2] PASS PATTERN NO. 2297 | Func: ADDI | Latency:    6[1;0m
[1;34m[Core 1] PASS PATTERN NO. 2297 | Func:   SH | Latency:  687[1;0m
[1;34m[Core 1] PASS PATTERN NO. 2298 | Func:  SLT | Latency:    6[1;0m
[1;32m[Core 2] PASS PATTERN NO. 2298 | Func:   SH | Latency:  644[1;0m
[1;34m[Core 1] PASS PATTERN NO. 2299 | Func:  SUB | Latency:  415[1;0m
[1;32m[Core 2] PASS PATTERN NO. 2299 | Func:  SUB | Latency:    6[1;0m
[1;33m[Info] Global Memory Check Passed at IC 50-boundary (Snapshot 45)[1;0m
[1;32m[Core 2] PASS PATTERN NO. 2300 | Func:  ADD | Latency:    9[1;0m
[1;34m[Core 1] PASS PATTERN NO. 2300 | Func:   LH | Latency:  120[1;0m
[1;34m[Core 1] PASS PATTERN NO. 2301 | Func: ADDI | Latency:    6[1;0m
[1;32m[Core 2] PASS PATTERN NO. 2301 | Func:   OR | Latency:  117[1;0m
[1;34m[Core 1] PASS PATTERN NO. 2302 | Func:  SUB | Latency:    9[1;0m
[1;32m[Core 2] PASS PATTERN NO. 2302 | Func:   LH | Latency:  192[1;0m
[1;34m[Core 1] PASS PATTERN NO. 2303 | Func:  ADD | Latency:  189[1;0m
[1;32m[Core 2] PASS PATTERN NO. 2303 | Func:   SH | Latency:  480[1;0m
[1;34m[Core 1] PASS PATTERN NO. 2304 | Func:   SH | Latency:  976[1;0m
[1;32m[Core 2] PASS PATTERN NO. 2304 | Func:   LH | Latency:  696[1;0m
[1;34m[Core 1] PASS PATTERN NO. 2305 | Func: SUBI | Latency:  200[1;0m
[1;32m[Core 2] PASS PATTERN NO. 2305 | Func: ADDI | Latency:    6[1;0m
[1;34m[Core 1] PASS PATTERN NO. 2306 | Func: SUBI | Latency:    9[1;0m
[1;32m[Core 2] PASS PATTERN NO. 2306 | Func:   LH | Latency:  240[1;0m
[1;34m[Core 1] PASS PATTERN NO. 2307 | Func: NAND | Latency:  237[1;0m
[1;32m[Core 2] PASS PATTERN NO. 2307 | Func:  NOR | Latency:    6[1;0m
[1;32m[Core 2] PASS PATTERN NO. 2308 | Func: NAND | Latency:    9[1;0m
[1;34m[Core 1] PASS PATTERN NO. 2308 | Func:   SH | Latency:  146[1;0m
[1;34m[Core 1] PASS PATTERN NO. 2309 | Func: ADDI | Latency:    6[1;0m
[1;32m[Core 2] PASS PATTERN NO. 2309 | Func:  SUB | Latency:  143[1;0m
[1;34m[Core 1] PASS PATTERN NO. 2310 | Func: SUBI | Latency:    9[1;0m
[1;32m[Core 2] PASS PATTERN NO. 2310 | Func:   SH | Latency:  359[1;0m
[1;34m[Core 1] PASS PATTERN NO. 2311 | Func: ADDI | Latency:  356[1;0m
[1;32m[Core 2] PASS PATTERN NO. 2311 | Func: NAND | Latency:    6[1;0m
[1;32m[Core 2] PASS PATTERN NO. 2312 | Func:  AND | Latency:    9[1;0m
[1;34m[Core 1] PASS PATTERN NO. 2312 | Func:   LH | Latency:  423[1;0m
[1;34m[Core 1] PASS PATTERN NO. 2313 | Func: ADDI | Latency:    6[1;0m
[1;32m[Core 2] PASS PATTERN NO. 2313 | Func: SUBI | Latency:  420[1;0m
[1;34m[Core 1] PASS PATTERN NO. 2314 | Func: ADDI | Latency:    9[1;0m
[1;32m[Core 2] PASS PATTERN NO. 2314 | Func: SUBI | Latency:    9[1;0m
[1;34m[Core 1] PASS PATTERN NO. 2315 | Func:  SUB | Latency:    9[1;0m
[1;32m[Core 2] PASS PATTERN NO. 2315 | Func: ADDI | Latency:    9[1;0m
[1;34m[Core 1] PASS PATTERN NO. 2316 | Func:  XOR | Latency:    9[1;0m
[1;32m[Core 2] PASS PATTERN NO. 2316 | Func:  NOR | Latency:    9[1;0m
[1;34m[Core 1] PASS PATTERN NO. 2317 | Func: SUBI | Latency:    9[1;0m
[1;32m[Core 2] PASS PATTERN NO. 2317 | Func: ADDI | Latency:    9[1;0m
[1;32m[Core 2] PASS PATTERN NO. 2318 | Func: NAND | Latency:    9[1;0m
[1;34m[Core 1] PASS PATTERN NO. 2318 | Func:  MUL | Latency:   12[1;0m
[1;34m[Core 1] PASS PATTERN NO. 2319 | Func:    J | Latency:    5[1;0m
[1;32m[Core 2] PASS PATTERN NO. 2319 | Func:    J | Latency:    8[1;0m
[1;32m[Core 2] PASS PATTERN NO. 2320 | Func:  XOR | Latency:  831[1;0m
[1;34m[Core 1] PASS PATTERN NO. 2320 | Func:   LH | Latency: 1163[1;0m
[1;34m[Core 1] PASS PATTERN NO. 2321 | Func:  SUB | Latency:    6[1;0m
[1;32m[Core 2] PASS PATTERN NO. 2321 | Func:   OR | Latency:  338[1;0m
[1;32m[Core 2] PASS PATTERN NO. 2322 | Func:  XOR | Latency:    9[1;0m
[1;34m[Core 1] PASS PATTERN NO. 2322 | Func:   SH | Latency:  369[1;0m
[1;34m[Core 1] PASS PATTERN NO. 2323 | Func:   SH | Latency:  286[1;0m
[1;32m[Core 2] PASS PATTERN NO. 2323 | Func:   LH | Latency: 1006[1;0m
[1;34m[Core 1] PASS PATTERN NO. 2324 | Func:  SLT | Latency:  366[1;0m
[1;32m[Core 2] PASS PATTERN NO. 2324 | Func:  ADD | Latency:    6[1;0m
[1;34m[Core 1] PASS PATTERN NO. 2325 | Func:  ADD | Latency:    9[1;0m
[1;32m[Core 2] PASS PATTERN NO. 2325 | Func:   SH | Latency:  207[1;0m
[1;32m[Core 2] PASS PATTERN NO. 2326 | Func: SUBI | Latency:    6[1;0m
[1;34m[Core 1] PASS PATTERN NO. 2326 | Func:   LH | Latency:  454[1;0m
[1;34m[Core 1] PASS PATTERN NO. 2327 | Func:  SLT | Latency:    6[1;0m
[1;32m[Core 2] PASS PATTERN NO. 2327 | Func:  AND | Latency:  256[1;0m
[1;34m[Core 1] PASS PATTERN NO. 2328 | Func:  AND | Latency:    9[1;0m
[1;32m[Core 2] PASS PATTERN NO. 2328 | Func:   LH | Latency:  482[1;0m
[1;34m[Core 1] PASS PATTERN NO. 2329 | Func:  SLT | Latency:  479[1;0m
[1;32m[Core 2] PASS PATTERN NO. 2329 | Func:   SH | Latency:  425[1;0m
[1;34m[Core 1] PASS PATTERN NO. 2330 | Func:   SH | Latency:  586[1;0m
[1;32m[Core 2] PASS PATTERN NO. 2330 | Func:   LH | Latency:  519[1;0m
[1;34m[Core 1] PASS PATTERN NO. 2331 | Func: SUBI | Latency:  358[1;0m
[1;32m[Core 2] PASS PATTERN NO. 2331 | Func:   SH | Latency:  331[1;0m
[1;34m[Core 1] PASS PATTERN NO. 2332 | Func:  SLT | Latency:  331[1;0m
[1;32m[Core 2] PASS PATTERN NO. 2332 | Func:  XOR | Latency:    6[1;0m
[1;34m[Core 1] PASS PATTERN NO. 2333 | Func:  ADD | Latency:    9[1;0m
[1;32m[Core 2] PASS PATTERN NO. 2333 | Func:  XOR | Latency:    9[1;0m
[1;34m[Core 1] PASS PATTERN NO. 2334 | Func:   OR | Latency:    9[1;0m
[1;32m[Core 2] PASS PATTERN NO. 2334 | Func:  ADD | Latency:    9[1;0m
[1;32m[Core 2] PASS PATTERN NO. 2335 | Func: ADDI | Latency:    9[1;0m
[1;34m[Core 1] PASS PATTERN NO. 2335 | Func:  MUL | Latency:   12[1;0m
[1;32m[Core 2] PASS PATTERN NO. 2336 | Func:  MUL | Latency:   12[1;0m
[1;34m[Core 1] PASS PATTERN NO. 2336 | Func:   SH | Latency:  379[1;0m
[1;34m[Core 1] PASS PATTERN NO. 2337 | Func:   OR | Latency:    6[1;0m
[1;32m[Core 2] PASS PATTERN NO. 2337 | Func:  SUB | Latency:  376[1;0m
[1;34m[Core 1] PASS PATTERN NO. 2338 | Func:  SLT | Latency:    9[1;0m
[1;32m[Core 2] PASS PATTERN NO. 2338 | Func:  AND | Latency:    9[1;0m
[1;34m[Core 1] PASS PATTERN NO. 2339 | Func:  AND | Latency:    9[1;0m
[1;32m[Core 2] PASS PATTERN NO. 2339 | Func: ADDI | Latency:    9[1;0m
[1;34m[Core 1] PASS PATTERN NO. 2340 | Func:  MUL | Latency:   12[1;0m
[1;32m[Core 2] PASS PATTERN NO. 2340 | Func:   LH | Latency:  342[1;0m
[1;32m[Core 2] PASS PATTERN NO. 2341 | Func:  ADD | Latency:    6[1;0m
[1;34m[Core 1] PASS PATTERN NO. 2341 | Func:   LH | Latency:  769[1;0m
[1;34m[Core 1] PASS PATTERN NO. 2342 | Func:  MUL | Latency:    9[1;0m
[1;32m[Core 2] PASS PATTERN NO. 2342 | Func:   SH | Latency:  658[1;0m
[1;34m[Core 1] PASS PATTERN NO. 2343 | Func: SUBI | Latency:  222[1;0m
[1;32m[Core 2] PASS PATTERN NO. 2343 | Func:  SUB | Latency:    6[1;0m
[1;34m[Core 1] PASS PATTERN NO. 2344 | Func:   OR | Latency:    9[1;0m
[1;32m[Core 2] PASS PATTERN NO. 2344 | Func:   LH | Latency:  304[1;0m
[1;32m[Core 2] PASS PATTERN NO. 2345 | Func:  AND | Latency:    6[1;0m
[1;34m[Core 1] PASS PATTERN NO. 2345 | Func:   SH | Latency:  582[1;0m
[1;32m[Core 2] PASS PATTERN NO. 2346 | Func: ADDI | Latency:  287[1;0m
[1;34m[Core 1] PASS PATTERN NO. 2346 | Func:  MUL | Latency:    9[1;0m
[1;34m[Core 1] PASS PATTERN NO. 2347 | Func: ADDI | Latency:    6[1;0m
[1;32m[Core 2] PASS PATTERN NO. 2347 | Func:   LH | Latency:  300[1;0m
[1;34m[Core 1] PASS PATTERN NO. 2348 | Func:  SUB | Latency:  297[1;0m
[1;32m[Core 2] PASS PATTERN NO. 2348 | Func:  XOR | Latency:    6[1;0m
[1;34m[Core 1] PASS PATTERN NO. 2349 | Func:  XOR | Latency:    9[1;0m
[1;32m[Core 2] PASS PATTERN NO. 2349 | Func:  MUL | Latency:   12[1;0m
[1;33m[Info] Global Memory Check Passed at IC 50-boundary (Snapshot 46)[1;0m
[1;34m[Core 1] PASS PATTERN NO. 2350 | Func: SUBI | Latency:    9[1;0m
[1;32m[Core 2] PASS PATTERN NO. 2350 | Func:   SH | Latency:  145[1;0m
[1;34m[Core 1] PASS PATTERN NO. 2351 | Func:  ADD | Latency:  145[1;0m
[1;32m[Core 2] PASS PATTERN NO. 2351 | Func:   LH | Latency:  467[1;0m
[1;32m[Core 2] PASS PATTERN NO. 2352 | Func: NAND | Latency:  373[1;0m
[1;34m[Core 1] PASS PATTERN NO. 2352 | Func:   SH | Latency: 1132[1;0m
[1;34m[Core 1] PASS PATTERN NO. 2353 | Func:  SLT | Latency:    6[1;0m
[1;32m[Core 2] PASS PATTERN NO. 2353 | Func:  MUL | Latency:  307[1;0m
[1;34m[Core 1] PASS PATTERN NO. 2354 | Func: SUBI | Latency:    9[1;0m
[1;32m[Core 2] PASS PATTERN NO. 2354 | Func:  SLT | Latency:    6[1;0m
[1;34m[Core 1] PASS PATTERN NO. 2355 | Func:  SLT | Latency:    9[1;0m
[1;32m[Core 2] PASS PATTERN NO. 2355 | Func: NAND | Latency:    9[1;0m
[1;34m[Core 1] PASS PATTERN NO. 2356 | Func:  ADD | Latency:    9[1;0m
[1;32m[Core 2] PASS PATTERN NO. 2356 | Func:  NOR | Latency:    9[1;0m
[1;32m[Core 2] PASS PATTERN NO. 2357 | Func:   OR | Latency:    9[1;0m
[1;34m[Core 1] PASS PATTERN NO. 2357 | Func:   SH | Latency:  256[1;0m
[1;34m[Core 1] PASS PATTERN NO. 2358 | Func: NAND | Latency:    6[1;0m
[1;32m[Core 2] PASS PATTERN NO. 2358 | Func: ADDI | Latency:  253[1;0m
[1;32m[Core 2] PASS PATTERN NO. 2359 | Func:  ADD | Latency:    9[1;0m
[1;34m[Core 1] PASS PATTERN NO. 2359 | Func:   SH | Latency:  380[1;0m
[1;32m[Core 2] PASS PATTERN NO. 2360 | Func: ADDI | Latency:  377[1;0m
[1;34m[Core 1] PASS PATTERN NO. 2360 | Func:  MUL | Latency:    9[1;0m
[1;34m[Core 1] PASS PATTERN NO. 2361 | Func:  AND | Latency:    6[1;0m
[1;32m[Core 2] PASS PATTERN NO. 2361 | Func:  NOR | Latency:    9[1;0m
[1;34m[Core 1] PASS PATTERN NO. 2362 | Func: SUBI | Latency:    9[1;0m
[1;32m[Core 2] PASS PATTERN NO. 2362 | Func: SUBI | Latency:    9[1;0m
[1;34m[Core 1] PASS PATTERN NO. 2363 | Func:  NOR | Latency:    9[1;0m
[1;32m[Core 2] PASS PATTERN NO. 2363 | Func: ADDI | Latency:    9[1;0m
[1;34m[Core 1] PASS PATTERN NO. 2364 | Func: SUBI | Latency:    9[1;0m
[1;32m[Core 2] PASS PATTERN NO. 2364 | Func:  MUL | Latency:   12[1;0m
[1;32m[Core 2] PASS PATTERN NO. 2365 | Func:  SLT | Latency:    6[1;0m
[1;34m[Core 1] PASS PATTERN NO. 2365 | Func:   LH | Latency:  406[1;0m
[1;34m[Core 1] PASS PATTERN NO. 2366 | Func:   OR | Latency:    6[1;0m
[1;32m[Core 2] PASS PATTERN NO. 2366 | Func:  XOR | Latency:  403[1;0m
[1;34m[Core 1] PASS PATTERN NO. 2367 | Func:  NOR | Latency:    9[1;0m
[1;32m[Core 2] PASS PATTERN NO. 2367 | Func:   OR | Latency:    9[1;0m
[1;34m[Core 1] PASS PATTERN NO. 2368 | Func:  SUB | Latency:    9[1;0m
[1;32m[Core 2] PASS PATTERN NO. 2368 | Func:   SH | Latency:  274[1;0m
[1;34m[Core 1] PASS PATTERN NO. 2369 | Func:   OR | Latency:  271[1;0m
[1;32m[Core 2] PASS PATTERN NO. 2369 | Func:  XOR | Latency:    6[1;0m
[1;32m[Core 2] PASS PATTERN NO. 2370 | Func: SUBI | Latency:    9[1;0m
[1;34m[Core 1] PASS PATTERN NO. 2370 | Func:   LH | Latency:  477[1;0m
[1;34m[Core 1] PASS PATTERN NO. 2371 | Func: ADDI | Latency:    6[1;0m
[1;32m[Core 2] PASS PATTERN NO. 2371 | Func:   LH | Latency:  901[1;0m
[1;34m[Core 1] PASS PATTERN NO. 2372 | Func: ADDI | Latency:  433[1;0m
[1;32m[Core 2] PASS PATTERN NO. 2372 | Func:  XOR | Latency:    6[1;0m
[1;32m[Core 2] PASS PATTERN NO. 2373 | Func: NAND | Latency:    9[1;0m
[1;34m[Core 1] PASS PATTERN NO. 2373 | Func:  MUL | Latency:   12[1;0m
[1;34m[Core 1] PASS PATTERN NO. 2374 | Func:   SH | Latency:  149[1;0m
[1;32m[Core 2] PASS PATTERN NO. 2374 | Func:   LH | Latency:  639[1;0m
[1;34m[Core 1] PASS PATTERN NO. 2375 | Func: NAND | Latency:  493[1;0m
[1;32m[Core 2] PASS PATTERN NO. 2375 | Func:  XOR | Latency:    6[1;0m
[1;32m[Core 2] PASS PATTERN NO. 2376 | Func: NAND | Latency:    9[1;0m
[1;34m[Core 1] PASS PATTERN NO. 2376 | Func:   SH | Latency:  142[1;0m
[1;34m[Core 1] PASS PATTERN NO. 2377 | Func:  ADD | Latency:    6[1;0m
[1;32m[Core 2] PASS PATTERN NO. 2377 | Func:  XOR | Latency:  139[1;0m
[1;32m[Core 2] PASS PATTERN NO. 2378 | Func: ADDI | Latency:    9[1;0m
[1;34m[Core 1] PASS PATTERN NO. 2378 | Func:   LH | Latency:  493[1;0m
[1;32m[Core 2] PASS PATTERN NO. 2379 | Func:   OR | Latency:  490[1;0m
[1;34m[Core 1] PASS PATTERN NO. 2379 | Func:   SH | Latency:  165[1;0m
[1;32m[Core 2] PASS PATTERN NO. 2380 | Func:  XOR | Latency:  165[1;0m
[1;34m[Core 1] PASS PATTERN NO. 2380 | Func:  MUL | Latency:    9[1;0m
[1;34m[Core 1] PASS PATTERN NO. 2381 | Func: NAND | Latency:    6[1;0m
[1;32m[Core 2] PASS PATTERN NO. 2381 | Func: NAND | Latency:    9[1;0m
[1;34m[Core 1] PASS PATTERN NO. 2382 | Func:  XOR | Latency:    9[1;0m
[1;32m[Core 2] PASS PATTERN NO. 2382 | Func:  NOR | Latency:    9[1;0m
[1;32m[Core 2] PASS PATTERN NO. 2383 | Func: ADDI | Latency:    9[1;0m
[1;34m[Core 1] PASS PATTERN NO. 2383 | Func:  MUL | Latency:   12[1;0m
[1;34m[Core 1] PASS PATTERN NO. 2384 | Func:   SH | Latency: 1465[1;0m
[1;32m[Core 2] PASS PATTERN NO. 2384 | Func:   LH | Latency: 1898[1;0m
[1;32m[Core 2] PASS PATTERN NO. 2385 | Func: ADDI | Latency:    6[1;0m
[1;34m[Core 1] PASS PATTERN NO. 2385 | Func:   LH | Latency:  659[1;0m
[1;34m[Core 1] PASS PATTERN NO. 2386 | Func: ADDI | Latency:    6[1;0m
[1;32m[Core 2] PASS PATTERN NO. 2386 | Func: ADDI | Latency:  229[1;0m
[1;32m[Core 2] PASS PATTERN NO. 2387 | Func:  SUB | Latency:    9[1;0m
[1;34m[Core 1] PASS PATTERN NO. 2387 | Func:  MUL | Latency:   12[1;0m
[1;34m[Core 1] PASS PATTERN NO. 2388 | Func:   SH | Latency:  286[1;0m
[1;32m[Core 2] PASS PATTERN NO. 2388 | Func:   LH | Latency:  510[1;0m
[1;32m[Core 2] PASS PATTERN NO. 2389 | Func:  ADD | Latency:    6[1;0m
[1;34m[Core 1] PASS PATTERN NO. 2389 | Func:   LH | Latency:  499[1;0m
[1;34m[Core 1] PASS PATTERN NO. 2390 | Func: ADDI | Latency:    6[1;0m
[1;32m[Core 2] PASS PATTERN NO. 2390 | Func:  XOR | Latency:  278[1;0m
[1;34m[Core 1] PASS PATTERN NO. 2391 | Func:  SLT | Latency:    9[1;0m
[1;32m[Core 2] PASS PATTERN NO. 2391 | Func:   OR | Latency:    9[1;0m
[1;34m[Core 1] PASS PATTERN NO. 2392 | Func:   OR | Latency:    9[1;0m
[1;32m[Core 2] PASS PATTERN NO. 2392 | Func:   LH | Latency:  433[1;0m
[1;32m[Core 2] PASS PATTERN NO. 2393 | Func:  NOR | Latency:    6[1;0m
[1;34m[Core 1] PASS PATTERN NO. 2393 | Func:   SH | Latency:  593[1;0m
[1;34m[Core 1] PASS PATTERN NO. 2394 | Func: ADDI | Latency:    6[1;0m
[1;32m[Core 2] PASS PATTERN NO. 2394 | Func:  AND | Latency:  169[1;0m
[1;32m[Core 2] PASS PATTERN NO. 2395 | Func:   SH | Latency:  127[1;0m
[1;34m[Core 1] PASS PATTERN NO. 2395 | Func:   LH | Latency:  315[1;0m
[1;34m[Core 1] PASS PATTERN NO. 2396 | Func:  AND | Latency:    6[1;0m
[1;32m[Core 2] PASS PATTERN NO. 2396 | Func:  AND | Latency:  194[1;0m
[1;32m[Core 2] PASS PATTERN NO. 2397 | Func:  NOR | Latency:    9[1;0m
[1;34m[Core 1] PASS PATTERN NO. 2397 | Func:   LH | Latency:  484[1;0m
[1;32m[Core 2] PASS PATTERN NO. 2398 | Func:  SUB | Latency:  481[1;0m
[1;34m[Core 1] PASS PATTERN NO. 2398 | Func:   SH | Latency:  216[1;0m
[1;34m[Core 1] PASS PATTERN NO. 2399 | Func: NAND | Latency:    6[1;0m
[1;32m[Core 2] PASS PATTERN NO. 2399 | Func: SUBI | Latency:  216[1;0m
[1;33m[Info] Global Memory Check Passed at IC 50-boundary (Snapshot 47)[1;0m
[1;34m[Core 1] PASS PATTERN NO. 2400 | Func:   SH | Latency:  464[1;0m
[1;32m[Core 2] PASS PATTERN NO. 2400 | Func:   LH | Latency:  921[1;0m
[1;32m[Core 2] PASS PATTERN NO. 2401 | Func:   OR | Latency:    6[1;0m
[1;34m[Core 1] PASS PATTERN NO. 2401 | Func:  MUL | Latency:  466[1;0m
[1;32m[Core 2] PASS PATTERN NO. 2402 | Func:  XOR | Latency:    9[1;0m
[1;34m[Core 1] PASS PATTERN NO. 2402 | Func:   LH | Latency:  167[1;0m
[1;34m[Core 1] PASS PATTERN NO. 2403 | Func: SUBI | Latency:    6[1;0m
[1;32m[Core 2] PASS PATTERN NO. 2403 | Func:   LH | Latency:  430[1;0m
[1;32m[Core 2] PASS PATTERN NO. 2404 | Func: SUBI | Latency:    6[1;0m
[1;34m[Core 1] PASS PATTERN NO. 2404 | Func:  MUL | Latency:  272[1;0m
[1;34m[Core 1] PASS PATTERN NO. 2405 | Func:  ADD | Latency:    6[1;0m
[1;32m[Core 2] PASS PATTERN NO. 2405 | Func:   SH | Latency:  387[1;0m
[1;32m[Core 2] PASS PATTERN NO. 2406 | Func:  ADD | Latency:    6[1;0m
[1;34m[Core 1] PASS PATTERN NO. 2406 | Func:   LH | Latency:  788[1;0m
[1;34m[Core 1] PASS PATTERN NO. 2407 | Func:  MUL | Latency:    9[1;0m
[1;32m[Core 2] PASS PATTERN NO. 2407 | Func:   LH | Latency:  657[1;0m
[1;32m[Core 2] PASS PATTERN NO. 2408 | Func:  AND | Latency:    6[1;0m
[1;34m[Core 1] PASS PATTERN NO. 2408 | Func:   LH | Latency:  664[1;0m
[1;34m[Core 1] PASS PATTERN NO. 2409 | Func: ADDI | Latency:    6[1;0m
[1;32m[Core 2] PASS PATTERN NO. 2409 | Func:   LH | Latency:  779[1;0m
[1;34m[Core 1] PASS PATTERN NO. 2410 | Func:   SH | Latency:  644[1;0m
[1;32m[Core 2] PASS PATTERN NO. 2410 | Func:   LH | Latency:  498[1;0m
[1;34m[Core 1] PASS PATTERN NO. 2411 | Func: ADDI | Latency:  219[1;0m
[1;32m[Core 2] PASS PATTERN NO. 2411 | Func:   SH | Latency:  327[1;0m
[1;34m[Core 1] PASS PATTERN NO. 2412 | Func:  SUB | Latency:  327[1;0m
[1;32m[Core 2] PASS PATTERN NO. 2412 | Func: SUBI | Latency:    6[1;0m
[1;34m[Core 1] PASS PATTERN NO. 2413 | Func:   OR | Latency:    9[1;0m
[1;32m[Core 2] PASS PATTERN NO. 2413 | Func: ADDI | Latency:    9[1;0m
[1;34m[Core 1] PASS PATTERN NO. 2414 | Func: ADDI | Latency:    9[1;0m
[1;32m[Core 2] PASS PATTERN NO. 2414 | Func: ADDI | Latency:    9[1;0m
[1;32m[Core 2] PASS PATTERN NO. 2415 | Func:  MUL | Latency:   12[1;0m
[1;34m[Core 1] PASS PATTERN NO. 2415 | Func:   LH | Latency:  180[1;0m
[1;34m[Core 1] PASS PATTERN NO. 2416 | Func:  SUB | Latency:  913[1;0m
[1;32m[Core 2] PASS PATTERN NO. 2416 | Func:   LH | Latency: 1273[1;0m
[1;32m[Core 2] PASS PATTERN NO. 2417 | Func:  AND | Latency:    6[1;0m
[1;34m[Core 1] PASS PATTERN NO. 2417 | Func:  MUL | Latency:  201[1;0m
[1;34m[Core 1] PASS PATTERN NO. 2418 | Func: NAND | Latency:    6[1;0m
[1;32m[Core 2] PASS PATTERN NO. 2418 | Func:  XOR | Latency:    9[1;0m
[1;34m[Core 1] PASS PATTERN NO. 2419 | Func: ADDI | Latency:    9[1;0m
[1;32m[Core 2] PASS PATTERN NO. 2419 | Func: ADDI | Latency:    9[1;0m
[1;32m[Core 2] PASS PATTERN NO. 2420 | Func: SUBI | Latency:    9[1;0m
[1;34m[Core 1] PASS PATTERN NO. 2420 | Func:   LH | Latency:  262[1;0m
[1;32m[Core 2] PASS PATTERN NO. 2421 | Func:  XOR | Latency:  259[1;0m
[1;34m[Core 1] PASS PATTERN NO. 2421 | Func:   SH | Latency:  411[1;0m
[1;32m[Core 2] PASS PATTERN NO. 2422 | Func:   SH | Latency:  656[1;0m
[1;34m[Core 1] PASS PATTERN NO. 2422 | Func:   LH | Latency:  544[1;0m
[1;32m[Core 2] PASS PATTERN NO. 2423 | Func:   SH | Latency:  426[1;0m
[1;34m[Core 1] PASS PATTERN NO. 2423 | Func:   LH | Latency:  566[1;0m
[1;34m[Core 1] PASS PATTERN NO. 2424 | Func:  NOR | Latency:    6[1;0m
[1;32m[Core 2] PASS PATTERN NO. 2424 | Func:  SLT | Latency:  439[1;0m
[1;34m[Core 1] PASS PATTERN NO. 2425 | Func:  ADD | Latency:    9[1;0m
[1;32m[Core 2] PASS PATTERN NO. 2425 | Func:  XOR | Latency:    9[1;0m
[1;34m[Core 1] PASS PATTERN NO. 2426 | Func:  XOR | Latency:    9[1;0m
[1;32m[Core 2] PASS PATTERN NO. 2426 | Func:  MUL | Latency:   12[1;0m
[1;34m[Core 1] PASS PATTERN NO. 2427 | Func:  SUB | Latency:    9[1;0m
[1;32m[Core 2] PASS PATTERN NO. 2427 | Func: NAND | Latency:    6[1;0m
[1;34m[Core 1] PASS PATTERN NO. 2428 | Func:  SLT | Latency:    9[1;0m
[1;32m[Core 2] PASS PATTERN NO. 2428 | Func:  NOR | Latency:    9[1;0m
[1;34m[Core 1] PASS PATTERN NO. 2429 | Func:  AND | Latency:    9[1;0m
[1;32m[Core 2] PASS PATTERN NO. 2429 | Func:  MUL | Latency:   12[1;0m
[1;34m[Core 1] PASS PATTERN NO. 2430 | Func:   LH | Latency:  332[1;0m
[1;32m[Core 2] PASS PATTERN NO. 2430 | Func:   LH | Latency:  800[1;0m
[1;34m[Core 1] PASS PATTERN NO. 2431 | Func: SUBI | Latency:  477[1;0m
[1;32m[Core 2] PASS PATTERN NO. 2431 | Func:  SUB | Latency:    6[1;0m
[1;34m[Core 1] PASS PATTERN NO. 2432 | Func:  NOR | Latency:    9[1;0m
[1;32m[Core 2] PASS PATTERN NO. 2432 | Func:  SUB | Latency:    9[1;0m
[1;34m[Core 1] PASS PATTERN NO. 2433 | Func: SUBI | Latency:    9[1;0m
[1;32m[Core 2] PASS PATTERN NO. 2433 | Func:  XOR | Latency:    9[1;0m
[1;34m[Core 1] PASS PATTERN NO. 2434 | Func: SUBI | Latency:    9[1;0m
[1;32m[Core 2] PASS PATTERN NO. 2434 | Func:  AND | Latency:    9[1;0m
[1;32m[Core 2] PASS PATTERN NO. 2435 | Func:   OR | Latency:    9[1;0m
[1;34m[Core 1] PASS PATTERN NO. 2435 | Func:   SH | Latency:  437[1;0m
[1;34m[Core 1] PASS PATTERN NO. 2436 | Func: NAND | Latency:    6[1;0m
[1;32m[Core 2] PASS PATTERN NO. 2436 | Func: NAND | Latency:  434[1;0m
[1;34m[Core 1] PASS PATTERN NO. 2437 | Func:  SLT | Latency:    9[1;0m
[1;32m[Core 2] PASS PATTERN NO. 2437 | Func: ADDI | Latency:    9[1;0m
[1;34m[Core 1] PASS PATTERN NO. 2438 | Func:  AND | Latency:    9[1;0m
[1;32m[Core 2] PASS PATTERN NO. 2438 | Func:  ADD | Latency:    9[1;0m
[1;32m[Core 2] PASS PATTERN NO. 2439 | Func:  XOR | Latency:    9[1;0m
[1;34m[Core 1] PASS PATTERN NO. 2439 | Func:   LH | Latency:  175[1;0m
[1;34m[Core 1] PASS PATTERN NO. 2440 | Func:  XOR | Latency:    6[1;0m
[1;32m[Core 2] PASS PATTERN NO. 2440 | Func:   LH | Latency:  675[1;0m
[1;32m[Core 2] PASS PATTERN NO. 2441 | Func:   OR | Latency:    6[1;0m
[1;34m[Core 1] PASS PATTERN NO. 2441 | Func:  MUL | Latency:  512[1;0m
[1;34m[Core 1] PASS PATTERN NO. 2442 | Func:  NOR | Latency:    6[1;0m
[1;32m[Core 2] PASS PATTERN NO. 2442 | Func:  MUL | Latency:   12[1;0m
[1;34m[Core 1] PASS PATTERN NO. 2443 | Func:   OR | Latency:    9[1;0m
[1;32m[Core 2] PASS PATTERN NO. 2443 | Func: SUBI | Latency:    6[1;0m
[1;34m[Core 1] PASS PATTERN NO. 2444 | Func:  ADD | Latency:    9[1;0m
[1;32m[Core 2] PASS PATTERN NO. 2444 | Func:   SH | Latency:  266[1;0m
[1;34m[Core 1] PASS PATTERN NO. 2445 | Func: ADDI | Latency:  263[1;0m
[1;32m[Core 2] PASS PATTERN NO. 2445 | Func:   LH | Latency:  488[1;0m
[1;34m[Core 1] PASS PATTERN NO. 2446 | Func: NAND | Latency:  488[1;0m
[1;32m[Core 2] PASS PATTERN NO. 2446 | Func:  MUL | Latency:    9[1;0m
[1;34m[Core 1] PASS PATTERN NO. 2447 | Func:   SH | Latency:  506[1;0m
[1;32m[Core 2] PASS PATTERN NO. 2447 | Func:   LH | Latency:  626[1;0m
[1;34m[Core 1] PASS PATTERN NO. 2448 | Func:  AND | Latency:  533[1;0m
[1;32m[Core 2] PASS PATTERN NO. 2448 | Func:  SLT | Latency:  410[1;0m
[1;34m[Core 1] PASS PATTERN NO. 2449 | Func:  AND | Latency:    9[1;0m
[1;32m[Core 2] PASS PATTERN NO. 2449 | Func:   OR | Latency:    9[1;0m
[1;33m[Info] Global Memory Check Passed at IC 50-boundary (Snapshot 48)[1;0m
[1;34m[Core 1] PASS PATTERN NO. 2450 | Func: ADDI | Latency:    9[1;0m
[1;32m[Core 2] PASS PATTERN NO. 2450 | Func:  MUL | Latency:   12[1;0m
[1;34m[Core 1] PASS PATTERN NO. 2451 | Func:  XOR | Latency:    9[1;0m
[1;32m[Core 2] PASS PATTERN NO. 2451 | Func: NAND | Latency:    6[1;0m
[1;34m[Core 1] PASS PATTERN NO. 2452 | Func:  ADD | Latency:    9[1;0m
[1;32m[Core 2] PASS PATTERN NO. 2452 | Func:   SH | Latency:  314[1;0m
[1;34m[Core 1] PASS PATTERN NO. 2453 | Func: ADDI | Latency:  311[1;0m
[1;32m[Core 2] PASS PATTERN NO. 2453 | Func: NAND | Latency:    6[1;0m
[1;34m[Core 1] PASS PATTERN NO. 2454 | Func: SUBI | Latency:    9[1;0m
[1;32m[Core 2] PASS PATTERN NO. 2454 | Func: NAND | Latency:    9[1;0m
[1;32m[Core 2] PASS PATTERN NO. 2455 | Func:  SUB | Latency:    9[1;0m
[1;34m[Core 1] PASS PATTERN NO. 2455 | Func:   SH | Latency:  391[1;0m
[1;32m[Core 2] PASS PATTERN NO. 2456 | Func: SUBI | Latency:  388[1;0m
[1;34m[Core 1] PASS PATTERN NO. 2456 | Func:   LH | Latency:  422[1;0m
[1;34m[Core 1] PASS PATTERN NO. 2457 | Func: NAND | Latency:    6[1;0m
[1;32m[Core 2] PASS PATTERN NO. 2457 | Func:   SH | Latency:  649[1;0m
[1;32m[Core 2] PASS PATTERN NO. 2458 | Func:  SUB | Latency:    6[1;0m
[1;34m[Core 1] PASS PATTERN NO. 2458 | Func:   SH | Latency:  667[1;0m
[1;34m[Core 1] PASS PATTERN NO. 2459 | Func: ADDI | Latency:    6[1;0m
[1;32m[Core 2] PASS PATTERN NO. 2459 | Func:   SH | Latency:  577[1;0m
[1;32m[Core 2] PASS PATTERN NO. 2460 | Func:  MUL | Latency:    9[1;0m
[1;34m[Core 1] PASS PATTERN NO. 2460 | Func:   SH | Latency:  648[1;0m
[1;32m[Core 2] PASS PATTERN NO. 2461 | Func:   OR | Latency:  508[1;0m
[1;34m[Core 1] PASS PATTERN NO. 2461 | Func:   SH | Latency:  397[1;0m
[1;32m[Core 2] PASS PATTERN NO. 2462 | Func:   OR | Latency:  397[1;0m
[1;34m[Core 1] PASS PATTERN NO. 2462 | Func:   LH | Latency:  131[1;0m
[1;34m[Core 1] PASS PATTERN NO. 2463 | Func:   OR | Latency:    6[1;0m
[1;32m[Core 2] PASS PATTERN NO. 2463 | Func:  NOR | Latency:  131[1;0m
[1;34m[Core 1] PASS PATTERN NO. 2464 | Func:  XOR | Latency:    9[1;0m
[1;32m[Core 2] PASS PATTERN NO. 2464 | Func:  MUL | Latency:   12[1;0m
[1;34m[Core 1] PASS PATTERN NO. 2465 | Func:  ADD | Latency:    9[1;0m
[1;32m[Core 2] PASS PATTERN NO. 2465 | Func:   SH | Latency:  265[1;0m
[1;34m[Core 1] PASS PATTERN NO. 2466 | Func:  NOR | Latency:  265[1;0m
[1;32m[Core 2] PASS PATTERN NO. 2466 | Func:   OR | Latency:    6[1;0m
[1;34m[Core 1] PASS PATTERN NO. 2467 | Func: SUBI | Latency:    9[1;0m
[1;32m[Core 2] PASS PATTERN NO. 2467 | Func:   LH | Latency:  416[1;0m
[1;34m[Core 1] PASS PATTERN NO. 2468 | Func:  MUL | Latency:  416[1;0m
[1;32m[Core 2] PASS PATTERN NO. 2468 | Func:   SH | Latency:  479[1;0m
[1;32m[Core 2] PASS PATTERN NO. 2469 | Func: SUBI | Latency:    6[1;0m
[1;34m[Core 1] PASS PATTERN NO. 2469 | Func:   SH | Latency:  960[1;0m
[1;32m[Core 2] PASS PATTERN NO. 2470 | Func:  XOR | Latency:  490[1;0m
[1;34m[Core 1] PASS PATTERN NO. 2470 | Func:  MUL | Latency:    9[1;0m
[1;32m[Core 2] PASS PATTERN NO. 2471 | Func:  ADD | Latency:    9[1;0m
[1;34m[Core 1] PASS PATTERN NO. 2471 | Func:   LH | Latency:  318[1;0m
[1;32m[Core 2] PASS PATTERN NO. 2472 | Func: NAND | Latency:  318[1;0m
[1;34m[Core 1] PASS PATTERN NO. 2472 | Func:   LH | Latency:  271[1;0m
[1;32m[Core 2] PASS PATTERN NO. 2473 | Func:  NOR | Latency:  271[1;0m
[1;34m[Core 1] PASS PATTERN NO. 2473 | Func:  MUL | Latency:    9[1;0m
[1;34m[Core 1] PASS PATTERN NO. 2474 | Func:  SLT | Latency:    6[1;0m
[1;32m[Core 2] PASS PATTERN NO. 2474 | Func:   OR | Latency:    9[1;0m
[1;34m[Core 1] PASS PATTERN NO. 2475 | Func: SUBI | Latency:    9[1;0m
[1;32m[Core 2] PASS PATTERN NO. 2475 | Func:   LH | Latency:  312[1;0m
[1;34m[Core 1] PASS PATTERN NO. 2476 | Func:  NOR | Latency:  309[1;0m
[1;32m[Core 2] PASS PATTERN NO. 2476 | Func:   LH | Latency:  287[1;0m
[1;34m[Core 1] PASS PATTERN NO. 2477 | Func:   OR | Latency:  287[1;0m
[1;32m[Core 2] PASS PATTERN NO. 2477 | Func:   SH | Latency:  391[1;0m
[1;34m[Core 1] PASS PATTERN NO. 2478 | Func: SUBI | Latency:  391[1;0m
[1;32m[Core 2] PASS PATTERN NO. 2478 | Func:  NOR | Latency:    6[1;0m
[1;34m[Core 1] PASS PATTERN NO. 2479 | Func: ADDI | Latency:    9[1;0m
[1;32m[Core 2] PASS PATTERN NO. 2479 | Func: NAND | Latency:    9[1;0m
[1;34m[Core 1] PASS PATTERN NO. 2480 | Func: SUBI | Latency:  817[1;0m
[1;32m[Core 2] PASS PATTERN NO. 2480 | Func:  MUL | Latency:  820[1;0m
[1;34m[Core 1] PASS PATTERN NO. 2481 | Func:   SH | Latency:  306[1;0m
[1;32m[Core 2] PASS PATTERN NO. 2481 | Func:   LH | Latency:  674[1;0m
[1;32m[Core 2] PASS PATTERN NO. 2482 | Func: ADDI | Latency:    6[1;0m
[1;34m[Core 1] PASS PATTERN NO. 2482 | Func:   LH | Latency:  699[1;0m
[1;34m[Core 1] PASS PATTERN NO. 2483 | Func: NAND | Latency:    6[1;0m
[1;32m[Core 2] PASS PATTERN NO. 2483 | Func:  SUB | Latency:  328[1;0m
[1;34m[Core 1] PASS PATTERN NO. 2484 | Func:  ADD | Latency:    9[1;0m
[1;32m[Core 2] PASS PATTERN NO. 2484 | Func:  SLT | Latency:    9[1;0m
[1;34m[Core 1] PASS PATTERN NO. 2485 | Func:   SH | Latency:  396[1;0m
[1;32m[Core 2] PASS PATTERN NO. 2485 | Func:   LH | Latency:  739[1;0m
[1;34m[Core 1] PASS PATTERN NO. 2486 | Func: NAND | Latency:  349[1;0m
[1;32m[Core 2] PASS PATTERN NO. 2486 | Func:   LH | Latency:  156[1;0m
[1;34m[Core 1] PASS PATTERN NO. 2487 | Func:  NOR | Latency:  156[1;0m
[1;32m[Core 2] PASS PATTERN NO. 2487 | Func:  SLT | Latency:    6[1;0m
[1;34m[Core 1] PASS PATTERN NO. 2488 | Func:  AND | Latency:    9[1;0m
[1;32m[Core 2] PASS PATTERN NO. 2488 | Func:  SUB | Latency:    9[1;0m
[1;32m[Core 2] PASS PATTERN NO. 2489 | Func:  SLT | Latency:    9[1;0m
[1;34m[Core 1] PASS PATTERN NO. 2489 | Func:  MUL | Latency:   12[1;0m
[1;34m[Core 1] PASS PATTERN NO. 2490 | Func:  XOR | Latency:    6[1;0m
[1;32m[Core 2] PASS PATTERN NO. 2490 | Func:   LH | Latency:  161[1;0m
[1;34m[Core 1] PASS PATTERN NO. 2491 | Func:  SUB | Latency:  158[1;0m
[1;32m[Core 2] PASS PATTERN NO. 2491 | Func:   LH | Latency:  415[1;0m
[1;32m[Core 2] PASS PATTERN NO. 2492 | Func:   SH | Latency:  318[1;0m
[1;34m[Core 1] PASS PATTERN NO. 2492 | Func:   LH | Latency: 1207[1;0m
[1;34m[Core 1] PASS PATTERN NO. 2493 | Func:  XOR | Latency:    6[1;0m
[1;32m[Core 2] PASS PATTERN NO. 2493 | Func:  AND | Latency:  486[1;0m
[1;34m[Core 1] PASS PATTERN NO. 2494 | Func: SUBI | Latency:    9[1;0m
[1;32m[Core 2] PASS PATTERN NO. 2494 | Func:  SLT | Latency:    9[1;0m
[1;32m[Core 2] PASS PATTERN NO. 2495 | Func:   SH | Latency:  241[1;0m
[1;34m[Core 1] PASS PATTERN NO. 2495 | Func:   LH | Latency:  714[1;0m
[1;34m[Core 1] PASS PATTERN NO. 2496 | Func:  NOR | Latency:    6[1;0m
[1;32m[Core 2] PASS PATTERN NO. 2496 | Func:   SH | Latency:  921[1;0m
[1;34m[Core 1] PASS PATTERN NO. 2497 | Func: ADDI | Latency:  448[1;0m
[1;32m[Core 2] PASS PATTERN NO. 2497 | Func:   SH | Latency:  415[1;0m
[1;34m[Core 1] PASS PATTERN NO. 2498 | Func:  SUB | Latency:  415[1;0m
[1;32m[Core 2] PASS PATTERN NO. 2498 | Func:  SLT | Latency:    6[1;0m
[1;32m[Core 2] PASS PATTERN NO. 2499 | Func: SUBI | Latency:    9[1;0m
[1;34m[Core 1] PASS PATTERN NO. 2499 | Func:   LH | Latency:  379[1;0m
[1;33m[Info] Global Memory Check Passed at IC 50-boundary (Snapshot 49)[1;0m
[1;34m[Core 1] PASS PATTERN NO. 2500 | Func:   LH | Latency:  204[1;0m
[1;32m[Core 2] PASS PATTERN NO. 2500 | Func:   LH | Latency:  755[1;0m
[1;34m[Core 1] PASS PATTERN NO. 2501 | Func:  NOR | Latency:  187[1;0m
[1;32m[Core 2] PASS PATTERN NO. 2501 | Func:  MUL | Latency:    9[1;0m
[1;34m[Core 1] PASS PATTERN NO. 2502 | Func:   LH | Latency:  305[1;0m
[1;32m[Core 2] PASS PATTERN NO. 2502 | Func:   LH | Latency:  681[1;0m
[1;34m[Core 1] PASS PATTERN NO. 2503 | Func:  SLT | Latency:  385[1;0m
[1;32m[Core 2] PASS PATTERN NO. 2503 | Func:   LH | Latency:  352[1;0m
[1;32m[Core 2] PASS PATTERN NO. 2504 | Func:  XOR | Latency:    6[1;0m
[1;34m[Core 1] PASS PATTERN NO. 2504 | Func:   LH | Latency:  601[1;0m
[1;32m[Core 2] PASS PATTERN NO. 2505 | Func:  ADD | Latency:  255[1;0m
[1;34m[Core 1] PASS PATTERN NO. 2505 | Func:   LH | Latency:  411[1;0m
[1;34m[Core 1] PASS PATTERN NO. 2506 | Func:   SH | Latency:  175[1;0m
[1;32m[Core 2] PASS PATTERN NO. 2506 | Func:   LH | Latency:  908[1;0m
[1;34m[Core 1] PASS PATTERN NO. 2507 | Func:  SUB | Latency:  334[1;0m
[1;32m[Core 2] PASS PATTERN NO. 2507 | Func:  NOR | Latency:    6[1;0m
[1;34m[Core 1] PASS PATTERN NO. 2508 | Func: SUBI | Latency:    9[1;0m
[1;32m[Core 2] PASS PATTERN NO. 2508 | Func:  NOR | Latency:    9[1;0m
[1;32m[Core 2] PASS PATTERN NO. 2509 | Func: SUBI | Latency:    9[1;0m
[1;34m[Core 1] PASS PATTERN NO. 2509 | Func:   LH | Latency:  495[1;0m
[1;32m[Core 2] PASS PATTERN NO. 2510 | Func: NAND | Latency:  492[1;0m
[1;34m[Core 1] PASS PATTERN NO. 2510 | Func:   LH | Latency:  116[1;0m
[1;32m[Core 2] PASS PATTERN NO. 2511 | Func: SUBI | Latency:  116[1;0m
[1;34m[Core 1] PASS PATTERN NO. 2511 | Func:   LH | Latency:  469[1;0m
[1;32m[Core 2] PASS PATTERN NO. 2512 | Func:  MUL | Latency: 1048[1;0m
[1;34m[Core 1] PASS PATTERN NO. 2512 | Func:   SH | Latency: 1004[1;0m
[1;34m[Core 1] PASS PATTERN NO. 2513 | Func:  MUL | Latency:    9[1;0m
[1;32m[Core 2] PASS PATTERN NO. 2513 | Func:   LH | Latency:  616[1;0m
[1;34m[Core 1] PASS PATTERN NO. 2514 | Func:  MUL | Latency:  197[1;0m
[1;32m[Core 2] PASS PATTERN NO. 2514 | Func:  MUL | Latency:   10[1;0m
[1;34m[Core 1] PASS PATTERN NO. 2515 | Func:   SH | Latency:  486[1;0m
[1;32m[Core 2] PASS PATTERN NO. 2515 | Func:   LH | Latency:  733[1;0m
[1;32m[Core 2] PASS PATTERN NO. 2516 | Func: ADDI | Latency:    6[1;0m
[1;34m[Core 1] PASS PATTERN NO. 2516 | Func:   LH | Latency:  533[1;0m
[1;34m[Core 1] PASS PATTERN NO. 2517 | Func:   SH | Latency:  424[1;0m
[1;32m[Core 2] PASS PATTERN NO. 2517 | Func:   LH | Latency:  821[1;0m
[1;34m[Core 1] PASS PATTERN NO. 2518 | Func:  NOR | Latency:  124[1;0m
[1;32m[Core 2] PASS PATTERN NO. 2518 | Func:  XOR | Latency:    6[1;0m
[1;34m[Core 1] PASS PATTERN NO. 2519 | Func:   OR | Latency:    9[1;0m
[1;32m[Core 2] PASS PATTERN NO. 2519 | Func:   OR | Latency:    9[1;0m
[1;34m[Core 1] PASS PATTERN NO. 2520 | Func:  SUB | Latency:    9[1;0m
[1;32m[Core 2] PASS PATTERN NO. 2520 | Func:  ADD | Latency:    9[1;0m
[1;34m[Core 1] PASS PATTERN NO. 2521 | Func:  ADD | Latency:    9[1;0m
[1;32m[Core 2] PASS PATTERN NO. 2521 | Func:  MUL | Latency:   12[1;0m
[1;34m[Core 1] PASS PATTERN NO. 2522 | Func:  MUL | Latency:   12[1;0m
[1;32m[Core 2] PASS PATTERN NO. 2522 | Func:  MUL | Latency:   10[1;0m
[1;34m[Core 1] PASS PATTERN NO. 2523 | Func:   SH | Latency:  246[1;0m
[1;32m[Core 2] PASS PATTERN NO. 2523 | Func:   LH | Latency:  623[1;0m
[1;34m[Core 1] PASS PATTERN NO. 2524 | Func:  ADD | Latency:  384[1;0m
[1;32m[Core 2] PASS PATTERN NO. 2524 | Func:  XOR | Latency:    6[1;0m
[1;34m[Core 1] PASS PATTERN NO. 2525 | Func:  AND | Latency:    9[1;0m
[1;32m[Core 2] PASS PATTERN NO. 2525 | Func:   LH | Latency:  387[1;0m
[1;34m[Core 1] PASS PATTERN NO. 2526 | Func:   OR | Latency:  384[1;0m
[1;32m[Core 2] PASS PATTERN NO. 2526 | Func:   SH | Latency:  297[1;0m
[1;32m[Core 2] PASS PATTERN NO. 2527 | Func: ADDI | Latency:    6[1;0m
[1;34m[Core 1] PASS PATTERN NO. 2527 | Func:   SH | Latency:  671[1;0m
[1;34m[Core 1] PASS PATTERN NO. 2528 | Func:  SLT | Latency:    6[1;0m
[1;32m[Core 2] PASS PATTERN NO. 2528 | Func: SUBI | Latency:  380[1;0m
[1;34m[Core 1] PASS PATTERN NO. 2529 | Func: ADDI | Latency:    9[1;0m
[1;32m[Core 2] PASS PATTERN NO. 2529 | Func:   SH | Latency:  434[1;0m
[1;32m[Core 2] PASS PATTERN NO. 2530 | Func:  XOR | Latency:    6[1;0m
[1;34m[Core 1] PASS PATTERN NO. 2530 | Func:  MUL | Latency:  434[1;0m
[1;34m[Core 1] PASS PATTERN NO. 2531 | Func:  NOR | Latency:    6[1;0m
[1;32m[Core 2] PASS PATTERN NO. 2531 | Func:  AND | Latency:    9[1;0m
[1;34m[Core 1] PASS PATTERN NO. 2532 | Func:   LH | Latency:  199[1;0m
[1;32m[Core 2] PASS PATTERN NO. 2532 | Func:   LH | Latency:  365[1;0m
[1;34m[Core 1] PASS PATTERN NO. 2533 | Func: SUBI | Latency:  172[1;0m
[1;32m[Core 2] PASS PATTERN NO. 2533 | Func:  MUL | Latency:    9[1;0m
[1;34m[Core 1] PASS PATTERN NO. 2534 | Func:  NOR | Latency:    9[1;0m
[1;32m[Core 2] PASS PATTERN NO. 2534 | Func:  ADD | Latency:    6[1;0m
[1;34m[Core 1] PASS PATTERN NO. 2535 | Func:  SLT | Latency:    9[1;0m
[1;32m[Core 2] PASS PATTERN NO. 2535 | Func:   SH | Latency:  366[1;0m
[1;34m[Core 1] PASS PATTERN NO. 2536 | Func: ADDI | Latency:  363[1;0m
[1;32m[Core 2] PASS PATTERN NO. 2536 | Func:  MUL | Latency:    9[1;0m
[1;32m[Core 2] PASS PATTERN NO. 2537 | Func:  SLT | Latency:    6[1;0m
[1;34m[Core 1] PASS PATTERN NO. 2537 | Func:   LH | Latency:  126[1;0m
[1;34m[Core 1] PASS PATTERN NO. 2538 | Func: NAND | Latency:    6[1;0m
[1;32m[Core 2] PASS PATTERN NO. 2538 | Func:   SH | Latency:  324[1;0m
[1;32m[Core 2] PASS PATTERN NO. 2539 | Func:   SH | Latency:  331[1;0m
[1;34m[Core 1] PASS PATTERN NO. 2539 | Func:   LH | Latency:  856[1;0m
[1;34m[Core 1] PASS PATTERN NO. 2540 | Func: ADDI | Latency:    6[1;0m
[1;32m[Core 2] PASS PATTERN NO. 2540 | Func:  ADD | Latency:  330[1;0m
[1;34m[Core 1] PASS PATTERN NO. 2541 | Func:  SLT | Latency:    9[1;0m
[1;32m[Core 2] PASS PATTERN NO. 2541 | Func:  AND | Latency:    9[1;0m
[1;34m[Core 1] PASS PATTERN NO. 2542 | Func:  XOR | Latency:    9[1;0m
[1;32m[Core 2] PASS PATTERN NO. 2542 | Func:   SH | Latency:  287[1;0m
[1;34m[Core 1] PASS PATTERN NO. 2543 | Func:  AND | Latency:  284[1;0m
[1;32m[Core 2] PASS PATTERN NO. 2543 | Func:   SH | Latency:  448[1;0m
[1;34m[Core 1] PASS PATTERN NO. 2544 | Func:  SLT | Latency: 1079[1;0m
[1;32m[Core 2] PASS PATTERN NO. 2544 | Func:   LH | Latency:  820[1;0m
[1;32m[Core 2] PASS PATTERN NO. 2545 | Func:  AND | Latency:    6[1;0m
[1;34m[Core 1] PASS PATTERN NO. 2545 | Func:   SH | Latency:  406[1;0m
[1;34m[Core 1] PASS PATTERN NO. 2546 | Func: NAND | Latency:    6[1;0m
[1;32m[Core 2] PASS PATTERN NO. 2546 | Func:   LH | Latency:  376[1;0m
[1;32m[Core 2] PASS PATTERN NO. 2547 | Func:   OR | Latency:    6[1;0m
[1;34m[Core 1] PASS PATTERN NO. 2547 | Func:   LH | Latency:  469[1;0m
[1;34m[Core 1] PASS PATTERN NO. 2548 | Func:  XOR | Latency:    6[1;0m
[1;32m[Core 2] PASS PATTERN NO. 2548 | Func:   SH | Latency:  584[1;0m
[1;34m[Core 1] PASS PATTERN NO. 2549 | Func:  XOR | Latency:  274[1;0m
[1;32m[Core 2] PASS PATTERN NO. 2549 | Func: ADDI | Latency:    6[1;0m
[1;33m[Info] Global Memory Check Passed at IC 50-boundary (Snapshot 50)[1;0m
[1;34m[Core 1] PASS PATTERN NO. 2550 | Func: NAND | Latency:    9[1;0m
[1;32m[Core 2] PASS PATTERN NO. 2550 | Func: ADDI | Latency:    9[1;0m
[1;34m[Core 1] PASS PATTERN NO. 2551 | Func:   LH | Latency:  429[1;0m
[1;32m[Core 2] PASS PATTERN NO. 2551 | Func:   LH | Latency:  929[1;0m
[1;34m[Core 1] PASS PATTERN NO. 2552 | Func:  XOR | Latency:  506[1;0m
[1;32m[Core 2] PASS PATTERN NO. 2552 | Func:   LH | Latency:  188[1;0m
[1;34m[Core 1] PASS PATTERN NO. 2553 | Func:  ADD | Latency:  188[1;0m
[1;32m[Core 2] PASS PATTERN NO. 2553 | Func: ADDI | Latency:    6[1;0m
[1;34m[Core 1] PASS PATTERN NO. 2554 | Func:  SLT | Latency:    9[1;0m
[1;32m[Core 2] PASS PATTERN NO. 2554 | Func:  AND | Latency:    9[1;0m
[1;34m[Core 1] PASS PATTERN NO. 2555 | Func:  SLT | Latency:    9[1;0m
[1;32m[Core 2] PASS PATTERN NO. 2555 | Func: SUBI | Latency:    9[1;0m
[1;34m[Core 1] PASS PATTERN NO. 2556 | Func: NAND | Latency:    9[1;0m
[1;32m[Core 2] PASS PATTERN NO. 2556 | Func:   LH | Latency:  302[1;0m
[1;32m[Core 2] PASS PATTERN NO. 2557 | Func:  MUL | Latency:    9[1;0m
[1;34m[Core 1] PASS PATTERN NO. 2557 | Func:   SH | Latency:  525[1;0m
[1;34m[Core 1] PASS PATTERN NO. 2558 | Func: SUBI | Latency:    6[1;0m
[1;32m[Core 2] PASS PATTERN NO. 2558 | Func: ADDI | Latency:  229[1;0m
[1;34m[Core 1] PASS PATTERN NO. 2559 | Func:  AND | Latency:    9[1;0m
[1;32m[Core 2] PASS PATTERN NO. 2559 | Func:   LH | Latency:  331[1;0m
[1;32m[Core 2] PASS PATTERN NO. 2560 | Func: ADDI | Latency:    6[1;0m
[1;34m[Core 1] PASS PATTERN NO. 2560 | Func:   LH | Latency:  601[1;0m
[1;32m[Core 2] PASS PATTERN NO. 2561 | Func: SUBI | Latency:  279[1;0m
[1;34m[Core 1] PASS PATTERN NO. 2561 | Func:   SH | Latency:  185[1;0m
[1;34m[Core 1] PASS PATTERN NO. 2562 | Func: NAND | Latency:    6[1;0m
[1;32m[Core 2] PASS PATTERN NO. 2562 | Func:  ADD | Latency:  185[1;0m
[1;32m[Core 2] PASS PATTERN NO. 2563 | Func:   OR | Latency:    9[1;0m
[1;34m[Core 1] PASS PATTERN NO. 2563 | Func:   SH | Latency:  213[1;0m
[1;34m[Core 1] PASS PATTERN NO. 2564 | Func:  AND | Latency:    6[1;0m
[1;32m[Core 2] PASS PATTERN NO. 2564 | Func:   LH | Latency:  605[1;0m
[1;32m[Core 2] PASS PATTERN NO. 2565 | Func: ADDI | Latency:    6[1;0m
[1;34m[Core 1] PASS PATTERN NO. 2565 | Func:   LH | Latency:  649[1;0m
[1;34m[Core 1] PASS PATTERN NO. 2566 | Func:  SLT | Latency:    6[1;0m
[1;32m[Core 2] PASS PATTERN NO. 2566 | Func:  MUL | Latency:  257[1;0m
[1;34m[Core 1] PASS PATTERN NO. 2567 | Func: SUBI | Latency:    9[1;0m
[1;32m[Core 2] PASS PATTERN NO. 2567 | Func:  MUL | Latency:    9[1;0m
[1;32m[Core 2] PASS PATTERN NO. 2568 | Func: SUBI | Latency:    6[1;0m
[1;34m[Core 1] PASS PATTERN NO. 2568 | Func:  MUL | Latency:   12[1;0m
[1;34m[Core 1] PASS PATTERN NO. 2569 | Func:  SUB | Latency:    6[1;0m
[1;32m[Core 2] PASS PATTERN NO. 2569 | Func:   LH | Latency:  286[1;0m
[1;34m[Core 1] PASS PATTERN NO. 2570 | Func:  XOR | Latency:  283[1;0m
[1;32m[Core 2] PASS PATTERN NO. 2570 | Func:   SH | Latency:  382[1;0m
[1;34m[Core 1] PASS PATTERN NO. 2571 | Func:  AND | Latency:  382[1;0m
[1;32m[Core 2] PASS PATTERN NO. 2571 | Func:  MUL | Latency:    9[1;0m
[1;32m[Core 2] PASS PATTERN NO. 2572 | Func:  ADD | Latency:    6[1;0m
[1;34m[Core 1] PASS PATTERN NO. 2572 | Func:   SH | Latency:  499[1;0m
[1;34m[Core 1] PASS PATTERN NO. 2573 | Func:   LH | Latency:  286[1;0m
[1;32m[Core 2] PASS PATTERN NO. 2573 | Func:   LH | Latency:  964[1;0m
[1;32m[Core 2] PASS PATTERN NO. 2574 | Func: SUBI | Latency:    6[1;0m
[1;34m[Core 1] PASS PATTERN NO. 2574 | Func:   SH | Latency:  600[1;0m
[1;34m[Core 1] PASS PATTERN NO. 2575 | Func:   OR | Latency:    6[1;0m
[1;32m[Core 2] PASS PATTERN NO. 2575 | Func:   SH | Latency:  752[1;0m
[1;32m[Core 2] PASS PATTERN NO. 2576 | Func:  ADD | Latency:  274[1;0m
[1;34m[Core 1] PASS PATTERN NO. 2576 | Func:   LH | Latency:  887[1;0m
[1;32m[Core 2] PASS PATTERN NO. 2577 | Func: ADDI | Latency:  279[1;0m
[1;34m[Core 1] PASS PATTERN NO. 2577 | Func:   SH | Latency:  402[1;0m
[1;34m[Core 1] PASS PATTERN NO. 2578 | Func:   OR | Latency:    6[1;0m
[1;32m[Core 2] PASS PATTERN NO. 2578 | Func: SUBI | Latency:  402[1;0m
[1;32m[Core 2] PASS PATTERN NO. 2579 | Func:  SUB | Latency:    9[1;0m
[1;34m[Core 1] PASS PATTERN NO. 2579 | Func:  MUL | Latency:   12[1;0m
[1;34m[Core 1] PASS PATTERN NO. 2580 | Func: NAND | Latency:    6[1;0m
[1;32m[Core 2] PASS PATTERN NO. 2580 | Func:  XOR | Latency:    9[1;0m
[1;32m[Core 2] PASS PATTERN NO. 2581 | Func:   OR | Latency:    9[1;0m
[1;34m[Core 1] PASS PATTERN NO. 2581 | Func:  MUL | Latency:   12[1;0m
[1;34m[Core 1] PASS PATTERN NO. 2582 | Func: SUBI | Latency:    6[1;0m
[1;32m[Core 2] PASS PATTERN NO. 2582 | Func:  SUB | Latency:    9[1;0m
[1;32m[Core 2] PASS PATTERN NO. 2583 | Func:  MUL | Latency:   12[1;0m
[1;34m[Core 1] PASS PATTERN NO. 2583 | Func:   SH | Latency:  256[1;0m
[1;32m[Core 2] PASS PATTERN NO. 2584 | Func: SUBI | Latency:  250[1;0m
[1;34m[Core 1] PASS PATTERN NO. 2584 | Func:   LH | Latency:  367[1;0m
[1;34m[Core 1] PASS PATTERN NO. 2585 | Func: SUBI | Latency:    6[1;0m
[1;32m[Core 2] PASS PATTERN NO. 2585 | Func:  AND | Latency:  367[1;0m
[1;34m[Core 1] PASS PATTERN NO. 2586 | Func: ADDI | Latency:    9[1;0m
[1;32m[Core 2] PASS PATTERN NO. 2586 | Func: SUBI | Latency:    9[1;0m
[1;34m[Core 1] PASS PATTERN NO. 2587 | Func:  XOR | Latency:    9[1;0m
[1;32m[Core 2] PASS PATTERN NO. 2587 | Func: ADDI | Latency:    9[1;0m
[1;32m[Core 2] PASS PATTERN NO. 2588 | Func:  MUL | Latency:   12[1;0m
[1;34m[Core 1] PASS PATTERN NO. 2588 | Func:   SH | Latency:  122[1;0m
[1;32m[Core 2] PASS PATTERN NO. 2589 | Func: NAND | Latency:  116[1;0m
[1;34m[Core 1] PASS PATTERN NO. 2589 | Func:  MUL | Latency:    9[1;0m
[1;34m[Core 1] PASS PATTERN NO. 2590 | Func: NAND | Latency:    6[1;0m
[1;32m[Core 2] PASS PATTERN NO. 2590 | Func:   LH | Latency:  394[1;0m
[1;34m[Core 1] PASS PATTERN NO. 2591 | Func:  XOR | Latency:  391[1;0m
[1;32m[Core 2] PASS PATTERN NO. 2591 | Func:   LH | Latency:  299[1;0m
[1;34m[Core 1] PASS PATTERN NO. 2592 | Func:   OR | Latency:  299[1;0m
[1;32m[Core 2] PASS PATTERN NO. 2592 | Func:  MUL | Latency:    9[1;0m
[1;34m[Core 1] PASS PATTERN NO. 2593 | Func:  SUB | Latency:    9[1;0m
[1;32m[Core 2] PASS PATTERN NO. 2593 | Func:   LH | Latency:  209[1;0m
[1;32m[Core 2] PASS PATTERN NO. 2594 | Func:  MUL | Latency:    9[1;0m
[1;34m[Core 1] PASS PATTERN NO. 2594 | Func:   LH | Latency:  686[1;0m
[1;32m[Core 2] PASS PATTERN NO. 2595 | Func:   OR | Latency:  480[1;0m
[1;34m[Core 1] PASS PATTERN NO. 2595 | Func:   LH | Latency:  336[1;0m
[1;32m[Core 2] PASS PATTERN NO. 2596 | Func: ADDI | Latency:  336[1;0m
[1;34m[Core 1] PASS PATTERN NO. 2596 | Func:  MUL | Latency:    9[1;0m
[1;34m[Core 1] PASS PATTERN NO. 2597 | Func:   OR | Latency:    6[1;0m
[1;32m[Core 2] PASS PATTERN NO. 2597 | Func:   SH | Latency:  274[1;0m
[1;34m[Core 1] PASS PATTERN NO. 2598 | Func: ADDI | Latency:  271[1;0m
[1;32m[Core 2] PASS PATTERN NO. 2598 | Func: SUBI | Latency:    6[1;0m
[1;34m[Core 1] PASS PATTERN NO. 2599 | Func: NAND | Latency:    9[1;0m
[1;32m[Core 2] PASS PATTERN NO. 2599 | Func:  SUB | Latency:    9[1;0m
[1;33m[Info] Global Memory Check Passed at IC 50-boundary (Snapshot 51)[1;0m
[1;32m[Core 2] PASS PATTERN NO. 2600 | Func:  ADD | Latency:    9[1;0m
[1;34m[Core 1] PASS PATTERN NO. 2600 | Func:  MUL | Latency:   12[1;0m
[1;32m[Core 2] PASS PATTERN NO. 2601 | Func: NAND | Latency:    9[1;0m
[1;34m[Core 1] PASS PATTERN NO. 2601 | Func:  MUL | Latency:    9[1;0m
[1;32m[Core 2] PASS PATTERN NO. 2602 | Func:   SH | Latency:  138[1;0m
[1;34m[Core 1] PASS PATTERN NO. 2602 | Func:   LH | Latency:  599[1;0m
[1;32m[Core 2] PASS PATTERN NO. 2603 | Func:   OR | Latency:  470[1;0m
[1;34m[Core 1] PASS PATTERN NO. 2603 | Func:   SH | Latency:  252[1;0m
[1;34m[Core 1] PASS PATTERN NO. 2604 | Func:  XOR | Latency:    6[1;0m
[1;32m[Core 2] PASS PATTERN NO. 2604 | Func:   LH | Latency:  568[1;0m
[1;34m[Core 1] PASS PATTERN NO. 2605 | Func:   OR | Latency:  322[1;0m
[1;32m[Core 2] PASS PATTERN NO. 2605 | Func:  SLT | Latency:    6[1;0m
[1;34m[Core 1] PASS PATTERN NO. 2606 | Func:   OR | Latency:    9[1;0m
[1;32m[Core 2] PASS PATTERN NO. 2606 | Func:   OR | Latency:    9[1;0m
[1;32m[Core 2] PASS PATTERN NO. 2607 | Func:  MUL | Latency:   12[1;0m
[1;34m[Core 1] PASS PATTERN NO. 2607 | Func:   SH | Latency:  207[1;0m
[1;34m[Core 1] PASS PATTERN NO. 2608 | Func:  AND | Latency:  262[1;0m
[1;32m[Core 2] PASS PATTERN NO. 2608 | Func:   OR | Latency:  457[1;0m
[1;34m[Core 1] PASS PATTERN NO. 2609 | Func:  ADD | Latency:    9[1;0m
[1;32m[Core 2] PASS PATTERN NO. 2609 | Func: ADDI | Latency:    9[1;0m
[1;34m[Core 1] PASS PATTERN NO. 2610 | Func: SUBI | Latency:    9[1;0m
[1;32m[Core 2] PASS PATTERN NO. 2610 | Func:   LH | Latency:  364[1;0m
[1;34m[Core 1] PASS PATTERN NO. 2611 | Func:  AND | Latency:  361[1;0m
[1;32m[Core 2] PASS PATTERN NO. 2611 | Func:   LH | Latency:  380[1;0m
[1;34m[Core 1] PASS PATTERN NO. 2612 | Func:  NOR | Latency:  380[1;0m
[1;32m[Core 2] PASS PATTERN NO. 2612 | Func: SUBI | Latency:    6[1;0m
[1;34m[Core 1] PASS PATTERN NO. 2613 | Func:  ADD | Latency:    9[1;0m
[1;32m[Core 2] PASS PATTERN NO. 2613 | Func: ADDI | Latency:    9[1;0m
[1;32m[Core 2] PASS PATTERN NO. 2614 | Func:  XOR | Latency:    9[1;0m
[1;34m[Core 1] PASS PATTERN NO. 2614 | Func:  MUL | Latency:   12[1;0m
[1;32m[Core 2] PASS PATTERN NO. 2615 | Func: NAND | Latency:    9[1;0m
[1;34m[Core 1] PASS PATTERN NO. 2615 | Func:  MUL | Latency:    9[1;0m
[1;32m[Core 2] PASS PATTERN NO. 2616 | Func:  SUB | Latency:    9[1;0m
[1;34m[Core 1] PASS PATTERN NO. 2616 | Func:   SH | Latency:  500[1;0m
[1;34m[Core 1] PASS PATTERN NO. 2617 | Func:  NOR | Latency:    6[1;0m
[1;32m[Core 2] PASS PATTERN NO. 2617 | Func:  ADD | Latency:  500[1;0m
[1;32m[Core 2] PASS PATTERN NO. 2618 | Func:   OR | Latency:    9[1;0m
[1;34m[Core 1] PASS PATTERN NO. 2618 | Func:   SH | Latency:  237[1;0m
[1;34m[Core 1] PASS PATTERN NO. 2619 | Func:  AND | Latency:    6[1;0m
[1;32m[Core 2] PASS PATTERN NO. 2619 | Func:   SH | Latency:  671[1;0m
[1;34m[Core 1] PASS PATTERN NO. 2620 | Func:  NOR | Latency:  443[1;0m
[1;32m[Core 2] PASS PATTERN NO. 2620 | Func: NAND | Latency:    6[1;0m
[1;32m[Core 2] PASS PATTERN NO. 2621 | Func:   OR | Latency:    9[1;0m
[1;34m[Core 1] PASS PATTERN NO. 2621 | Func:   LH | Latency:  141[1;0m
[1;34m[Core 1] PASS PATTERN NO. 2622 | Func:  AND | Latency:    6[1;0m
[1;32m[Core 2] PASS PATTERN NO. 2622 | Func: ADDI | Latency:  138[1;0m
[1;34m[Core 1] PASS PATTERN NO. 2623 | Func: NAND | Latency:    9[1;0m
[1;32m[Core 2] PASS PATTERN NO. 2623 | Func:  SUB | Latency:    9[1;0m
[1;34m[Core 1] PASS PATTERN NO. 2624 | Func:  AND | Latency:    9[1;0m
[1;32m[Core 2] PASS PATTERN NO. 2624 | Func:  MUL | Latency:   12[1;0m
[1;34m[Core 1] PASS PATTERN NO. 2625 | Func:   OR | Latency:    9[1;0m
[1;32m[Core 2] PASS PATTERN NO. 2625 | Func:  ADD | Latency:    6[1;0m
[1;34m[Core 1] PASS PATTERN NO. 2626 | Func:  MUL | Latency:   12[1;0m
[1;32m[Core 2] PASS PATTERN NO. 2626 | Func:   LH | Latency:  421[1;0m
[1;34m[Core 1] PASS PATTERN NO. 2627 | Func:  XOR | Latency:  415[1;0m
[1;32m[Core 2] PASS PATTERN NO. 2627 | Func:   SH | Latency:  139[1;0m
[1;34m[Core 1] PASS PATTERN NO. 2628 | Func:  SUB | Latency:  139[1;0m
[1;32m[Core 2] PASS PATTERN NO. 2628 | Func:   OR | Latency:    6[1;0m
[1;34m[Core 1] PASS PATTERN NO. 2629 | Func:  MUL | Latency:   12[1;0m
[1;32m[Core 2] PASS PATTERN NO. 2629 | Func:   LH | Latency:  405[1;0m
[1;34m[Core 1] PASS PATTERN NO. 2630 | Func: ADDI | Latency:  399[1;0m
[1;32m[Core 2] PASS PATTERN NO. 2630 | Func:  MUL | Latency:    9[1;0m
[1;34m[Core 1] PASS PATTERN NO. 2631 | Func:   SH | Latency:  384[1;0m
[1;32m[Core 2] PASS PATTERN NO. 2631 | Func:   LH | Latency:  643[1;0m
[1;34m[Core 1] PASS PATTERN NO. 2632 | Func:  MUL | Latency:  271[1;0m
[1;32m[Core 2] PASS PATTERN NO. 2632 | Func:   LH | Latency:  232[1;0m
[1;34m[Core 1] PASS PATTERN NO. 2633 | Func: NAND | Latency:  229[1;0m
[1;32m[Core 2] PASS PATTERN NO. 2633 | Func:   SH | Latency:  406[1;0m
[1;32m[Core 2] PASS PATTERN NO. 2634 | Func: SUBI | Latency:    6[1;0m
[1;34m[Core 1] PASS PATTERN NO. 2634 | Func:   LH | Latency:  639[1;0m
[1;32m[Core 2] PASS PATTERN NO. 2635 | Func:  ADD | Latency:  239[1;0m
[1;34m[Core 1] PASS PATTERN NO. 2635 | Func:   LH | Latency:  462[1;0m
[1;34m[Core 1] PASS PATTERN NO. 2636 | Func:  NOR | Latency:    6[1;0m
[1;32m[Core 2] PASS PATTERN NO. 2636 | Func:   LH | Latency:  594[1;0m
[1;34m[Core 1] PASS PATTERN NO. 2637 | Func:  SUB | Latency:  138[1;0m
[1;32m[Core 2] PASS PATTERN NO. 2637 | Func: SUBI | Latency:    6[1;0m
[1;34m[Core 1] PASS PATTERN NO. 2638 | Func:   OR | Latency:    9[1;0m
[1;32m[Core 2] PASS PATTERN NO. 2638 | Func:  SLT | Latency:    9[1;0m
[1;32m[Core 2] PASS PATTERN NO. 2639 | Func:  MUL | Latency:   12[1;0m
[1;34m[Core 1] PASS PATTERN NO. 2639 | Func:   LH | Latency:  216[1;0m
[1;34m[Core 1] PASS PATTERN NO. 2640 | Func: SUBI | Latency:  361[1;0m
[1;32m[Core 2] PASS PATTERN NO. 2640 | Func:   SH | Latency: 1052[1;0m
[1;34m[Core 1] PASS PATTERN NO. 2641 | Func:  SLT | Latency:  493[1;0m
[1;32m[Core 2] PASS PATTERN NO. 2641 | Func: ADDI | Latency:    6[1;0m
[1;32m[Core 2] PASS PATTERN NO. 2642 | Func:  AND | Latency:    9[1;0m
[1;34m[Core 1] PASS PATTERN NO. 2642 | Func:  MUL | Latency:   12[1;0m
[1;34m[Core 1] PASS PATTERN NO. 2643 | Func:   SH | Latency:  324[1;0m
[1;32m[Core 2] PASS PATTERN NO. 2643 | Func:   LH | Latency:  549[1;0m
[1;32m[Core 2] PASS PATTERN NO. 2644 | Func:   OR | Latency:    6[1;0m
[1;34m[Core 1] PASS PATTERN NO. 2644 | Func:   SH | Latency:  518[1;0m
[1;34m[Core 1] PASS PATTERN NO. 2645 | Func:  SLT | Latency:    6[1;0m
[1;32m[Core 2] PASS PATTERN NO. 2645 | Func: NAND | Latency:  296[1;0m
[1;34m[Core 1] PASS PATTERN NO. 2646 | Func:  XOR | Latency:    9[1;0m
[1;32m[Core 2] PASS PATTERN NO. 2646 | Func: ADDI | Latency:    9[1;0m
[1;34m[Core 1] PASS PATTERN NO. 2647 | Func:   OR | Latency:    9[1;0m
[1;32m[Core 2] PASS PATTERN NO. 2647 | Func:  AND | Latency:    9[1;0m
[1;34m[Core 1] PASS PATTERN NO. 2648 | Func:   OR | Latency:    9[1;0m
[1;32m[Core 2] PASS PATTERN NO. 2648 | Func:  MUL | Latency:   12[1;0m
[1;32m[Core 2] PASS PATTERN NO. 2649 | Func:   SH | Latency:  455[1;0m
[1;34m[Core 1] PASS PATTERN NO. 2649 | Func:   LH | Latency:  943[1;0m
[1;33m[Info] Global Memory Check Passed at IC 50-boundary (Snapshot 52)[1;0m
[1;32m[Core 2] PASS PATTERN NO. 2650 | Func:   OR | Latency:  491[1;0m
[1;34m[Core 1] PASS PATTERN NO. 2650 | Func:   LH | Latency:  401[1;0m
[1;34m[Core 1] PASS PATTERN NO. 2651 | Func: ADDI | Latency:    6[1;0m
[1;32m[Core 2] PASS PATTERN NO. 2651 | Func: NAND | Latency:  401[1;0m
[1;34m[Core 1] PASS PATTERN NO. 2652 | Func: NAND | Latency:    9[1;0m
[1;32m[Core 2] PASS PATTERN NO. 2652 | Func:  SUB | Latency:    9[1;0m
[1;32m[Core 2] PASS PATTERN NO. 2653 | Func:  MUL | Latency:   12[1;0m
[1;34m[Core 1] PASS PATTERN NO. 2653 | Func:   LH | Latency:  334[1;0m
[1;34m[Core 1] PASS PATTERN NO. 2654 | Func:  SUB | Latency:    6[1;0m
[1;32m[Core 2] PASS PATTERN NO. 2654 | Func: NAND | Latency:  328[1;0m
[1;34m[Core 1] PASS PATTERN NO. 2655 | Func:  SUB | Latency:    9[1;0m
[1;32m[Core 2] PASS PATTERN NO. 2655 | Func: ADDI | Latency:    9[1;0m
[1;34m[Core 1] PASS PATTERN NO. 2656 | Func: SUBI | Latency:    9[1;0m
[1;32m[Core 2] PASS PATTERN NO. 2656 | Func:  NOR | Latency:    9[1;0m
[1;34m[Core 1] PASS PATTERN NO. 2657 | Func:  SUB | Latency:    9[1;0m
[1;32m[Core 2] PASS PATTERN NO. 2657 | Func: ADDI | Latency:    9[1;0m
[1;32m[Core 2] PASS PATTERN NO. 2658 | Func:  XOR | Latency:    9[1;0m
[1;34m[Core 1] PASS PATTERN NO. 2658 | Func:   LH | Latency:  316[1;0m
[1;34m[Core 1] PASS PATTERN NO. 2659 | Func: SUBI | Latency:    6[1;0m
[1;32m[Core 2] PASS PATTERN NO. 2659 | Func: SUBI | Latency:  313[1;0m
[1;34m[Core 1] PASS PATTERN NO. 2660 | Func:  SLT | Latency:    9[1;0m
[1;32m[Core 2] PASS PATTERN NO. 2660 | Func:   LH | Latency:  407[1;0m
[1;32m[Core 2] PASS PATTERN NO. 2661 | Func: SUBI | Latency:    6[1;0m
[1;34m[Core 1] PASS PATTERN NO. 2661 | Func:   LH | Latency:  808[1;0m
[1;34m[Core 1] PASS PATTERN NO. 2662 | Func:   SH | Latency:  407[1;0m
[1;32m[Core 2] PASS PATTERN NO. 2662 | Func:   LH | Latency: 1113[1;0m
[1;32m[Core 2] PASS PATTERN NO. 2663 | Func:  XOR | Latency:    6[1;0m
[1;34m[Core 1] PASS PATTERN NO. 2663 | Func:   SH | Latency:  556[1;0m
[1;34m[Core 1] PASS PATTERN NO. 2664 | Func:   LH | Latency:  272[1;0m
[1;32m[Core 2] PASS PATTERN NO. 2664 | Func:   LH | Latency:  995[1;0m
[1;32m[Core 2] PASS PATTERN NO. 2665 | Func:   OR | Latency:    6[1;0m
[1;34m[Core 1] PASS PATTERN NO. 2665 | Func:   SH | Latency:  623[1;0m
[1;34m[Core 1] PASS PATTERN NO. 2666 | Func: SUBI | Latency:    6[1;0m
[1;32m[Core 2] PASS PATTERN NO. 2666 | Func:  SUB | Latency:  148[1;0m
[1;32m[Core 2] PASS PATTERN NO. 2667 | Func:  SLT | Latency:    9[1;0m
[1;34m[Core 1] PASS PATTERN NO. 2667 | Func:  MUL | Latency:   12[1;0m
[1;32m[Core 2] PASS PATTERN NO. 2668 | Func:  MUL | Latency:   12[1;0m
[1;34m[Core 1] PASS PATTERN NO. 2668 | Func:   LH | Latency:  170[1;0m
[1;34m[Core 1] PASS PATTERN NO. 2669 | Func:  XOR | Latency:    6[1;0m
[1;32m[Core 2] PASS PATTERN NO. 2669 | Func:   LH | Latency:  632[1;0m
[1;34m[Core 1] PASS PATTERN NO. 2670 | Func: NAND | Latency:  471[1;0m
[1;32m[Core 2] PASS PATTERN NO. 2670 | Func: SUBI | Latency:    6[1;0m
[1;34m[Core 1] PASS PATTERN NO. 2671 | Func:  NOR | Latency:    9[1;0m
[1;32m[Core 2] PASS PATTERN NO. 2671 | Func:   LH | Latency:  188[1;0m
[1;34m[Core 1] PASS PATTERN NO. 2672 | Func:  AND | Latency:  407[1;0m
[1;32m[Core 2] PASS PATTERN NO. 2672 | Func:   LH | Latency:  480[1;0m
[1;34m[Core 1] PASS PATTERN NO. 2673 | Func:  SLT | Latency:  258[1;0m
[1;32m[Core 2] PASS PATTERN NO. 2673 | Func:  AND | Latency:    6[1;0m
[1;34m[Core 1] PASS PATTERN NO. 2674 | Func:  AND | Latency:    9[1;0m
[1;32m[Core 2] PASS PATTERN NO. 2674 | Func:   OR | Latency:    9[1;0m
[1;34m[Core 1] PASS PATTERN NO. 2675 | Func:  MUL | Latency:   12[1;0m
[1;32m[Core 2] PASS PATTERN NO. 2675 | Func:   SH | Latency:  448[1;0m
[1;34m[Core 1] PASS PATTERN NO. 2676 | Func: SUBI | Latency:  442[1;0m
[1;32m[Core 2] PASS PATTERN NO. 2676 | Func:  ADD | Latency:    6[1;0m
[1;34m[Core 1] PASS PATTERN NO. 2677 | Func:   OR | Latency:    9[1;0m
[1;32m[Core 2] PASS PATTERN NO. 2677 | Func:  SLT | Latency:    9[1;0m
[1;34m[Core 1] PASS PATTERN NO. 2678 | Func:   OR | Latency:    9[1;0m
[1;32m[Core 2] PASS PATTERN NO. 2678 | Func:   LH | Latency:  371[1;0m
[1;34m[Core 1] PASS PATTERN NO. 2679 | Func:  NOR | Latency:  368[1;0m
[1;32m[Core 2] PASS PATTERN NO. 2679 | Func: ADDI | Latency:    6[1;0m
[1;34m[Core 1] PASS PATTERN NO. 2680 | Func:  ADD | Latency:    9[1;0m
[1;32m[Core 2] PASS PATTERN NO. 2680 | Func:   SH | Latency:  415[1;0m
[1;34m[Core 1] PASS PATTERN NO. 2681 | Func: ADDI | Latency:  412[1;0m
[1;32m[Core 2] PASS PATTERN NO. 2681 | Func:  ADD | Latency:    6[1;0m
[1;32m[Core 2] PASS PATTERN NO. 2682 | Func: SUBI | Latency:    9[1;0m
[1;34m[Core 1] PASS PATTERN NO. 2682 | Func:   SH | Latency:  493[1;0m
[1;34m[Core 1] PASS PATTERN NO. 2683 | Func:  SLT | Latency:    6[1;0m
[1;32m[Core 2] PASS PATTERN NO. 2683 | Func:   LH | Latency:  664[1;0m
[1;32m[Core 2] PASS PATTERN NO. 2684 | Func: SUBI | Latency:    6[1;0m
[1;34m[Core 1] PASS PATTERN NO. 2684 | Func:   LH | Latency:  653[1;0m
[1;34m[Core 1] PASS PATTERN NO. 2685 | Func: ADDI | Latency:    6[1;0m
[1;32m[Core 2] PASS PATTERN NO. 2685 | Func: SUBI | Latency:  479[1;0m
[1;32m[Core 2] PASS PATTERN NO. 2686 | Func: ADDI | Latency:    9[1;0m
[1;34m[Core 1] PASS PATTERN NO. 2686 | Func:  MUL | Latency:   12[1;0m
[1;34m[Core 1] PASS PATTERN NO. 2687 | Func:  XOR | Latency:    6[1;0m
[1;32m[Core 2] PASS PATTERN NO. 2687 | Func: ADDI | Latency:    9[1;0m
[1;34m[Core 1] PASS PATTERN NO. 2688 | Func:  BEQ | Latency:    8[1;0m
[1;32m[Core 2] PASS PATTERN NO. 2688 | Func:  BEQ | Latency:    8[1;0m
[1;34m[Core 1] PASS PATTERN NO. 2689 | Func:  SUB | Latency:    9[1;0m
[1;32m[Core 2] PASS PATTERN NO. 2689 | Func: SUBI | Latency:    9[1;0m
[1;34m[Core 1] PASS PATTERN NO. 2690 | Func:  MUL | Latency:   12[1;0m
[1;32m[Core 2] PASS PATTERN NO. 2690 | Func:  MUL | Latency:   13[1;0m
[1;34m[Core 1] PASS PATTERN NO. 2691 | Func:   OR | Latency:    9[1;0m
[1;32m[Core 2] PASS PATTERN NO. 2691 | Func:  NOR | Latency:    8[1;0m
[1;34m[Core 1] PASS PATTERN NO. 2692 | Func:  MUL | Latency:   12[1;0m
[1;32m[Core 2] PASS PATTERN NO. 2692 | Func:  MUL | Latency:   13[1;0m
[1;32m[Core 2] PASS PATTERN NO. 2693 | Func:   SH | Latency:  510[1;0m
[1;34m[Core 1] PASS PATTERN NO. 2693 | Func:   LH | Latency:  809[1;0m
[1;34m[Core 1] PASS PATTERN NO. 2694 | Func: NAND | Latency:  174[1;0m
[1;32m[Core 2] PASS PATTERN NO. 2694 | Func:  MUL | Latency:  475[1;0m
[1;32m[Core 2] PASS PATTERN NO. 2695 | Func:  NOR | Latency:    6[1;0m
[1;34m[Core 1] PASS PATTERN NO. 2695 | Func:   SH | Latency:  428[1;0m
[1;32m[Core 2] PASS PATTERN NO. 2696 | Func:  AND | Latency:  425[1;0m
[1;34m[Core 1] PASS PATTERN NO. 2696 | Func:   LH | Latency:  430[1;0m
[1;32m[Core 2] PASS PATTERN NO. 2697 | Func: NAND | Latency:  430[1;0m
[1;34m[Core 1] PASS PATTERN NO. 2697 | Func:   SH | Latency:  393[1;0m
[1;34m[Core 1] PASS PATTERN NO. 2698 | Func: ADDI | Latency:    6[1;0m
[1;32m[Core 2] PASS PATTERN NO. 2698 | Func:  MUL | Latency:  396[1;0m
[1;34m[Core 1] PASS PATTERN NO. 2699 | Func:   OR | Latency:    9[1;0m
[1;32m[Core 2] PASS PATTERN NO. 2699 | Func:  SLT | Latency:    6[1;0m
[1;33m[Info] Global Memory Check Passed at IC 50-boundary (Snapshot 53)[1;0m
[1;34m[Core 1] PASS PATTERN NO. 2700 | Func:  SUB | Latency:    9[1;0m
[1;32m[Core 2] PASS PATTERN NO. 2700 | Func:  SUB | Latency:    9[1;0m
[1;34m[Core 1] PASS PATTERN NO. 2701 | Func:  NOR | Latency:    9[1;0m
[1;32m[Core 2] PASS PATTERN NO. 2701 | Func:  XOR | Latency:    9[1;0m
[1;34m[Core 1] PASS PATTERN NO. 2702 | Func:  SLT | Latency:    9[1;0m
[1;32m[Core 2] PASS PATTERN NO. 2702 | Func: ADDI | Latency:    9[1;0m
[1;34m[Core 1] PASS PATTERN NO. 2703 | Func: ADDI | Latency:    9[1;0m
[1;32m[Core 2] PASS PATTERN NO. 2703 | Func:  SUB | Latency:    9[1;0m
[1;32m[Core 2] PASS PATTERN NO. 2704 | Func: SUBI | Latency:    9[1;0m
[1;34m[Core 1] PASS PATTERN NO. 2704 | Func:   SH | Latency:  172[1;0m
[1;34m[Core 1] PASS PATTERN NO. 2705 | Func: SUBI | Latency:    6[1;0m
[1;32m[Core 2] PASS PATTERN NO. 2705 | Func:  NOR | Latency:  169[1;0m
[1;34m[Core 1] PASS PATTERN NO. 2706 | Func: ADDI | Latency:    9[1;0m
[1;32m[Core 2] PASS PATTERN NO. 2706 | Func: ADDI | Latency:    9[1;0m
[1;34m[Core 1] PASS PATTERN NO. 2707 | Func:  NOR | Latency:    9[1;0m
[1;32m[Core 2] PASS PATTERN NO. 2707 | Func:   SH | Latency:  444[1;0m
[1;34m[Core 1] PASS PATTERN NO. 2708 | Func:  MUL | Latency:  444[1;0m
[1;32m[Core 2] PASS PATTERN NO. 2708 | Func:  MUL | Latency:   10[1;0m
[1;34m[Core 1] PASS PATTERN NO. 2709 | Func:  ADD | Latency:    9[1;0m
[1;32m[Core 2] PASS PATTERN NO. 2709 | Func:   LH | Latency:  505[1;0m
[1;34m[Core 1] PASS PATTERN NO. 2710 | Func: SUBI | Latency:  503[1;0m
[1;32m[Core 2] PASS PATTERN NO. 2710 | Func:  XOR | Latency:    6[1;0m
[1;34m[Core 1] PASS PATTERN NO. 2711 | Func:  XOR | Latency:    9[1;0m
[1;32m[Core 2] PASS PATTERN NO. 2711 | Func:  ADD | Latency:    9[1;0m
[1;32m[Core 2] PASS PATTERN NO. 2712 | Func: SUBI | Latency:    9[1;0m
[1;34m[Core 1] PASS PATTERN NO. 2712 | Func:   SH | Latency:  376[1;0m
[1;32m[Core 2] PASS PATTERN NO. 2713 | Func:  MUL | Latency:  376[1;0m
[1;34m[Core 1] PASS PATTERN NO. 2713 | Func:   SH | Latency:  249[1;0m
[1;34m[Core 1] PASS PATTERN NO. 2714 | Func:   OR | Latency:    6[1;0m
[1;32m[Core 2] PASS PATTERN NO. 2714 | Func:  NOR | Latency:  246[1;0m
[1;34m[Core 1] PASS PATTERN NO. 2715 | Func:  ADD | Latency:    9[1;0m
[1;32m[Core 2] PASS PATTERN NO. 2715 | Func:  ADD | Latency:    9[1;0m
[1;34m[Core 1] PASS PATTERN NO. 2716 | Func:  ADD | Latency:    9[1;0m
[1;32m[Core 2] PASS PATTERN NO. 2716 | Func:  AND | Latency:    9[1;0m
[1;32m[Core 2] PASS PATTERN NO. 2717 | Func:  AND | Latency:    9[1;0m
[1;34m[Core 1] PASS PATTERN NO. 2717 | Func:   SH | Latency:  144[1;0m
[1;34m[Core 1] PASS PATTERN NO. 2718 | Func:  MUL | Latency:    9[1;0m
[1;32m[Core 2] PASS PATTERN NO. 2718 | Func:   LH | Latency:  528[1;0m
[1;34m[Core 1] PASS PATTERN NO. 2719 | Func:  MUL | Latency:  393[1;0m
[1;32m[Core 2] PASS PATTERN NO. 2719 | Func:   LH | Latency:  489[1;0m
[1;34m[Core 1] PASS PATTERN NO. 2720 | Func:   SH | Latency:  933[1;0m
[1;32m[Core 2] PASS PATTERN NO. 2720 | Func:   LH | Latency:  759[1;0m
[1;34m[Core 1] PASS PATTERN NO. 2721 | Func: SUBI | Latency:  312[1;0m
[1;32m[Core 2] PASS PATTERN NO. 2721 | Func: ADDI | Latency:    6[1;0m
[1;34m[Core 1] PASS PATTERN NO. 2722 | Func: ADDI | Latency:    9[1;0m
[1;32m[Core 2] PASS PATTERN NO. 2722 | Func: SUBI | Latency:    9[1;0m
[1;32m[Core 2] PASS PATTERN NO. 2723 | Func:  MUL | Latency:   12[1;0m
[1;34m[Core 1] PASS PATTERN NO. 2723 | Func:   SH | Latency:  512[1;0m
[1;32m[Core 2] PASS PATTERN NO. 2724 | Func: NAND | Latency:  506[1;0m
[1;34m[Core 1] PASS PATTERN NO. 2724 | Func:   LH | Latency:  284[1;0m
[1;32m[Core 2] PASS PATTERN NO. 2725 | Func:  MUL | Latency:  287[1;0m
[1;34m[Core 1] PASS PATTERN NO. 2725 | Func:   LH | Latency:  308[1;0m
[1;34m[Core 1] PASS PATTERN NO. 2726 | Func:  SUB | Latency:  225[1;0m
[1;32m[Core 2] PASS PATTERN NO. 2726 | Func:   OR | Latency:  524[1;0m
[1;32m[Core 2] PASS PATTERN NO. 2727 | Func:  XOR | Latency:    9[1;0m
[1;34m[Core 1] PASS PATTERN NO. 2727 | Func:   SH | Latency:  397[1;0m
[1;34m[Core 1] PASS PATTERN NO. 2728 | Func:  AND | Latency:    6[1;0m
[1;32m[Core 2] PASS PATTERN NO. 2728 | Func:  MUL | Latency:  397[1;0m
[1;32m[Core 2] PASS PATTERN NO. 2729 | Func:  ADD | Latency:    6[1;0m
[1;34m[Core 1] PASS PATTERN NO. 2729 | Func:   LH | Latency:  147[1;0m
[1;32m[Core 2] PASS PATTERN NO. 2730 | Func:   SH | Latency:  622[1;0m
[1;34m[Core 1] PASS PATTERN NO. 2730 | Func:   LH | Latency:  648[1;0m
[1;32m[Core 2] PASS PATTERN NO. 2731 | Func: ADDI | Latency:  170[1;0m
[1;34m[Core 1] PASS PATTERN NO. 2731 | Func:   LH | Latency:  420[1;0m
[1;34m[Core 1] PASS PATTERN NO. 2732 | Func:   SH | Latency:  194[1;0m
[1;32m[Core 2] PASS PATTERN NO. 2732 | Func:   LH | Latency:  995[1;0m
[1;34m[Core 1] PASS PATTERN NO. 2733 | Func:   OR | Latency:  393[1;0m
[1;32m[Core 2] PASS PATTERN NO. 2733 | Func:  SLT | Latency:    6[1;0m
[1;34m[Core 1] PASS PATTERN NO. 2734 | Func: ADDI | Latency:    9[1;0m
[1;32m[Core 2] PASS PATTERN NO. 2734 | Func:   LH | Latency:  302[1;0m
[1;32m[Core 2] PASS PATTERN NO. 2735 | Func:   SH | Latency:  169[1;0m
[1;34m[Core 1] PASS PATTERN NO. 2735 | Func:   LH | Latency:  757[1;0m
[1;34m[Core 1] PASS PATTERN NO. 2736 | Func: NAND | Latency:    6[1;0m
[1;32m[Core 2] PASS PATTERN NO. 2736 | Func:   OR | Latency:  301[1;0m
[1;34m[Core 1] PASS PATTERN NO. 2737 | Func:  NOR | Latency:    9[1;0m
[1;32m[Core 2] PASS PATTERN NO. 2737 | Func:   SH | Latency:  397[1;0m
[1;34m[Core 1] PASS PATTERN NO. 2738 | Func: ADDI | Latency:  394[1;0m
[1;32m[Core 2] PASS PATTERN NO. 2738 | Func: SUBI | Latency:    6[1;0m
[1;34m[Core 1] PASS PATTERN NO. 2739 | Func:  SLT | Latency:    9[1;0m
[1;32m[Core 2] PASS PATTERN NO. 2739 | Func: ADDI | Latency:    9[1;0m
[1;32m[Core 2] PASS PATTERN NO. 2740 | Func: ADDI | Latency:    9[1;0m
[1;34m[Core 1] PASS PATTERN NO. 2740 | Func:  MUL | Latency:   12[1;0m
[1;34m[Core 1] PASS PATTERN NO. 2741 | Func:  XOR | Latency:    6[1;0m
[1;32m[Core 2] PASS PATTERN NO. 2741 | Func:   SH | Latency:  181[1;0m
[1;34m[Core 1] PASS PATTERN NO. 2742 | Func: ADDI | Latency:  178[1;0m
[1;32m[Core 2] PASS PATTERN NO. 2742 | Func:  MUL | Latency:    9[1;0m
[1;34m[Core 1] PASS PATTERN NO. 2743 | Func:  SUB | Latency:    9[1;0m
[1;32m[Core 2] PASS PATTERN NO. 2743 | Func:  AND | Latency:    6[1;0m
[1;34m[Core 1] PASS PATTERN NO. 2744 | Func:  XOR | Latency:    9[1;0m
[1;32m[Core 2] PASS PATTERN NO. 2744 | Func: ADDI | Latency:    9[1;0m
[1;34m[Core 1] PASS PATTERN NO. 2745 | Func:  ADD | Latency:    9[1;0m
[1;32m[Core 2] PASS PATTERN NO. 2745 | Func: ADDI | Latency:    9[1;0m
[1;32m[Core 2] PASS PATTERN NO. 2746 | Func:  ADD | Latency:    9[1;0m
[1;34m[Core 1] PASS PATTERN NO. 2746 | Func:  MUL | Latency:   12[1;0m
[1;34m[Core 1] PASS PATTERN NO. 2747 | Func: ADDI | Latency:    6[1;0m
[1;32m[Core 2] PASS PATTERN NO. 2747 | Func:  ADD | Latency:    9[1;0m
[1;34m[Core 1] PASS PATTERN NO. 2748 | Func:  ADD | Latency:    9[1;0m
[1;32m[Core 2] PASS PATTERN NO. 2748 | Func: SUBI | Latency:    9[1;0m
[1;34m[Core 1] PASS PATTERN NO. 2749 | Func:  SUB | Latency:    9[1;0m
[1;32m[Core 2] PASS PATTERN NO. 2749 | Func: ADDI | Latency:    9[1;0m
[1;33m[Info] Global Memory Check Passed at IC 50-boundary (Snapshot 54)[1;0m
[1;34m[Core 1] PASS PATTERN NO. 2750 | Func:   SH | Latency:  437[1;0m
[1;32m[Core 2] PASS PATTERN NO. 2750 | Func:   LH | Latency:  764[1;0m
[1;32m[Core 2] PASS PATTERN NO. 2751 | Func:  SUB | Latency:    6[1;0m
[1;34m[Core 1] PASS PATTERN NO. 2751 | Func:   SH | Latency:  548[1;0m
[1;34m[Core 1] PASS PATTERN NO. 2752 | Func: SUBI | Latency:    6[1;0m
[1;32m[Core 2] PASS PATTERN NO. 2752 | Func:   SH | Latency:  385[1;0m
[1;32m[Core 2] PASS PATTERN NO. 2753 | Func:   SH | Latency:  279[1;0m
[1;34m[Core 1] PASS PATTERN NO. 2753 | Func:   LH | Latency:  597[1;0m
[1;34m[Core 1] PASS PATTERN NO. 2754 | Func: SUBI | Latency:    6[1;0m
[1;32m[Core 2] PASS PATTERN NO. 2754 | Func:   LH | Latency:  484[1;0m
[1;34m[Core 1] PASS PATTERN NO. 2755 | Func:  ADD | Latency:  330[1;0m
[1;32m[Core 2] PASS PATTERN NO. 2755 | Func:   SH | Latency:  153[1;0m
[1;34m[Core 1] PASS PATTERN NO. 2756 | Func:   OR | Latency:  153[1;0m
[1;32m[Core 2] PASS PATTERN NO. 2756 | Func:  MUL | Latency:    9[1;0m
[1;34m[Core 1] PASS PATTERN NO. 2757 | Func:  MUL | Latency:   12[1;0m
[1;32m[Core 2] PASS PATTERN NO. 2757 | Func:   LH | Latency:  273[1;0m
[1;32m[Core 2] PASS PATTERN NO. 2758 | Func: NAND | Latency:  753[1;0m
[1;34m[Core 1] PASS PATTERN NO. 2758 | Func:   LH | Latency: 1242[1;0m
[1;34m[Core 1] PASS PATTERN NO. 2759 | Func:  NOR | Latency:    6[1;0m
[1;32m[Core 2] PASS PATTERN NO. 2759 | Func:  XOR | Latency:  231[1;0m
[1;34m[Core 1] PASS PATTERN NO. 2760 | Func:  ADD | Latency:    9[1;0m
[1;32m[Core 2] PASS PATTERN NO. 2760 | Func:  MUL | Latency:   12[1;0m
[1;32m[Core 2] PASS PATTERN NO. 2761 | Func:   SH | Latency:  441[1;0m
[1;34m[Core 1] PASS PATTERN NO. 2761 | Func:   LH | Latency:  868[1;0m
[1;34m[Core 1] PASS PATTERN NO. 2762 | Func: SUBI | Latency:    6[1;0m
[1;32m[Core 2] PASS PATTERN NO. 2762 | Func:   SH | Latency:  915[1;0m
[1;34m[Core 1] PASS PATTERN NO. 2763 | Func:  SUB | Latency:  491[1;0m
[1;32m[Core 2] PASS PATTERN NO. 2763 | Func:  ADD | Latency:    6[1;0m
[1;32m[Core 2] PASS PATTERN NO. 2764 | Func:  SUB | Latency:    9[1;0m
[1;34m[Core 1] PASS PATTERN NO. 2764 | Func:   LH | Latency:  257[1;0m
[1;34m[Core 1] PASS PATTERN NO. 2765 | Func:  XOR | Latency:    6[1;0m
[1;32m[Core 2] PASS PATTERN NO. 2765 | Func: ADDI | Latency:  254[1;0m
[1;34m[Core 1] PASS PATTERN NO. 2766 | Func:   OR | Latency:    9[1;0m
[1;32m[Core 2] PASS PATTERN NO. 2766 | Func:  ADD | Latency:    9[1;0m
[1;34m[Core 1] PASS PATTERN NO. 2767 | Func:  XOR | Latency:    9[1;0m
[1;32m[Core 2] PASS PATTERN NO. 2767 | Func:  ADD | Latency:    9[1;0m
[1;34m[Core 1] PASS PATTERN NO. 2768 | Func: SUBI | Latency:    9[1;0m
[1;32m[Core 2] PASS PATTERN NO. 2768 | Func: SUBI | Latency:    9[1;0m
[1;34m[Core 1] PASS PATTERN NO. 2769 | Func: ADDI | Latency:    9[1;0m
[1;32m[Core 2] PASS PATTERN NO. 2769 | Func:   SH | Latency:  394[1;0m
[1;32m[Core 2] PASS PATTERN NO. 2770 | Func:  MUL | Latency:    9[1;0m
[1;34m[Core 1] PASS PATTERN NO. 2770 | Func:   SH | Latency:  715[1;0m
[1;34m[Core 1] PASS PATTERN NO. 2771 | Func:  XOR | Latency:    6[1;0m
[1;32m[Core 2] PASS PATTERN NO. 2771 | Func:  SUB | Latency:  327[1;0m
[1;34m[Core 1] PASS PATTERN NO. 2772 | Func:  SUB | Latency:    9[1;0m
[1;32m[Core 2] PASS PATTERN NO. 2772 | Func:  SLT | Latency:    9[1;0m
[1;34m[Core 1] PASS PATTERN NO. 2773 | Func:  ADD | Latency:    9[1;0m
[1;32m[Core 2] PASS PATTERN NO. 2773 | Func:  MUL | Latency:   12[1;0m
[1;32m[Core 2] PASS PATTERN NO. 2774 | Func: ADDI | Latency:    6[1;0m
[1;34m[Core 1] PASS PATTERN NO. 2774 | Func:  MUL | Latency:   12[1;0m
[1;34m[Core 1] PASS PATTERN NO. 2775 | Func: ADDI | Latency:    6[1;0m
[1;32m[Core 2] PASS PATTERN NO. 2775 | Func:  NOR | Latency:    9[1;0m
[1;32m[Core 2] PASS PATTERN NO. 2776 | Func: SUBI | Latency:    9[1;0m
[1;34m[Core 1] PASS PATTERN NO. 2776 | Func:   LH | Latency:  138[1;0m
[1;32m[Core 2] PASS PATTERN NO. 2777 | Func:   OR | Latency:  135[1;0m
[1;34m[Core 1] PASS PATTERN NO. 2777 | Func:   SH | Latency:  430[1;0m
[1;34m[Core 1] PASS PATTERN NO. 2778 | Func:  NOR | Latency:    6[1;0m
[1;32m[Core 2] PASS PATTERN NO. 2778 | Func: SUBI | Latency:  430[1;0m
[1;32m[Core 2] PASS PATTERN NO. 2779 | Func:   SH | Latency:  293[1;0m
[1;34m[Core 1] PASS PATTERN NO. 2779 | Func:   LH | Latency:  418[1;0m
[1;32m[Core 2] PASS PATTERN NO. 2780 | Func: SUBI | Latency:  131[1;0m
[1;34m[Core 1] PASS PATTERN NO. 2780 | Func:   LH | Latency:  411[1;0m
[1;34m[Core 1] PASS PATTERN NO. 2781 | Func: SUBI | Latency:    6[1;0m
[1;32m[Core 2] PASS PATTERN NO. 2781 | Func: NAND | Latency:  411[1;0m
[1;34m[Core 1] PASS PATTERN NO. 2782 | Func: ADDI | Latency:    9[1;0m
[1;32m[Core 2] PASS PATTERN NO. 2782 | Func:   OR | Latency:    9[1;0m
[1;32m[Core 2] PASS PATTERN NO. 2783 | Func:  SLT | Latency:    9[1;0m
[1;34m[Core 1] PASS PATTERN NO. 2783 | Func:   LH | Latency:  212[1;0m
[1;32m[Core 2] PASS PATTERN NO. 2784 | Func: SUBI | Latency:  209[1;0m
[1;34m[Core 1] PASS PATTERN NO. 2784 | Func:   LH | Latency:  205[1;0m
[1;34m[Core 1] PASS PATTERN NO. 2785 | Func:  SUB | Latency:    6[1;0m
[1;32m[Core 2] PASS PATTERN NO. 2785 | Func:  XOR | Latency:  205[1;0m
[1;34m[Core 1] PASS PATTERN NO. 2786 | Func: NAND | Latency:    9[1;0m
[1;32m[Core 2] PASS PATTERN NO. 2786 | Func:  AND | Latency:    9[1;0m
[1;34m[Core 1] PASS PATTERN NO. 2787 | Func:  SUB | Latency:    9[1;0m
[1;32m[Core 2] PASS PATTERN NO. 2787 | Func: SUBI | Latency:    9[1;0m
[1;34m[Core 1] PASS PATTERN NO. 2788 | Func:   LH | Latency:  361[1;0m
[1;32m[Core 2] PASS PATTERN NO. 2788 | Func:   LH | Latency:  543[1;0m
[1;34m[Core 1] PASS PATTERN NO. 2789 | Func:  SLT | Latency:  188[1;0m
[1;32m[Core 2] PASS PATTERN NO. 2789 | Func: NAND | Latency:    6[1;0m
[1;34m[Core 1] PASS PATTERN NO. 2790 | Func:  XOR | Latency:  327[1;0m
[1;32m[Core 2] PASS PATTERN NO. 2790 | Func:   SH | Latency:  698[1;0m
[1;34m[Core 1] PASS PATTERN NO. 2791 | Func:  AND | Latency:  377[1;0m
[1;32m[Core 2] PASS PATTERN NO. 2791 | Func:   LH | Latency:  308[1;0m
[1;34m[Core 1] PASS PATTERN NO. 2792 | Func:  ADD | Latency:  308[1;0m
[1;32m[Core 2] PASS PATTERN NO. 2792 | Func:   SH | Latency:  245[1;0m
[1;32m[Core 2] PASS PATTERN NO. 2793 | Func:  NOR | Latency:    6[1;0m
[1;34m[Core 1] PASS PATTERN NO. 2793 | Func:   SH | Latency:  722[1;0m
[1;34m[Core 1] PASS PATTERN NO. 2794 | Func:  NOR | Latency:    6[1;0m
[1;32m[Core 2] PASS PATTERN NO. 2794 | Func:  NOR | Latency:  483[1;0m
[1;34m[Core 1] PASS PATTERN NO. 2795 | Func: NAND | Latency:    9[1;0m
[1;32m[Core 2] PASS PATTERN NO. 2795 | Func: ADDI | Latency:    9[1;0m
[1;34m[Core 1] PASS PATTERN NO. 2796 | Func:  NOR | Latency:    9[1;0m
[1;32m[Core 2] PASS PATTERN NO. 2796 | Func:   LH | Latency:  278[1;0m
[1;34m[Core 1] PASS PATTERN NO. 2797 | Func:  AND | Latency:  275[1;0m
[1;32m[Core 2] PASS PATTERN NO. 2797 | Func:  MUL | Latency:    9[1;0m
[1;34m[Core 1] PASS PATTERN NO. 2798 | Func:   OR | Latency:    9[1;0m
[1;32m[Core 2] PASS PATTERN NO. 2798 | Func: SUBI | Latency:    6[1;0m
[1;32m[Core 2] PASS PATTERN NO. 2799 | Func:  MUL | Latency:   12[1;0m
[1;34m[Core 1] PASS PATTERN NO. 2799 | Func:   LH | Latency:  114[1;0m
[1;33m[Info] Global Memory Check Passed at IC 50-boundary (Snapshot 55)[1;0m
[1;34m[Core 1] PASS PATTERN NO. 2800 | Func:  SLT | Latency:    6[1;0m
[1;32m[Core 2] PASS PATTERN NO. 2800 | Func: ADDI | Latency:  108[1;0m
[1;32m[Core 2] PASS PATTERN NO. 2801 | Func:  AND | Latency:    9[1;0m
[1;34m[Core 1] PASS PATTERN NO. 2801 | Func:   SH | Latency:  291[1;0m
[1;34m[Core 1] PASS PATTERN NO. 2802 | Func:   OR | Latency:    6[1;0m
[1;32m[Core 2] PASS PATTERN NO. 2802 | Func:   SH | Latency:  613[1;0m
[1;34m[Core 1] PASS PATTERN NO. 2803 | Func: ADDI | Latency:  331[1;0m
[1;32m[Core 2] PASS PATTERN NO. 2803 | Func:   OR | Latency:    6[1;0m
[1;34m[Core 1] PASS PATTERN NO. 2804 | Func:  SUB | Latency:    9[1;0m
[1;32m[Core 2] PASS PATTERN NO. 2804 | Func: SUBI | Latency:    9[1;0m
[1;34m[Core 1] PASS PATTERN NO. 2805 | Func:   OR | Latency:    9[1;0m
[1;32m[Core 2] PASS PATTERN NO. 2805 | Func:  MUL | Latency:   12[1;0m
[1;32m[Core 2] PASS PATTERN NO. 2806 | Func:  AND | Latency:    6[1;0m
[1;34m[Core 1] PASS PATTERN NO. 2806 | Func:  MUL | Latency:   12[1;0m
[1;34m[Core 1] PASS PATTERN NO. 2807 | Func:   SH | Latency:  139[1;0m
[1;32m[Core 2] PASS PATTERN NO. 2807 | Func:   LH | Latency:  630[1;0m
[1;34m[Core 1] PASS PATTERN NO. 2808 | Func:   SH | Latency:  890[1;0m
[1;32m[Core 2] PASS PATTERN NO. 2808 | Func:   LH | Latency:  830[1;0m
[1;32m[Core 2] PASS PATTERN NO. 2809 | Func:   SH | Latency:  409[1;0m
[1;34m[Core 1] PASS PATTERN NO. 2809 | Func:   LH | Latency:  946[1;0m
[1;32m[Core 2] PASS PATTERN NO. 2810 | Func:  MUL | Latency:  118[1;0m
[1;34m[Core 1] PASS PATTERN NO. 2810 | Func:   LH | Latency:  138[1;0m
[1;34m[Core 1] PASS PATTERN NO. 2811 | Func:   LH | Latency:  462[1;0m
[1;32m[Core 2] PASS PATTERN NO. 2811 | Func:   LH | Latency:  821[1;0m
[1;32m[Core 2] PASS PATTERN NO. 2812 | Func:  NOR | Latency:    6[1;0m
[1;34m[Core 1] PASS PATTERN NO. 2812 | Func:   SH | Latency:  465[1;0m
[1;32m[Core 2] PASS PATTERN NO. 2813 | Func: ADDI | Latency:  235[1;0m
[1;34m[Core 1] PASS PATTERN NO. 2813 | Func:   LH | Latency:  423[1;0m
[1;34m[Core 1] PASS PATTERN NO. 2814 | Func: ADDI | Latency:    6[1;0m
[1;32m[Core 2] PASS PATTERN NO. 2814 | Func:  NOR | Latency:  423[1;0m
[1;34m[Core 1] PASS PATTERN NO. 2815 | Func:  SUB | Latency:    9[1;0m
[1;32m[Core 2] PASS PATTERN NO. 2815 | Func:   LH | Latency:  332[1;0m
[1;34m[Core 1] PASS PATTERN NO. 2816 | Func: SUBI | Latency:  329[1;0m
[1;32m[Core 2] PASS PATTERN NO. 2816 | Func:  SUB | Latency:    6[1;0m
[1;32m[Core 2] PASS PATTERN NO. 2817 | Func:   OR | Latency:    9[1;0m
[1;34m[Core 1] PASS PATTERN NO. 2817 | Func:   LH | Latency:  345[1;0m
[1;34m[Core 1] PASS PATTERN NO. 2818 | Func: ADDI | Latency:    6[1;0m
[1;32m[Core 2] PASS PATTERN NO. 2818 | Func:  SUB | Latency:  342[1;0m
[1;34m[Core 1] PASS PATTERN NO. 2819 | Func: ADDI | Latency:    9[1;0m
[1;32m[Core 2] PASS PATTERN NO. 2819 | Func: SUBI | Latency:    9[1;0m
[1;34m[Core 1] PASS PATTERN NO. 2820 | Func:  ADD | Latency:    9[1;0m
[1;32m[Core 2] PASS PATTERN NO. 2820 | Func:  MUL | Latency:   12[1;0m
[1;34m[Core 1] PASS PATTERN NO. 2821 | Func:   SH | Latency:  183[1;0m
[1;32m[Core 2] PASS PATTERN NO. 2821 | Func:   LH | Latency:  561[1;0m
[1;34m[Core 1] PASS PATTERN NO. 2822 | Func: ADDI | Latency:  566[1;0m
[1;32m[Core 2] PASS PATTERN NO. 2822 | Func:  AND | Latency:  185[1;0m
[1;34m[Core 1] PASS PATTERN NO. 2823 | Func:  ADD | Latency:    9[1;0m
[1;32m[Core 2] PASS PATTERN NO. 2823 | Func:  MUL | Latency:   12[1;0m
[1;34m[Core 1] PASS PATTERN NO. 2824 | Func:  ADD | Latency:    9[1;0m
[1;32m[Core 2] PASS PATTERN NO. 2824 | Func:  XOR | Latency:    6[1;0m
[1;34m[Core 1] PASS PATTERN NO. 2825 | Func:  SUB | Latency:    9[1;0m
[1;32m[Core 2] PASS PATTERN NO. 2825 | Func:  XOR | Latency:    9[1;0m
[1;34m[Core 1] PASS PATTERN NO. 2826 | Func:  SLT | Latency:    9[1;0m
[1;32m[Core 2] PASS PATTERN NO. 2826 | Func:  XOR | Latency:    9[1;0m
[1;34m[Core 1] PASS PATTERN NO. 2827 | Func: ADDI | Latency:    9[1;0m
[1;32m[Core 2] PASS PATTERN NO. 2827 | Func:   SH | Latency:  194[1;0m
[1;34m[Core 1] PASS PATTERN NO. 2828 | Func: NAND | Latency:  191[1;0m
[1;32m[Core 2] PASS PATTERN NO. 2828 | Func:   SH | Latency:  143[1;0m
[1;32m[Core 2] PASS PATTERN NO. 2829 | Func:   OR | Latency:    6[1;0m
[1;34m[Core 1] PASS PATTERN NO. 2829 | Func:  MUL | Latency:  146[1;0m
[1;34m[Core 1] PASS PATTERN NO. 2830 | Func:  XOR | Latency:    6[1;0m
[1;32m[Core 2] PASS PATTERN NO. 2830 | Func:  NOR | Latency:    9[1;0m
[1;34m[Core 1] PASS PATTERN NO. 2831 | Func:  SLT | Latency:    9[1;0m
[1;32m[Core 2] PASS PATTERN NO. 2831 | Func: SUBI | Latency:    9[1;0m
[1;34m[Core 1] PASS PATTERN NO. 2832 | Func: NAND | Latency:    9[1;0m
[1;32m[Core 2] PASS PATTERN NO. 2832 | Func:  XOR | Latency:    9[1;0m
[1;32m[Core 2] PASS PATTERN NO. 2833 | Func: ADDI | Latency:    9[1;0m
[1;34m[Core 1] PASS PATTERN NO. 2833 | Func:  MUL | Latency:   12[1;0m
[1;34m[Core 1] PASS PATTERN NO. 2834 | Func:  SUB | Latency:    6[1;0m
[1;32m[Core 2] PASS PATTERN NO. 2834 | Func:  SUB | Latency:    9[1;0m
[1;34m[Core 1] PASS PATTERN NO. 2835 | Func:   OR | Latency:    9[1;0m
[1;32m[Core 2] PASS PATTERN NO. 2835 | Func:   SH | Latency:  192[1;0m
[1;34m[Core 1] PASS PATTERN NO. 2836 | Func:  XOR | Latency:  189[1;0m
[1;32m[Core 2] PASS PATTERN NO. 2836 | Func: SUBI | Latency:    6[1;0m
[1;34m[Core 1] PASS PATTERN NO. 2837 | Func:  AND | Latency:    9[1;0m
[1;32m[Core 2] PASS PATTERN NO. 2837 | Func:   SH | Latency:  357[1;0m
[1;34m[Core 1] PASS PATTERN NO. 2838 | Func: ADDI | Latency:  354[1;0m
[1;32m[Core 2] PASS PATTERN NO. 2838 | Func:   SH | Latency:  315[1;0m
[1;34m[Core 1] PASS PATTERN NO. 2839 | Func:  SLT | Latency:  315[1;0m
[1;32m[Core 2] PASS PATTERN NO. 2839 | Func:  MUL | Latency:    9[1;0m
[1;32m[Core 2] PASS PATTERN NO. 2840 | Func: ADDI | Latency:    6[1;0m
[1;34m[Core 1] PASS PATTERN NO. 2840 | Func:   LH | Latency:  203[1;0m
[1;34m[Core 1] PASS PATTERN NO. 2841 | Func: SUBI | Latency:    6[1;0m
[1;32m[Core 2] PASS PATTERN NO. 2841 | Func: ADDI | Latency:  200[1;0m
[1;34m[Core 1] PASS PATTERN NO. 2842 | Func: NAND | Latency:    9[1;0m
[1;32m[Core 2] PASS PATTERN NO. 2842 | Func:  MUL | Latency:   12[1;0m
[1;32m[Core 2] PASS PATTERN NO. 2843 | Func:   SH | Latency:  273[1;0m
[1;34m[Core 1] PASS PATTERN NO. 2843 | Func:   LH | Latency:  706[1;0m
[1;34m[Core 1] PASS PATTERN NO. 2844 | Func:  MUL | Latency:    9[1;0m
[1;32m[Core 2] PASS PATTERN NO. 2844 | Func:   LH | Latency:  823[1;0m
[1;34m[Core 1] PASS PATTERN NO. 2845 | Func:   LH | Latency:  630[1;0m
[1;32m[Core 2] PASS PATTERN NO. 2845 | Func:   LH | Latency:  688[1;0m
[1;32m[Core 2] PASS PATTERN NO. 2846 | Func:  XOR | Latency:    6[1;0m
[1;34m[Core 1] PASS PATTERN NO. 2846 | Func:  MUL | Latency:  451[1;0m
[1;34m[Core 1] PASS PATTERN NO. 2847 | Func:  SUB | Latency:    6[1;0m
[1;32m[Core 2] PASS PATTERN NO. 2847 | Func:  NOR | Latency:    9[1;0m
[1;32m[Core 2] PASS PATTERN NO. 2848 | Func: ADDI | Latency:    9[1;0m
[1;34m[Core 1] PASS PATTERN NO. 2848 | Func:   LH | Latency:  434[1;0m
[1;32m[Core 2] PASS PATTERN NO. 2849 | Func:  NOR | Latency:  431[1;0m
[1;34m[Core 1] PASS PATTERN NO. 2849 | Func:   SH | Latency:  251[1;0m
[1;33m[Info] Global Memory Check Passed at IC 50-boundary (Snapshot 56)[1;0m
[1;34m[Core 1] PASS PATTERN NO. 2850 | Func:  ADD | Latency:    6[1;0m
[1;32m[Core 2] PASS PATTERN NO. 2850 | Func:  MUL | Latency:  254[1;0m
[1;34m[Core 1] PASS PATTERN NO. 2851 | Func: ADDI | Latency:    9[1;0m
[1;32m[Core 2] PASS PATTERN NO. 2851 | Func: SUBI | Latency:    6[1;0m
[1;34m[Core 1] PASS PATTERN NO. 2852 | Func:   OR | Latency:    9[1;0m
[1;32m[Core 2] PASS PATTERN NO. 2852 | Func:   LH | Latency:  331[1;0m
[1;32m[Core 2] PASS PATTERN NO. 2853 | Func:  NOR | Latency:    6[1;0m
[1;34m[Core 1] PASS PATTERN NO. 2853 | Func:   SH | Latency:  600[1;0m
[1;32m[Core 2] PASS PATTERN NO. 2854 | Func: SUBI | Latency:  987[1;0m
[1;34m[Core 1] PASS PATTERN NO. 2854 | Func:   LH | Latency:  947[1;0m
[1;34m[Core 1] PASS PATTERN NO. 2855 | Func: ADDI | Latency:    6[1;0m
[1;32m[Core 2] PASS PATTERN NO. 2855 | Func:   SH | Latency:  370[1;0m
[1;34m[Core 1] PASS PATTERN NO. 2856 | Func:  AND | Latency:  138[1;0m
[1;32m[Core 2] PASS PATTERN NO. 2856 | Func:  AND | Latency:    6[1;0m
[1;34m[Core 1] PASS PATTERN NO. 2857 | Func: ADDI | Latency:    9[1;0m
[1;32m[Core 2] PASS PATTERN NO. 2857 | Func:  SUB | Latency:    9[1;0m
[1;34m[Core 1] PASS PATTERN NO. 2858 | Func:   OR | Latency:    9[1;0m
[1;32m[Core 2] PASS PATTERN NO. 2858 | Func:  SUB | Latency:    9[1;0m
[1;32m[Core 2] PASS PATTERN NO. 2859 | Func:  SLT | Latency:    9[1;0m
[1;34m[Core 1] PASS PATTERN NO. 2859 | Func:   SH | Latency:  342[1;0m
[1;32m[Core 2] PASS PATTERN NO. 2860 | Func:  XOR | Latency:  339[1;0m
[1;34m[Core 1] PASS PATTERN NO. 2860 | Func:  MUL | Latency:    9[1;0m
[1;34m[Core 1] PASS PATTERN NO. 2861 | Func:   OR | Latency:    6[1;0m
[1;32m[Core 2] PASS PATTERN NO. 2861 | Func:  MUL | Latency:   12[1;0m
[1;32m[Core 2] PASS PATTERN NO. 2862 | Func:   SH | Latency:  403[1;0m
[1;34m[Core 1] PASS PATTERN NO. 2862 | Func:   LH | Latency:  899[1;0m
[1;32m[Core 2] PASS PATTERN NO. 2863 | Func:  NOR | Latency:  499[1;0m
[1;34m[Core 1] PASS PATTERN NO. 2863 | Func:   LH | Latency:  284[1;0m
[1;34m[Core 1] PASS PATTERN NO. 2864 | Func: SUBI | Latency:    6[1;0m
[1;32m[Core 2] PASS PATTERN NO. 2864 | Func:  MUL | Latency:  287[1;0m
[1;34m[Core 1] PASS PATTERN NO. 2865 | Func: NAND | Latency:    9[1;0m
[1;32m[Core 2] PASS PATTERN NO. 2865 | Func:  SUB | Latency:    6[1;0m
[1;34m[Core 1] PASS PATTERN NO. 2866 | Func:  AND | Latency:    9[1;0m
[1;32m[Core 2] PASS PATTERN NO. 2866 | Func:   SH | Latency:  140[1;0m
[1;34m[Core 1] PASS PATTERN NO. 2867 | Func: SUBI | Latency:  137[1;0m
[1;32m[Core 2] PASS PATTERN NO. 2867 | Func:  NOR | Latency:    6[1;0m
[1;34m[Core 1] PASS PATTERN NO. 2868 | Func: NAND | Latency:    9[1;0m
[1;32m[Core 2] PASS PATTERN NO. 2868 | Func: NAND | Latency:    9[1;0m
[1;32m[Core 2] PASS PATTERN NO. 2869 | Func:   OR | Latency:    9[1;0m
[1;34m[Core 1] PASS PATTERN NO. 2869 | Func:   LH | Latency:  323[1;0m
[1;34m[Core 1] PASS PATTERN NO. 2870 | Func:   SH | Latency:  164[1;0m
[1;32m[Core 2] PASS PATTERN NO. 2870 | Func:   LH | Latency:  673[1;0m
[1;32m[Core 2] PASS PATTERN NO. 2871 | Func: ADDI | Latency:    6[1;0m
[1;34m[Core 1] PASS PATTERN NO. 2871 | Func:   SH | Latency:  640[1;0m
[1;34m[Core 1] PASS PATTERN NO. 2872 | Func:   OR | Latency:    6[1;0m
[1;32m[Core 2] PASS PATTERN NO. 2872 | Func:  NOR | Latency:  445[1;0m
[1;34m[Core 1] PASS PATTERN NO. 2873 | Func:   OR | Latency:    9[1;0m
[1;32m[Core 2] PASS PATTERN NO. 2873 | Func: ADDI | Latency:    9[1;0m
[1;34m[Core 1] PASS PATTERN NO. 2874 | Func:  SUB | Latency:    9[1;0m
[1;32m[Core 2] PASS PATTERN NO. 2874 | Func: ADDI | Latency:    9[1;0m
[1;34m[Core 1] PASS PATTERN NO. 2875 | Func: NAND | Latency:    9[1;0m
[1;32m[Core 2] PASS PATTERN NO. 2875 | Func:  AND | Latency:    9[1;0m
[1;34m[Core 1] PASS PATTERN NO. 2876 | Func:  XOR | Latency:    9[1;0m
[1;32m[Core 2] PASS PATTERN NO. 2876 | Func: ADDI | Latency:    9[1;0m
[1;34m[Core 1] PASS PATTERN NO. 2877 | Func: SUBI | Latency:    9[1;0m
[1;32m[Core 2] PASS PATTERN NO. 2877 | Func:   OR | Latency:    9[1;0m
[1;34m[Core 1] PASS PATTERN NO. 2878 | Func:   OR | Latency:    9[1;0m
[1;32m[Core 2] PASS PATTERN NO. 2878 | Func:  SLT | Latency:    9[1;0m
[1;34m[Core 1] PASS PATTERN NO. 2879 | Func: NAND | Latency:    9[1;0m
[1;32m[Core 2] PASS PATTERN NO. 2879 | Func: ADDI | Latency:    9[1;0m
[1;34m[Core 1] PASS PATTERN NO. 2880 | Func:  BEQ | Latency:    8[1;0m
[1;32m[Core 2] PASS PATTERN NO. 2880 | Func:  BEQ | Latency:    8[1;0m
[1;32m[Core 2] PASS PATTERN NO. 2881 | Func: ADDI | Latency:  595[1;0m
[1;34m[Core 1] PASS PATTERN NO. 2881 | Func:   SH | Latency:  981[1;0m
[1;32m[Core 2] PASS PATTERN NO. 2882 | Func:  XOR | Latency:  392[1;0m
[1;34m[Core 1] PASS PATTERN NO. 2882 | Func:   LH | Latency:  331[1;0m
[1;34m[Core 1] PASS PATTERN NO. 2883 | Func: NAND | Latency:    6[1;0m
[1;32m[Core 2] PASS PATTERN NO. 2883 | Func:   OR | Latency:  331[1;0m
[1;34m[Core 1] PASS PATTERN NO. 2884 | Func: ADDI | Latency:    9[1;0m
[1;32m[Core 2] PASS PATTERN NO. 2884 | Func: NAND | Latency:    9[1;0m
[1;34m[Core 1] PASS PATTERN NO. 2885 | Func:  MUL | Latency:   12[1;0m
[1;32m[Core 2] PASS PATTERN NO. 2885 | Func:   LH | Latency:  167[1;0m
[1;32m[Core 2] PASS PATTERN NO. 2886 | Func:  SUB | Latency:    6[1;0m
[1;34m[Core 1] PASS PATTERN NO. 2886 | Func:  MUL | Latency:  164[1;0m
[1;32m[Core 2] PASS PATTERN NO. 2887 | Func:   OR | Latency:    9[1;0m
[1;34m[Core 1] PASS PATTERN NO. 2887 | Func:   SH | Latency:  275[1;0m
[1;34m[Core 1] PASS PATTERN NO. 2888 | Func:  SUB | Latency:    6[1;0m
[1;32m[Core 2] PASS PATTERN NO. 2888 | Func:   SH | Latency:  457[1;0m
[1;34m[Core 1] PASS PATTERN NO. 2889 | Func:  SUB | Latency:  188[1;0m
[1;32m[Core 2] PASS PATTERN NO. 2889 | Func:  XOR | Latency:    6[1;0m
[1;32m[Core 2] PASS PATTERN NO. 2890 | Func:  SLT | Latency:    9[1;0m
[1;34m[Core 1] PASS PATTERN NO. 2890 | Func:   LH | Latency:  191[1;0m
[1;34m[Core 1] PASS PATTERN NO. 2891 | Func:   OR | Latency:    6[1;0m
[1;32m[Core 2] PASS PATTERN NO. 2891 | Func:  MUL | Latency:  191[1;0m
[1;32m[Core 2] PASS PATTERN NO. 2892 | Func:  SLT | Latency:    6[1;0m
[1;34m[Core 1] PASS PATTERN NO. 2892 | Func:   SH | Latency:  225[1;0m
[1;34m[Core 1] PASS PATTERN NO. 2893 | Func:   LH | Latency:  378[1;0m
[1;32m[Core 2] PASS PATTERN NO. 2893 | Func:   LH | Latency:  879[1;0m
[1;34m[Core 1] PASS PATTERN NO. 2894 | Func: SUBI | Latency:  291[1;0m
[1;32m[Core 2] PASS PATTERN NO. 2894 | Func:  MUL | Latency:    9[1;0m
[1;34m[Core 1] PASS PATTERN NO. 2895 | Func:  SUB | Latency:    9[1;0m
[1;32m[Core 2] PASS PATTERN NO. 2895 | Func:  ADD | Latency:    6[1;0m
[1;32m[Core 2] PASS PATTERN NO. 2896 | Func:  ADD | Latency:    9[1;0m
[1;34m[Core 1] PASS PATTERN NO. 2896 | Func:  MUL | Latency:   12[1;0m
[1;32m[Core 2] PASS PATTERN NO. 2897 | Func:   SH | Latency:  321[1;0m
[1;34m[Core 1] PASS PATTERN NO. 2897 | Func:   LH | Latency:  776[1;0m
[1;32m[Core 2] PASS PATTERN NO. 2898 | Func:   OR | Latency:  464[1;0m
[1;34m[Core 1] PASS PATTERN NO. 2898 | Func:   SH | Latency:  437[1;0m
[1;32m[Core 2] PASS PATTERN NO. 2899 | Func: NAND | Latency:  437[1;0m
[1;34m[Core 1] PASS PATTERN NO. 2899 | Func:   SH | Latency:  220[1;0m
[1;33m[Info] Global Memory Check Passed at IC 50-boundary (Snapshot 57)[1;0m
[1;34m[Core 1] PASS PATTERN NO. 2900 | Func:   SH | Latency:  387[1;0m
[1;32m[Core 2] PASS PATTERN NO. 2900 | Func:   LH | Latency:  771[1;0m
[1;32m[Core 2] PASS PATTERN NO. 2901 | Func:  ADD | Latency:    6[1;0m
[1;34m[Core 1] PASS PATTERN NO. 2901 | Func:   SH | Latency:  658[1;0m
[1;32m[Core 2] PASS PATTERN NO. 2902 | Func:  XOR | Latency:  488[1;0m
[1;34m[Core 1] PASS PATTERN NO. 2902 | Func:   LH | Latency:  458[1;0m
[1;32m[Core 2] PASS PATTERN NO. 2903 | Func:   SH | Latency:  786[1;0m
[1;34m[Core 1] PASS PATTERN NO. 2903 | Func:   LH | Latency:  598[1;0m
[1;34m[Core 1] PASS PATTERN NO. 2904 | Func:   SH | Latency:  474[1;0m
[1;32m[Core 2] PASS PATTERN NO. 2904 | Func:   LH | Latency: 1025[1;0m
[1;34m[Core 1] PASS PATTERN NO. 2905 | Func:  ADD | Latency:  293[1;0m
[1;32m[Core 2] PASS PATTERN NO. 2905 | Func:   SH | Latency:  142[1;0m
[1;32m[Core 2] PASS PATTERN NO. 2906 | Func: ADDI | Latency:    6[1;0m
[1;34m[Core 1] PASS PATTERN NO. 2906 | Func:  MUL | Latency:  145[1;0m
[1;32m[Core 2] PASS PATTERN NO. 2907 | Func: SUBI | Latency:    9[1;0m
[1;34m[Core 1] PASS PATTERN NO. 2907 | Func:  MUL | Latency:    9[1;0m
[1;34m[Core 1] PASS PATTERN NO. 2908 | Func: SUBI | Latency:    6[1;0m
[1;32m[Core 2] PASS PATTERN NO. 2908 | Func:   OR | Latency:    9[1;0m
[1;34m[Core 1] PASS PATTERN NO. 2909 | Func: ADDI | Latency:    9[1;0m
[1;32m[Core 2] PASS PATTERN NO. 2909 | Func: ADDI | Latency:    9[1;0m
[1;34m[Core 1] PASS PATTERN NO. 2910 | Func: NAND | Latency:    9[1;0m
[1;32m[Core 2] PASS PATTERN NO. 2910 | Func:  SLT | Latency:    9[1;0m
[1;32m[Core 2] PASS PATTERN NO. 2911 | Func:   SH | Latency:  918[1;0m
[1;34m[Core 1] PASS PATTERN NO. 2911 | Func:   LH | Latency: 1041[1;0m
[1;34m[Core 1] PASS PATTERN NO. 2912 | Func:  NOR | Latency:    6[1;0m
[1;32m[Core 2] PASS PATTERN NO. 2912 | Func:  AND | Latency:  129[1;0m
[1;32m[Core 2] PASS PATTERN NO. 2913 | Func:  SLT | Latency:    9[1;0m
[1;34m[Core 1] PASS PATTERN NO. 2913 | Func:   SH | Latency:  249[1;0m
[1;34m[Core 1] PASS PATTERN NO. 2914 | Func:   SH | Latency:  390[1;0m
[1;32m[Core 2] PASS PATTERN NO. 2914 | Func:   LH | Latency:  866[1;0m
[1;34m[Core 1] PASS PATTERN NO. 2915 | Func: ADDI | Latency:  242[1;0m
[1;32m[Core 2] PASS PATTERN NO. 2915 | Func: SUBI | Latency:    6[1;0m
[1;34m[Core 1] PASS PATTERN NO. 2916 | Func:  ADD | Latency:    9[1;0m
[1;32m[Core 2] PASS PATTERN NO. 2916 | Func: ADDI | Latency:    9[1;0m
[1;34m[Core 1] PASS PATTERN NO. 2917 | Func:  NOR | Latency:    9[1;0m
[1;32m[Core 2] PASS PATTERN NO. 2917 | Func:   LH | Latency:  455[1;0m
[1;32m[Core 2] PASS PATTERN NO. 2918 | Func:  MUL | Latency:    9[1;0m
[1;34m[Core 1] PASS PATTERN NO. 2918 | Func:   LH | Latency:  696[1;0m
[1;32m[Core 2] PASS PATTERN NO. 2919 | Func:   SH | Latency:  638[1;0m
[1;34m[Core 1] PASS PATTERN NO. 2919 | Func:   LH | Latency:  693[1;0m
[1;34m[Core 1] PASS PATTERN NO. 2920 | Func:  NOR | Latency:    6[1;0m
[1;32m[Core 2] PASS PATTERN NO. 2920 | Func:   SH | Latency:  441[1;0m
[1;34m[Core 1] PASS PATTERN NO. 2921 | Func:  XOR | Latency:  145[1;0m
[1;32m[Core 2] PASS PATTERN NO. 2921 | Func:  MUL | Latency:    9[1;0m
[1;34m[Core 1] PASS PATTERN NO. 2922 | Func:   LH | Latency:  508[1;0m
[1;32m[Core 2] PASS PATTERN NO. 2922 | Func:   LH | Latency:  613[1;0m
[1;34m[Core 1] PASS PATTERN NO. 2923 | Func: SUBI | Latency:  114[1;0m
[1;32m[Core 2] PASS PATTERN NO. 2923 | Func:  NOR | Latency:    6[1;0m
[1;34m[Core 1] PASS PATTERN NO. 2924 | Func:  SUB | Latency:    9[1;0m
[1;32m[Core 2] PASS PATTERN NO. 2924 | Func:   LH | Latency:  372[1;0m
[1;34m[Core 1] PASS PATTERN NO. 2925 | Func:  NOR | Latency:  369[1;0m
[1;32m[Core 2] PASS PATTERN NO. 2925 | Func:   LH | Latency:  275[1;0m
[1;34m[Core 1] PASS PATTERN NO. 2926 | Func: SUBI | Latency:  275[1;0m
[1;32m[Core 2] PASS PATTERN NO. 2926 | Func:  XOR | Latency:    6[1;0m
[1;32m[Core 2] PASS PATTERN NO. 2927 | Func:  SUB | Latency:    9[1;0m
[1;34m[Core 1] PASS PATTERN NO. 2927 | Func:   SH | Latency:  356[1;0m
[1;34m[Core 1] PASS PATTERN NO. 2928 | Func:  ADD | Latency:    6[1;0m
[1;32m[Core 2] PASS PATTERN NO. 2928 | Func:   LH | Latency:  730[1;0m
[1;32m[Core 2] PASS PATTERN NO. 2929 | Func:  ADD | Latency:    6[1;0m
[1;34m[Core 1] PASS PATTERN NO. 2929 | Func:   LH | Latency:  886[1;0m
[1;32m[Core 2] PASS PATTERN NO. 2930 | Func:   OR | Latency:  509[1;0m
[1;34m[Core 1] PASS PATTERN NO. 2930 | Func:   LH | Latency:  372[1;0m
[1;34m[Core 1] PASS PATTERN NO. 2931 | Func: SUBI | Latency:    6[1;0m
[1;32m[Core 2] PASS PATTERN NO. 2931 | Func:   SH | Latency:  755[1;0m
[1;34m[Core 1] PASS PATTERN NO. 2932 | Func: NAND | Latency:  389[1;0m
[1;32m[Core 2] PASS PATTERN NO. 2932 | Func: ADDI | Latency:    6[1;0m
[1;32m[Core 2] PASS PATTERN NO. 2933 | Func: ADDI | Latency:    9[1;0m
[1;34m[Core 1] PASS PATTERN NO. 2933 | Func:   SH | Latency:  272[1;0m
[1;34m[Core 1] PASS PATTERN NO. 2934 | Func:  ADD | Latency:    6[1;0m
[1;32m[Core 2] PASS PATTERN NO. 2934 | Func:  XOR | Latency:  269[1;0m
[1;34m[Core 1] PASS PATTERN NO. 2935 | Func:    J | Latency:    8[1;0m
[1;32m[Core 2] PASS PATTERN NO. 2935 | Func:    J | Latency:    8[1;0m
[1;32m[Core 2] PASS PATTERN NO. 2936 | Func:   SH | Latency:  995[1;0m
[1;34m[Core 1] PASS PATTERN NO. 2936 | Func:   LH | Latency: 1177[1;0m
[1;32m[Core 2] PASS PATTERN NO. 2937 | Func:  NOR | Latency:  188[1;0m
[1;34m[Core 1] PASS PATTERN NO. 2937 | Func:   SH | Latency:  136[1;0m
[1;34m[Core 1] PASS PATTERN NO. 2938 | Func:  XOR | Latency:  953[1;0m
[1;32m[Core 2] PASS PATTERN NO. 2938 | Func:  XOR | Latency: 1083[1;0m
[1;34m[Core 1] PASS PATTERN NO. 2939 | Func: SUBI | Latency:    9[1;0m
[1;32m[Core 2] PASS PATTERN NO. 2939 | Func:   OR | Latency:    9[1;0m
[1;34m[Core 1] PASS PATTERN NO. 2940 | Func:   SH | Latency:  295[1;0m
[1;32m[Core 2] PASS PATTERN NO. 2940 | Func:   LH | Latency:  797[1;0m
[1;34m[Core 1] PASS PATTERN NO. 2941 | Func:  SLT | Latency:  508[1;0m
[1;32m[Core 2] PASS PATTERN NO. 2941 | Func:  AND | Latency:    6[1;0m
[1;32m[Core 2] PASS PATTERN NO. 2942 | Func:   SH | Latency:  235[1;0m
[1;34m[Core 1] PASS PATTERN NO. 2942 | Func:   LH | Latency:  402[1;0m
[1;34m[Core 1] PASS PATTERN NO. 2943 | Func: SUBI | Latency:    6[1;0m
[1;32m[Core 2] PASS PATTERN NO. 2943 | Func: ADDI | Latency:  173[1;0m
[1;32m[Core 2] PASS PATTERN NO. 2944 | Func: NAND | Latency:    9[1;0m
[1;34m[Core 1] PASS PATTERN NO. 2944 | Func:  MUL | Latency:   12[1;0m
[1;34m[Core 1] PASS PATTERN NO. 2945 | Func:  MUL | Latency:    9[1;0m
[1;32m[Core 2] PASS PATTERN NO. 2945 | Func:   SH | Latency:  373[1;0m
[1;34m[Core 1] PASS PATTERN NO. 2946 | Func: ADDI | Latency:  367[1;0m
[1;32m[Core 2] PASS PATTERN NO. 2946 | Func: NAND | Latency:    6[1;0m
[1;34m[Core 1] PASS PATTERN NO. 2947 | Func:   OR | Latency:    9[1;0m
[1;32m[Core 2] PASS PATTERN NO. 2947 | Func:   LH | Latency:  413[1;0m
[1;34m[Core 1] PASS PATTERN NO. 2948 | Func: NAND | Latency:  410[1;0m
[1;32m[Core 2] PASS PATTERN NO. 2948 | Func:   OR | Latency:    6[1;0m
[1;34m[Core 1] PASS PATTERN NO. 2949 | Func: ADDI | Latency:    9[1;0m
[1;32m[Core 2] PASS PATTERN NO. 2949 | Func:   SH | Latency:  255[1;0m
[1;33m[Info] Global Memory Check Passed at IC 50-boundary (Snapshot 58)[1;0m
[1;34m[Core 1] PASS PATTERN NO. 2950 | Func:  SLT | Latency:  252[1;0m
[1;32m[Core 2] PASS PATTERN NO. 2950 | Func:   LH | Latency:  474[1;0m
[1;32m[Core 2] PASS PATTERN NO. 2951 | Func: ADDI | Latency:    6[1;0m
[1;34m[Core 1] PASS PATTERN NO. 2951 | Func:   SH | Latency:  822[1;0m
[1;32m[Core 2] PASS PATTERN NO. 2952 | Func:  MUL | Latency:  357[1;0m
[1;34m[Core 1] PASS PATTERN NO. 2952 | Func:   LH | Latency:  151[1;0m
[1;34m[Core 1] PASS PATTERN NO. 2953 | Func:  ADD | Latency:    6[1;0m
[1;32m[Core 2] PASS PATTERN NO. 2953 | Func:   LH | Latency:  407[1;0m
[1;34m[Core 1] PASS PATTERN NO. 2954 | Func: ADDI | Latency:  265[1;0m
[1;32m[Core 2] PASS PATTERN NO. 2954 | Func:   SH | Latency:  342[1;0m
[1;32m[Core 2] PASS PATTERN NO. 2955 | Func:  SLT | Latency:    6[1;0m
[1;34m[Core 1] PASS PATTERN NO. 2955 | Func:   LH | Latency:  710[1;0m
[1;34m[Core 1] PASS PATTERN NO. 2956 | Func:  MUL | Latency:    9[1;0m
[1;32m[Core 2] PASS PATTERN NO. 2956 | Func:  MUL | Latency:  378[1;0m
[1;34m[Core 1] PASS PATTERN NO. 2957 | Func:  NOR | Latency:    9[1;0m
[1;32m[Core 2] PASS PATTERN NO. 2957 | Func:   LH | Latency:  153[1;0m
[1;34m[Core 1] PASS PATTERN NO. 2958 | Func:  NOR | Latency:  151[1;0m
[1;32m[Core 2] PASS PATTERN NO. 2958 | Func: NAND | Latency:    6[1;0m
[1;34m[Core 1] PASS PATTERN NO. 2959 | Func: SUBI | Latency:    9[1;0m
[1;32m[Core 2] PASS PATTERN NO. 2959 | Func: SUBI | Latency:    9[1;0m
[1;34m[Core 1] PASS PATTERN NO. 2960 | Func: SUBI | Latency:    9[1;0m
[1;32m[Core 2] PASS PATTERN NO. 2960 | Func:  SLT | Latency:    9[1;0m
[1;34m[Core 1] PASS PATTERN NO. 2961 | Func:  AND | Latency:    9[1;0m
[1;32m[Core 2] PASS PATTERN NO. 2961 | Func:   LH | Latency:  458[1;0m
[1;34m[Core 1] PASS PATTERN NO. 2962 | Func:   SH | Latency:  743[1;0m
[1;32m[Core 2] PASS PATTERN NO. 2962 | Func:   LH | Latency:  725[1;0m
[1;34m[Core 1] PASS PATTERN NO. 2963 | Func:  ADD | Latency:  437[1;0m
[1;32m[Core 2] PASS PATTERN NO. 2963 | Func:  NOR | Latency:    6[1;0m
[1;32m[Core 2] PASS PATTERN NO. 2964 | Func:  MUL | Latency:   12[1;0m
[1;34m[Core 1] PASS PATTERN NO. 2964 | Func:   SH | Latency:  443[1;0m
[1;34m[Core 1] PASS PATTERN NO. 2965 | Func: NAND | Latency:    6[1;0m
[1;32m[Core 2] PASS PATTERN NO. 2965 | Func: SUBI | Latency:  437[1;0m
[1;34m[Core 1] PASS PATTERN NO. 2966 | Func:  ADD | Latency:    9[1;0m
[1;32m[Core 2] PASS PATTERN NO. 2966 | Func:   LH | Latency:  347[1;0m
[1;32m[Core 2] PASS PATTERN NO. 2967 | Func: ADDI | Latency:    6[1;0m
[1;34m[Core 1] PASS PATTERN NO. 2967 | Func:   SH | Latency:  686[1;0m
[1;34m[Core 1] PASS PATTERN NO. 2968 | Func: SUBI | Latency:    6[1;0m
[1;32m[Core 2] PASS PATTERN NO. 2968 | Func:   SH | Latency:  608[1;0m
[1;34m[Core 1] PASS PATTERN NO. 2969 | Func:   SH | Latency:  374[1;0m
[1;32m[Core 2] PASS PATTERN NO. 2969 | Func:   LH | Latency:  556[1;0m
[1;34m[Core 1] PASS PATTERN NO. 2970 | Func:  AND | Latency:  749[1;0m
[1;32m[Core 2] PASS PATTERN NO. 2970 | Func:   LH | Latency:  528[1;0m
[1;32m[Core 2] PASS PATTERN NO. 2971 | Func:  AND | Latency:    6[1;0m
[1;34m[Core 1] PASS PATTERN NO. 2971 | Func:   SH | Latency:  465[1;0m
[1;34m[Core 1] PASS PATTERN NO. 2972 | Func:  AND | Latency:    6[1;0m
[1;32m[Core 2] PASS PATTERN NO. 2972 | Func: NAND | Latency:  244[1;0m
[1;32m[Core 2] PASS PATTERN NO. 2973 | Func: NAND | Latency:    9[1;0m
[1;34m[Core 1] PASS PATTERN NO. 2973 | Func:   LH | Latency:  390[1;0m
[1;34m[Core 1] PASS PATTERN NO. 2974 | Func:   SH | Latency:  219[1;0m
[1;32m[Core 2] PASS PATTERN NO. 2974 | Func:   LH | Latency:  913[1;0m
[1;34m[Core 1] PASS PATTERN NO. 2975 | Func:  NOR | Latency:  319[1;0m
[1;32m[Core 2] PASS PATTERN NO. 2975 | Func: NAND | Latency:    6[1;0m
[1;34m[Core 1] PASS PATTERN NO. 2976 | Func: ADDI | Latency:    9[1;0m
[1;32m[Core 2] PASS PATTERN NO. 2976 | Func:  AND | Latency:    9[1;0m
[1;32m[Core 2] PASS PATTERN NO. 2977 | Func:  MUL | Latency:   12[1;0m
[1;34m[Core 1] PASS PATTERN NO. 2977 | Func:   SH | Latency:  124[1;0m
[1;34m[Core 1] PASS PATTERN NO. 2978 | Func: SUBI | Latency:    6[1;0m
[1;32m[Core 2] PASS PATTERN NO. 2978 | Func:   LH | Latency:  606[1;0m
[1;34m[Core 1] PASS PATTERN NO. 2979 | Func:  NOR | Latency:  494[1;0m
[1;32m[Core 2] PASS PATTERN NO. 2979 | Func:  ADD | Latency:    6[1;0m
[1;32m[Core 2] PASS PATTERN NO. 2980 | Func: SUBI | Latency:    9[1;0m
[1;34m[Core 1] PASS PATTERN NO. 2980 | Func:   LH | Latency:  238[1;0m
[1;34m[Core 1] PASS PATTERN NO. 2981 | Func: NAND | Latency:    6[1;0m
[1;32m[Core 2] PASS PATTERN NO. 2981 | Func:   LH | Latency:  443[1;0m
[1;34m[Core 1] PASS PATTERN NO. 2982 | Func:  SLT | Latency:  214[1;0m
[1;32m[Core 2] PASS PATTERN NO. 2982 | Func: SUBI | Latency:    6[1;0m
[1;34m[Core 1] PASS PATTERN NO. 2983 | Func: NAND | Latency:    9[1;0m
[1;32m[Core 2] PASS PATTERN NO. 2983 | Func:  XOR | Latency:    9[1;0m
[1;34m[Core 1] PASS PATTERN NO. 2984 | Func: NAND | Latency:    9[1;0m
[1;32m[Core 2] PASS PATTERN NO. 2984 | Func:   SH | Latency:  437[1;0m
[1;34m[Core 1] PASS PATTERN NO. 2985 | Func: SUBI | Latency:  434[1;0m
[1;32m[Core 2] PASS PATTERN NO. 2985 | Func:   SH | Latency:  262[1;0m
[1;34m[Core 1] PASS PATTERN NO. 2986 | Func:  SLT | Latency:  262[1;0m
[1;32m[Core 2] PASS PATTERN NO. 2986 | Func:   SH | Latency:  178[1;0m
[1;34m[Core 1] PASS PATTERN NO. 2987 | Func:  SLT | Latency:  178[1;0m
[1;32m[Core 2] PASS PATTERN NO. 2987 | Func: NAND | Latency:    6[1;0m
[1;34m[Core 1] PASS PATTERN NO. 2988 | Func:  SUB | Latency:    9[1;0m
[1;32m[Core 2] PASS PATTERN NO. 2988 | Func:   LH | Latency:  427[1;0m
[1;34m[Core 1] PASS PATTERN NO. 2989 | Func: ADDI | Latency:  424[1;0m
[1;32m[Core 2] PASS PATTERN NO. 2989 | Func:  SUB | Latency:    6[1;0m
[1;34m[Core 1] PASS PATTERN NO. 2990 | Func: NAND | Latency:    9[1;0m
[1;32m[Core 2] PASS PATTERN NO. 2990 | Func:  XOR | Latency:    9[1;0m
[1;34m[Core 1] PASS PATTERN NO. 2991 | Func:    J | Latency:    8[1;0m
[1;32m[Core 2] PASS PATTERN NO. 2991 | Func:    J | Latency:    8[1;0m
[1;34m[Core 1] PASS PATTERN NO. 2992 | Func:   SH | Latency:  738[1;0m
[1;32m[Core 2] PASS PATTERN NO. 2992 | Func:   LH | Latency: 1096[1;0m
[1;34m[Core 1] PASS PATTERN NO. 2993 | Func: SUBI | Latency:  364[1;0m
[1;32m[Core 2] PASS PATTERN NO. 2993 | Func:  NOR | Latency:    6[1;0m
[1;34m[Core 1] PASS PATTERN NO. 2994 | Func: SUBI | Latency:    9[1;0m
[1;32m[Core 2] PASS PATTERN NO. 2994 | Func:   LH | Latency:  128[1;0m
[1;34m[Core 1] PASS PATTERN NO. 2995 | Func: ADDI | Latency:  125[1;0m
[1;32m[Core 2] PASS PATTERN NO. 2995 | Func:  MUL | Latency:    9[1;0m
[1;34m[Core 1] PASS PATTERN NO. 2996 | Func:  XOR | Latency:    9[1;0m
[1;32m[Core 2] PASS PATTERN NO. 2996 | Func: SUBI | Latency:    6[1;0m
[1;32m[Core 2] PASS PATTERN NO. 2997 | Func:  SUB | Latency:    9[1;0m
[1;34m[Core 1] PASS PATTERN NO. 2997 | Func:  MUL | Latency:   12[1;0m
[1;34m[Core 1] PASS PATTERN NO. 2998 | Func:  XOR | Latency:    6[1;0m
[1;32m[Core 2] PASS PATTERN NO. 2998 | Func: SUBI | Latency:    9[1;0m
[1;34m[Core 1] PASS PATTERN NO. 2999 | Func:  SLT | Latency:    9[1;0m
[1;32m[Core 2] PASS PATTERN NO. 2999 | Func:   LH | Latency:  330[1;0m
[1;33m[Info] Global Memory Check Passed at IC 50-boundary (Snapshot 59)[1;0m
[1;34m[Core 1] PASS PATTERN NO. 3000 | Func:  SUB | Latency:  327[1;0m
[1;32m[Core 2] PASS PATTERN NO. 3000 | Func:   LH | Latency:  486[1;0m
[1;34m[Core 1] PASS PATTERN NO. 3001 | Func:  ADD | Latency:  486[1;0m
[1;32m[Core 2] PASS PATTERN NO. 3001 | Func: NAND | Latency:    6[1;0m
[1;34m[Core 1] PASS PATTERN NO. 3002 | Func:  ADD | Latency:    9[1;0m
[1;32m[Core 2] PASS PATTERN NO. 3002 | Func:   LH | Latency:  327[1;0m
[1;34m[Core 1] PASS PATTERN NO. 3003 | Func:  SLT | Latency:  324[1;0m
[1;32m[Core 2] PASS PATTERN NO. 3003 | Func:  ADD | Latency:    6[1;0m
[1;32m[Core 2] PASS PATTERN NO. 3004 | Func:   SH | Latency:  311[1;0m
[1;34m[Core 1] PASS PATTERN NO. 3004 | Func:   LH | Latency:  465[1;0m
[1;34m[Core 1] PASS PATTERN NO. 3005 | Func:  SUB | Latency:    6[1;0m
[1;32m[Core 2] PASS PATTERN NO. 3005 | Func:   LH | Latency:  417[1;0m
[1;32m[Core 2] PASS PATTERN NO. 3006 | Func:  ADD | Latency:    6[1;0m
[1;34m[Core 1] PASS PATTERN NO. 3006 | Func:   LH | Latency:  684[1;0m
[1;34m[Core 1] PASS PATTERN NO. 3007 | Func:  NOR | Latency:    6[1;0m
[1;32m[Core 2] PASS PATTERN NO. 3007 | Func:   LH | Latency:  532[1;0m
[1;34m[Core 1] PASS PATTERN NO. 3008 | Func: NAND | Latency:  111[1;0m
[1;32m[Core 2] PASS PATTERN NO. 3008 | Func:   LH | Latency:  499[1;0m
[1;34m[Core 1] PASS PATTERN NO. 3009 | Func:  MUL | Latency:  502[1;0m
[1;32m[Core 2] PASS PATTERN NO. 3009 | Func:   LH | Latency:  175[1;0m
[1;34m[Core 1] PASS PATTERN NO. 3010 | Func: ADDI | Latency:  172[1;0m
[1;32m[Core 2] PASS PATTERN NO. 3010 | Func:  SLT | Latency:    6[1;0m
[1;32m[Core 2] PASS PATTERN NO. 3011 | Func: NAND | Latency:    9[1;0m
[1;34m[Core 1] PASS PATTERN NO. 3011 | Func:   SH | Latency:  278[1;0m
[1;32m[Core 2] PASS PATTERN NO. 3012 | Func: ADDI | Latency:  275[1;0m
[1;34m[Core 1] PASS PATTERN NO. 3012 | Func:  MUL | Latency:    9[1;0m
[1;34m[Core 1] PASS PATTERN NO. 3013 | Func: SUBI | Latency:    6[1;0m
[1;32m[Core 2] PASS PATTERN NO. 3013 | Func:   LH | Latency:  493[1;0m
[1;34m[Core 1] PASS PATTERN NO. 3014 | Func:  SLT | Latency:  490[1;0m
[1;32m[Core 2] PASS PATTERN NO. 3014 | Func:  SLT | Latency:    6[1;0m
[1;34m[Core 1] PASS PATTERN NO. 3015 | Func:  SLT | Latency:    9[1;0m
[1;32m[Core 2] PASS PATTERN NO. 3015 | Func:  SLT | Latency:    9[1;0m
[1;34m[Core 1] PASS PATTERN NO. 3016 | Func: ADDI | Latency:    9[1;0m
[1;32m[Core 2] PASS PATTERN NO. 3016 | Func:  SUB | Latency:    9[1;0m
[1;32m[Core 2] PASS PATTERN NO. 3017 | Func:  SUB | Latency:    9[1;0m
[1;34m[Core 1] PASS PATTERN NO. 3017 | Func:  MUL | Latency:   12[1;0m
[1;34m[Core 1] PASS PATTERN NO. 3018 | Func: ADDI | Latency:    6[1;0m
[1;32m[Core 2] PASS PATTERN NO. 3018 | Func:  MUL | Latency:   12[1;0m
[1;34m[Core 1] PASS PATTERN NO. 3019 | Func:  SLT | Latency:    9[1;0m
[1;32m[Core 2] PASS PATTERN NO. 3019 | Func:   LH | Latency:  301[1;0m
[1;34m[Core 1] PASS PATTERN NO. 3020 | Func:   OR | Latency:  301[1;0m
[1;32m[Core 2] PASS PATTERN NO. 3020 | Func:   LH | Latency:  311[1;0m
[1;32m[Core 2] PASS PATTERN NO. 3021 | Func:  SLT | Latency:    6[1;0m
[1;34m[Core 1] PASS PATTERN NO. 3021 | Func:   SH | Latency:  544[1;0m
[1;34m[Core 1] PASS PATTERN NO. 3022 | Func:  XOR | Latency:    6[1;0m
[1;32m[Core 2] PASS PATTERN NO. 3022 | Func:   LH | Latency:  653[1;0m
[1;34m[Core 1] PASS PATTERN NO. 3023 | Func:  AND | Latency:  646[1;0m
[1;32m[Core 2] PASS PATTERN NO. 3023 | Func:   SH | Latency:  636[1;0m
[1;34m[Core 1] PASS PATTERN NO. 3024 | Func:  MUL | Latency:  413[1;0m
[1;32m[Core 2] PASS PATTERN NO. 3024 | Func:   LH | Latency:  206[1;0m
[1;34m[Core 1] PASS PATTERN NO. 3025 | Func: NAND | Latency:  203[1;0m
[1;32m[Core 2] PASS PATTERN NO. 3025 | Func: ADDI | Latency:    6[1;0m
[1;34m[Core 1] PASS PATTERN NO. 3026 | Func:   LH | Latency:  129[1;0m
[1;32m[Core 2] PASS PATTERN NO. 3026 | Func:   LH | Latency:  569[1;0m
[1;32m[Core 2] PASS PATTERN NO. 3027 | Func:  SLT | Latency:    6[1;0m
[1;34m[Core 1] PASS PATTERN NO. 3027 | Func:   LH | Latency:  832[1;0m
[1;34m[Core 1] PASS PATTERN NO. 3028 | Func:   SH | Latency:  304[1;0m
[1;32m[Core 2] PASS PATTERN NO. 3028 | Func:   LH | Latency:  804[1;0m
[1;34m[Core 1] PASS PATTERN NO. 3029 | Func:   SH | Latency:  277[1;0m
[1;32m[Core 2] PASS PATTERN NO. 3029 | Func:   LH | Latency:  326[1;0m
[1;34m[Core 1] PASS PATTERN NO. 3030 | Func: SUBI | Latency:  169[1;0m
[1;32m[Core 2] PASS PATTERN NO. 3030 | Func:  ADD | Latency:    6[1;0m
[1;32m[Core 2] PASS PATTERN NO. 3031 | Func:   SH | Latency:  210[1;0m
[1;34m[Core 1] PASS PATTERN NO. 3031 | Func:   LH | Latency:  437[1;0m
[1;32m[Core 2] PASS PATTERN NO. 3032 | Func:   SH | Latency:  533[1;0m
[1;34m[Core 1] PASS PATTERN NO. 3032 | Func:   LH | Latency:  625[1;0m
[1;34m[Core 1] PASS PATTERN NO. 3033 | Func: ADDI | Latency:    6[1;0m
[1;32m[Core 2] PASS PATTERN NO. 3033 | Func: SUBI | Latency:  325[1;0m
[1;34m[Core 1] PASS PATTERN NO. 3034 | Func:   SH | Latency:  147[1;0m
[1;32m[Core 2] PASS PATTERN NO. 3034 | Func:   LH | Latency:  343[1;0m
[1;32m[Core 2] PASS PATTERN NO. 3035 | Func:   OR | Latency:    6[1;0m
[1;34m[Core 1] PASS PATTERN NO. 3035 | Func:   LH | Latency:  654[1;0m
[1;34m[Core 1] PASS PATTERN NO. 3036 | Func:  MUL | Latency:    9[1;0m
[1;32m[Core 2] PASS PATTERN NO. 3036 | Func:  MUL | Latency:  462[1;0m
[1;34m[Core 1] PASS PATTERN NO. 3037 | Func:   SH | Latency:  277[1;0m
[1;32m[Core 2] PASS PATTERN NO. 3037 | Func:   LH | Latency:  558[1;0m
[1;34m[Core 1] PASS PATTERN NO. 3038 | Func:  NOR | Latency:  288[1;0m
[1;32m[Core 2] PASS PATTERN NO. 3038 | Func:  XOR | Latency:    6[1;0m
[1;34m[Core 1] PASS PATTERN NO. 3039 | Func:  AND | Latency:    9[1;0m
[1;32m[Core 2] PASS PATTERN NO. 3039 | Func:   SH | Latency:  274[1;0m
[1;32m[Core 2] PASS PATTERN NO. 3040 | Func: ADDI | Latency:    6[1;0m
[1;34m[Core 1] PASS PATTERN NO. 3040 | Func:   SH | Latency:  685[1;0m
[1;34m[Core 1] PASS PATTERN NO. 3041 | Func: ADDI | Latency:    6[1;0m
[1;32m[Core 2] PASS PATTERN NO. 3041 | Func:   LH | Latency:  746[1;0m
[1;32m[Core 2] PASS PATTERN NO. 3042 | Func: ADDI | Latency:    6[1;0m
[1;34m[Core 1] PASS PATTERN NO. 3042 | Func:   LH | Latency:  529[1;0m
[1;32m[Core 2] PASS PATTERN NO. 3043 | Func:  MUL | Latency:  206[1;0m
[1;34m[Core 1] PASS PATTERN NO. 3043 | Func:   LH | Latency:  399[1;0m
[1;34m[Core 1] PASS PATTERN NO. 3044 | Func:  SUB | Latency:    6[1;0m
[1;32m[Core 2] PASS PATTERN NO. 3044 | Func:   LH | Latency:  689[1;0m
[1;34m[Core 1] PASS PATTERN NO. 3045 | Func: NAND | Latency:  299[1;0m
[1;32m[Core 2] PASS PATTERN NO. 3045 | Func: ADDI | Latency:    6[1;0m
[1;32m[Core 2] PASS PATTERN NO. 3046 | Func: ADDI | Latency:    9[1;0m
[1;34m[Core 1] PASS PATTERN NO. 3046 | Func:   SH | Latency:  355[1;0m
[1;34m[Core 1] PASS PATTERN NO. 3047 | Func:  NOR | Latency:    6[1;0m
[1;32m[Core 2] PASS PATTERN NO. 3047 | Func:  NOR | Latency:  352[1;0m
[1;32m[Core 2] PASS PATTERN NO. 3048 | Func:   OR | Latency:    9[1;0m
[1;34m[Core 1] PASS PATTERN NO. 3048 | Func:   SH | Latency:  180[1;0m
[1;34m[Core 1] PASS PATTERN NO. 3049 | Func:  ADD | Latency:    6[1;0m
[1;32m[Core 2] PASS PATTERN NO. 3049 | Func:   SH | Latency:  436[1;0m
[1;33m[Info] Global Memory Check Passed at IC 50-boundary (Snapshot 60)[1;0m
[1;34m[Core 1] PASS PATTERN NO. 3050 | Func: NAND | Latency:  265[1;0m
[1;32m[Core 2] PASS PATTERN NO. 3050 | Func: SUBI | Latency:    6[1;0m
[1;34m[Core 1] PASS PATTERN NO. 3051 | Func: SUBI | Latency:    9[1;0m
[1;32m[Core 2] PASS PATTERN NO. 3051 | Func:  MUL | Latency:   12[1;0m
[1;34m[Core 1] PASS PATTERN NO. 3052 | Func:  NOR | Latency:    9[1;0m
[1;32m[Core 2] PASS PATTERN NO. 3052 | Func: NAND | Latency:    6[1;0m
[1;34m[Core 1] PASS PATTERN NO. 3053 | Func:   LH | Latency:  410[1;0m
[1;32m[Core 2] PASS PATTERN NO. 3053 | Func:   LH | Latency:  904[1;0m
[1;34m[Core 1] PASS PATTERN NO. 3054 | Func: SUBI | Latency:  500[1;0m
[1;32m[Core 2] PASS PATTERN NO. 3054 | Func:  ADD | Latency:    6[1;0m
[1;34m[Core 1] PASS PATTERN NO. 3055 | Func:  SLT | Latency:  887[1;0m
[1;32m[Core 2] PASS PATTERN NO. 3055 | Func:  AND | Latency:  887[1;0m
[1;34m[Core 1] PASS PATTERN NO. 3056 | Func: NAND | Latency:    9[1;0m
[1;32m[Core 2] PASS PATTERN NO. 3056 | Func:  ADD | Latency:    9[1;0m
[1;34m[Core 1] PASS PATTERN NO. 3057 | Func:   OR | Latency:    9[1;0m
[1;32m[Core 2] PASS PATTERN NO. 3057 | Func: ADDI | Latency:    9[1;0m
[1;34m[Core 1] PASS PATTERN NO. 3058 | Func:  ADD | Latency:    9[1;0m
[1;32m[Core 2] PASS PATTERN NO. 3058 | Func:   LH | Latency:  456[1;0m
[1;34m[Core 1] PASS PATTERN NO. 3059 | Func:  SUB | Latency:  453[1;0m
[1;32m[Core 2] PASS PATTERN NO. 3059 | Func: ADDI | Latency:    6[1;0m
[1;34m[Core 1] PASS PATTERN NO. 3060 | Func:   SH | Latency:  400[1;0m
[1;32m[Core 2] PASS PATTERN NO. 3060 | Func:   LH | Latency:  537[1;0m
[1;32m[Core 2] PASS PATTERN NO. 3061 | Func:  AND | Latency:    6[1;0m
[1;34m[Core 1] PASS PATTERN NO. 3061 | Func:   LH | Latency:  329[1;0m
[1;34m[Core 1] PASS PATTERN NO. 3062 | Func:   SH | Latency:  159[1;0m
[1;32m[Core 2] PASS PATTERN NO. 3062 | Func:   LH | Latency:  612[1;0m
[1;32m[Core 2] PASS PATTERN NO. 3063 | Func:  NOR | Latency:    6[1;0m
[1;34m[Core 1] PASS PATTERN NO. 3063 | Func:   SH | Latency:  404[1;0m
[1;34m[Core 1] PASS PATTERN NO. 3064 | Func: NAND | Latency:    6[1;0m
[1;32m[Core 2] PASS PATTERN NO. 3064 | Func:  SLT | Latency:  137[1;0m
[1;34m[Core 1] PASS PATTERN NO. 3065 | Func:  ADD | Latency:    9[1;0m
[1;32m[Core 2] PASS PATTERN NO. 3065 | Func:   LH | Latency:  210[1;0m
[1;34m[Core 1] PASS PATTERN NO. 3066 | Func:  ADD | Latency:  207[1;0m
[1;32m[Core 2] PASS PATTERN NO. 3066 | Func:   SH | Latency:  219[1;0m
[1;34m[Core 1] PASS PATTERN NO. 3067 | Func:  XOR | Latency:  219[1;0m
[1;32m[Core 2] PASS PATTERN NO. 3067 | Func:   LH | Latency:  284[1;0m
[1;34m[Core 1] PASS PATTERN NO. 3068 | Func:  MUL | Latency:  287[1;0m
[1;32m[Core 2] PASS PATTERN NO. 3068 | Func:  MUL | Latency:   10[1;0m
[1;32m[Core 2] PASS PATTERN NO. 3069 | Func: SUBI | Latency:    8[1;0m
[1;34m[Core 1] PASS PATTERN NO. 3069 | Func:   SH | Latency:  302[1;0m
[1;32m[Core 2] PASS PATTERN NO. 3070 | Func: SUBI | Latency:  299[1;0m
[1;34m[Core 1] PASS PATTERN NO. 3070 | Func:   LH | Latency:  432[1;0m
[1;32m[Core 2] PASS PATTERN NO. 3071 | Func:   SH | Latency:  723[1;0m
[1;34m[Core 1] PASS PATTERN NO. 3071 | Func:   LH | Latency:  762[1;0m
[1;34m[Core 1] PASS PATTERN NO. 3072 | Func:  SLT | Latency:    6[1;0m
[1;32m[Core 2] PASS PATTERN NO. 3072 | Func: ADDI | Latency:  471[1;0m
[1;34m[Core 1] PASS PATTERN NO. 3073 | Func: NAND | Latency:    9[1;0m
[1;32m[Core 2] PASS PATTERN NO. 3073 | Func:  XOR | Latency:    9[1;0m
[1;34m[Core 1] PASS PATTERN NO. 3074 | Func: ADDI | Latency:    9[1;0m
[1;32m[Core 2] PASS PATTERN NO. 3074 | Func:  NOR | Latency:    9[1;0m
[1;32m[Core 2] PASS PATTERN NO. 3075 | Func:   SH | Latency:  436[1;0m
[1;34m[Core 1] PASS PATTERN NO. 3075 | Func:   LH | Latency:  913[1;0m
[1;34m[Core 1] PASS PATTERN NO. 3076 | Func:  XOR | Latency:    6[1;0m
[1;32m[Core 2] PASS PATTERN NO. 3076 | Func:  MUL | Latency:  486[1;0m
[1;34m[Core 1] PASS PATTERN NO. 3077 | Func:  SLT | Latency:    9[1;0m
[1;32m[Core 2] PASS PATTERN NO. 3077 | Func:   LH | Latency:  195[1;0m
[1;34m[Core 1] PASS PATTERN NO. 3078 | Func:  SUB | Latency:  195[1;0m
[1;32m[Core 2] PASS PATTERN NO. 3078 | Func:  MUL | Latency:    9[1;0m
[1;34m[Core 1] PASS PATTERN NO. 3079 | Func: SUBI | Latency:    9[1;0m
[1;32m[Core 2] PASS PATTERN NO. 3079 | Func: SUBI | Latency:    6[1;0m
[1;34m[Core 1] PASS PATTERN NO. 3080 | Func:  NOR | Latency:    9[1;0m
[1;32m[Core 2] PASS PATTERN NO. 3080 | Func:   SH | Latency:  391[1;0m
[1;34m[Core 1] PASS PATTERN NO. 3081 | Func:  ADD | Latency:  388[1;0m
[1;32m[Core 2] PASS PATTERN NO. 3081 | Func:  MUL | Latency:    9[1;0m
[1;34m[Core 1] PASS PATTERN NO. 3082 | Func:  XOR | Latency:    9[1;0m
[1;32m[Core 2] PASS PATTERN NO. 3082 | Func:  MUL | Latency:    9[1;0m
[1;34m[Core 1] PASS PATTERN NO. 3083 | Func:  SLT | Latency:    9[1;0m
[1;32m[Core 2] PASS PATTERN NO. 3083 | Func:   LH | Latency:  286[1;0m
[1;34m[Core 1] PASS PATTERN NO. 3084 | Func:  ADD | Latency:  286[1;0m
[1;32m[Core 2] PASS PATTERN NO. 3084 | Func:   LH | Latency:  327[1;0m
[1;32m[Core 2] PASS PATTERN NO. 3085 | Func:  SLT | Latency:    6[1;0m
[1;34m[Core 1] PASS PATTERN NO. 3085 | Func:   SH | Latency:  604[1;0m
[1;32m[Core 2] PASS PATTERN NO. 3086 | Func: SUBI | Latency:  283[1;0m
[1;34m[Core 1] PASS PATTERN NO. 3086 | Func:  MUL | Latency:    9[1;0m
[1;32m[Core 2] PASS PATTERN NO. 3087 | Func:  SUB | Latency:  339[1;0m
[1;34m[Core 1] PASS PATTERN NO. 3087 | Func:   SH | Latency:  692[1;0m
[1;32m[Core 2] PASS PATTERN NO. 3088 | Func:  MUL | Latency:  365[1;0m
[1;34m[Core 1] PASS PATTERN NO. 3088 | Func:   SH | Latency:  205[1;0m
[1;34m[Core 1] PASS PATTERN NO. 3089 | Func:  SUB | Latency:    6[1;0m
[1;32m[Core 2] PASS PATTERN NO. 3089 | Func: ADDI | Latency:  202[1;0m
[1;32m[Core 2] PASS PATTERN NO. 3090 | Func:  XOR | Latency:    9[1;0m
[1;34m[Core 1] PASS PATTERN NO. 3090 | Func:   LH | Latency:  151[1;0m
[1;34m[Core 1] PASS PATTERN NO. 3091 | Func:  SUB | Latency:    6[1;0m
[1;32m[Core 2] PASS PATTERN NO. 3091 | Func:   LH | Latency:  395[1;0m
[1;34m[Core 1] PASS PATTERN NO. 3092 | Func:  MUL | Latency:  256[1;0m
[1;32m[Core 2] PASS PATTERN NO. 3092 | Func:  MUL | Latency:   10[1;0m
[1;34m[Core 1] PASS PATTERN NO. 3093 | Func:  SLT | Latency:    9[1;0m
[1;32m[Core 2] PASS PATTERN NO. 3093 | Func:   SH | Latency:  439[1;0m
[1;34m[Core 1] PASS PATTERN NO. 3094 | Func:   OR | Latency:  437[1;0m
[1;32m[Core 2] PASS PATTERN NO. 3094 | Func: NAND | Latency:    6[1;0m
[1;34m[Core 1] PASS PATTERN NO. 3095 | Func: ADDI | Latency:    9[1;0m
[1;32m[Core 2] PASS PATTERN NO. 3095 | Func:  XOR | Latency:    9[1;0m
[1;34m[Core 1] PASS PATTERN NO. 3096 | Func: ADDI | Latency:    9[1;0m
[1;32m[Core 2] PASS PATTERN NO. 3096 | Func:  ADD | Latency:    9[1;0m
[1;34m[Core 1] PASS PATTERN NO. 3097 | Func: SUBI | Latency:    9[1;0m
[1;32m[Core 2] PASS PATTERN NO. 3097 | Func:  SLT | Latency:    9[1;0m
[1;34m[Core 1] PASS PATTERN NO. 3098 | Func:  SLT | Latency:    9[1;0m
[1;32m[Core 2] PASS PATTERN NO. 3098 | Func:   LH | Latency:  390[1;0m
[1;32m[Core 2] PASS PATTERN NO. 3099 | Func:   OR | Latency:    6[1;0m
[1;34m[Core 1] PASS PATTERN NO. 3099 | Func:   SH | Latency:  663[1;0m
[1;33m[Info] Global Memory Check Passed at IC 50-boundary (Snapshot 61)[1;0m
[1;32m[Core 2] PASS PATTERN NO. 3100 | Func:  MUL | Latency:  285[1;0m
[1;34m[Core 1] PASS PATTERN NO. 3100 | Func:   LH | Latency:  136[1;0m
[1;34m[Core 1] PASS PATTERN NO. 3101 | Func:   OR | Latency:    6[1;0m
[1;32m[Core 2] PASS PATTERN NO. 3101 | Func:  NOR | Latency:  133[1;0m
[1;32m[Core 2] PASS PATTERN NO. 3102 | Func:   SH | Latency:  133[1;0m
[1;34m[Core 1] PASS PATTERN NO. 3102 | Func:   LH | Latency:  406[1;0m
[1;34m[Core 1] PASS PATTERN NO. 3103 | Func: ADDI | Latency:    6[1;0m
[1;32m[Core 2] PASS PATTERN NO. 3103 | Func:  MUL | Latency:  282[1;0m
[1;34m[Core 1] PASS PATTERN NO. 3104 | Func:  SUB | Latency:    9[1;0m
[1;32m[Core 2] PASS PATTERN NO. 3104 | Func: ADDI | Latency:    6[1;0m
[1;34m[Core 1] PASS PATTERN NO. 3105 | Func:   OR | Latency:    9[1;0m
[1;32m[Core 2] PASS PATTERN NO. 3105 | Func: ADDI | Latency:    9[1;0m
[1;34m[Core 1] PASS PATTERN NO. 3106 | Func: ADDI | Latency:    9[1;0m
[1;32m[Core 2] PASS PATTERN NO. 3106 | Func:   LH | Latency:  355[1;0m
[1;32m[Core 2] PASS PATTERN NO. 3107 | Func:  MUL | Latency:    9[1;0m
[1;34m[Core 1] PASS PATTERN NO. 3107 | Func:   SH | Latency:  800[1;0m
[1;32m[Core 2] PASS PATTERN NO. 3108 | Func: ADDI | Latency:  451[1;0m
[1;34m[Core 1] PASS PATTERN NO. 3108 | Func:   SH | Latency:  470[1;0m
[1;34m[Core 1] PASS PATTERN NO. 3109 | Func:  ADD | Latency:    6[1;0m
[1;32m[Core 2] PASS PATTERN NO. 3109 | Func:   SH | Latency:  827[1;0m
[1;32m[Core 2] PASS PATTERN NO. 3110 | Func:  AND | Latency:    6[1;0m
[1;34m[Core 1] PASS PATTERN NO. 3110 | Func:  MUL | Latency:  366[1;0m
[1;34m[Core 1] PASS PATTERN NO. 3111 | Func:  SLT | Latency:    6[1;0m
[1;32m[Core 2] PASS PATTERN NO. 3111 | Func:  MUL | Latency:   12[1;0m
[1;32m[Core 2] PASS PATTERN NO. 3112 | Func:  SLT | Latency:    6[1;0m
[1;34m[Core 1] PASS PATTERN NO. 3112 | Func:   LH | Latency:  395[1;0m
[1;34m[Core 1] PASS PATTERN NO. 3113 | Func:  SLT | Latency:    6[1;0m
[1;32m[Core 2] PASS PATTERN NO. 3113 | Func:  AND | Latency:  392[1;0m
[1;32m[Core 2] PASS PATTERN NO. 3114 | Func:  SUB | Latency:    9[1;0m
[1;34m[Core 1] PASS PATTERN NO. 3114 | Func:   LH | Latency:  384[1;0m
[1;34m[Core 1] PASS PATTERN NO. 3115 | Func: SUBI | Latency:    6[1;0m
[1;32m[Core 2] PASS PATTERN NO. 3115 | Func:  ADD | Latency:  381[1;0m
[1;32m[Core 2] PASS PATTERN NO. 3116 | Func:  NOR | Latency:    9[1;0m
[1;34m[Core 1] PASS PATTERN NO. 3116 | Func:  MUL | Latency:   12[1;0m
[1;34m[Core 1] PASS PATTERN NO. 3117 | Func: NAND | Latency:    6[1;0m
[1;32m[Core 2] PASS PATTERN NO. 3117 | Func:  AND | Latency:    9[1;0m
[1;32m[Core 2] PASS PATTERN NO. 3118 | Func: NAND | Latency:    9[1;0m
[1;34m[Core 1] PASS PATTERN NO. 3118 | Func:  MUL | Latency:   12[1;0m
[1;34m[Core 1] PASS PATTERN NO. 3119 | Func:    J | Latency:  319[1;0m
[1;32m[Core 2] PASS PATTERN NO. 3119 | Func:    J | Latency:  322[1;0m

[1;34m[Pattern 1 Passed][1;0m
====================================================================
                            [1;32mCongratulation!![1;0m                    
                    You have passed all patterns!                   
                total execution cycles =    1451712 cycles               
====================================================================
$finish called from file "PATTERN.v", line 488.
$finish at simulation time        5371369550 ps
           V C S   S i m u l a t i o n   R e p o r t 
Time: 5371369550 ps
CPU Time:      2.600 seconds;       Data structure size:   2.9Mb
Thu Apr 30 23:53:07 2026
CPU time: .847 seconds to compile + .464 seconds to elab + .421 seconds to link + 2.641 seconds in simulation
